customer_id,cust_gender,cust_size,cust_skin_tone,cust_pref_color,cust_occasion,prod_category,prod_subcategory,prod_material,prod_color,prod_price,liked
0,Female,XL,Dark,white,Casual,Men,Shirt,Linen,blue,1299.0,0
0,Female,XL,Dark,white,Casual,Kids,Shorts,Georgette,cream,1999.0,0
0,Female,XL,Dark,white,Casual,Women,Saree,Denim,peach,1999.0,0
0,Female,XL,Dark,white,Casual,Kids,Ethnic,Wool,white,1299.0,1
0,Female,XL,Dark,white,Casual,Men,T-Shirt,Rayon,green,2999.0,1
0,Female,XL,Dark,white,Casual,Women,Salwar,Cotton,magenta,299.0,1
0,Female,XL,Dark,white,Casual,Men,Shirt,Wool,peach,1999.0,0
0,Female,XL,Dark,white,Casual,Men,Blazer,Linen,cream,299.0,0
0,Female,XL,Dark,white,Casual,Newborn,Romper,Wool,burgundy,299.0,0
0,Female,XL,Dark,white,Casual,Men,Kurta,Silk,teal,1299.0,0
0,Female,XL,Dark,white,Casual,Kids,T-Shirt,Silk,olive,499.0,0
0,Female,XL,Dark,white,Casual,Men,Trousers,Rayon,olive,499.0,0
0,Female,XL,Dark,white,Casual,Kids,T-Shirt,Silk,white,999.0,1
0,Female,XL,Dark,white,Casual,Men,Shirt,Linen,green,1299.0,0
0,Female,XL,Dark,white,Casual,Men,Blazer,Wool,white,499.0,1
0,Female,XL,Dark,white,Casual,Newborn,Set,Georgette,pink,4999.0,0
0,Female,XL,Dark,white,Casual,Men,T-Shirt,Linen,red,499.0,0
0,Female,XL,Dark,white,Casual,Women,Salwar,Wool,navy,4999.0,0
0,Female,XL,Dark,white,Casual,Newborn,Romper,Wool,burgundy,999.0,1
0,Female,XL,Dark,white,Casual,Women,Kurti,Linen,yellow,299.0,1
0,Female,XL,Dark,white,Casual,Newborn,Set,Rayon,burgundy,4999.0,0
0,Female,XL,Dark,white,Casual,Women,Dress,Silk,black,1299.0,0
0,Female,XL,Dark,white,Casual,Men,Shirt,Georgette,olive,499.0,0
0,Female,XL,Dark,white,Casual,Women,Top,Rayon,teal,1999.0,1
0,Female,XL,Dark,white,Casual,Men,Trousers,Denim,lavender,1299.0,0
1,Female,S,Warm,green,Casual,Newborn,Onesie,Denim,yellow,4999.0,0
1,Female,S,Warm,green,Casual,Women,Dress,Linen,yellow,1999.0,1
1,Female,S,Warm,green,Casual,Kids,T-Shirt,Rayon,olive,999.0,0
1,Female,S,Warm,green,Casual,Kids,T-Shirt,Cotton,black,499.0,0
1,Female,S,Warm,green,Casual,Kids,T-Shirt,Georgette,gold,4999.0,1
1,Female,S,Warm,green,Casual,Women,Dress,Georgette,green,299.0,1
1,Female,S,Warm,green,Casual,Men,Shirt,Georgette,olive,499.0,0
1,Female,S,Warm,green,Casual,Women,Dress,Denim,pink,1299.0,1
1,Female,S,Warm,green,Casual,Kids,Ethnic,Cotton,olive,1999.0,1
1,Female,S,Warm,green,Casual,Women,Salwar,Denim,magenta,4999.0,1
1,Female,S,Warm,green,Casual,Men,Trousers,Silk,green,4999.0,1
1,Female,S,Warm,green,Casual,Men,Trousers,Rayon,navy,1999.0,0
1,Female,S,Warm,green,Casual,Men,Trousers,Cotton,royal blue,1999.0,0
1,Female,S,Warm,green,Casual,Men,Shirt,Linen,blue,1299.0,0
1,Female,S,Warm,green,Casual,Newborn,Set,Rayon,burgundy,4999.0,0
1,Female,S,Warm,green,Casual,Women,Kurti,Linen,yellow,299.0,0
1,Female,S,Warm,green,Casual,Newborn,Set,Georgette,teal,2999.0,0
1,Female,S,Warm,green,Casual,Men,T-Shirt,Linen,red,499.0,1
1,Female,S,Warm,green,Casual,Newborn,Onesie,Cotton,yellow,1999.0,0
1,Female,S,Warm,green,Casual,Women,Kurti,Denim,mustard,4999.0,1
1,Female,S,Warm,green,Casual,Men,Blazer,Denim,pink,699.0,0
1,Female,S,Warm,green,Casual,Women,Salwar,Denim,burgundy,699.0,1
1,Female,S,Warm,green,Casual,Newborn,Romper,Rayon,gold,699.0,0
1,Female,S,Warm,green,Casual,Men,Shirt,Rayon,peach,1999.0,0
1,Female,S,Warm,green,Casual,Kids,T-Shirt,Silk,white,999.0,0
2,Female,L,Medium,yellow,Festival,Women,Salwar,Cotton,cream,999.0,0
2,Female,L,Medium,yellow,Festival,Men,Trousers,Linen,magenta,699.0,0
2,Female,L,Medium,yellow,Festival,Men,Blazer,Georgette,black,2999.0,0
2,Female,L,Medium,yellow,Festival,Kids,T-Shirt,Georgette,gold,4999.0,0
2,Female,L,Medium,yellow,Festival,Women,Saree,Denim,burgundy,499.0,1
2,Female,L,Medium,yellow,Festival,Kids,Frock,Georgette,black,499.0,0
2,Female,L,Medium,yellow,Festival,Women,Dress,Linen,yellow,1999.0,1
2,Female,L,Medium,yellow,Festival,Newborn,Onesie,Denim,coral,699.0,0
2,Female,L,Medium,yellow,Festival,Newborn,Set,Georgette,teal,2999.0,1
2,Female,L,Medium,yellow,Festival,Men,Blazer,Rayon,red,1299.0,0
2,Female,L,Medium,yellow,Festival,Kids,T-Shirt,Silk,olive,499.0,0
2,Female,L,Medium,yellow,Festival,Kids,Ethnic,Rayon,royal blue,4999.0,0
2,Female,L,Medium,yellow,Festival,Men,Blazer,Wool,white,499.0,0
2,Female,L,Medium,yellow,Festival,Men,Shirt,Wool,peach,1999.0,0
2,Female,L,Medium,yellow,Festival,Newborn,Set,Rayon,blue,999.0,0
2,Female,L,Medium,yellow,Festival,Women,Top,Rayon,teal,1999.0,1
2,Female,L,Medium,yellow,Festival,Men,T-Shirt,Rayon,peach,1999.0,0
2,Female,L,Medium,yellow,Festival,Newborn,Romper,Wool,coral,1999.0,0
2,Female,L,Medium,yellow,Festival,Women,Dress,Linen,olive,499.0,1
2,Female,L,Medium,yellow,Festival,Women,Salwar,Cotton,coral,1999.0,1
2,Female,L,Medium,yellow,Festival,Kids,Shorts,Georgette,cream,1999.0,0
2,Female,L,Medium,yellow,Festival,Women,Saree,Denim,peach,1999.0,1
2,Female,L,Medium,yellow,Festival,Men,Shirt,Linen,green,1299.0,0
2,Female,L,Medium,yellow,Festival,Men,Shirt,Linen,blue,1299.0,0
2,Female,L,Medium,yellow,Festival,Men,Blazer,Linen,teal,999.0,1
3,Female,M,Warm,gold,Festival,Kids,Ethnic,Silk,coral,4999.0,0
3,Female,M,Warm,gold,Festival,Newborn,Romper,Rayon,gold,699.0,0
3,Female,M,Warm,gold,Festival,Women,Kurti,Silk,magenta,699.0,0
3,Female,M,Warm,gold,Festival,Newborn,Set,Rayon,burgundy,999.0,0
3,Female,M,Warm,gold,Festival,Men,Shirt,Rayon,peach,1999.0,0
3,Female,M,Warm,gold,Festival,Men,Shirt,Georgette,olive,499.0,0
3,Female,M,Warm,gold,Festival,Women,Kurti,Rayon,red,499.0,1
3,Female,M,Warm,gold,Festival,Men,Blazer,Linen,teal,999.0,0
3,Female,M,Warm,gold,Festival,Men,Blazer,Rayon,red,1299.0,1
3,Female,M,Warm,gold,Festival,Kids,Ethnic,Wool,white,1299.0,0
3,Female,M,Warm,gold,Festival,Newborn,Onesie,Linen,burgundy,999.0,0
3,Female,M,Warm,gold,Festival,Kids,T-Shirt,Denim,navy,1999.0,0
3,Female,M,Warm,gold,Festival,Newborn,Onesie,Denim,yellow,4999.0,0
3,Female,M,Warm,gold,Festival,Newborn,Romper,Wool,burgundy,299.0,0
3,Female,M,Warm,gold,Festival,Men,Blazer,Denim,pink,699.0,0
3,Female,M,Warm,gold,Festival,Newborn,Romper,Wool,burgundy,999.0,1
3,Female,M,Warm,gold,Festival,Newborn,Set,Rayon,blue,999.0,0
3,Female,M,Warm,gold,Festival,Kids,Ethnic,Cotton,olive,1999.0,1
3,Female,M,Warm,gold,Festival,Men,Trousers,Linen,magenta,699.0,0
3,Female,M,Warm,gold,Festival,Women,Top,Cotton,green,2999.0,1
3,Female,M,Warm,gold,Festival,Kids,T-Shirt,Cotton,black,499.0,0
3,Female,M,Warm,gold,Festival,Kids,Frock,Cotton,peach,1299.0,0
3,Female,M,Warm,gold,Festival,Women,Top,Georgette,peach,999.0,1
3,Female,M,Warm,gold,Festival,Kids,Frock,Wool,burgundy,999.0,0
3,Female,M,Warm,gold,Festival,Men,Blazer,Wool,white,499.0,0
4,Female,Free Size,Fair,mustard,Casual,Men,Trousers,Rayon,navy,1999.0,0
4,Female,Free Size,Fair,mustard,Casual,Women,Dress,Linen,yellow,1999.0,1
4,Female,Free Size,Fair,mustard,Casual,Newborn,Onesie,Linen,pink,1299.0,0
4,Female,Free Size,Fair,mustard,Casual,Women,Kurti,Silk,burgundy,4999.0,0
4,Female,Free Size,Fair,mustard,Casual,Women,Dress,Rayon,mustard,999.0,1
4,Female,Free Size,Fair,mustard,Casual,Kids,Ethnic,Silk,burgundy,999.0,0
4,Female,Free Size,Fair,mustard,Casual,Women,Top,Silk,gold,4999.0,0
4,Female,Free Size,Fair,mustard,Casual,Kids,T-Shirt,Denim,burgundy,1299.0,0
4,Female,Free Size,Fair,mustard,Casual,Men,Kurta,Silk,teal,1299.0,0
4,Female,Free Size,Fair,mustard,Casual,Newborn,Romper,Wool,burgundy,299.0,1
4,Female,Free Size,Fair,mustard,Casual,Newborn,Onesie,Denim,royal blue,699.0,0
4,Female,Free Size,Fair,mustard,Casual,Newborn,Onesie,Silk,blue,299.0,0
4,Female,Free Size,Fair,mustard,Casual,Newborn,Onesie,Denim,coral,699.0,1
4,Female,Free Size,Fair,mustard,Casual,Kids,T-Shirt,Rayon,olive,999.0,0
4,Female,Free Size,Fair,mustard,Casual,Women,Salwar,Cotton,coral,1999.0,1
4,Female,Free Size,Fair,mustard,Casual,Women,Salwar,Wool,navy,4999.0,0
4,Female,Free Size,Fair,mustard,Casual,Newborn,Romper,Rayon,gold,699.0,0
4,Female,Free Size,Fair,mustard,Casual,Women,Saree,Denim,burgundy,499.0,0
4,Female,Free Size,Fair,mustard,Casual,Men,Kurta,Silk,red,4999.0,0
4,Female,Free Size,Fair,mustard,Casual,Newborn,Set,Rayon,burgundy,4999.0,0
4,Female,Free Size,Fair,mustard,Casual,Men,T-Shirt,Rayon,peach,1999.0,0
4,Female,Free Size,Fair,mustard,Casual,Women,Salwar,Denim,burgundy,2999.0,0
4,Female,Free Size,Fair,mustard,Casual,Women,Dress,Georgette,green,299.0,0
4,Female,Free Size,Fair,mustard,Casual,Kids,Ethnic,Wool,white,1299.0,0
4,Female,Free Size,Fair,mustard,Casual,Women,Salwar,Denim,magenta,4999.0,1
5,Male,M,Light,pink,Daily,Newborn,Romper,Cotton,pink,999.0,1
5,Male,M,Light,pink,Daily,Kids,Ethnic,Silk,burgundy,999.0,0
5,Male,M,Light,pink,Daily,Kids,Frock,Cotton,peach,1299.0,1
5,Male,M,Light,pink,Daily,Kids,T-Shirt,Denim,blue,299.0,0
5,Male,M,Light,pink,Daily,Newborn,Set,Rayon,burgundy,999.0,1
5,Male,M,Light,pink,Daily,Newborn,Onesie,Denim,coral,699.0,1
5,Male,M,Light,pink,Daily,Women,Kurti,Linen,yellow,299.0,0
5,Male,M,Light,pink,Daily,Women,Saree,Cotton,cream,999.0,0
5,Male,M,Light,pink,Daily,Women,Dress,Silk,black,1299.0,1
5,Male,M,Light,pink,Daily,Kids,Frock,Linen,peach,699.0,1
5,Male,M,Light,pink,Daily,Men,Shirt,Rayon,peach,1999.0,1
5,Male,M,Light,pink,Daily,Kids,Ethnic,Cotton,red,1999.0,0
5,Male,M,Light,pink,Daily,Men,Blazer,Wool,white,499.0,1
5,Male,M,Light,pink,Daily,Women,Salwar,Denim,burgundy,2999.0,0
5,Male,M,Light,pink,Daily,Men,Blazer,Denim,pink,699.0,1
5,Male,M,Light,pink,Daily,Men,Kurta,Silk,teal,1299.0,1
5,Male,M,Light,pink,Daily,Newborn,Romper,Linen,peach,4999.0,0
5,Male,M,Light,pink,Daily,Newborn,Onesie,Linen,pink,1299.0,1
5,Male,M,Light,pink,Daily,Kids,Ethnic,Wool,teal,499.0,0
5,Male,M,Light,pink,Daily,Newborn,Onesie,Denim,cream,499.0,1
5,Male,M,Light,pink,Daily,Women,Salwar,Denim,burgundy,699.0,0
5,Male,M,Light,pink,Daily,Women,Salwar,Cotton,coral,1999.0,1
5,Male,M,Light,pink,Daily,Kids,Frock,Cotton,lavender,499.0,0
5,Male,M,Light,pink,Daily,Newborn,Set,Rayon,white,2999.0,0
5,Male,M,Light,pink,Daily,Kids,T-Shirt,Silk,white,999.0,0
6,Male,Free Size,Fair,black,Wedding,Kids,Ethnic,Wool,white,1299.0,1
6,Male,Free Size,Fair,black,Wedding,Kids,Frock,Cotton,lavender,499.0,1
6,Male,Free Size,Fair,black,Wedding,Men,Kurta,Silk,navy,299.0,1
6,Male,Free Size,Fair,black,Wedding,Women,Lehenga,Denim,pink,299.0,1
6,Male,Free Size,Fair,black,Wedding,Women,Top,Rayon,magenta,699.0,1
6,Male,Free Size,Fair,black,Wedding,Newborn,Set,Wool,yellow,2999.0,0
6,Male,Free Size,Fair,black,Wedding,Women,Kurti,Silk,burgundy,4999.0,0
6,Male,Free Size,Fair,black,Wedding,Newborn,Set,Rayon,burgundy,999.0,0
6,Male,Free Size,Fair,black,Wedding,Newborn,Onesie,Cotton,yellow,1999.0,0
6,Male,Free Size,Fair,black,Wedding,Newborn,Onesie,Denim,coral,699.0,0
6,Male,Free Size,Fair,black,Wedding,Women,Salwar,Rayon,gold,4999.0,0
6,Male,Free Size,Fair,black,Wedding,Men,Trousers,Linen,magenta,699.0,1
6,Male,Free Size,Fair,black,Wedding,Men,Trousers,Denim,lavender,1299.0,1
6,Male,Free Size,Fair,black,Wedding,Women,Dress,Denim,pink,1299.0,0
6,Male,Free Size,Fair,black,Wedding,Kids,T-Shirt,Silk,white,999.0,0
6,Male,Free Size,Fair,black,Wedding,Men,Trousers,Cotton,royal blue,1999.0,1
6,Male,Free Size,Fair,black,Wedding,Men,T-Shirt,Linen,red,499.0,1
6,Male,Free Size,Fair,black,Wedding,Newborn,Romper,Denim,navy,1299.0,0
6,Male,Free Size,Fair,black,Wedding,Newborn,Romper,Wool,coral,1999.0,0
6,Male,Free Size,Fair,black,Wedding,Men,Shirt,Linen,green,1299.0,0
6,Male,Free Size,Fair,black,Wedding,Kids,T-Shirt,Silk,olive,499.0,0
6,Male,Free Size,Fair,black,Wedding,Women,Salwar,Cotton,coral,1999.0,0
6,Male,Free Size,Fair,black,Wedding,Men,Shirt,Rayon,gold,999.0,1
6,Male,Free Size,Fair,black,Wedding,Newborn,Set,Rayon,burgundy,4999.0,0
6,Male,Free Size,Fair,black,Wedding,Women,Kurti,Silk,magenta,699.0,0
7,Male,XL,Light,black,Wedding,Newborn,Romper,Rayon,mustard,4999.0,0
7,Male,XL,Light,black,Wedding,Women,Salwar,Cotton,magenta,299.0,0
7,Male,XL,Light,black,Wedding,Kids,Ethnic,Cotton,red,1999.0,0
7,Male,XL,Light,black,Wedding,Kids,Frock,Rayon,lavender,499.0,0
7,Male,XL,Light,black,Wedding,Kids,Ethnic,Cotton,olive,1999.0,0
7,Male,XL,Light,black,Wedding,Women,Dress,Silk,black,1299.0,1
7,Male,XL,Light,black,Wedding,Women,Kurti,Rayon,red,499.0,0
7,Male,XL,Light,black,Wedding,Men,Blazer,Linen,teal,999.0,1
7,Male,XL,Light,black,Wedding,Women,Dress,Cotton,black,1999.0,1
7,Male,XL,Light,black,Wedding,Men,Kurta,Silk,navy,299.0,1
7,Male,XL,Light,black,Wedding,Women,Saree,Denim,burgundy,499.0,0
7,Male,XL,Light,black,Wedding,Men,Trousers,Cotton,royal blue,1999.0,1
7,Male,XL,Light,black,Wedding,Kids,Ethnic,Georgette,black,1299.0,1
7,Male,XL,Light,black,Wedding,Newborn,Romper,Silk,lavender,1999.0,0
7,Male,XL,Light,black,Wedding,Men,Shirt,Linen,green,1299.0,1
7,Male,XL,Light,black,Wedding,Women,Kurti,Denim,white,699.0,0
7,Male,XL,Light,black,Wedding,Kids,Ethnic,Silk,coral,4999.0,1
7,Male,XL,Light,black,Wedding,Kids,Ethnic,Rayon,burgundy,1999.0,1
7,Male,XL,Light,black,Wedding,Kids,Frock,Cotton,lavender,499.0,0
7,Male,XL,Light,black,Wedding,Newborn,Romper,Cotton,pink,999.0,1
7,Male,XL,Light,black,Wedding,Men,Shirt,Rayon,gold,999.0,0
7,Male,XL,Light,black,Wedding,Women,Dress,Linen,yellow,1999.0,0
7,Male,XL,Light,black,Wedding,Kids,Frock,Cotton,peach,1299.0,0
7,Male,XL,Light,black,Wedding,Newborn,Set,Rayon,burgundy,4999.0,0
7,Male,XL,Light,black,Wedding,Newborn,Onesie,Cotton,yellow,2999.0,0
8,Female,XXL,Fair,navy,Wedding,Newborn,Romper,Cotton,pink,999.0,1
8,Female,XXL,Fair,navy,Wedding,Men,T-Shirt,Linen,red,499.0,0
8,Female,XXL,Fair,navy,Wedding,Newborn,Onesie,Denim,coral,699.0,0
8,Female,XXL,Fair,navy,Wedding,Newborn,Romper,Silk,black,499.0,0
8,Female,XXL,Fair,navy,Wedding,Women,Dress,Linen,yellow,1999.0,0
8,Female,XXL,Fair,navy,Wedding,Kids,Frock,Wool,burgundy,999.0,0
8,Female,XXL,Fair,navy,Wedding,Newborn,Romper,Wool,burgundy,299.0,0
8,Female,XXL,Fair,navy,Wedding,Women,Dress,Cotton,black,1999.0,0
8,Female,XXL,Fair,navy,Wedding,Men,Kurta,Silk,red,4999.0,0
8,Female,XXL,Fair,navy,Wedding,Newborn,Romper,Wool,burgundy,999.0,0
8,Female,XXL,Fair,navy,Wedding,Men,Shirt,Wool,peach,1999.0,1
8,Female,XXL,Fair,navy,Wedding,Newborn,Set,Georgette,teal,699.0,0
8,Female,XXL,Fair,navy,Wedding,Men,Trousers,Silk,green,4999.0,0
8,Female,XXL,Fair,navy,Wedding,Men,T-Shirt,Rayon,green,2999.0,0
8,Female,XXL,Fair,navy,Wedding,Kids,Shorts,Silk,gold,499.0,0
8,Female,XXL,Fair,navy,Wedding,Newborn,Onesie,Denim,royal blue,699.0,0
8,Female,XXL,Fair,navy,Wedding,Men,Trousers,Linen,magenta,699.0,0
8,Female,XXL,Fair,navy,Wedding,Women,Dress,Silk,black,1299.0,1
8,Female,XXL,Fair,navy,Wedding,Kids,T-Shirt,Cotton,black,499.0,0
8,Female,XXL,Fair,navy,Wedding,Men,Blazer,Rayon,red,1299.0,0
8,Female,XXL,Fair,navy,Wedding,Kids,Ethnic,Georgette,black,1299.0,1
8,Female,XXL,Fair,navy,Wedding,Newborn,Romper,Rayon,mustard,4999.0,0
8,Female,XXL,Fair,navy,Wedding,Women,Salwar,Denim,burgundy,699.0,1
8,Female,XXL,Fair,navy,Wedding,Women,Kurti,Silk,burgundy,4999.0,0
8,Female,XXL,Fair,navy,Wedding,Kids,Ethnic,Rayon,royal blue,4999.0,0
9,Female,XXL,Medium,royal blue,Wedding,Newborn,Set,Wool,yellow,2999.0,0
9,Female,XXL,Medium,royal blue,Wedding,Women,Top,Cotton,green,2999.0,0
9,Female,XXL,Medium,royal blue,Wedding,Women,Salwar,Cotton,cream,999.0,1
9,Female,XXL,Medium,royal blue,Wedding,Women,Saree,Denim,burgundy,499.0,1
9,Female,XXL,Medium,royal blue,Wedding,Men,Trousers,Linen,lavender,1299.0,0
9,Female,XXL,Medium,royal blue,Wedding,Men,Kurta,Silk,navy,299.0,0
9,Female,XXL,Medium,royal blue,Wedding,Women,Salwar,Denim,burgundy,2999.0,1
9,Female,XXL,Medium,royal blue,Wedding,Men,Blazer,Denim,pink,699.0,1
9,Female,XXL,Medium,royal blue,Wedding,Newborn,Romper,Wool,burgundy,999.0,0
9,Female,XXL,Medium,royal blue,Wedding,Women,Dress,Georgette,green,299.0,0
9,Female,XXL,Medium,royal blue,Wedding,Men,Shirt,Georgette,olive,499.0,1
9,Female,XXL,Medium,royal blue,Wedding,Kids,Ethnic,Wool,teal,499.0,1
9,Female,XXL,Medium,royal blue,Wedding,Women,Top,Rayon,teal,1999.0,1
9,Female,XXL,Medium,royal blue,Wedding,Newborn,Romper,Linen,peach,4999.0,0
9,Female,XXL,Medium,royal blue,Wedding,Newborn,Onesie,Linen,pink,1299.0,0
9,Female,XXL,Medium,royal blue,Wedding,Newborn,Romper,Rayon,mustard,4999.0,0
9,Female,XXL,Medium,royal blue,Wedding,Women,Salwar,Cotton,coral,1999.0,1
9,Female,XXL,Medium,royal blue,Wedding,Newborn,Romper,Denim,navy,1299.0,0
9,Female,XXL,Medium,royal blue,Wedding,Kids,Frock,Georgette,black,499.0,0
9,Female,XXL,Medium,royal blue,Wedding,Newborn,Romper,Linen,coral,2999.0,0
9,Female,XXL,Medium,royal blue,Wedding,Men,Blazer,Wool,white,499.0,1
9,Female,XXL,Medium,royal blue,Wedding,Women,Kurti,Cotton,cream,999.0,1
9,Female,XXL,Medium,royal blue,Wedding,Kids,Frock,Cotton,peach,1299.0,0
9,Female,XXL,Medium,royal blue,Wedding,Kids,T-Shirt,Rayon,olive,999.0,1
9,Female,XXL,Medium,royal blue,Wedding,Men,Trousers,Cotton,royal blue,1999.0,1
10,Male,Free Size,Light,coral,Casual,Newborn,Romper,Silk,lavender,1999.0,0
10,Male,Free Size,Light,coral,Casual,Women,Kurti,Rayon,red,499.0,0
10,Male,Free Size,Light,coral,Casual,Newborn,Romper,Wool,burgundy,999.0,0
10,Male,Free Size,Light,coral,Casual,Women,Lehenga,Denim,pink,299.0,0
10,Male,Free Size,Light,coral,Casual,Women,Salwar,Cotton,cream,999.0,0
10,Male,Free Size,Light,coral,Casual,Men,Kurta,Silk,teal,1299.0,1
10,Male,Free Size,Light,coral,Casual,Kids,T-Shirt,Georgette,gold,4999.0,0
10,Male,Free Size,Light,coral,Casual,Newborn,Set,Georgette,teal,699.0,0
10,Male,Free Size,Light,coral,Casual,Kids,T-Shirt,Silk,white,999.0,0
10,Male,Free Size,Light,coral,Casual,Newborn,Set,Georgette,pink,4999.0,0
10,Male,Free Size,Light,coral,Casual,Men,Shirt,Rayon,peach,1999.0,1
10,Male,Free Size,Light,coral,Casual,Women,Salwar,Denim,burgundy,2999.0,0
10,Male,Free Size,Light,coral,Casual,Newborn,Onesie,Denim,royal blue,699.0,0
10,Male,Free Size,Light,coral,Casual,Men,T-Shirt,Linen,red,499.0,0
10,Male,Free Size,Light,coral,Casual,Men,T-Shirt,Rayon,peach,1999.0,1
10,Male,Free Size,Light,coral,Casual,Kids,Ethnic,Cotton,red,1999.0,0
10,Male,Free Size,Light,coral,Casual,Men,Blazer,Linen,teal,999.0,0
10,Male,Free Size,Light,coral,Casual,Newborn,Set,Silk,gold,299.0,0
10,Male,Free Size,Light,coral,Casual,Newborn,Onesie,Cotton,yellow,2999.0,0
10,Male,Free Size,Light,coral,Casual,Kids,T-Shirt,Rayon,olive,999.0,0
10,Male,Free Size,Light,coral,Casual,Kids,Ethnic,Rayon,royal blue,4999.0,1
10,Male,Free Size,Light,coral,Casual,Women,Top,Rayon,teal,1999.0,0
10,Male,Free Size,Light,coral,Casual,Newborn,Romper,Wool,coral,1999.0,1
10,Male,Free Size,Light,coral,Casual,Kids,Ethnic,Wool,teal,499.0,0
10,Male,Free Size,Light,coral,Casual,Newborn,Romper,Silk,black,499.0,0
11,Male,M,Dark,magenta,Festival,Newborn,Romper,Linen,coral,2999.0,0
11,Male,M,Dark,magenta,Festival,Women,Salwar,Rayon,gold,4999.0,0
11,Male,M,Dark,magenta,Festival,Women,Salwar,Denim,burgundy,2999.0,0
11,Male,M,Dark,magenta,Festival,Kids,Ethnic,Rayon,burgundy,1999.0,0
11,Male,M,Dark,magenta,Festival,Newborn,Romper,Denim,navy,1299.0,0
11,Male,M,Dark,magenta,Festival,Men,T-Shirt,Rayon,green,2999.0,0
11,Male,M,Dark,magenta,Festival,Kids,T-Shirt,Georgette,gold,4999.0,0
11,Male,M,Dark,magenta,Festival,Women,Salwar,Wool,navy,4999.0,0
11,Male,M,Dark,magenta,Festival,Newborn,Romper,Cotton,pink,999.0,0
11,Male,M,Dark,magenta,Festival,Newborn,Romper,Rayon,gold,699.0,1
11,Male,M,Dark,magenta,Festival,Kids,Shorts,Georgette,cream,1999.0,0
11,Male,M,Dark,magenta,Festival,Women,Salwar,Denim,magenta,4999.0,1
11,Male,M,Dark,magenta,Festival,Newborn,Onesie,Denim,yellow,4999.0,0
11,Male,M,Dark,magenta,Festival,Women,Top,Rayon,teal,1999.0,0
11,Male,M,Dark,magenta,Festival,Men,Blazer,Linen,teal,1299.0,1
11,Male,M,Dark,magenta,Festival,Women,Top,Cotton,green,2999.0,0
11,Male,M,Dark,magenta,Festival,Newborn,Romper,Wool,coral,1999.0,0
11,Male,M,Dark,magenta,Festival,Men,Shirt,Georgette,olive,499.0,0
11,Male,M,Dark,magenta,Festival,Newborn,Set,Denim,royal blue,999.0,0
11,Male,M,Dark,magenta,Festival,Newborn,Romper,Linen,peach,4999.0,0
11,Male,M,Dark,magenta,Festival,Kids,T-Shirt,Cotton,black,499.0,0
11,Male,M,Dark,magenta,Festival,Newborn,Set,Georgette,pink,4999.0,0
11,Male,M,Dark,magenta,Festival,Women,Kurti,Denim,mustard,4999.0,0
11,Male,M,Dark,magenta,Festival,Men,Shirt,Wool,peach,1999.0,0
11,Male,M,Dark,magenta,Festival,Men,Trousers,Linen,magenta,699.0,1
12,Male,XS,Dark,black,Casual,Men,Shirt,Rayon,peach,1999.0,1
12,Male,XS,Dark,black,Casual,Women,Kurti,Denim,mustard,4999.0,0
12,Male,XS,Dark,black,Casual,Newborn,Onesie,Denim,yellow,4999.0,0
12,Male,XS,Dark,black,Casual,Kids,Ethnic,Wool,white,1299.0,0
12,Male,XS,Dark,black,Casual,Newborn,Onesie,Cotton,yellow,1999.0,0
12,Male,XS,Dark,black,Casual,Newborn,Set,Wool,yellow,2999.0,0
12,Male,XS,Dark,black,Casual,Newborn,Set,Silk,gold,299.0,0
12,Male,XS,Dark,black,Casual,Newborn,Onesie,Denim,coral,699.0,1
12,Male,XS,Dark,black,Casual,Women,Salwar,Cotton,cream,999.0,0
12,Male,XS,Dark,black,Casual,Women,Dress,Cotton,black,1999.0,1
12,Male,XS,Dark,black,Casual,Kids,T-Shirt,Denim,navy,1999.0,0
12,Male,XS,Dark,black,Casual,Men,Trousers,Rayon,olive,499.0,1
12,Male,XS,Dark,black,Casual,Kids,T-Shirt,Silk,olive,499.0,0
12,Male,XS,Dark,black,Casual,Newborn,Onesie,Denim,royal blue,699.0,0
12,Male,XS,Dark,black,Casual,Newborn,Set,Georgette,teal,699.0,0
12,Male,XS,Dark,black,Casual,Kids,Ethnic,Cotton,red,1999.0,1
12,Male,XS,Dark,black,Casual,Newborn,Romper,Wool,coral,1999.0,1
12,Male,XS,Dark,black,Casual,Newborn,Onesie,Denim,cream,499.0,0
12,Male,XS,Dark,black,Casual,Newborn,Set,Rayon,blue,999.0,0
12,Male,XS,Dark,black,Casual,Men,T-Shirt,Rayon,coral,999.0,1
12,Male,XS,Dark,black,Casual,Women,Kurti,Denim,white,699.0,1
12,Male,XS,Dark,black,Casual,Women,Salwar,Silk,red,1999.0,0
12,Male,XS,Dark,black,Casual,Women,Top,Cotton,green,2999.0,0
12,Male,XS,Dark,black,Casual,Women,Top,Georgette,peach,999.0,0
12,Male,XS,Dark,black,Casual,Women,Lehenga,Wool,white,999.0,1
13,Female,Free Size,Deep,red,Office,Newborn,Romper,Silk,lavender,1999.0,0
13,Female,Free Size,Deep,red,Office,Kids,Ethnic,Rayon,royal blue,4999.0,0
13,Female,Free Size,Deep,red,Office,Newborn,Set,Georgette,pink,4999.0,0
13,Female,Free Size,Deep,red,Office,Men,Blazer,Georgette,black,2999.0,0
13,Female,Free Size,Deep,red,Office,Kids,Frock,Cotton,lavender,499.0,0
13,Female,Free Size,Deep,red,Office,Kids,Ethnic,Cotton,red,1999.0,1
13,Female,Free Size,Deep,red,Office,Women,Kurti,Silk,burgundy,4999.0,0
13,Female,Free Size,Deep,red,Office,Kids,Frock,Cotton,peach,1299.0,0
13,Female,Free Size,Deep,red,Office,Men,Blazer,Wool,white,499.0,0
13,Female,Free Size,Deep,red,Office,Newborn,Set,Georgette,teal,699.0,0
13,Female,Free Size,Deep,red,Office,Men,Trousers,Denim,lavender,1299.0,0
13,Female,Free Size,Deep,red,Office,Kids,Ethnic,Wool,teal,499.0,0
13,Female,Free Size,Deep,red,Office,Kids,T-Shirt,Denim,blue,299.0,0
13,Female,Free Size,Deep,red,Office,Kids,Ethnic,Rayon,burgundy,1999.0,0
13,Female,Free Size,Deep,red,Office,Women,Kurti,Silk,magenta,699.0,1
13,Female,Free Size,Deep,red,Office,Women,Salwar,Cotton,cream,999.0,1
13,Female,Free Size,Deep,red,Office,Men,T-Shirt,Rayon,coral,999.0,0
13,Female,Free Size,Deep,red,Office,Kids,Ethnic,Georgette,black,1299.0,0
13,Female,Free Size,Deep,red,Office,Women,Saree,Cotton,cream,999.0,0
13,Female,Free Size,Deep,red,Office,Men,Blazer,Denim,pink,699.0,0
13,Female,Free Size,Deep,red,Office,Men,Blazer,Linen,teal,1299.0,0
13,Female,Free Size,Deep,red,Office,Newborn,Romper,Wool,coral,1999.0,0
13,Female,Free Size,Deep,red,Office,Men,Kurta,Silk,red,4999.0,0
13,Female,Free Size,Deep,red,Office,Men,Trousers,Linen,magenta,699.0,0
13,Female,Free Size,Deep,red,Office,Women,Dress,Silk,black,1299.0,0
14,Male,M,Dark,peach,Daily,Men,Blazer,Wool,white,499.0,1
14,Male,M,Dark,peach,Daily,Men,Blazer,Linen,teal,1299.0,0
14,Male,M,Dark,peach,Daily,Newborn,Set,Georgette,pink,4999.0,0
14,Male,M,Dark,peach,Daily,Newborn,Romper,Silk,lavender,1999.0,0
14,Male,M,Dark,peach,Daily,Women,Dress,Silk,black,1299.0,0
14,Male,M,Dark,peach,Daily,Kids,Ethnic,Wool,white,1299.0,1
14,Male,M,Dark,peach,Daily,Women,Kurti,Denim,mustard,4999.0,0
14,Male,M,Dark,peach,Daily,Women,Salwar,Wool,navy,4999.0,0
14,Male,M,Dark,peach,Daily,Women,Top,Silk,gold,4999.0,0
14,Male,M,Dark,peach,Daily,Kids,Shorts,Silk,gold,499.0,0
14,Male,M,Dark,peach,Daily,Kids,Frock,Georgette,black,499.0,0
14,Male,M,Dark,peach,Daily,Men,Shirt,Rayon,gold,999.0,1
14,Male,M,Dark,peach,Daily,Women,Dress,Rayon,mustard,999.0,0
14,Male,M,Dark,peach,Daily,Men,Kurta,Cotton,green,499.0,0
14,Male,M,Dark,peach,Daily,Women,Kurti,Silk,magenta,699.0,0
14,Male,M,Dark,peach,Daily,Women,Salwar,Cotton,coral,1999.0,0
14,Male,M,Dark,peach,Daily,Kids,Ethnic,Rayon,royal blue,4999.0,0
14,Male,M,Dark,peach,Daily,Women,Dress,Linen,olive,499.0,0
14,Male,M,Dark,peach,Daily,Kids,Frock,Silk,cream,1999.0,0
14,Male,M,Dark,peach,Daily,Women,Dress,Denim,pink,1299.0,1
14,Male,M,Dark,peach,Daily,Men,Trousers,Denim,lavender,1299.0,0
14,Male,M,Dark,peach,Daily,Newborn,Set,Georgette,teal,699.0,0
14,Male,M,Dark,peach,Daily,Men,Blazer,Georgette,black,2999.0,0
14,Male,M,Dark,peach,Daily,Men,Shirt,Linen,blue,1299.0,0
14,Male,M,Dark,peach,Daily,Newborn,Onesie,Denim,yellow,4999.0,0
15,Female,XS,Dark,olive,Casual,Kids,T-Shirt,Denim,burgundy,1299.0,0
15,Female,XS,Dark,olive,Casual,Newborn,Set,Rayon,burgundy,4999.0,0
15,Female,XS,Dark,olive,Casual,Kids,Shorts,Silk,gold,499.0,0
15,Female,XS,Dark,olive,Casual,Women,Lehenga,Wool,white,999.0,0
15,Female,XS,Dark,olive,Casual,Kids,Frock,Georgette,black,499.0,0
15,Female,XS,Dark,olive,Casual,Women,Kurti,Silk,burgundy,4999.0,0
15,Female,XS,Dark,olive,Casual,Kids,Frock,Cotton,peach,1299.0,0
15,Female,XS,Dark,olive,Casual,Newborn,Romper,Linen,coral,2999.0,1
15,Female,XS,Dark,olive,Casual,Women,Salwar,Silk,red,1999.0,1
15,Female,XS,Dark,olive,Casual,Women,Kurti,Silk,magenta,699.0,1
15,Female,XS,Dark,olive,Casual,Newborn,Set,Georgette,pink,4999.0,0
15,Female,XS,Dark,olive,Casual,Women,Top,Georgette,peach,999.0,1
15,Female,XS,Dark,olive,Casual,Women,Kurti,Denim,mustard,4999.0,0
15,Female,XS,Dark,olive,Casual,Women,Kurti,Rayon,red,499.0,1
15,Female,XS,Dark,olive,Casual,Women,Saree,Cotton,cream,999.0,1
15,Female,XS,Dark,olive,Casual,Men,Trousers,Linen,magenta,699.0,1
15,Female,XS,Dark,olive,Casual,Newborn,Romper,Rayon,mustard,4999.0,0
15,Female,XS,Dark,olive,Casual,Women,Kurti,Cotton,cream,999.0,0
15,Female,XS,Dark,olive,Casual,Women,Salwar,Cotton,cream,999.0,0
15,Female,XS,Dark,olive,Casual,Newborn,Onesie,Denim,coral,699.0,0
15,Female,XS,Dark,olive,Casual,Men,Shirt,Linen,blue,1299.0,0
15,Female,XS,Dark,olive,Casual,Men,Blazer,Denim,pink,699.0,1
15,Female,XS,Dark,olive,Casual,Men,Shirt,Cotton,blue,299.0,0
15,Female,XS,Dark,olive,Casual,Men,Blazer,Georgette,burgundy,1299.0,0
15,Female,XS,Dark,olive,Casual,Women,Lehenga,Denim,pink,299.0,0
16,Female,Free Size,Warm,red,Festival,Kids,Ethnic,Wool,teal,499.0,0
16,Female,Free Size,Warm,red,Festival,Men,Blazer,Wool,white,499.0,0
16,Female,Free Size,Warm,red,Festival,Women,Lehenga,Denim,pink,299.0,1
16,Female,Free Size,Warm,red,Festival,Newborn,Onesie,Cotton,yellow,1999.0,0
16,Female,Free Size,Warm,red,Festival,Kids,Ethnic,Rayon,royal blue,4999.0,1
16,Female,Free Size,Warm,red,Festival,Men,Shirt,Georgette,olive,499.0,0
16,Female,Free Size,Warm,red,Festival,Newborn,Romper,Linen,coral,2999.0,0
16,Female,Free Size,Warm,red,Festival,Men,Kurta,Silk,teal,1299.0,0
16,Female,Free Size,Warm,red,Festival,Women,Salwar,Denim,magenta,4999.0,0
16,Female,Free Size,Warm,red,Festival,Kids,Frock,Rayon,lavender,499.0,0
16,Female,Free Size,Warm,red,Festival,Newborn,Romper,Linen,peach,4999.0,0
16,Female,Free Size,Warm,red,Festival,Newborn,Set,Georgette,teal,699.0,0
16,Female,Free Size,Warm,red,Festival,Newborn,Romper,Silk,black,499.0,0
16,Female,Free Size,Warm,red,Festival,Women,Kurti,Linen,yellow,299.0,1
16,Female,Free Size,Warm,red,Festival,Newborn,Set,Rayon,white,2999.0,0
16,Female,Free Size,Warm,red,Festival,Kids,Ethnic,Silk,coral,4999.0,1
16,Female,Free Size,Warm,red,Festival,Newborn,Set,Georgette,pink,4999.0,0
16,Female,Free Size,Warm,red,Festival,Newborn,Romper,Wool,coral,1999.0,0
16,Female,Free Size,Warm,red,Festival,Women,Top,Silk,gold,4999.0,1
16,Female,Free Size,Warm,red,Festival,Women,Salwar,Denim,burgundy,699.0,1
16,Female,Free Size,Warm,red,Festival,Men,Blazer,Denim,pink,699.0,0
16,Female,Free Size,Warm,red,Festival,Newborn,Onesie,Denim,coral,699.0,0
16,Female,Free Size,Warm,red,Festival,Women,Salwar,Cotton,magenta,299.0,1
16,Female,Free Size,Warm,red,Festival,Women,Saree,Denim,peach,1999.0,1
16,Female,Free Size,Warm,red,Festival,Women,Salwar,Silk,red,1999.0,1
17,Female,XXL,Warm,blue,Festival,Women,Kurti,Denim,white,699.0,0
17,Female,XXL,Warm,blue,Festival,Kids,Frock,Linen,peach,699.0,0
17,Female,XXL,Warm,blue,Festival,Men,Kurta,Silk,navy,299.0,1
17,Female,XXL,Warm,blue,Festival,Kids,Shorts,Silk,gold,499.0,1
17,Female,XXL,Warm,blue,Festival,Newborn,Onesie,Cotton,yellow,1999.0,0
17,Female,XXL,Warm,blue,Festival,Men,Shirt,Georgette,olive,499.0,0
17,Female,XXL,Warm,blue,Festival,Men,Shirt,Rayon,gold,999.0,1
17,Female,XXL,Warm,blue,Festival,Women,Top,Cotton,green,2999.0,0
17,Female,XXL,Warm,blue,Festival,Men,Shirt,Rayon,peach,1999.0,0
17,Female,XXL,Warm,blue,Festival,Newborn,Romper,Rayon,mustard,4999.0,0
17,Female,XXL,Warm,blue,Festival,Kids,Ethnic,Georgette,black,1299.0,0
17,Female,XXL,Warm,blue,Festival,Men,Blazer,Wool,white,499.0,0
17,Female,XXL,Warm,blue,Festival,Newborn,Onesie,Silk,blue,299.0,1
17,Female,XXL,Warm,blue,Festival,Women,Kurti,Silk,magenta,699.0,1
17,Female,XXL,Warm,blue,Festival,Men,Kurta,Cotton,green,499.0,0
17,Female,XXL,Warm,blue,Festival,Newborn,Set,Georgette,teal,2999.0,0
17,Female,XXL,Warm,blue,Festival,Newborn,Set,Georgette,teal,699.0,0
17,Female,XXL,Warm,blue,Festival,Newborn,Onesie,Linen,pink,1299.0,0
17,Female,XXL,Warm,blue,Festival,Women,Salwar,Silk,red,1999.0,1
17,Female,XXL,Warm,blue,Festival,Newborn,Romper,Linen,coral,2999.0,0
17,Female,XXL,Warm,blue,Festival,Newborn,Set,Rayon,white,2999.0,0
17,Female,XXL,Warm,blue,Festival,Women,Top,Georgette,peach,999.0,1
17,Female,XXL,Warm,blue,Festival,Newborn,Set,Rayon,blue,999.0,1
17,Female,XXL,Warm,blue,Festival,Newborn,Set,Silk,gold,299.0,0
17,Female,XXL,Warm,blue,Festival,Men,Trousers,Linen,magenta,699.0,0
18,Male,XXL,Dark,gold,Office,Kids,Ethnic,Silk,coral,4999.0,0
18,Male,XXL,Dark,gold,Office,Women,Salwar,Wool,navy,4999.0,0
18,Male,XXL,Dark,gold,Office,Men,T-Shirt,Rayon,green,2999.0,0
18,Male,XXL,Dark,gold,Office,Women,Top,Cotton,green,2999.0,0
18,Male,XXL,Dark,gold,Office,Men,Trousers,Linen,magenta,699.0,1
18,Male,XXL,Dark,gold,Office,Women,Saree,Cotton,cream,999.0,0
18,Male,XXL,Dark,gold,Office,Kids,Ethnic,Wool,white,1299.0,1
18,Male,XXL,Dark,gold,Office,Newborn,Set,Silk,gold,299.0,1
18,Male,XXL,Dark,gold,Office,Newborn,Romper,Silk,lavender,1999.0,0
18,Male,XXL,Dark,gold,Office,Kids,Frock,Cotton,lavender,499.0,0
18,Male,XXL,Dark,gold,Office,Men,Shirt,Cotton,blue,299.0,0
18,Male,XXL,Dark,gold,Office,Newborn,Set,Georgette,pink,4999.0,0
18,Male,XXL,Dark,gold,Office,Men,Blazer,Denim,pink,699.0,0
18,Male,XXL,Dark,gold,Office,Women,Top,Georgette,peach,999.0,0
18,Male,XXL,Dark,gold,Office,Men,Blazer,Wool,white,499.0,1
18,Male,XXL,Dark,gold,Office,Newborn,Romper,Silk,black,499.0,0
18,Male,XXL,Dark,gold,Office,Kids,T-Shirt,Georgette,gold,4999.0,1
18,Male,XXL,Dark,gold,Office,Newborn,Set,Rayon,burgundy,999.0,0
18,Male,XXL,Dark,gold,Office,Women,Top,Silk,gold,4999.0,1
18,Male,XXL,Dark,gold,Office,Women,Lehenga,Rayon,black,699.0,0
18,Male,XXL,Dark,gold,Office,Women,Salwar,Denim,burgundy,2999.0,0
18,Male,XXL,Dark,gold,Office,Kids,Frock,Linen,peach,699.0,1
18,Male,XXL,Dark,gold,Office,Kids,Shorts,Georgette,cream,1999.0,0
18,Male,XXL,Dark,gold,Office,Women,Salwar,Rayon,gold,4999.0,1
18,Male,XXL,Dark,gold,Office,Men,Trousers,Denim,lavender,1299.0,0
19,Female,L,Warm,navy,Party,Kids,Ethnic,Wool,teal,499.0,1
19,Female,L,Warm,navy,Party,Men,T-Shirt,Rayon,coral,999.0,0
19,Female,L,Warm,navy,Party,Kids,Frock,Cotton,peach,1299.0,0
19,Female,L,Warm,navy,Party,Women,Lehenga,Wool,white,999.0,1
19,Female,L,Warm,navy,Party,Women,Top,Rayon,magenta,699.0,0
19,Female,L,Warm,navy,Party,Men,Trousers,Rayon,navy,1999.0,1
19,Female,L,Warm,navy,Party,Kids,Ethnic,Cotton,olive,1999.0,0
19,Female,L,Warm,navy,Party,Newborn,Romper,Rayon,gold,699.0,1
19,Female,L,Warm,navy,Party,Men,Kurta,Cotton,green,499.0,0
19,Female,L,Warm,navy,Party,Newborn,Onesie,Silk,blue,299.0,0
19,Female,L,Warm,navy,Party,Women,Saree,Cotton,cream,999.0,1
19,Female,L,Warm,navy,Party,Newborn,Set,Georgette,teal,2999.0,0
19,Female,L,Warm,navy,Party,Newborn,Set,Silk,gold,299.0,0
19,Female,L,Warm,navy,Party,Kids,Frock,Rayon,lavender,499.0,0
19,Female,L,Warm,navy,Party,Men,Kurta,Silk,red,4999.0,1
19,Female,L,Warm,navy,Party,Newborn,Set,Wool,yellow,2999.0,0
19,Female,L,Warm,navy,Party,Women,Top,Rayon,teal,1999.0,0
19,Female,L,Warm,navy,Party,Newborn,Set,Rayon,burgundy,4999.0,0
19,Female,L,Warm,navy,Party,Men,Shirt,Wool,peach,1999.0,0
19,Female,L,Warm,navy,Party,Men,Kurta,Silk,teal,1299.0,1
19,Female,L,Warm,navy,Party,Newborn,Onesie,Cotton,yellow,1999.0,0
19,Female,L,Warm,navy,Party,Newborn,Romper,Silk,lavender,1999.0,0
19,Female,L,Warm,navy,Party,Men,Shirt,Georgette,olive,499.0,1
19,Female,L,Warm,navy,Party,Kids,T-Shirt,Cotton,black,499.0,0
19,Female,L,Warm,navy,Party,Women,Salwar,Denim,burgundy,699.0,1
20,Female,Free Size,Light,pink,Party,Kids,Ethnic,Rayon,burgundy,1999.0,0
20,Female,Free Size,Light,pink,Party,Women,Dress,Silk,black,1299.0,0
20,Female,Free Size,Light,pink,Party,Men,Blazer,Linen,teal,1299.0,0
20,Female,Free Size,Light,pink,Party,Men,Blazer,Linen,cream,299.0,1
20,Female,Free Size,Light,pink,Party,Newborn,Set,Wool,yellow,2999.0,0
20,Female,Free Size,Light,pink,Party,Men,Blazer,Wool,white,499.0,1
20,Female,Free Size,Light,pink,Party,Newborn,Romper,Wool,coral,1999.0,1
20,Female,Free Size,Light,pink,Party,Men,Blazer,Georgette,black,2999.0,0
20,Female,Free Size,Light,pink,Party,Women,Salwar,Silk,red,1999.0,0
20,Female,Free Size,Light,pink,Party,Kids,Ethnic,Silk,coral,4999.0,1
20,Female,Free Size,Light,pink,Party,Kids,T-Shirt,Denim,blue,299.0,1
20,Female,Free Size,Light,pink,Party,Men,Trousers,Linen,lavender,1299.0,0
20,Female,Free Size,Light,pink,Party,Women,Dress,Linen,yellow,1999.0,1
20,Female,Free Size,Light,pink,Party,Women,Dress,Cotton,black,1999.0,1
20,Female,Free Size,Light,pink,Party,Newborn,Set,Silk,gold,299.0,0
20,Female,Free Size,Light,pink,Party,Women,Kurti,Linen,yellow,299.0,1
20,Female,Free Size,Light,pink,Party,Women,Salwar,Rayon,gold,4999.0,0
20,Female,Free Size,Light,pink,Party,Newborn,Romper,Denim,navy,1299.0,0
20,Female,Free Size,Light,pink,Party,Newborn,Romper,Linen,coral,2999.0,1
20,Female,Free Size,Light,pink,Party,Women,Top,Silk,gold,4999.0,0
20,Female,Free Size,Light,pink,Party,Newborn,Romper,Wool,burgundy,999.0,0
20,Female,Free Size,Light,pink,Party,Newborn,Romper,Rayon,mustard,4999.0,0
20,Female,Free Size,Light,pink,Party,Women,Kurti,Silk,magenta,699.0,1
20,Female,Free Size,Light,pink,Party,Newborn,Romper,Silk,lavender,1999.0,0
20,Female,Free Size,Light,pink,Party,Women,Salwar,Cotton,cream,999.0,1
21,Female,S,Warm,navy,Office,Kids,Shorts,Silk,gold,499.0,1
21,Female,S,Warm,navy,Office,Men,T-Shirt,Rayon,coral,999.0,1
21,Female,S,Warm,navy,Office,Men,Blazer,Denim,pink,699.0,0
21,Female,S,Warm,navy,Office,Kids,Ethnic,Rayon,burgundy,1999.0,1
21,Female,S,Warm,navy,Office,Men,Shirt,Linen,green,1299.0,0
21,Female,S,Warm,navy,Office,Women,Kurti,Silk,burgundy,4999.0,1
21,Female,S,Warm,navy,Office,Women,Lehenga,Denim,pink,299.0,0
21,Female,S,Warm,navy,Office,Kids,T-Shirt,Silk,white,999.0,0
21,Female,S,Warm,navy,Office,Women,Kurti,Denim,white,699.0,1
21,Female,S,Warm,navy,Office,Men,T-Shirt,Rayon,peach,1999.0,0
21,Female,S,Warm,navy,Office,Women,Salwar,Denim,burgundy,2999.0,1
21,Female,S,Warm,navy,Office,Women,Saree,Denim,peach,1999.0,0
21,Female,S,Warm,navy,Office,Men,Shirt,Wool,peach,1999.0,1
21,Female,S,Warm,navy,Office,Kids,T-Shirt,Georgette,gold,4999.0,1
21,Female,S,Warm,navy,Office,Men,Trousers,Linen,lavender,1299.0,0
21,Female,S,Warm,navy,Office,Newborn,Onesie,Denim,yellow,4999.0,0
21,Female,S,Warm,navy,Office,Men,Shirt,Rayon,peach,1999.0,0
21,Female,S,Warm,navy,Office,Newborn,Set,Wool,yellow,2999.0,0
21,Female,S,Warm,navy,Office,Newborn,Set,Georgette,teal,699.0,0
21,Female,S,Warm,navy,Office,Newborn,Romper,Wool,burgundy,299.0,0
21,Female,S,Warm,navy,Office,Women,Kurti,Rayon,red,499.0,1
21,Female,S,Warm,navy,Office,Newborn,Onesie,Denim,royal blue,699.0,0
21,Female,S,Warm,navy,Office,Kids,Ethnic,Silk,burgundy,999.0,1
21,Female,S,Warm,navy,Office,Women,Dress,Georgette,green,299.0,0
21,Female,S,Warm,navy,Office,Kids,T-Shirt,Denim,burgundy,1299.0,0
22,Female,M,Fair,mustard,Party,Kids,T-Shirt,Denim,navy,1999.0,0
22,Female,M,Fair,mustard,Party,Men,Blazer,Georgette,burgundy,1299.0,1
22,Female,M,Fair,mustard,Party,Men,Shirt,Linen,blue,1299.0,0
22,Female,M,Fair,mustard,Party,Kids,T-Shirt,Denim,blue,299.0,0
22,Female,M,Fair,mustard,Party,Newborn,Set,Silk,gold,299.0,0
22,Female,M,Fair,mustard,Party,Men,Shirt,Cotton,blue,299.0,0
22,Female,M,Fair,mustard,Party,Women,Dress,Georgette,green,299.0,0
22,Female,M,Fair,mustard,Party,Men,Blazer,Georgette,black,2999.0,1
22,Female,M,Fair,mustard,Party,Women,Saree,Denim,burgundy,499.0,1
22,Female,M,Fair,mustard,Party,Women,Top,Cotton,green,2999.0,0
22,Female,M,Fair,mustard,Party,Men,Trousers,Rayon,navy,1999.0,0
22,Female,M,Fair,mustard,Party,Men,T-Shirt,Rayon,coral,999.0,0
22,Female,M,Fair,mustard,Party,Men,Shirt,Wool,peach,1999.0,1
22,Female,M,Fair,mustard,Party,Kids,Shorts,Georgette,cream,1999.0,0
22,Female,M,Fair,mustard,Party,Newborn,Romper,Linen,coral,2999.0,1
22,Female,M,Fair,mustard,Party,Women,Dress,Cotton,black,1999.0,0
22,Female,M,Fair,mustard,Party,Women,Dress,Silk,black,1299.0,0
22,Female,M,Fair,mustard,Party,Men,Trousers,Rayon,olive,499.0,0
22,Female,M,Fair,mustard,Party,Women,Lehenga,Wool,white,999.0,1
22,Female,M,Fair,mustard,Party,Kids,Ethnic,Silk,coral,4999.0,1
22,Female,M,Fair,mustard,Party,Kids,Shorts,Silk,gold,499.0,0
22,Female,M,Fair,mustard,Party,Women,Saree,Cotton,cream,999.0,1
22,Female,M,Fair,mustard,Party,Women,Kurti,Linen,yellow,299.0,0
22,Female,M,Fair,mustard,Party,Women,Salwar,Cotton,cream,999.0,1
22,Female,M,Fair,mustard,Party,Women,Lehenga,Rayon,black,699.0,1
23,Male,L,Light,royal blue,Party,Newborn,Set,Georgette,teal,2999.0,0
23,Male,L,Light,royal blue,Party,Women,Top,Rayon,magenta,699.0,1
23,Male,L,Light,royal blue,Party,Women,Salwar,Denim,magenta,4999.0,0
23,Male,L,Light,royal blue,Party,Men,Trousers,Rayon,olive,499.0,0
23,Male,L,Light,royal blue,Party,Women,Dress,Rayon,mustard,999.0,0
23,Male,L,Light,royal blue,Party,Newborn,Onesie,Denim,cream,499.0,0
23,Male,L,Light,royal blue,Party,Men,Kurta,Silk,navy,299.0,1
23,Male,L,Light,royal blue,Party,Newborn,Set,Georgette,pink,4999.0,0
23,Male,L,Light,royal blue,Party,Newborn,Romper,Rayon,gold,699.0,0
23,Male,L,Light,royal blue,Party,Men,Blazer,Georgette,burgundy,1299.0,1
23,Male,L,Light,royal blue,Party,Kids,Ethnic,Silk,coral,4999.0,1
23,Male,L,Light,royal blue,Party,Newborn,Set,Rayon,burgundy,999.0,0
23,Male,L,Light,royal blue,Party,Kids,T-Shirt,Rayon,olive,999.0,0
23,Male,L,Light,royal blue,Party,Newborn,Onesie,Denim,royal blue,699.0,1
23,Male,L,Light,royal blue,Party,Men,Kurta,Cotton,green,499.0,1
23,Male,L,Light,royal blue,Party,Newborn,Onesie,Denim,coral,699.0,1
23,Male,L,Light,royal blue,Party,Newborn,Romper,Wool,burgundy,999.0,0
23,Male,L,Light,royal blue,Party,Men,Blazer,Georgette,black,2999.0,1
23,Male,L,Light,royal blue,Party,Women,Salwar,Wool,navy,4999.0,0
23,Male,L,Light,royal blue,Party,Kids,Frock,Rayon,lavender,499.0,0
23,Male,L,Light,royal blue,Party,Men,Shirt,Georgette,olive,499.0,0
23,Male,L,Light,royal blue,Party,Men,T-Shirt,Rayon,peach,1999.0,1
23,Male,L,Light,royal blue,Party,Kids,Ethnic,Cotton,olive,1999.0,0
23,Male,L,Light,royal blue,Party,Women,Lehenga,Rayon,black,699.0,0
23,Male,L,Light,royal blue,Party,Newborn,Romper,Cotton,pink,999.0,1
24,Female,M,Dark,gold,Office,Kids,T-Shirt,Georgette,gold,4999.0,0
24,Female,M,Dark,gold,Office,Newborn,Onesie,Denim,cream,499.0,0
24,Female,M,Dark,gold,Office,Kids,T-Shirt,Silk,white,999.0,0
24,Female,M,Dark,gold,Office,Kids,Shorts,Silk,gold,499.0,1
24,Female,M,Dark,gold,Office,Men,Shirt,Wool,peach,1999.0,0
24,Female,M,Dark,gold,Office,Newborn,Onesie,Silk,blue,299.0,0
24,Female,M,Dark,gold,Office,Women,Lehenga,Denim,pink,299.0,1
24,Female,M,Dark,gold,Office,Kids,Ethnic,Wool,white,1299.0,1
24,Female,M,Dark,gold,Office,Men,Blazer,Denim,pink,699.0,0
24,Female,M,Dark,gold,Office,Men,Blazer,Georgette,burgundy,1299.0,0
24,Female,M,Dark,gold,Office,Men,T-Shirt,Rayon,green,2999.0,0
24,Female,M,Dark,gold,Office,Kids,Frock,Cotton,peach,1299.0,0
24,Female,M,Dark,gold,Office,Newborn,Set,Denim,royal blue,999.0,1
24,Female,M,Dark,gold,Office,Men,Shirt,Rayon,peach,1999.0,0
24,Female,M,Dark,gold,Office,Men,Shirt,Linen,blue,1299.0,0
24,Female,M,Dark,gold,Office,Men,Blazer,Linen,cream,299.0,0
24,Female,M,Dark,gold,Office,Men,Trousers,Rayon,navy,1999.0,0
24,Female,M,Dark,gold,Office,Kids,Ethnic,Cotton,red,1999.0,0
24,Female,M,Dark,gold,Office,Men,Trousers,Linen,lavender,1299.0,0
24,Female,M,Dark,gold,Office,Women,Salwar,Cotton,magenta,299.0,1
24,Female,M,Dark,gold,Office,Men,Trousers,Denim,lavender,1299.0,0
24,Female,M,Dark,gold,Office,Women,Kurti,Cotton,cream,999.0,1
24,Female,M,Dark,gold,Office,Newborn,Romper,Silk,lavender,1999.0,0
24,Female,M,Dark,gold,Office,Kids,Ethnic,Rayon,burgundy,1999.0,0
24,Female,M,Dark,gold,Office,Newborn,Set,Georgette,teal,699.0,0
25,Male,XL,Light,pink,Wedding,Women,Top,Cotton,green,2999.0,0
25,Male,XL,Light,pink,Wedding,Women,Lehenga,Wool,white,999.0,1
25,Male,XL,Light,pink,Wedding,Kids,Ethnic,Wool,white,1299.0,1
25,Male,XL,Light,pink,Wedding,Women,Kurti,Denim,white,699.0,1
25,Male,XL,Light,pink,Wedding,Newborn,Onesie,Cotton,yellow,2999.0,0
25,Male,XL,Light,pink,Wedding,Kids,Frock,Linen,peach,699.0,0
25,Male,XL,Light,pink,Wedding,Men,Blazer,Georgette,black,2999.0,1
25,Male,XL,Light,pink,Wedding,Kids,Shorts,Georgette,cream,1999.0,1
25,Male,XL,Light,pink,Wedding,Men,Blazer,Linen,cream,299.0,1
25,Male,XL,Light,pink,Wedding,Women,Kurti,Denim,mustard,4999.0,0
25,Male,XL,Light,pink,Wedding,Men,Shirt,Rayon,gold,999.0,1
25,Male,XL,Light,pink,Wedding,Kids,Ethnic,Cotton,olive,1999.0,0
25,Male,XL,Light,pink,Wedding,Men,Blazer,Linen,teal,999.0,1
25,Male,XL,Light,pink,Wedding,Newborn,Romper,Rayon,gold,699.0,0
25,Male,XL,Light,pink,Wedding,Newborn,Romper,Silk,black,499.0,0
25,Male,XL,Light,pink,Wedding,Newborn,Onesie,Denim,yellow,4999.0,0
25,Male,XL,Light,pink,Wedding,Kids,T-Shirt,Georgette,gold,4999.0,1
25,Male,XL,Light,pink,Wedding,Newborn,Set,Wool,yellow,2999.0,0
25,Male,XL,Light,pink,Wedding,Kids,Frock,Rayon,lavender,499.0,0
25,Male,XL,Light,pink,Wedding,Men,Shirt,Cotton,blue,299.0,1
25,Male,XL,Light,pink,Wedding,Kids,Shorts,Silk,gold,499.0,0
25,Male,XL,Light,pink,Wedding,Women,Dress,Linen,yellow,1999.0,0
25,Male,XL,Light,pink,Wedding,Men,Trousers,Denim,lavender,1299.0,1
25,Male,XL,Light,pink,Wedding,Women,Top,Silk,gold,4999.0,0
25,Male,XL,Light,pink,Wedding,Women,Top,Georgette,peach,999.0,1
26,Female,L,Dark,black,Daily,Kids,Frock,Linen,peach,699.0,0
26,Female,L,Dark,black,Daily,Men,Kurta,Silk,navy,299.0,0
26,Female,L,Dark,black,Daily,Women,Lehenga,Rayon,black,699.0,1
26,Female,L,Dark,black,Daily,Kids,Ethnic,Silk,burgundy,999.0,0
26,Female,L,Dark,black,Daily,Men,Shirt,Linen,green,1299.0,0
26,Female,L,Dark,black,Daily,Women,Dress,Linen,olive,499.0,1
26,Female,L,Dark,black,Daily,Kids,Frock,Cotton,lavender,499.0,0
26,Female,L,Dark,black,Daily,Men,T-Shirt,Linen,red,499.0,1
26,Female,L,Dark,black,Daily,Newborn,Romper,Silk,lavender,1999.0,0
26,Female,L,Dark,black,Daily,Women,Salwar,Wool,navy,4999.0,0
26,Female,L,Dark,black,Daily,Women,Salwar,Silk,red,1999.0,1
26,Female,L,Dark,black,Daily,Women,Kurti,Denim,mustard,4999.0,1
26,Female,L,Dark,black,Daily,Women,Kurti,Denim,white,699.0,1
26,Female,L,Dark,black,Daily,Women,Top,Cotton,green,2999.0,0
26,Female,L,Dark,black,Daily,Kids,Shorts,Georgette,cream,1999.0,0
26,Female,L,Dark,black,Daily,Newborn,Romper,Linen,peach,4999.0,0
26,Female,L,Dark,black,Daily,Men,Trousers,Rayon,olive,499.0,0
26,Female,L,Dark,black,Daily,Women,Kurti,Silk,burgundy,4999.0,0
26,Female,L,Dark,black,Daily,Men,Trousers,Linen,magenta,699.0,1
26,Female,L,Dark,black,Daily,Kids,Ethnic,Georgette,black,1299.0,1
26,Female,L,Dark,black,Daily,Men,T-Shirt,Rayon,green,2999.0,0
26,Female,L,Dark,black,Daily,Men,Shirt,Wool,peach,1999.0,0
26,Female,L,Dark,black,Daily,Kids,Ethnic,Cotton,olive,1999.0,0
26,Female,L,Dark,black,Daily,Men,Shirt,Georgette,olive,499.0,0
26,Female,L,Dark,black,Daily,Newborn,Romper,Rayon,mustard,4999.0,0
27,Female,XXL,Deep,mustard,Festival,Kids,Shorts,Georgette,cream,1999.0,0
27,Female,XXL,Deep,mustard,Festival,Women,Salwar,Cotton,cream,999.0,1
27,Female,XXL,Deep,mustard,Festival,Men,Shirt,Wool,peach,1999.0,0
27,Female,XXL,Deep,mustard,Festival,Newborn,Onesie,Cotton,yellow,1999.0,0
27,Female,XXL,Deep,mustard,Festival,Women,Salwar,Wool,navy,4999.0,0
27,Female,XXL,Deep,mustard,Festival,Newborn,Onesie,Linen,burgundy,999.0,0
27,Female,XXL,Deep,mustard,Festival,Kids,T-Shirt,Cotton,black,499.0,0
27,Female,XXL,Deep,mustard,Festival,Women,Dress,Rayon,mustard,999.0,1
27,Female,XXL,Deep,mustard,Festival,Women,Lehenga,Rayon,black,699.0,1
27,Female,XXL,Deep,mustard,Festival,Men,Trousers,Denim,lavender,1299.0,0
27,Female,XXL,Deep,mustard,Festival,Women,Saree,Denim,burgundy,499.0,1
27,Female,XXL,Deep,mustard,Festival,Newborn,Set,Silk,gold,299.0,0
27,Female,XXL,Deep,mustard,Festival,Women,Salwar,Denim,magenta,4999.0,1
27,Female,XXL,Deep,mustard,Festival,Kids,T-Shirt,Denim,burgundy,1299.0,0
27,Female,XXL,Deep,mustard,Festival,Women,Kurti,Denim,mustard,4999.0,1
27,Female,XXL,Deep,mustard,Festival,Women,Kurti,Linen,yellow,299.0,0
27,Female,XXL,Deep,mustard,Festival,Women,Salwar,Silk,red,1999.0,1
27,Female,XXL,Deep,mustard,Festival,Newborn,Set,Rayon,burgundy,999.0,0
27,Female,XXL,Deep,mustard,Festival,Men,Shirt,Cotton,blue,299.0,0
27,Female,XXL,Deep,mustard,Festival,Women,Top,Rayon,teal,1999.0,0
27,Female,XXL,Deep,mustard,Festival,Men,Blazer,Linen,cream,299.0,0
27,Female,XXL,Deep,mustard,Festival,Women,Dress,Linen,olive,499.0,0
27,Female,XXL,Deep,mustard,Festival,Kids,Frock,Cotton,lavender,499.0,0
27,Female,XXL,Deep,mustard,Festival,Newborn,Romper,Silk,lavender,1999.0,0
27,Female,XXL,Deep,mustard,Festival,Women,Dress,Linen,yellow,1999.0,1
28,Male,XS,Medium,black,Festival,Newborn,Set,Silk,gold,299.0,0
28,Male,XS,Medium,black,Festival,Newborn,Romper,Linen,peach,4999.0,0
28,Male,XS,Medium,black,Festival,Kids,T-Shirt,Silk,white,999.0,0
28,Male,XS,Medium,black,Festival,Men,T-Shirt,Rayon,green,2999.0,0
28,Male,XS,Medium,black,Festival,Men,Shirt,Linen,blue,1299.0,1
28,Male,XS,Medium,black,Festival,Women,Lehenga,Denim,pink,299.0,0
28,Male,XS,Medium,black,Festival,Kids,Frock,Cotton,lavender,499.0,0
28,Male,XS,Medium,black,Festival,Kids,Frock,Wool,burgundy,999.0,0
28,Male,XS,Medium,black,Festival,Newborn,Onesie,Cotton,yellow,1999.0,0
28,Male,XS,Medium,black,Festival,Men,Trousers,Denim,lavender,1299.0,1
28,Male,XS,Medium,black,Festival,Women,Salwar,Wool,navy,4999.0,0
28,Male,XS,Medium,black,Festival,Newborn,Romper,Rayon,mustard,4999.0,1
28,Male,XS,Medium,black,Festival,Men,Blazer,Georgette,black,2999.0,1
28,Male,XS,Medium,black,Festival,Kids,Ethnic,Georgette,black,1299.0,1
28,Male,XS,Medium,black,Festival,Kids,T-Shirt,Silk,olive,499.0,1
28,Male,XS,Medium,black,Festival,Women,Kurti,Silk,burgundy,4999.0,0
28,Male,XS,Medium,black,Festival,Women,Kurti,Rayon,red,499.0,0
28,Male,XS,Medium,black,Festival,Newborn,Onesie,Cotton,yellow,2999.0,0
28,Male,XS,Medium,black,Festival,Women,Kurti,Silk,magenta,699.0,0
28,Male,XS,Medium,black,Festival,Men,Blazer,Rayon,red,1299.0,1
28,Male,XS,Medium,black,Festival,Women,Kurti,Denim,mustard,4999.0,1
28,Male,XS,Medium,black,Festival,Newborn,Romper,Linen,coral,2999.0,0
28,Male,XS,Medium,black,Festival,Women,Dress,Cotton,black,1999.0,1
28,Male,XS,Medium,black,Festival,Newborn,Onesie,Linen,pink,1299.0,0
28,Male,XS,Medium,black,Festival,Men,Kurta,Silk,teal,1299.0,1
29,Male,M,Deep,navy,Party,Newborn,Set,Rayon,burgundy,4999.0,0
29,Male,M,Deep,navy,Party,Kids,Ethnic,Wool,teal,499.0,0
29,Male,M,Deep,navy,Party,Kids,Frock,Cotton,lavender,499.0,0
29,Male,M,Deep,navy,Party,Women,Kurti,Linen,yellow,299.0,0
29,Male,M,Deep,navy,Party,Kids,Ethnic,Cotton,olive,1999.0,0
29,Male,M,Deep,navy,Party,Newborn,Romper,Rayon,mustard,4999.0,0
29,Male,M,Deep,navy,Party,Men,Kurta,Cotton,green,499.0,1
29,Male,M,Deep,navy,Party,Newborn,Romper,Linen,peach,4999.0,0
29,Male,M,Deep,navy,Party,Women,Lehenga,Denim,pink,299.0,0
29,Male,M,Deep,navy,Party,Women,Salwar,Cotton,cream,999.0,1
29,Male,M,Deep,navy,Party,Women,Salwar,Denim,burgundy,2999.0,0
29,Male,M,Deep,navy,Party,Women,Lehenga,Wool,white,999.0,1
29,Male,M,Deep,navy,Party,Newborn,Set,Wool,yellow,2999.0,0
29,Male,M,Deep,navy,Party,Women,Salwar,Cotton,coral,1999.0,0
29,Male,M,Deep,navy,Party,Women,Dress,Georgette,green,299.0,0
29,Male,M,Deep,navy,Party,Women,Saree,Cotton,cream,999.0,0
29,Male,M,Deep,navy,Party,Newborn,Romper,Denim,navy,1299.0,1
29,Male,M,Deep,navy,Party,Newborn,Romper,Silk,black,499.0,0
29,Male,M,Deep,navy,Party,Women,Top,Rayon,teal,1999.0,0
29,Male,M,Deep,navy,Party,Women,Dress,Linen,yellow,1999.0,1
29,Male,M,Deep,navy,Party,Kids,Frock,Wool,burgundy,999.0,0
29,Male,M,Deep,navy,Party,Women,Kurti,Silk,magenta,699.0,0
29,Male,M,Deep,navy,Party,Men,Kurta,Silk,navy,299.0,1
29,Male,M,Deep,navy,Party,Women,Dress,Denim,pink,1299.0,0
29,Male,M,Deep,navy,Party,Kids,T-Shirt,Denim,navy,1999.0,1
30,Female,XL,Dark,royal blue,Festival,Men,T-Shirt,Rayon,coral,999.0,1
30,Female,XL,Dark,royal blue,Festival,Newborn,Romper,Wool,burgundy,299.0,0
30,Female,XL,Dark,royal blue,Festival,Men,Kurta,Silk,teal,1299.0,0
30,Female,XL,Dark,royal blue,Festival,Kids,Frock,Cotton,peach,1299.0,0
30,Female,XL,Dark,royal blue,Festival,Kids,T-Shirt,Denim,burgundy,1299.0,1
30,Female,XL,Dark,royal blue,Festival,Women,Lehenga,Rayon,black,699.0,1
30,Female,XL,Dark,royal blue,Festival,Men,Shirt,Cotton,blue,299.0,1
30,Female,XL,Dark,royal blue,Festival,Newborn,Set,Rayon,white,2999.0,0
30,Female,XL,Dark,royal blue,Festival,Kids,Ethnic,Rayon,royal blue,4999.0,1
30,Female,XL,Dark,royal blue,Festival,Women,Kurti,Cotton,cream,999.0,0
30,Female,XL,Dark,royal blue,Festival,Women,Salwar,Rayon,gold,4999.0,0
30,Female,XL,Dark,royal blue,Festival,Women,Top,Rayon,teal,1999.0,1
30,Female,XL,Dark,royal blue,Festival,Women,Top,Silk,gold,4999.0,0
30,Female,XL,Dark,royal blue,Festival,Women,Dress,Denim,pink,1299.0,1
30,Female,XL,Dark,royal blue,Festival,Kids,T-Shirt,Georgette,gold,4999.0,0
30,Female,XL,Dark,royal blue,Festival,Newborn,Onesie,Denim,yellow,4999.0,0
30,Female,XL,Dark,royal blue,Festival,Men,T-Shirt,Rayon,peach,1999.0,0
30,Female,XL,Dark,royal blue,Festival,Women,Salwar,Cotton,coral,1999.0,1
30,Female,XL,Dark,royal blue,Festival,Newborn,Onesie,Denim,coral,699.0,1
30,Female,XL,Dark,royal blue,Festival,Men,Kurta,Cotton,green,499.0,0
30,Female,XL,Dark,royal blue,Festival,Newborn,Set,Georgette,teal,2999.0,0
30,Female,XL,Dark,royal blue,Festival,Men,Blazer,Linen,teal,999.0,0
30,Female,XL,Dark,royal blue,Festival,Men,Blazer,Linen,cream,299.0,0
30,Female,XL,Dark,royal blue,Festival,Kids,Shorts,Silk,gold,499.0,0
30,Female,XL,Dark,royal blue,Festival,Kids,Ethnic,Wool,white,1299.0,1
31,Female,M,Deep,lavender,Party,Newborn,Set,Georgette,teal,2999.0,1
31,Female,M,Deep,lavender,Party,Newborn,Onesie,Linen,pink,1299.0,1
31,Female,M,Deep,lavender,Party,Newborn,Onesie,Denim,yellow,4999.0,0
31,Female,M,Deep,lavender,Party,Men,Blazer,Denim,pink,699.0,0
31,Female,M,Deep,lavender,Party,Men,Shirt,Georgette,olive,499.0,0
31,Female,M,Deep,lavender,Party,Women,Kurti,Silk,magenta,699.0,1
31,Female,M,Deep,lavender,Party,Newborn,Romper,Denim,navy,1299.0,0
31,Female,M,Deep,lavender,Party,Men,Blazer,Georgette,black,2999.0,0
31,Female,M,Deep,lavender,Party,Kids,Ethnic,Silk,burgundy,999.0,0
31,Female,M,Deep,lavender,Party,Men,Trousers,Rayon,olive,499.0,0
31,Female,M,Deep,lavender,Party,Men,Kurta,Silk,red,4999.0,0
31,Female,M,Deep,lavender,Party,Kids,Frock,Georgette,black,499.0,0
31,Female,M,Deep,lavender,Party,Men,Kurta,Cotton,green,499.0,0
31,Female,M,Deep,lavender,Party,Newborn,Onesie,Linen,burgundy,999.0,0
31,Female,M,Deep,lavender,Party,Women,Kurti,Cotton,cream,999.0,1
31,Female,M,Deep,lavender,Party,Men,Trousers,Silk,green,4999.0,1
31,Female,M,Deep,lavender,Party,Kids,T-Shirt,Cotton,black,499.0,0
31,Female,M,Deep,lavender,Party,Newborn,Romper,Rayon,gold,699.0,1
31,Female,M,Deep,lavender,Party,Kids,Ethnic,Wool,white,1299.0,1
31,Female,M,Deep,lavender,Party,Kids,Shorts,Georgette,cream,1999.0,0
31,Female,M,Deep,lavender,Party,Newborn,Set,Silk,gold,299.0,1
31,Female,M,Deep,lavender,Party,Women,Dress,Linen,olive,499.0,1
31,Female,M,Deep,lavender,Party,Kids,Ethnic,Cotton,olive,1999.0,0
31,Female,M,Deep,lavender,Party,Women,Kurti,Denim,white,699.0,1
31,Female,M,Deep,lavender,Party,Women,Salwar,Cotton,magenta,299.0,0
32,Female,M,Light,red,Daily,Men,Blazer,Linen,cream,299.0,0
32,Female,M,Light,red,Daily,Women,Lehenga,Denim,pink,299.0,1
32,Female,M,Light,red,Daily,Women,Kurti,Denim,white,699.0,1
32,Female,M,Light,red,Daily,Newborn,Onesie,Cotton,yellow,1999.0,0
32,Female,M,Light,red,Daily,Newborn,Set,Georgette,pink,4999.0,1
32,Female,M,Light,red,Daily,Newborn,Romper,Rayon,gold,699.0,1
32,Female,M,Light,red,Daily,Men,Kurta,Silk,red,4999.0,1
32,Female,M,Light,red,Daily,Newborn,Set,Rayon,white,2999.0,0
32,Female,M,Light,red,Daily,Men,Trousers,Silk,green,4999.0,0
32,Female,M,Light,red,Daily,Men,Trousers,Cotton,royal blue,1999.0,0
32,Female,M,Light,red,Daily,Women,Salwar,Denim,burgundy,2999.0,1
32,Female,M,Light,red,Daily,Men,Trousers,Rayon,olive,499.0,0
32,Female,M,Light,red,Daily,Women,Dress,Linen,yellow,1999.0,0
32,Female,M,Light,red,Daily,Newborn,Romper,Silk,black,499.0,0
32,Female,M,Light,red,Daily,Women,Salwar,Silk,red,1999.0,1
32,Female,M,Light,red,Daily,Newborn,Romper,Rayon,mustard,4999.0,0
32,Female,M,Light,red,Daily,Men,Trousers,Linen,magenta,699.0,0
32,Female,M,Light,red,Daily,Women,Top,Georgette,peach,999.0,1
32,Female,M,Light,red,Daily,Kids,Ethnic,Cotton,olive,1999.0,0
32,Female,M,Light,red,Daily,Women,Saree,Cotton,cream,999.0,1
32,Female,M,Light,red,Daily,Newborn,Romper,Linen,coral,2999.0,0
32,Female,M,Light,red,Daily,Men,Shirt,Cotton,blue,299.0,0
32,Female,M,Light,red,Daily,Kids,Ethnic,Rayon,royal blue,4999.0,0
32,Female,M,Light,red,Daily,Kids,T-Shirt,Denim,burgundy,1299.0,0
32,Female,M,Light,red,Daily,Men,Shirt,Wool,peach,1999.0,0
33,Male,M,Fair,burgundy,Daily,Men,Kurta,Silk,red,4999.0,0
33,Male,M,Fair,burgundy,Daily,Newborn,Onesie,Denim,royal blue,699.0,0
33,Male,M,Fair,burgundy,Daily,Newborn,Onesie,Cotton,yellow,1999.0,0
33,Male,M,Fair,burgundy,Daily,Newborn,Onesie,Denim,yellow,4999.0,0
33,Male,M,Fair,burgundy,Daily,Newborn,Set,Georgette,pink,4999.0,0
33,Male,M,Fair,burgundy,Daily,Newborn,Set,Rayon,burgundy,4999.0,1
33,Male,M,Fair,burgundy,Daily,Men,Trousers,Cotton,royal blue,1999.0,0
33,Male,M,Fair,burgundy,Daily,Newborn,Romper,Silk,black,499.0,0
33,Male,M,Fair,burgundy,Daily,Women,Dress,Linen,olive,499.0,0
33,Male,M,Fair,burgundy,Daily,Newborn,Onesie,Linen,pink,1299.0,1
33,Male,M,Fair,burgundy,Daily,Kids,Frock,Silk,cream,1999.0,1
33,Male,M,Fair,burgundy,Daily,Newborn,Romper,Wool,burgundy,999.0,1
33,Male,M,Fair,burgundy,Daily,Women,Dress,Denim,pink,1299.0,1
33,Male,M,Fair,burgundy,Daily,Men,Blazer,Denim,pink,699.0,0
33,Male,M,Fair,burgundy,Daily,Women,Salwar,Denim,magenta,4999.0,0
33,Male,M,Fair,burgundy,Daily,Men,Blazer,Linen,teal,1299.0,0
33,Male,M,Fair,burgundy,Daily,Women,Top,Georgette,peach,999.0,0
33,Male,M,Fair,burgundy,Daily,Newborn,Set,Georgette,teal,2999.0,0
33,Male,M,Fair,burgundy,Daily,Women,Salwar,Cotton,coral,1999.0,0
33,Male,M,Fair,burgundy,Daily,Men,Shirt,Wool,peach,1999.0,1
33,Male,M,Fair,burgundy,Daily,Women,Top,Cotton,green,2999.0,1
33,Male,M,Fair,burgundy,Daily,Kids,Frock,Cotton,lavender,499.0,0
33,Male,M,Fair,burgundy,Daily,Women,Top,Rayon,teal,1999.0,0
33,Male,M,Fair,burgundy,Daily,Men,Shirt,Cotton,blue,299.0,0
33,Male,M,Fair,burgundy,Daily,Women,Salwar,Cotton,magenta,299.0,0
34,Male,S,Light,mustard,Party,Kids,Ethnic,Rayon,royal blue,4999.0,0
34,Male,S,Light,mustard,Party,Women,Salwar,Cotton,magenta,299.0,0
34,Male,S,Light,mustard,Party,Women,Kurti,Linen,yellow,299.0,0
34,Male,S,Light,mustard,Party,Men,Blazer,Wool,white,499.0,0
34,Male,S,Light,mustard,Party,Men,Blazer,Georgette,black,2999.0,0
34,Male,S,Light,mustard,Party,Newborn,Romper,Wool,coral,1999.0,1
34,Male,S,Light,mustard,Party,Newborn,Romper,Silk,lavender,1999.0,0
34,Male,S,Light,mustard,Party,Newborn,Set,Wool,yellow,2999.0,0
34,Male,S,Light,mustard,Party,Men,T-Shirt,Rayon,coral,999.0,1
34,Male,S,Light,mustard,Party,Kids,Frock,Georgette,black,499.0,0
34,Male,S,Light,mustard,Party,Men,Trousers,Linen,lavender,1299.0,1
34,Male,S,Light,mustard,Party,Kids,T-Shirt,Denim,burgundy,1299.0,0
34,Male,S,Light,mustard,Party,Kids,T-Shirt,Denim,navy,1999.0,0
34,Male,S,Light,mustard,Party,Newborn,Romper,Silk,black,499.0,0
34,Male,S,Light,mustard,Party,Newborn,Set,Silk,gold,299.0,0
34,Male,S,Light,mustard,Party,Women,Saree,Denim,burgundy,499.0,0
34,Male,S,Light,mustard,Party,Men,Kurta,Silk,navy,299.0,1
34,Male,S,Light,mustard,Party,Kids,Frock,Cotton,lavender,499.0,0
34,Male,S,Light,mustard,Party,Women,Top,Georgette,peach,999.0,1
34,Male,S,Light,mustard,Party,Kids,T-Shirt,Denim,blue,299.0,0
34,Male,S,Light,mustard,Party,Men,Shirt,Rayon,gold,999.0,0
34,Male,S,Light,mustard,Party,Women,Top,Rayon,magenta,699.0,0
34,Male,S,Light,mustard,Party,Women,Dress,Linen,olive,499.0,0
34,Male,S,Light,mustard,Party,Women,Kurti,Silk,magenta,699.0,0
34,Male,S,Light,mustard,Party,Men,Trousers,Silk,green,4999.0,1
35,Female,XS,Light,coral,Wedding,Newborn,Romper,Silk,lavender,1999.0,0
35,Female,XS,Light,coral,Wedding,Men,Shirt,Linen,green,1299.0,1
35,Female,XS,Light,coral,Wedding,Newborn,Romper,Wool,burgundy,999.0,0
35,Female,XS,Light,coral,Wedding,Women,Kurti,Silk,burgundy,4999.0,0
35,Female,XS,Light,coral,Wedding,Kids,T-Shirt,Georgette,gold,4999.0,0
35,Female,XS,Light,coral,Wedding,Kids,Frock,Rayon,lavender,499.0,0
35,Female,XS,Light,coral,Wedding,Newborn,Set,Wool,yellow,2999.0,0
35,Female,XS,Light,coral,Wedding,Women,Dress,Linen,yellow,1999.0,1
35,Female,XS,Light,coral,Wedding,Women,Top,Cotton,green,2999.0,1
35,Female,XS,Light,coral,Wedding,Men,Blazer,Linen,teal,999.0,0
35,Female,XS,Light,coral,Wedding,Men,Blazer,Linen,cream,299.0,1
35,Female,XS,Light,coral,Wedding,Women,Top,Rayon,teal,1999.0,1
35,Female,XS,Light,coral,Wedding,Women,Dress,Linen,olive,499.0,1
35,Female,XS,Light,coral,Wedding,Men,Kurta,Silk,teal,1299.0,0
35,Female,XS,Light,coral,Wedding,Kids,Ethnic,Rayon,royal blue,4999.0,0
35,Female,XS,Light,coral,Wedding,Women,Top,Georgette,peach,999.0,1
35,Female,XS,Light,coral,Wedding,Kids,Frock,Wool,burgundy,999.0,0
35,Female,XS,Light,coral,Wedding,Newborn,Onesie,Denim,cream,499.0,1
35,Female,XS,Light,coral,Wedding,Kids,Frock,Cotton,peach,1299.0,0
35,Female,XS,Light,coral,Wedding,Men,Shirt,Cotton,blue,299.0,0
35,Female,XS,Light,coral,Wedding,Kids,Frock,Silk,cream,1999.0,1
35,Female,XS,Light,coral,Wedding,Women,Salwar,Denim,burgundy,2999.0,0
35,Female,XS,Light,coral,Wedding,Kids,Frock,Cotton,lavender,499.0,0
35,Female,XS,Light,coral,Wedding,Newborn,Onesie,Silk,blue,299.0,0
35,Female,XS,Light,coral,Wedding,Kids,Ethnic,Wool,teal,499.0,0
36,Female,S,Medium,white,Daily,Women,Salwar,Cotton,coral,1999.0,1
36,Female,S,Medium,white,Daily,Kids,T-Shirt,Silk,olive,499.0,0
36,Female,S,Medium,white,Daily,Men,T-Shirt,Rayon,peach,1999.0,0
36,Female,S,Medium,white,Daily,Newborn,Onesie,Denim,royal blue,699.0,0
36,Female,S,Medium,white,Daily,Women,Salwar,Cotton,magenta,299.0,0
36,Female,S,Medium,white,Daily,Newborn,Set,Georgette,pink,4999.0,0
36,Female,S,Medium,white,Daily,Newborn,Romper,Rayon,mustard,4999.0,0
36,Female,S,Medium,white,Daily,Men,Kurta,Silk,navy,299.0,0
36,Female,S,Medium,white,Daily,Newborn,Romper,Cotton,pink,999.0,0
36,Female,S,Medium,white,Daily,Newborn,Onesie,Linen,burgundy,999.0,0
36,Female,S,Medium,white,Daily,Women,Dress,Denim,pink,1299.0,0
36,Female,S,Medium,white,Daily,Newborn,Set,Denim,royal blue,999.0,0
36,Female,S,Medium,white,Daily,Men,Kurta,Cotton,green,499.0,0
36,Female,S,Medium,white,Daily,Women,Saree,Denim,peach,1999.0,1
36,Female,S,Medium,white,Daily,Men,Shirt,Rayon,gold,999.0,0
36,Female,S,Medium,white,Daily,Men,Blazer,Linen,cream,299.0,0
36,Female,S,Medium,white,Daily,Kids,Frock,Linen,peach,699.0,0
36,Female,S,Medium,white,Daily,Newborn,Set,Silk,gold,299.0,0
36,Female,S,Medium,white,Daily,Kids,Frock,Silk,cream,1999.0,0
36,Female,S,Medium,white,Daily,Newborn,Onesie,Linen,pink,1299.0,0
36,Female,S,Medium,white,Daily,Men,Shirt,Georgette,olive,499.0,1
36,Female,S,Medium,white,Daily,Kids,T-Shirt,Georgette,gold,4999.0,0
36,Female,S,Medium,white,Daily,Newborn,Romper,Silk,black,499.0,0
36,Female,S,Medium,white,Daily,Kids,Frock,Georgette,black,499.0,0
36,Female,S,Medium,white,Daily,Newborn,Set,Rayon,white,2999.0,1
37,Male,M,Fair,cream,Office,Women,Top,Silk,gold,4999.0,0
37,Male,M,Fair,cream,Office,Women,Salwar,Denim,burgundy,699.0,0
37,Male,M,Fair,cream,Office,Women,Salwar,Cotton,cream,999.0,1
37,Male,M,Fair,cream,Office,Women,Saree,Denim,burgundy,499.0,0
37,Male,M,Fair,cream,Office,Men,Shirt,Linen,green,1299.0,0
37,Male,M,Fair,cream,Office,Newborn,Onesie,Linen,pink,1299.0,1
37,Male,M,Fair,cream,Office,Women,Lehenga,Denim,pink,299.0,1
37,Male,M,Fair,cream,Office,Kids,T-Shirt,Silk,olive,499.0,0
37,Male,M,Fair,cream,Office,Women,Top,Cotton,green,2999.0,0
37,Male,M,Fair,cream,Office,Women,Salwar,Cotton,magenta,299.0,0
37,Male,M,Fair,cream,Office,Women,Dress,Rayon,mustard,999.0,0
37,Male,M,Fair,cream,Office,Newborn,Onesie,Denim,coral,699.0,0
37,Male,M,Fair,cream,Office,Newborn,Romper,Wool,burgundy,999.0,0
37,Male,M,Fair,cream,Office,Newborn,Onesie,Denim,yellow,4999.0,0
37,Male,M,Fair,cream,Office,Kids,Ethnic,Cotton,red,1999.0,0
37,Male,M,Fair,cream,Office,Men,Blazer,Linen,cream,299.0,1
37,Male,M,Fair,cream,Office,Newborn,Set,Rayon,white,2999.0,1
37,Male,M,Fair,cream,Office,Kids,Frock,Georgette,black,499.0,0
37,Male,M,Fair,cream,Office,Kids,Ethnic,Cotton,olive,1999.0,0
37,Male,M,Fair,cream,Office,Newborn,Onesie,Denim,royal blue,699.0,0
37,Male,M,Fair,cream,Office,Men,Shirt,Rayon,gold,999.0,1
37,Male,M,Fair,cream,Office,Men,Blazer,Linen,teal,999.0,1
37,Male,M,Fair,cream,Office,Kids,Ethnic,Silk,coral,4999.0,0
37,Male,M,Fair,cream,Office,Newborn,Romper,Wool,coral,1999.0,0
37,Male,M,Fair,cream,Office,Kids,Frock,Silk,cream,1999.0,1
38,Female,XXL,Light,mustard,Casual,Kids,Shorts,Georgette,cream,1999.0,1
38,Female,XXL,Light,mustard,Casual,Women,Dress,Georgette,green,299.0,1
38,Female,XXL,Light,mustard,Casual,Men,Blazer,Georgette,burgundy,1299.0,0
38,Female,XXL,Light,mustard,Casual,Kids,Ethnic,Wool,teal,499.0,0
38,Female,XXL,Light,mustard,Casual,Men,Kurta,Cotton,green,499.0,1
38,Female,XXL,Light,mustard,Casual,Women,Kurti,Rayon,red,499.0,1
38,Female,XXL,Light,mustard,Casual,Newborn,Set,Rayon,white,2999.0,0
38,Female,XXL,Light,mustard,Casual,Newborn,Romper,Wool,burgundy,999.0,0
38,Female,XXL,Light,mustard,Casual,Newborn,Onesie,Denim,cream,499.0,1
38,Female,XXL,Light,mustard,Casual,Men,Kurta,Silk,red,4999.0,0
38,Female,XXL,Light,mustard,Casual,Newborn,Onesie,Linen,burgundy,999.0,0
38,Female,XXL,Light,mustard,Casual,Men,Blazer,Linen,cream,299.0,0
38,Female,XXL,Light,mustard,Casual,Newborn,Set,Silk,gold,299.0,0
38,Female,XXL,Light,mustard,Casual,Kids,Frock,Silk,cream,1999.0,1
38,Female,XXL,Light,mustard,Casual,Kids,Ethnic,Silk,coral,4999.0,0
38,Female,XXL,Light,mustard,Casual,Newborn,Romper,Wool,coral,1999.0,0
38,Female,XXL,Light,mustard,Casual,Kids,Ethnic,Cotton,red,1999.0,0
38,Female,XXL,Light,mustard,Casual,Women,Kurti,Denim,mustard,4999.0,1
38,Female,XXL,Light,mustard,Casual,Kids,Frock,Georgette,black,499.0,1
38,Female,XXL,Light,mustard,Casual,Women,Top,Rayon,magenta,699.0,0
38,Female,XXL,Light,mustard,Casual,Kids,Shorts,Silk,gold,499.0,0
38,Female,XXL,Light,mustard,Casual,Women,Kurti,Cotton,cream,999.0,1
38,Female,XXL,Light,mustard,Casual,Women,Salwar,Wool,navy,4999.0,0
38,Female,XXL,Light,mustard,Casual,Women,Saree,Denim,burgundy,499.0,1
38,Female,XXL,Light,mustard,Casual,Men,Shirt,Georgette,olive,499.0,0
39,Male,XL,Medium,mustard,Festival,Newborn,Onesie,Cotton,yellow,1999.0,0
39,Male,XL,Medium,mustard,Festival,Men,Blazer,Wool,white,499.0,1
39,Male,XL,Medium,mustard,Festival,Women,Kurti,Cotton,cream,999.0,0
39,Male,XL,Medium,mustard,Festival,Men,Kurta,Silk,red,4999.0,1
39,Male,XL,Medium,mustard,Festival,Newborn,Onesie,Denim,yellow,4999.0,0
39,Male,XL,Medium,mustard,Festival,Women,Kurti,Silk,magenta,699.0,0
39,Male,XL,Medium,mustard,Festival,Newborn,Romper,Wool,burgundy,299.0,0
39,Male,XL,Medium,mustard,Festival,Kids,T-Shirt,Silk,white,999.0,1
39,Male,XL,Medium,mustard,Festival,Men,Shirt,Wool,peach,1999.0,1
39,Male,XL,Medium,mustard,Festival,Women,Salwar,Denim,magenta,4999.0,0
39,Male,XL,Medium,mustard,Festival,Kids,Frock,Rayon,lavender,499.0,0
39,Male,XL,Medium,mustard,Festival,Men,T-Shirt,Linen,red,499.0,1
39,Male,XL,Medium,mustard,Festival,Women,Salwar,Denim,burgundy,2999.0,1
39,Male,XL,Medium,mustard,Festival,Women,Kurti,Rayon,red,499.0,0
39,Male,XL,Medium,mustard,Festival,Women,Kurti,Denim,white,699.0,0
39,Male,XL,Medium,mustard,Festival,Newborn,Onesie,Linen,pink,1299.0,0
39,Male,XL,Medium,mustard,Festival,Women,Lehenga,Denim,pink,299.0,1
39,Male,XL,Medium,mustard,Festival,Men,Kurta,Cotton,green,499.0,1
39,Male,XL,Medium,mustard,Festival,Men,Trousers,Rayon,olive,499.0,1
39,Male,XL,Medium,mustard,Festival,Newborn,Onesie,Denim,coral,699.0,1
39,Male,XL,Medium,mustard,Festival,Men,Blazer,Linen,teal,999.0,0
39,Male,XL,Medium,mustard,Festival,Women,Salwar,Cotton,magenta,299.0,0
39,Male,XL,Medium,mustard,Festival,Kids,T-Shirt,Denim,navy,1999.0,0
39,Male,XL,Medium,mustard,Festival,Women,Dress,Silk,black,1299.0,0
39,Male,XL,Medium,mustard,Festival,Newborn,Set,Rayon,burgundy,4999.0,0
40,Female,M,Light,cream,Party,Women,Kurti,Denim,white,699.0,1
40,Female,M,Light,cream,Party,Kids,Ethnic,Wool,teal,499.0,0
40,Female,M,Light,cream,Party,Men,Kurta,Cotton,green,499.0,0
40,Female,M,Light,cream,Party,Women,Dress,Linen,olive,499.0,1
40,Female,M,Light,cream,Party,Men,Blazer,Linen,teal,999.0,0
40,Female,M,Light,cream,Party,Kids,Frock,Georgette,black,499.0,0
40,Female,M,Light,cream,Party,Newborn,Onesie,Denim,royal blue,699.0,0
40,Female,M,Light,cream,Party,Newborn,Onesie,Cotton,yellow,1999.0,0
40,Female,M,Light,cream,Party,Newborn,Onesie,Denim,yellow,4999.0,0
40,Female,M,Light,cream,Party,Newborn,Onesie,Linen,burgundy,999.0,0
40,Female,M,Light,cream,Party,Kids,Shorts,Georgette,cream,1999.0,1
40,Female,M,Light,cream,Party,Women,Top,Rayon,magenta,699.0,0
40,Female,M,Light,cream,Party,Women,Kurti,Denim,mustard,4999.0,0
40,Female,M,Light,cream,Party,Men,Trousers,Rayon,olive,499.0,0
40,Female,M,Light,cream,Party,Men,Blazer,Linen,cream,299.0,1
40,Female,M,Light,cream,Party,Women,Salwar,Wool,navy,4999.0,1
40,Female,M,Light,cream,Party,Newborn,Set,Wool,yellow,2999.0,0
40,Female,M,Light,cream,Party,Women,Saree,Denim,peach,1999.0,1
40,Female,M,Light,cream,Party,Men,Blazer,Denim,pink,699.0,1
40,Female,M,Light,cream,Party,Newborn,Romper,Silk,black,499.0,0
40,Female,M,Light,cream,Party,Kids,T-Shirt,Silk,white,999.0,0
40,Female,M,Light,cream,Party,Women,Salwar,Cotton,cream,999.0,0
40,Female,M,Light,cream,Party,Men,Trousers,Silk,green,4999.0,0
40,Female,M,Light,cream,Party,Kids,Frock,Cotton,peach,1299.0,0
40,Female,M,Light,cream,Party,Women,Salwar,Silk,red,1999.0,0
41,Female,XS,Fair,magenta,Festival,Women,Salwar,Silk,red,1999.0,1
41,Female,XS,Fair,magenta,Festival,Newborn,Onesie,Denim,coral,699.0,0
41,Female,XS,Fair,magenta,Festival,Newborn,Set,Rayon,blue,999.0,0
41,Female,XS,Fair,magenta,Festival,Kids,Frock,Wool,burgundy,999.0,0
41,Female,XS,Fair,magenta,Festival,Women,Kurti,Cotton,cream,999.0,1
41,Female,XS,Fair,magenta,Festival,Newborn,Set,Silk,gold,299.0,0
41,Female,XS,Fair,magenta,Festival,Women,Lehenga,Wool,white,999.0,1
41,Female,XS,Fair,magenta,Festival,Kids,T-Shirt,Georgette,gold,4999.0,0
41,Female,XS,Fair,magenta,Festival,Women,Saree,Denim,peach,1999.0,1
41,Female,XS,Fair,magenta,Festival,Kids,Ethnic,Rayon,burgundy,1999.0,0
41,Female,XS,Fair,magenta,Festival,Men,Shirt,Georgette,olive,499.0,0
41,Female,XS,Fair,magenta,Festival,Newborn,Romper,Rayon,gold,699.0,0
41,Female,XS,Fair,magenta,Festival,Men,Blazer,Georgette,burgundy,1299.0,0
41,Female,XS,Fair,magenta,Festival,Newborn,Romper,Linen,peach,4999.0,0
41,Female,XS,Fair,magenta,Festival,Kids,T-Shirt,Denim,burgundy,1299.0,0
41,Female,XS,Fair,magenta,Festival,Men,Blazer,Rayon,red,1299.0,0
41,Female,XS,Fair,magenta,Festival,Kids,T-Shirt,Denim,navy,1999.0,0
41,Female,XS,Fair,magenta,Festival,Women,Top,Cotton,green,2999.0,0
41,Female,XS,Fair,magenta,Festival,Women,Saree,Cotton,cream,999.0,1
41,Female,XS,Fair,magenta,Festival,Kids,T-Shirt,Silk,white,999.0,1
41,Female,XS,Fair,magenta,Festival,Kids,T-Shirt,Silk,olive,499.0,0
41,Female,XS,Fair,magenta,Festival,Kids,T-Shirt,Cotton,black,499.0,0
41,Female,XS,Fair,magenta,Festival,Men,Kurta,Silk,teal,1299.0,0
41,Female,XS,Fair,magenta,Festival,Women,Kurti,Denim,mustard,4999.0,1
41,Female,XS,Fair,magenta,Festival,Women,Lehenga,Rayon,black,699.0,1
42,Male,XL,Deep,cream,Wedding,Kids,T-Shirt,Cotton,black,499.0,0
42,Male,XL,Deep,cream,Wedding,Men,Kurta,Silk,teal,1299.0,0
42,Male,XL,Deep,cream,Wedding,Newborn,Romper,Silk,lavender,1999.0,0
42,Male,XL,Deep,cream,Wedding,Women,Salwar,Silk,red,1999.0,0
42,Male,XL,Deep,cream,Wedding,Newborn,Romper,Wool,coral,1999.0,0
42,Male,XL,Deep,cream,Wedding,Men,T-Shirt,Linen,red,499.0,1
42,Male,XL,Deep,cream,Wedding,Newborn,Onesie,Cotton,yellow,2999.0,0
42,Male,XL,Deep,cream,Wedding,Women,Kurti,Rayon,red,499.0,0
42,Male,XL,Deep,cream,Wedding,Women,Top,Silk,gold,4999.0,1
42,Male,XL,Deep,cream,Wedding,Women,Salwar,Wool,navy,4999.0,0
42,Male,XL,Deep,cream,Wedding,Kids,Frock,Silk,cream,1999.0,1
42,Male,XL,Deep,cream,Wedding,Women,Kurti,Denim,mustard,4999.0,0
42,Male,XL,Deep,cream,Wedding,Newborn,Romper,Rayon,mustard,4999.0,0
42,Male,XL,Deep,cream,Wedding,Women,Salwar,Denim,burgundy,2999.0,0
42,Male,XL,Deep,cream,Wedding,Women,Kurti,Linen,yellow,299.0,0
42,Male,XL,Deep,cream,Wedding,Women,Kurti,Silk,magenta,699.0,0
42,Male,XL,Deep,cream,Wedding,Women,Salwar,Rayon,gold,4999.0,0
42,Male,XL,Deep,cream,Wedding,Kids,Ethnic,Wool,teal,499.0,1
42,Male,XL,Deep,cream,Wedding,Men,T-Shirt,Rayon,green,2999.0,1
42,Male,XL,Deep,cream,Wedding,Women,Salwar,Cotton,coral,1999.0,0
42,Male,XL,Deep,cream,Wedding,Kids,T-Shirt,Rayon,olive,999.0,0
42,Male,XL,Deep,cream,Wedding,Men,T-Shirt,Rayon,coral,999.0,0
42,Male,XL,Deep,cream,Wedding,Newborn,Romper,Linen,coral,2999.0,0
42,Male,XL,Deep,cream,Wedding,Newborn,Romper,Cotton,pink,999.0,0
42,Male,XL,Deep,cream,Wedding,Kids,Shorts,Georgette,cream,1999.0,1
43,Male,Free Size,Dark,coral,Casual,Kids,Frock,Rayon,lavender,499.0,1
43,Male,Free Size,Dark,coral,Casual,Women,Kurti,Rayon,red,499.0,1
43,Male,Free Size,Dark,coral,Casual,Kids,Ethnic,Silk,burgundy,999.0,1
43,Male,Free Size,Dark,coral,Casual,Men,Blazer,Linen,teal,999.0,1
43,Male,Free Size,Dark,coral,Casual,Men,T-Shirt,Rayon,peach,1999.0,1
43,Male,Free Size,Dark,coral,Casual,Men,Trousers,Cotton,royal blue,1999.0,1
43,Male,Free Size,Dark,coral,Casual,Newborn,Set,Wool,yellow,2999.0,1
43,Male,Free Size,Dark,coral,Casual,Women,Top,Cotton,green,2999.0,0
43,Male,Free Size,Dark,coral,Casual,Women,Dress,Cotton,black,1999.0,0
43,Male,Free Size,Dark,coral,Casual,Kids,Frock,Wool,burgundy,999.0,0
43,Male,Free Size,Dark,coral,Casual,Women,Salwar,Cotton,magenta,299.0,0
43,Male,Free Size,Dark,coral,Casual,Men,Blazer,Linen,teal,1299.0,0
43,Male,Free Size,Dark,coral,Casual,Women,Kurti,Silk,magenta,699.0,1
43,Male,Free Size,Dark,coral,Casual,Men,T-Shirt,Rayon,coral,999.0,1
43,Male,Free Size,Dark,coral,Casual,Women,Kurti,Linen,yellow,299.0,0
43,Male,Free Size,Dark,coral,Casual,Men,Blazer,Linen,cream,299.0,0
43,Male,Free Size,Dark,coral,Casual,Newborn,Romper,Wool,burgundy,999.0,0
43,Male,Free Size,Dark,coral,Casual,Men,Trousers,Linen,lavender,1299.0,0
43,Male,Free Size,Dark,coral,Casual,Women,Salwar,Cotton,cream,999.0,0
43,Male,Free Size,Dark,coral,Casual,Newborn,Romper,Silk,lavender,1999.0,0
43,Male,Free Size,Dark,coral,Casual,Women,Dress,Linen,yellow,1999.0,0
43,Male,Free Size,Dark,coral,Casual,Women,Kurti,Cotton,cream,999.0,0
43,Male,Free Size,Dark,coral,Casual,Women,Kurti,Denim,white,699.0,1
43,Male,Free Size,Dark,coral,Casual,Women,Dress,Silk,black,1299.0,0
43,Male,Free Size,Dark,coral,Casual,Newborn,Romper,Silk,black,499.0,0
44,Male,XS,Dark,peach,Office,Women,Salwar,Cotton,cream,999.0,0
44,Male,XS,Dark,peach,Office,Women,Dress,Rayon,mustard,999.0,0
44,Male,XS,Dark,peach,Office,Newborn,Romper,Wool,burgundy,299.0,0
44,Male,XS,Dark,peach,Office,Kids,T-Shirt,Denim,burgundy,1299.0,0
44,Male,XS,Dark,peach,Office,Newborn,Romper,Rayon,gold,699.0,0
44,Male,XS,Dark,peach,Office,Men,Trousers,Silk,green,4999.0,0
44,Male,XS,Dark,peach,Office,Women,Dress,Silk,black,1299.0,0
44,Male,XS,Dark,peach,Office,Women,Dress,Linen,yellow,1999.0,1
44,Male,XS,Dark,peach,Office,Women,Top,Georgette,peach,999.0,0
44,Male,XS,Dark,peach,Office,Women,Top,Cotton,green,2999.0,0
44,Male,XS,Dark,peach,Office,Kids,Shorts,Georgette,cream,1999.0,0
44,Male,XS,Dark,peach,Office,Newborn,Romper,Silk,lavender,1999.0,0
44,Male,XS,Dark,peach,Office,Women,Salwar,Cotton,coral,1999.0,1
44,Male,XS,Dark,peach,Office,Newborn,Set,Georgette,teal,2999.0,0
44,Male,XS,Dark,peach,Office,Newborn,Onesie,Linen,pink,1299.0,0
44,Male,XS,Dark,peach,Office,Kids,Ethnic,Wool,teal,499.0,0
44,Male,XS,Dark,peach,Office,Kids,T-Shirt,Silk,white,999.0,0
44,Male,XS,Dark,peach,Office,Kids,Frock,Rayon,lavender,499.0,0
44,Male,XS,Dark,peach,Office,Men,Trousers,Linen,magenta,699.0,1
44,Male,XS,Dark,peach,Office,Newborn,Romper,Wool,burgundy,999.0,0
44,Male,XS,Dark,peach,Office,Newborn,Set,Georgette,teal,699.0,0
44,Male,XS,Dark,peach,Office,Women,Top,Rayon,magenta,699.0,0
44,Male,XS,Dark,peach,Office,Kids,T-Shirt,Cotton,black,499.0,0
44,Male,XS,Dark,peach,Office,Men,Trousers,Cotton,royal blue,1999.0,1
44,Male,XS,Dark,peach,Office,Men,Blazer,Denim,pink,699.0,0
45,Male,Free Size,Dark,magenta,Festival,Kids,Frock,Georgette,black,499.0,0
45,Male,Free Size,Dark,magenta,Festival,Men,Trousers,Linen,magenta,699.0,1
45,Male,Free Size,Dark,magenta,Festival,Newborn,Set,Georgette,teal,699.0,1
45,Male,Free Size,Dark,magenta,Festival,Women,Lehenga,Rayon,black,699.0,0
45,Male,Free Size,Dark,magenta,Festival,Men,Kurta,Silk,navy,299.0,1
45,Male,Free Size,Dark,magenta,Festival,Women,Kurti,Denim,white,699.0,1
45,Male,Free Size,Dark,magenta,Festival,Newborn,Set,Rayon,blue,999.0,0
45,Male,Free Size,Dark,magenta,Festival,Men,Trousers,Cotton,royal blue,1999.0,1
45,Male,Free Size,Dark,magenta,Festival,Women,Dress,Rayon,mustard,999.0,0
45,Male,Free Size,Dark,magenta,Festival,Men,Shirt,Linen,green,1299.0,0
45,Male,Free Size,Dark,magenta,Festival,Kids,Ethnic,Wool,white,1299.0,1
45,Male,Free Size,Dark,magenta,Festival,Kids,Ethnic,Rayon,burgundy,1999.0,0
45,Male,Free Size,Dark,magenta,Festival,Women,Dress,Denim,pink,1299.0,0
45,Male,Free Size,Dark,magenta,Festival,Men,T-Shirt,Rayon,green,2999.0,0
45,Male,Free Size,Dark,magenta,Festival,Newborn,Onesie,Linen,burgundy,999.0,0
45,Male,Free Size,Dark,magenta,Festival,Women,Kurti,Rayon,red,499.0,1
45,Male,Free Size,Dark,magenta,Festival,Kids,Ethnic,Cotton,olive,1999.0,0
45,Male,Free Size,Dark,magenta,Festival,Newborn,Onesie,Cotton,yellow,1999.0,0
45,Male,Free Size,Dark,magenta,Festival,Newborn,Romper,Wool,burgundy,999.0,0
45,Male,Free Size,Dark,magenta,Festival,Men,Kurta,Silk,red,4999.0,1
45,Male,Free Size,Dark,magenta,Festival,Newborn,Set,Denim,royal blue,999.0,0
45,Male,Free Size,Dark,magenta,Festival,Men,Kurta,Silk,teal,1299.0,1
45,Male,Free Size,Dark,magenta,Festival,Men,Trousers,Rayon,olive,499.0,0
45,Male,Free Size,Dark,magenta,Festival,Men,Blazer,Georgette,burgundy,1299.0,1
45,Male,Free Size,Dark,magenta,Festival,Newborn,Onesie,Denim,yellow,4999.0,0
46,Female,M,Dark,peach,Party,Newborn,Set,Georgette,pink,4999.0,0
46,Female,M,Dark,peach,Party,Women,Top,Rayon,teal,1999.0,1
46,Female,M,Dark,peach,Party,Newborn,Onesie,Denim,coral,699.0,1
46,Female,M,Dark,peach,Party,Kids,Ethnic,Silk,burgundy,999.0,0
46,Female,M,Dark,peach,Party,Women,Lehenga,Denim,pink,299.0,1
46,Female,M,Dark,peach,Party,Women,Saree,Denim,burgundy,499.0,1
46,Female,M,Dark,peach,Party,Kids,Frock,Silk,cream,1999.0,0
46,Female,M,Dark,peach,Party,Kids,T-Shirt,Denim,navy,1999.0,0
46,Female,M,Dark,peach,Party,Women,Kurti,Cotton,cream,999.0,0
46,Female,M,Dark,peach,Party,Kids,Ethnic,Rayon,royal blue,4999.0,1
46,Female,M,Dark,peach,Party,Women,Top,Rayon,magenta,699.0,0
46,Female,M,Dark,peach,Party,Newborn,Onesie,Linen,burgundy,999.0,0
46,Female,M,Dark,peach,Party,Men,T-Shirt,Rayon,coral,999.0,0
46,Female,M,Dark,peach,Party,Women,Lehenga,Wool,white,999.0,0
46,Female,M,Dark,peach,Party,Men,Shirt,Rayon,peach,1999.0,1
46,Female,M,Dark,peach,Party,Men,Trousers,Silk,green,4999.0,0
46,Female,M,Dark,peach,Party,Men,Blazer,Linen,cream,299.0,0
46,Female,M,Dark,peach,Party,Women,Dress,Linen,olive,499.0,0
46,Female,M,Dark,peach,Party,Men,T-Shirt,Linen,red,499.0,1
46,Female,M,Dark,peach,Party,Kids,Frock,Rayon,lavender,499.0,0
46,Female,M,Dark,peach,Party,Newborn,Set,Rayon,burgundy,999.0,0
46,Female,M,Dark,peach,Party,Men,Blazer,Linen,teal,1299.0,0
46,Female,M,Dark,peach,Party,Men,Shirt,Cotton,blue,299.0,0
46,Female,M,Dark,peach,Party,Women,Salwar,Cotton,magenta,299.0,1
46,Female,M,Dark,peach,Party,Newborn,Romper,Wool,coral,1999.0,1
47,Male,XL,Deep,red,Wedding,Men,Kurta,Silk,teal,1299.0,1
47,Male,XL,Deep,red,Wedding,Men,Kurta,Silk,navy,299.0,1
47,Male,XL,Deep,red,Wedding,Kids,T-Shirt,Denim,burgundy,1299.0,0
47,Male,XL,Deep,red,Wedding,Women,Top,Silk,gold,4999.0,1
47,Male,XL,Deep,red,Wedding,Men,Trousers,Cotton,royal blue,1999.0,1
47,Male,XL,Deep,red,Wedding,Newborn,Romper,Wool,burgundy,299.0,0
47,Male,XL,Deep,red,Wedding,Women,Dress,Denim,pink,1299.0,0
47,Male,XL,Deep,red,Wedding,Women,Salwar,Denim,burgundy,2999.0,0
47,Male,XL,Deep,red,Wedding,Women,Lehenga,Denim,pink,299.0,0
47,Male,XL,Deep,red,Wedding,Women,Saree,Denim,burgundy,499.0,0
47,Male,XL,Deep,red,Wedding,Newborn,Set,Denim,royal blue,999.0,1
47,Male,XL,Deep,red,Wedding,Women,Salwar,Denim,burgundy,699.0,0
47,Male,XL,Deep,red,Wedding,Men,T-Shirt,Rayon,coral,999.0,0
47,Male,XL,Deep,red,Wedding,Kids,Shorts,Silk,gold,499.0,1
47,Male,XL,Deep,red,Wedding,Men,Shirt,Cotton,blue,299.0,0
47,Male,XL,Deep,red,Wedding,Men,Shirt,Wool,peach,1999.0,1
47,Male,XL,Deep,red,Wedding,Newborn,Onesie,Denim,coral,699.0,0
47,Male,XL,Deep,red,Wedding,Women,Lehenga,Rayon,black,699.0,0
47,Male,XL,Deep,red,Wedding,Kids,Ethnic,Cotton,red,1999.0,1
47,Male,XL,Deep,red,Wedding,Kids,Ethnic,Wool,white,1299.0,1
47,Male,XL,Deep,red,Wedding,Newborn,Romper,Linen,peach,4999.0,0
47,Male,XL,Deep,red,Wedding,Men,Shirt,Rayon,gold,999.0,1
47,Male,XL,Deep,red,Wedding,Men,T-Shirt,Rayon,peach,1999.0,0
47,Male,XL,Deep,red,Wedding,Women,Kurti,Rayon,red,499.0,1
47,Male,XL,Deep,red,Wedding,Men,Blazer,Denim,pink,699.0,1
48,Male,M,Deep,pink,Wedding,Men,T-Shirt,Rayon,peach,1999.0,0
48,Male,M,Deep,pink,Wedding,Kids,T-Shirt,Rayon,olive,999.0,0
48,Male,M,Deep,pink,Wedding,Women,Top,Silk,gold,4999.0,0
48,Male,M,Deep,pink,Wedding,Women,Kurti,Denim,mustard,4999.0,0
48,Male,M,Deep,pink,Wedding,Women,Dress,Silk,black,1299.0,0
48,Male,M,Deep,pink,Wedding,Men,T-Shirt,Rayon,green,2999.0,0
48,Male,M,Deep,pink,Wedding,Women,Dress,Denim,pink,1299.0,1
48,Male,M,Deep,pink,Wedding,Newborn,Romper,Denim,navy,1299.0,0
48,Male,M,Deep,pink,Wedding,Kids,Frock,Cotton,peach,1299.0,0
48,Male,M,Deep,pink,Wedding,Newborn,Onesie,Silk,blue,299.0,0
48,Male,M,Deep,pink,Wedding,Men,Blazer,Linen,teal,1299.0,1
48,Male,M,Deep,pink,Wedding,Kids,Ethnic,Wool,white,1299.0,0
48,Male,M,Deep,pink,Wedding,Newborn,Onesie,Linen,pink,1299.0,1
48,Male,M,Deep,pink,Wedding,Women,Kurti,Linen,yellow,299.0,0
48,Male,M,Deep,pink,Wedding,Women,Dress,Georgette,green,299.0,0
48,Male,M,Deep,pink,Wedding,Women,Top,Georgette,peach,999.0,0
48,Male,M,Deep,pink,Wedding,Men,Blazer,Denim,pink,699.0,1
48,Male,M,Deep,pink,Wedding,Newborn,Set,Georgette,teal,2999.0,0
48,Male,M,Deep,pink,Wedding,Newborn,Onesie,Denim,coral,699.0,0
48,Male,M,Deep,pink,Wedding,Women,Salwar,Wool,navy,4999.0,0
48,Male,M,Deep,pink,Wedding,Kids,Ethnic,Rayon,royal blue,4999.0,1
48,Male,M,Deep,pink,Wedding,Newborn,Romper,Wool,coral,1999.0,0
48,Male,M,Deep,pink,Wedding,Men,Shirt,Cotton,blue,299.0,1
48,Male,M,Deep,pink,Wedding,Women,Saree,Denim,burgundy,499.0,0
48,Male,M,Deep,pink,Wedding,Newborn,Onesie,Linen,burgundy,999.0,0
49,Male,S,Dark,pink,Wedding,Women,Dress,Cotton,black,1999.0,0
49,Male,S,Dark,pink,Wedding,Men,Shirt,Wool,peach,1999.0,0
49,Male,S,Dark,pink,Wedding,Newborn,Romper,Linen,coral,2999.0,0
49,Male,S,Dark,pink,Wedding,Kids,T-Shirt,Silk,olive,499.0,0
49,Male,S,Dark,pink,Wedding,Men,T-Shirt,Rayon,green,2999.0,0
49,Male,S,Dark,pink,Wedding,Women,Dress,Georgette,green,299.0,0
49,Male,S,Dark,pink,Wedding,Newborn,Onesie,Silk,blue,299.0,0
49,Male,S,Dark,pink,Wedding,Men,Blazer,Georgette,burgundy,1299.0,1
49,Male,S,Dark,pink,Wedding,Men,T-Shirt,Rayon,peach,1999.0,1
49,Male,S,Dark,pink,Wedding,Men,Trousers,Linen,lavender,1299.0,0
49,Male,S,Dark,pink,Wedding,Kids,Frock,Rayon,lavender,499.0,0
49,Male,S,Dark,pink,Wedding,Men,Trousers,Rayon,navy,1999.0,1
49,Male,S,Dark,pink,Wedding,Kids,Frock,Wool,burgundy,999.0,0
49,Male,S,Dark,pink,Wedding,Women,Kurti,Cotton,cream,999.0,1
49,Male,S,Dark,pink,Wedding,Women,Dress,Rayon,mustard,999.0,0
49,Male,S,Dark,pink,Wedding,Women,Top,Georgette,peach,999.0,0
49,Male,S,Dark,pink,Wedding,Kids,Frock,Georgette,black,499.0,0
49,Male,S,Dark,pink,Wedding,Kids,Frock,Cotton,peach,1299.0,0
49,Male,S,Dark,pink,Wedding,Men,Kurta,Silk,navy,299.0,1
49,Male,S,Dark,pink,Wedding,Women,Kurti,Rayon,red,499.0,1
49,Male,S,Dark,pink,Wedding,Women,Saree,Denim,burgundy,499.0,0
49,Male,S,Dark,pink,Wedding,Kids,Frock,Linen,peach,699.0,0
49,Male,S,Dark,pink,Wedding,Women,Saree,Cotton,cream,999.0,0
49,Male,S,Dark,pink,Wedding,Women,Salwar,Denim,burgundy,2999.0,0
49,Male,S,Dark,pink,Wedding,Men,Shirt,Georgette,olive,499.0,0
50,Male,L,Warm,mustard,Party,Kids,Ethnic,Wool,white,1299.0,0
50,Male,L,Warm,mustard,Party,Kids,Ethnic,Georgette,black,1299.0,0
50,Male,L,Warm,mustard,Party,Men,Blazer,Denim,pink,699.0,0
50,Male,L,Warm,mustard,Party,Men,Trousers,Rayon,navy,1999.0,1
50,Male,L,Warm,mustard,Party,Women,Saree,Denim,burgundy,499.0,1
50,Male,L,Warm,mustard,Party,Kids,Shorts,Georgette,cream,1999.0,0
50,Male,L,Warm,mustard,Party,Men,Kurta,Silk,teal,1299.0,1
50,Male,L,Warm,mustard,Party,Men,T-Shirt,Rayon,coral,999.0,0
50,Male,L,Warm,mustard,Party,Women,Kurti,Cotton,cream,999.0,0
50,Male,L,Warm,mustard,Party,Kids,Frock,Linen,peach,699.0,0
50,Male,L,Warm,mustard,Party,Women,Top,Rayon,magenta,699.0,0
50,Male,L,Warm,mustard,Party,Women,Salwar,Rayon,gold,4999.0,1
50,Male,L,Warm,mustard,Party,Women,Salwar,Cotton,coral,1999.0,0
50,Male,L,Warm,mustard,Party,Newborn,Set,Wool,yellow,2999.0,0
50,Male,L,Warm,mustard,Party,Newborn,Romper,Linen,peach,4999.0,0
50,Male,L,Warm,mustard,Party,Women,Dress,Silk,black,1299.0,0
50,Male,L,Warm,mustard,Party,Men,Shirt,Rayon,gold,999.0,1
50,Male,L,Warm,mustard,Party,Newborn,Set,Rayon,burgundy,4999.0,1
50,Male,L,Warm,mustard,Party,Women,Lehenga,Wool,white,999.0,0
50,Male,L,Warm,mustard,Party,Kids,Ethnic,Cotton,red,1999.0,0
50,Male,L,Warm,mustard,Party,Kids,T-Shirt,Georgette,gold,4999.0,0
50,Male,L,Warm,mustard,Party,Men,Trousers,Rayon,olive,499.0,1
50,Male,L,Warm,mustard,Party,Newborn,Romper,Silk,lavender,1999.0,0
50,Male,L,Warm,mustard,Party,Newborn,Set,Silk,gold,299.0,0
50,Male,L,Warm,mustard,Party,Women,Kurti,Rayon,red,499.0,0
51,Male,S,Medium,coral,Daily,Men,Shirt,Rayon,peach,1999.0,0
51,Male,S,Medium,coral,Daily,Men,Shirt,Rayon,gold,999.0,0
51,Male,S,Medium,coral,Daily,Women,Salwar,Cotton,coral,1999.0,1
51,Male,S,Medium,coral,Daily,Kids,Ethnic,Rayon,burgundy,1999.0,0
51,Male,S,Medium,coral,Daily,Men,Blazer,Wool,white,499.0,1
51,Male,S,Medium,coral,Daily,Kids,T-Shirt,Georgette,gold,4999.0,0
51,Male,S,Medium,coral,Daily,Kids,Ethnic,Wool,white,1299.0,0
51,Male,S,Medium,coral,Daily,Women,Top,Rayon,magenta,699.0,0
51,Male,S,Medium,coral,Daily,Women,Dress,Rayon,mustard,999.0,1
51,Male,S,Medium,coral,Daily,Kids,Shorts,Silk,gold,499.0,0
51,Male,S,Medium,coral,Daily,Newborn,Romper,Rayon,gold,699.0,0
51,Male,S,Medium,coral,Daily,Men,T-Shirt,Linen,red,499.0,0
51,Male,S,Medium,coral,Daily,Kids,T-Shirt,Cotton,black,499.0,1
51,Male,S,Medium,coral,Daily,Women,Kurti,Linen,yellow,299.0,1
51,Male,S,Medium,coral,Daily,Kids,Frock,Cotton,lavender,499.0,0
51,Male,S,Medium,coral,Daily,Men,Trousers,Cotton,royal blue,1999.0,0
51,Male,S,Medium,coral,Daily,Women,Salwar,Denim,magenta,4999.0,0
51,Male,S,Medium,coral,Daily,Men,Blazer,Linen,teal,1299.0,1
51,Male,S,Medium,coral,Daily,Newborn,Romper,Silk,black,499.0,1
51,Male,S,Medium,coral,Daily,Kids,Frock,Georgette,black,499.0,0
51,Male,S,Medium,coral,Daily,Men,T-Shirt,Rayon,peach,1999.0,0
51,Male,S,Medium,coral,Daily,Kids,Ethnic,Cotton,red,1999.0,0
51,Male,S,Medium,coral,Daily,Men,Blazer,Georgette,burgundy,1299.0,1
51,Male,S,Medium,coral,Daily,Newborn,Set,Rayon,burgundy,4999.0,0
51,Male,S,Medium,coral,Daily,Newborn,Romper,Wool,burgundy,999.0,1
52,Female,XS,Deep,black,Party,Newborn,Set,Rayon,white,2999.0,0
52,Female,XS,Deep,black,Party,Women,Saree,Denim,burgundy,499.0,1
52,Female,XS,Deep,black,Party,Men,Kurta,Silk,navy,299.0,0
52,Female,XS,Deep,black,Party,Kids,T-Shirt,Denim,navy,1999.0,0
52,Female,XS,Deep,black,Party,Women,Salwar,Cotton,cream,999.0,1
52,Female,XS,Deep,black,Party,Kids,T-Shirt,Denim,blue,299.0,1
52,Female,XS,Deep,black,Party,Newborn,Onesie,Denim,royal blue,699.0,1
52,Female,XS,Deep,black,Party,Women,Dress,Cotton,black,1999.0,1
52,Female,XS,Deep,black,Party,Newborn,Onesie,Cotton,yellow,1999.0,0
52,Female,XS,Deep,black,Party,Newborn,Romper,Silk,lavender,1999.0,0
52,Female,XS,Deep,black,Party,Men,Kurta,Silk,red,4999.0,0
52,Female,XS,Deep,black,Party,Women,Top,Cotton,green,2999.0,0
52,Female,XS,Deep,black,Party,Newborn,Romper,Wool,coral,1999.0,0
52,Female,XS,Deep,black,Party,Kids,Shorts,Georgette,cream,1999.0,0
52,Female,XS,Deep,black,Party,Women,Salwar,Denim,burgundy,2999.0,0
52,Female,XS,Deep,black,Party,Men,Trousers,Cotton,royal blue,1999.0,1
52,Female,XS,Deep,black,Party,Newborn,Set,Georgette,teal,699.0,0
52,Female,XS,Deep,black,Party,Kids,Ethnic,Rayon,burgundy,1999.0,0
52,Female,XS,Deep,black,Party,Kids,Frock,Silk,cream,1999.0,0
52,Female,XS,Deep,black,Party,Kids,T-Shirt,Cotton,black,499.0,1
52,Female,XS,Deep,black,Party,Women,Saree,Cotton,cream,999.0,1
52,Female,XS,Deep,black,Party,Kids,Ethnic,Silk,burgundy,999.0,0
52,Female,XS,Deep,black,Party,Women,Salwar,Wool,navy,4999.0,0
52,Female,XS,Deep,black,Party,Kids,T-Shirt,Georgette,gold,4999.0,1
52,Female,XS,Deep,black,Party,Newborn,Romper,Wool,burgundy,999.0,0
53,Male,L,Fair,burgundy,Wedding,Newborn,Set,Georgette,teal,2999.0,0
53,Male,L,Fair,burgundy,Wedding,Kids,Ethnic,Wool,white,1299.0,1
53,Male,L,Fair,burgundy,Wedding,Women,Top,Georgette,peach,999.0,1
53,Male,L,Fair,burgundy,Wedding,Women,Salwar,Wool,navy,4999.0,0
53,Male,L,Fair,burgundy,Wedding,Men,Blazer,Georgette,black,2999.0,1
53,Male,L,Fair,burgundy,Wedding,Kids,Ethnic,Rayon,royal blue,4999.0,0
53,Male,L,Fair,burgundy,Wedding,Kids,Ethnic,Cotton,red,1999.0,0
53,Male,L,Fair,burgundy,Wedding,Newborn,Romper,Wool,coral,1999.0,0
53,Male,L,Fair,burgundy,Wedding,Kids,Frock,Linen,peach,699.0,0
53,Male,L,Fair,burgundy,Wedding,Newborn,Onesie,Cotton,yellow,1999.0,0
53,Male,L,Fair,burgundy,Wedding,Women,Kurti,Cotton,cream,999.0,1
53,Male,L,Fair,burgundy,Wedding,Men,T-Shirt,Rayon,coral,999.0,1
53,Male,L,Fair,burgundy,Wedding,Kids,T-Shirt,Denim,blue,299.0,1
53,Male,L,Fair,burgundy,Wedding,Kids,Shorts,Silk,gold,499.0,0
53,Male,L,Fair,burgundy,Wedding,Women,Dress,Silk,black,1299.0,0
53,Male,L,Fair,burgundy,Wedding,Newborn,Romper,Wool,burgundy,299.0,0
53,Male,L,Fair,burgundy,Wedding,Women,Lehenga,Denim,pink,299.0,1
53,Male,L,Fair,burgundy,Wedding,Newborn,Romper,Linen,coral,2999.0,0
53,Male,L,Fair,burgundy,Wedding,Men,Trousers,Rayon,navy,1999.0,1
53,Male,L,Fair,burgundy,Wedding,Newborn,Set,Rayon,burgundy,999.0,1
53,Male,L,Fair,burgundy,Wedding,Newborn,Set,Rayon,burgundy,4999.0,0
53,Male,L,Fair,burgundy,Wedding,Newborn,Onesie,Linen,burgundy,999.0,1
53,Male,L,Fair,burgundy,Wedding,Women,Dress,Linen,yellow,1999.0,0
53,Male,L,Fair,burgundy,Wedding,Women,Kurti,Silk,burgundy,4999.0,1
53,Male,L,Fair,burgundy,Wedding,Newborn,Romper,Rayon,gold,699.0,0
54,Male,M,Light,pink,Casual,Men,Blazer,Georgette,black,2999.0,0
54,Male,M,Light,pink,Casual,Women,Dress,Rayon,mustard,999.0,0
54,Male,M,Light,pink,Casual,Men,Trousers,Rayon,navy,1999.0,1
54,Male,M,Light,pink,Casual,Kids,Ethnic,Silk,burgundy,999.0,0
54,Male,M,Light,pink,Casual,Women,Dress,Denim,pink,1299.0,1
54,Male,M,Light,pink,Casual,Newborn,Onesie,Linen,burgundy,999.0,0
54,Male,M,Light,pink,Casual,Kids,Frock,Georgette,black,499.0,0
54,Male,M,Light,pink,Casual,Newborn,Set,Denim,royal blue,999.0,0
54,Male,M,Light,pink,Casual,Men,Trousers,Silk,green,4999.0,1
54,Male,M,Light,pink,Casual,Kids,Ethnic,Wool,teal,499.0,0
54,Male,M,Light,pink,Casual,Men,Shirt,Georgette,olive,499.0,1
54,Male,M,Light,pink,Casual,Women,Top,Rayon,teal,1999.0,0
54,Male,M,Light,pink,Casual,Kids,Ethnic,Cotton,olive,1999.0,0
54,Male,M,Light,pink,Casual,Newborn,Romper,Wool,burgundy,999.0,0
54,Male,M,Light,pink,Casual,Newborn,Set,Rayon,blue,999.0,1
54,Male,M,Light,pink,Casual,Men,T-Shirt,Rayon,peach,1999.0,1
54,Male,M,Light,pink,Casual,Men,Blazer,Linen,teal,999.0,1
54,Male,M,Light,pink,Casual,Women,Top,Georgette,peach,999.0,0
54,Male,M,Light,pink,Casual,Women,Salwar,Denim,magenta,4999.0,0
54,Male,M,Light,pink,Casual,Newborn,Onesie,Cotton,yellow,2999.0,0
54,Male,M,Light,pink,Casual,Men,Blazer,Linen,teal,1299.0,1
54,Male,M,Light,pink,Casual,Men,Blazer,Denim,pink,699.0,1
54,Male,M,Light,pink,Casual,Women,Kurti,Silk,burgundy,4999.0,0
54,Male,M,Light,pink,Casual,Women,Top,Cotton,green,2999.0,0
54,Male,M,Light,pink,Casual,Kids,T-Shirt,Denim,burgundy,1299.0,0
55,Male,Free Size,Medium,navy,Party,Kids,T-Shirt,Silk,olive,499.0,1
55,Male,Free Size,Medium,navy,Party,Men,Shirt,Wool,peach,1999.0,1
55,Male,Free Size,Medium,navy,Party,Men,Shirt,Georgette,olive,499.0,1
55,Male,Free Size,Medium,navy,Party,Kids,Ethnic,Silk,burgundy,999.0,1
55,Male,Free Size,Medium,navy,Party,Men,Kurta,Silk,red,4999.0,1
55,Male,Free Size,Medium,navy,Party,Men,T-Shirt,Rayon,green,2999.0,0
55,Male,Free Size,Medium,navy,Party,Women,Lehenga,Wool,white,999.0,0
55,Male,Free Size,Medium,navy,Party,Men,Trousers,Linen,lavender,1299.0,1
55,Male,Free Size,Medium,navy,Party,Women,Dress,Denim,pink,1299.0,0
55,Male,Free Size,Medium,navy,Party,Men,Blazer,Georgette,black,2999.0,1
55,Male,Free Size,Medium,navy,Party,Men,Shirt,Linen,blue,1299.0,1
55,Male,Free Size,Medium,navy,Party,Kids,T-Shirt,Denim,navy,1999.0,1
55,Male,Free Size,Medium,navy,Party,Kids,Frock,Cotton,peach,1299.0,0
55,Male,Free Size,Medium,navy,Party,Men,Blazer,Denim,pink,699.0,1
55,Male,Free Size,Medium,navy,Party,Newborn,Onesie,Denim,royal blue,699.0,0
55,Male,Free Size,Medium,navy,Party,Men,Trousers,Rayon,navy,1999.0,1
55,Male,Free Size,Medium,navy,Party,Kids,Shorts,Silk,gold,499.0,0
55,Male,Free Size,Medium,navy,Party,Newborn,Onesie,Silk,blue,299.0,0
55,Male,Free Size,Medium,navy,Party,Newborn,Set,Wool,yellow,2999.0,0
55,Male,Free Size,Medium,navy,Party,Newborn,Onesie,Cotton,yellow,1999.0,0
55,Male,Free Size,Medium,navy,Party,Newborn,Onesie,Linen,burgundy,999.0,0
55,Male,Free Size,Medium,navy,Party,Women,Kurti,Rayon,red,499.0,0
55,Male,Free Size,Medium,navy,Party,Men,Trousers,Cotton,royal blue,1999.0,1
55,Male,Free Size,Medium,navy,Party,Women,Dress,Georgette,green,299.0,0
55,Male,Free Size,Medium,navy,Party,Kids,Frock,Silk,cream,1999.0,0
56,Female,XS,Warm,coral,Daily,Kids,Frock,Linen,peach,699.0,0
56,Female,XS,Warm,coral,Daily,Women,Top,Rayon,teal,1999.0,1
56,Female,XS,Warm,coral,Daily,Men,Trousers,Linen,lavender,1299.0,0
56,Female,XS,Warm,coral,Daily,Women,Saree,Denim,burgundy,499.0,1
56,Female,XS,Warm,coral,Daily,Kids,Ethnic,Wool,teal,499.0,0
56,Female,XS,Warm,coral,Daily,Women,Salwar,Cotton,magenta,299.0,0
56,Female,XS,Warm,coral,Daily,Kids,T-Shirt,Silk,white,999.0,0
56,Female,XS,Warm,coral,Daily,Women,Salwar,Cotton,cream,999.0,0
56,Female,XS,Warm,coral,Daily,Kids,T-Shirt,Denim,blue,299.0,0
56,Female,XS,Warm,coral,Daily,Kids,Shorts,Georgette,cream,1999.0,0
56,Female,XS,Warm,coral,Daily,Kids,Ethnic,Silk,burgundy,999.0,0
56,Female,XS,Warm,coral,Daily,Men,Kurta,Silk,red,4999.0,1
56,Female,XS,Warm,coral,Daily,Newborn,Romper,Wool,coral,1999.0,1
56,Female,XS,Warm,coral,Daily,Newborn,Romper,Cotton,pink,999.0,0
56,Female,XS,Warm,coral,Daily,Kids,Frock,Rayon,lavender,499.0,0
56,Female,XS,Warm,coral,Daily,Newborn,Romper,Wool,burgundy,299.0,0
56,Female,XS,Warm,coral,Daily,Newborn,Onesie,Cotton,yellow,2999.0,0
56,Female,XS,Warm,coral,Daily,Men,Kurta,Cotton,green,499.0,0
56,Female,XS,Warm,coral,Daily,Kids,Frock,Silk,cream,1999.0,0
56,Female,XS,Warm,coral,Daily,Kids,Frock,Georgette,black,499.0,0
56,Female,XS,Warm,coral,Daily,Men,Shirt,Rayon,peach,1999.0,0
56,Female,XS,Warm,coral,Daily,Newborn,Onesie,Linen,burgundy,999.0,1
56,Female,XS,Warm,coral,Daily,Men,T-Shirt,Rayon,peach,1999.0,0
56,Female,XS,Warm,coral,Daily,Men,Trousers,Rayon,navy,1999.0,0
56,Female,XS,Warm,coral,Daily,Kids,T-Shirt,Silk,olive,499.0,0
57,Female,M,Dark,burgundy,Festival,Women,Lehenga,Denim,pink,299.0,1
57,Female,M,Dark,burgundy,Festival,Men,Trousers,Linen,magenta,699.0,1
57,Female,M,Dark,burgundy,Festival,Men,Shirt,Cotton,blue,299.0,0
57,Female,M,Dark,burgundy,Festival,Newborn,Set,Georgette,teal,699.0,0
57,Female,M,Dark,burgundy,Festival,Women,Top,Rayon,teal,1999.0,1
57,Female,M,Dark,burgundy,Festival,Newborn,Onesie,Denim,coral,699.0,1
57,Female,M,Dark,burgundy,Festival,Women,Top,Cotton,green,2999.0,0
57,Female,M,Dark,burgundy,Festival,Men,Kurta,Silk,teal,1299.0,0
57,Female,M,Dark,burgundy,Festival,Women,Lehenga,Wool,white,999.0,0
57,Female,M,Dark,burgundy,Festival,Men,Blazer,Wool,white,499.0,1
57,Female,M,Dark,burgundy,Festival,Kids,Ethnic,Wool,teal,499.0,0
57,Female,M,Dark,burgundy,Festival,Men,Blazer,Linen,cream,299.0,0
57,Female,M,Dark,burgundy,Festival,Men,T-Shirt,Rayon,green,2999.0,0
57,Female,M,Dark,burgundy,Festival,Women,Kurti,Silk,burgundy,4999.0,1
57,Female,M,Dark,burgundy,Festival,Men,Blazer,Linen,teal,999.0,0
57,Female,M,Dark,burgundy,Festival,Men,Trousers,Denim,lavender,1299.0,0
57,Female,M,Dark,burgundy,Festival,Newborn,Romper,Silk,black,499.0,0
57,Female,M,Dark,burgundy,Festival,Men,Trousers,Silk,green,4999.0,0
57,Female,M,Dark,burgundy,Festival,Men,Blazer,Georgette,black,2999.0,0
57,Female,M,Dark,burgundy,Festival,Women,Dress,Silk,black,1299.0,1
57,Female,M,Dark,burgundy,Festival,Newborn,Romper,Denim,navy,1299.0,0
57,Female,M,Dark,burgundy,Festival,Women,Kurti,Denim,white,699.0,1
57,Female,M,Dark,burgundy,Festival,Kids,Ethnic,Georgette,black,1299.0,0
57,Female,M,Dark,burgundy,Festival,Men,T-Shirt,Rayon,coral,999.0,0
57,Female,M,Dark,burgundy,Festival,Men,Blazer,Denim,pink,699.0,0
58,Female,XS,Dark,cream,Festival,Kids,T-Shirt,Silk,white,999.0,0
58,Female,XS,Dark,cream,Festival,Women,Saree,Cotton,cream,999.0,1
58,Female,XS,Dark,cream,Festival,Men,Kurta,Silk,teal,1299.0,0
58,Female,XS,Dark,cream,Festival,Newborn,Set,Rayon,burgundy,4999.0,0
58,Female,XS,Dark,cream,Festival,Women,Saree,Denim,peach,1999.0,1
58,Female,XS,Dark,cream,Festival,Kids,Frock,Cotton,peach,1299.0,0
58,Female,XS,Dark,cream,Festival,Kids,Ethnic,Silk,coral,4999.0,1
58,Female,XS,Dark,cream,Festival,Men,Trousers,Cotton,royal blue,1999.0,0
58,Female,XS,Dark,cream,Festival,Kids,Frock,Georgette,black,499.0,0
58,Female,XS,Dark,cream,Festival,Newborn,Romper,Silk,black,499.0,0
58,Female,XS,Dark,cream,Festival,Women,Kurti,Denim,mustard,4999.0,0
58,Female,XS,Dark,cream,Festival,Newborn,Onesie,Cotton,yellow,1999.0,1
58,Female,XS,Dark,cream,Festival,Women,Kurti,Linen,yellow,299.0,1
58,Female,XS,Dark,cream,Festival,Kids,Frock,Linen,peach,699.0,0
58,Female,XS,Dark,cream,Festival,Newborn,Romper,Wool,burgundy,299.0,0
58,Female,XS,Dark,cream,Festival,Newborn,Onesie,Silk,blue,299.0,0
58,Female,XS,Dark,cream,Festival,Men,T-Shirt,Linen,red,499.0,1
58,Female,XS,Dark,cream,Festival,Men,Blazer,Denim,pink,699.0,0
58,Female,XS,Dark,cream,Festival,Women,Salwar,Cotton,magenta,299.0,1
58,Female,XS,Dark,cream,Festival,Women,Salwar,Rayon,gold,4999.0,0
58,Female,XS,Dark,cream,Festival,Newborn,Romper,Cotton,pink,999.0,0
58,Female,XS,Dark,cream,Festival,Men,Blazer,Wool,white,499.0,1
58,Female,XS,Dark,cream,Festival,Men,Blazer,Linen,teal,1299.0,0
58,Female,XS,Dark,cream,Festival,Women,Kurti,Silk,burgundy,4999.0,0
58,Female,XS,Dark,cream,Festival,Newborn,Onesie,Cotton,yellow,2999.0,0
59,Female,XL,Medium,white,Casual,Women,Salwar,Rayon,gold,4999.0,0
59,Female,XL,Medium,white,Casual,Newborn,Set,Georgette,pink,4999.0,0
59,Female,XL,Medium,white,Casual,Kids,Frock,Cotton,lavender,499.0,1
59,Female,XL,Medium,white,Casual,Men,Trousers,Rayon,olive,499.0,1
59,Female,XL,Medium,white,Casual,Women,Salwar,Denim,burgundy,2999.0,0
59,Female,XL,Medium,white,Casual,Women,Dress,Cotton,black,1999.0,1
59,Female,XL,Medium,white,Casual,Women,Top,Georgette,peach,999.0,1
59,Female,XL,Medium,white,Casual,Women,Kurti,Denim,mustard,4999.0,1
59,Female,XL,Medium,white,Casual,Kids,Ethnic,Rayon,royal blue,4999.0,0
59,Female,XL,Medium,white,Casual,Men,Trousers,Denim,lavender,1299.0,0
59,Female,XL,Medium,white,Casual,Women,Lehenga,Wool,white,999.0,1
59,Female,XL,Medium,white,Casual,Women,Salwar,Wool,navy,4999.0,1
59,Female,XL,Medium,white,Casual,Women,Salwar,Silk,red,1999.0,1
59,Female,XL,Medium,white,Casual,Women,Dress,Georgette,green,299.0,0
59,Female,XL,Medium,white,Casual,Women,Dress,Denim,pink,1299.0,1
59,Female,XL,Medium,white,Casual,Men,Trousers,Silk,green,4999.0,0
59,Female,XL,Medium,white,Casual,Women,Kurti,Cotton,cream,999.0,1
59,Female,XL,Medium,white,Casual,Newborn,Romper,Silk,black,499.0,0
59,Female,XL,Medium,white,Casual,Men,Trousers,Cotton,royal blue,1999.0,0
59,Female,XL,Medium,white,Casual,Kids,T-Shirt,Rayon,olive,999.0,0
59,Female,XL,Medium,white,Casual,Men,T-Shirt,Linen,red,499.0,0
59,Female,XL,Medium,white,Casual,Women,Kurti,Silk,burgundy,4999.0,1
59,Female,XL,Medium,white,Casual,Kids,T-Shirt,Denim,blue,299.0,0
59,Female,XL,Medium,white,Casual,Kids,Ethnic,Cotton,red,1999.0,0
59,Female,XL,Medium,white,Casual,Newborn,Set,Denim,royal blue,999.0,0
60,Male,XXL,Dark,navy,Casual,Newborn,Onesie,Denim,royal blue,699.0,0
60,Male,XXL,Dark,navy,Casual,Men,Blazer,Denim,pink,699.0,1
60,Male,XXL,Dark,navy,Casual,Kids,Ethnic,Rayon,burgundy,1999.0,0
60,Male,XXL,Dark,navy,Casual,Kids,T-Shirt,Cotton,black,499.0,0
60,Male,XXL,Dark,navy,Casual,Kids,Ethnic,Rayon,royal blue,4999.0,0
60,Male,XXL,Dark,navy,Casual,Women,Dress,Linen,yellow,1999.0,0
60,Male,XXL,Dark,navy,Casual,Men,Kurta,Silk,red,4999.0,1
60,Male,XXL,Dark,navy,Casual,Newborn,Set,Wool,yellow,2999.0,0
60,Male,XXL,Dark,navy,Casual,Kids,Ethnic,Wool,white,1299.0,0
60,Male,XXL,Dark,navy,Casual,Men,Trousers,Cotton,royal blue,1999.0,1
60,Male,XXL,Dark,navy,Casual,Women,Salwar,Cotton,coral,1999.0,1
60,Male,XXL,Dark,navy,Casual,Women,Dress,Georgette,green,299.0,0
60,Male,XXL,Dark,navy,Casual,Men,Shirt,Cotton,blue,299.0,1
60,Male,XXL,Dark,navy,Casual,Newborn,Onesie,Silk,blue,299.0,0
60,Male,XXL,Dark,navy,Casual,Women,Kurti,Denim,mustard,4999.0,0
60,Male,XXL,Dark,navy,Casual,Women,Kurti,Silk,burgundy,4999.0,0
60,Male,XXL,Dark,navy,Casual,Men,T-Shirt,Rayon,green,2999.0,0
60,Male,XXL,Dark,navy,Casual,Men,Trousers,Silk,green,4999.0,0
60,Male,XXL,Dark,navy,Casual,Newborn,Set,Rayon,burgundy,999.0,0
60,Male,XXL,Dark,navy,Casual,Kids,Shorts,Georgette,cream,1999.0,0
60,Male,XXL,Dark,navy,Casual,Women,Salwar,Wool,navy,4999.0,1
60,Male,XXL,Dark,navy,Casual,Women,Kurti,Silk,magenta,699.0,0
60,Male,XXL,Dark,navy,Casual,Newborn,Romper,Wool,burgundy,999.0,0
60,Male,XXL,Dark,navy,Casual,Newborn,Onesie,Cotton,yellow,2999.0,1
60,Male,XXL,Dark,navy,Casual,Newborn,Set,Georgette,pink,4999.0,0
61,Female,XL,Fair,green,Festival,Women,Lehenga,Wool,white,999.0,0
61,Female,XL,Fair,green,Festival,Kids,Ethnic,Cotton,olive,1999.0,0
61,Female,XL,Fair,green,Festival,Newborn,Romper,Wool,burgundy,999.0,0
61,Female,XL,Fair,green,Festival,Women,Kurti,Silk,burgundy,4999.0,0
61,Female,XL,Fair,green,Festival,Women,Salwar,Denim,burgundy,2999.0,1
61,Female,XL,Fair,green,Festival,Newborn,Romper,Linen,coral,2999.0,0
61,Female,XL,Fair,green,Festival,Women,Salwar,Denim,magenta,4999.0,1
61,Female,XL,Fair,green,Festival,Newborn,Set,Rayon,white,2999.0,0
61,Female,XL,Fair,green,Festival,Men,Blazer,Rayon,red,1299.0,0
61,Female,XL,Fair,green,Festival,Newborn,Romper,Rayon,mustard,4999.0,0
61,Female,XL,Fair,green,Festival,Men,Trousers,Silk,green,4999.0,0
61,Female,XL,Fair,green,Festival,Men,Kurta,Silk,teal,1299.0,0
61,Female,XL,Fair,green,Festival,Women,Salwar,Rayon,gold,4999.0,1
61,Female,XL,Fair,green,Festival,Women,Dress,Rayon,mustard,999.0,1
61,Female,XL,Fair,green,Festival,Men,T-Shirt,Rayon,green,2999.0,0
61,Female,XL,Fair,green,Festival,Kids,Frock,Cotton,lavender,499.0,1
61,Female,XL,Fair,green,Festival,Newborn,Romper,Denim,navy,1299.0,0
61,Female,XL,Fair,green,Festival,Kids,Frock,Georgette,black,499.0,0
61,Female,XL,Fair,green,Festival,Men,Trousers,Cotton,royal blue,1999.0,0
61,Female,XL,Fair,green,Festival,Kids,Ethnic,Cotton,red,1999.0,0
61,Female,XL,Fair,green,Festival,Newborn,Set,Rayon,blue,999.0,0
61,Female,XL,Fair,green,Festival,Women,Dress,Georgette,green,299.0,0
61,Female,XL,Fair,green,Festival,Newborn,Romper,Cotton,pink,999.0,1
61,Female,XL,Fair,green,Festival,Men,T-Shirt,Linen,red,499.0,0
61,Female,XL,Fair,green,Festival,Kids,Ethnic,Silk,coral,4999.0,0
62,Female,M,Light,navy,Festival,Men,Shirt,Rayon,gold,999.0,0
62,Female,M,Light,navy,Festival,Men,Shirt,Rayon,peach,1999.0,1
62,Female,M,Light,navy,Festival,Newborn,Romper,Linen,peach,4999.0,0
62,Female,M,Light,navy,Festival,Women,Kurti,Denim,white,699.0,1
62,Female,M,Light,navy,Festival,Kids,Frock,Linen,peach,699.0,1
62,Female,M,Light,navy,Festival,Men,Trousers,Silk,green,4999.0,1
62,Female,M,Light,navy,Festival,Kids,Frock,Silk,cream,1999.0,1
62,Female,M,Light,navy,Festival,Newborn,Onesie,Denim,cream,499.0,0
62,Female,M,Light,navy,Festival,Men,Blazer,Linen,teal,1299.0,0
62,Female,M,Light,navy,Festival,Men,T-Shirt,Rayon,green,2999.0,0
62,Female,M,Light,navy,Festival,Newborn,Onesie,Silk,blue,299.0,0
62,Female,M,Light,navy,Festival,Kids,T-Shirt,Georgette,gold,4999.0,0
62,Female,M,Light,navy,Festival,Women,Top,Georgette,peach,999.0,1
62,Female,M,Light,navy,Festival,Men,Trousers,Cotton,royal blue,1999.0,0
62,Female,M,Light,navy,Festival,Newborn,Romper,Cotton,pink,999.0,0
62,Female,M,Light,navy,Festival,Women,Salwar,Denim,magenta,4999.0,0
62,Female,M,Light,navy,Festival,Kids,Shorts,Georgette,cream,1999.0,0
62,Female,M,Light,navy,Festival,Kids,Ethnic,Cotton,olive,1999.0,0
62,Female,M,Light,navy,Festival,Men,Kurta,Silk,red,4999.0,0
62,Female,M,Light,navy,Festival,Women,Kurti,Cotton,cream,999.0,1
62,Female,M,Light,navy,Festival,Women,Lehenga,Rayon,black,699.0,1
62,Female,M,Light,navy,Festival,Men,T-Shirt,Linen,red,499.0,0
62,Female,M,Light,navy,Festival,Women,Top,Silk,gold,4999.0,0
62,Female,M,Light,navy,Festival,Newborn,Romper,Wool,coral,1999.0,1
62,Female,M,Light,navy,Festival,Women,Saree,Denim,burgundy,499.0,1
63,Female,XS,Warm,royal blue,Festival,Kids,Ethnic,Cotton,olive,1999.0,1
63,Female,XS,Warm,royal blue,Festival,Kids,Ethnic,Rayon,burgundy,1999.0,1
63,Female,XS,Warm,royal blue,Festival,Women,Top,Cotton,green,2999.0,0
63,Female,XS,Warm,royal blue,Festival,Kids,Shorts,Georgette,cream,1999.0,0
63,Female,XS,Warm,royal blue,Festival,Newborn,Onesie,Denim,royal blue,699.0,1
63,Female,XS,Warm,royal blue,Festival,Newborn,Onesie,Denim,cream,499.0,0
63,Female,XS,Warm,royal blue,Festival,Men,Shirt,Georgette,olive,499.0,0
63,Female,XS,Warm,royal blue,Festival,Women,Top,Georgette,peach,999.0,0
63,Female,XS,Warm,royal blue,Festival,Newborn,Onesie,Cotton,yellow,1999.0,0
63,Female,XS,Warm,royal blue,Festival,Newborn,Set,Denim,royal blue,999.0,1
63,Female,XS,Warm,royal blue,Festival,Women,Top,Rayon,magenta,699.0,0
63,Female,XS,Warm,royal blue,Festival,Newborn,Set,Georgette,teal,699.0,0
63,Female,XS,Warm,royal blue,Festival,Newborn,Set,Wool,yellow,2999.0,0
63,Female,XS,Warm,royal blue,Festival,Newborn,Romper,Silk,lavender,1999.0,0
63,Female,XS,Warm,royal blue,Festival,Kids,Frock,Cotton,lavender,499.0,0
63,Female,XS,Warm,royal blue,Festival,Newborn,Onesie,Linen,pink,1299.0,0
63,Female,XS,Warm,royal blue,Festival,Women,Salwar,Wool,navy,4999.0,0
63,Female,XS,Warm,royal blue,Festival,Men,T-Shirt,Rayon,green,2999.0,0
63,Female,XS,Warm,royal blue,Festival,Newborn,Romper,Wool,burgundy,299.0,0
63,Female,XS,Warm,royal blue,Festival,Men,Shirt,Linen,blue,1299.0,1
63,Female,XS,Warm,royal blue,Festival,Newborn,Set,Silk,gold,299.0,0
63,Female,XS,Warm,royal blue,Festival,Women,Kurti,Denim,white,699.0,1
63,Female,XS,Warm,royal blue,Festival,Women,Kurti,Silk,burgundy,4999.0,1
63,Female,XS,Warm,royal blue,Festival,Women,Dress,Georgette,green,299.0,1
63,Female,XS,Warm,royal blue,Festival,Men,Shirt,Linen,green,1299.0,0
64,Female,M,Deep,red,Wedding,Kids,Shorts,Georgette,cream,1999.0,0
64,Female,M,Deep,red,Wedding,Men,Kurta,Silk,red,4999.0,1
64,Female,M,Deep,red,Wedding,Men,T-Shirt,Rayon,green,2999.0,0
64,Female,M,Deep,red,Wedding,Men,Blazer,Wool,white,499.0,1
64,Female,M,Deep,red,Wedding,Women,Dress,Rayon,mustard,999.0,1
64,Female,M,Deep,red,Wedding,Women,Top,Rayon,magenta,699.0,1
64,Female,M,Deep,red,Wedding,Newborn,Set,Silk,gold,299.0,0
64,Female,M,Deep,red,Wedding,Women,Saree,Cotton,cream,999.0,1
64,Female,M,Deep,red,Wedding,Kids,Frock,Silk,cream,1999.0,0
64,Female,M,Deep,red,Wedding,Newborn,Romper,Linen,peach,4999.0,0
64,Female,M,Deep,red,Wedding,Newborn,Set,Rayon,white,2999.0,0
64,Female,M,Deep,red,Wedding,Men,Shirt,Rayon,gold,999.0,1
64,Female,M,Deep,red,Wedding,Newborn,Romper,Wool,burgundy,999.0,0
64,Female,M,Deep,red,Wedding,Men,Shirt,Cotton,blue,299.0,0
64,Female,M,Deep,red,Wedding,Women,Top,Cotton,green,2999.0,0
64,Female,M,Deep,red,Wedding,Men,T-Shirt,Rayon,coral,999.0,0
64,Female,M,Deep,red,Wedding,Women,Salwar,Denim,burgundy,2999.0,0
64,Female,M,Deep,red,Wedding,Newborn,Romper,Denim,navy,1299.0,0
64,Female,M,Deep,red,Wedding,Men,Trousers,Denim,lavender,1299.0,0
64,Female,M,Deep,red,Wedding,Newborn,Set,Rayon,blue,999.0,0
64,Female,M,Deep,red,Wedding,Women,Salwar,Wool,navy,4999.0,0
64,Female,M,Deep,red,Wedding,Women,Kurti,Denim,white,699.0,1
64,Female,M,Deep,red,Wedding,Women,Dress,Georgette,green,299.0,0
64,Female,M,Deep,red,Wedding,Newborn,Romper,Silk,lavender,1999.0,0
64,Female,M,Deep,red,Wedding,Men,Trousers,Silk,green,4999.0,0
65,Female,L,Deep,mustard,Party,Kids,Shorts,Silk,gold,499.0,0
65,Female,L,Deep,mustard,Party,Men,Kurta,Silk,teal,1299.0,0
65,Female,L,Deep,mustard,Party,Women,Salwar,Denim,magenta,4999.0,1
65,Female,L,Deep,mustard,Party,Men,Shirt,Rayon,peach,1999.0,0
65,Female,L,Deep,mustard,Party,Kids,T-Shirt,Denim,navy,1999.0,0
65,Female,L,Deep,mustard,Party,Newborn,Romper,Wool,coral,1999.0,0
65,Female,L,Deep,mustard,Party,Kids,T-Shirt,Cotton,black,499.0,0
65,Female,L,Deep,mustard,Party,Men,Trousers,Rayon,olive,499.0,0
65,Female,L,Deep,mustard,Party,Women,Salwar,Wool,navy,4999.0,0
65,Female,L,Deep,mustard,Party,Women,Lehenga,Denim,pink,299.0,0
65,Female,L,Deep,mustard,Party,Newborn,Romper,Silk,lavender,1999.0,0
65,Female,L,Deep,mustard,Party,Kids,Frock,Georgette,black,499.0,0
65,Female,L,Deep,mustard,Party,Women,Top,Rayon,teal,1999.0,1
65,Female,L,Deep,mustard,Party,Kids,Ethnic,Cotton,olive,1999.0,0
65,Female,L,Deep,mustard,Party,Men,Shirt,Linen,green,1299.0,0
65,Female,L,Deep,mustard,Party,Women,Dress,Denim,pink,1299.0,0
65,Female,L,Deep,mustard,Party,Women,Top,Rayon,magenta,699.0,1
65,Female,L,Deep,mustard,Party,Newborn,Set,Rayon,burgundy,999.0,0
65,Female,L,Deep,mustard,Party,Men,Blazer,Georgette,black,2999.0,0
65,Female,L,Deep,mustard,Party,Women,Kurti,Rayon,red,499.0,1
65,Female,L,Deep,mustard,Party,Kids,Ethnic,Silk,burgundy,999.0,1
65,Female,L,Deep,mustard,Party,Newborn,Romper,Rayon,gold,699.0,1
65,Female,L,Deep,mustard,Party,Men,Blazer,Denim,pink,699.0,1
65,Female,L,Deep,mustard,Party,Newborn,Set,Silk,gold,299.0,0
65,Female,L,Deep,mustard,Party,Kids,Frock,Rayon,lavender,499.0,0
66,Female,Free Size,Dark,cream,Festival,Men,Trousers,Rayon,olive,499.0,0
66,Female,Free Size,Dark,cream,Festival,Women,Salwar,Denim,burgundy,699.0,1
66,Female,Free Size,Dark,cream,Festival,Newborn,Set,Georgette,pink,4999.0,0
66,Female,Free Size,Dark,cream,Festival,Kids,Shorts,Silk,gold,499.0,0
66,Female,Free Size,Dark,cream,Festival,Newborn,Onesie,Denim,coral,699.0,0
66,Female,Free Size,Dark,cream,Festival,Men,Shirt,Rayon,gold,999.0,0
66,Female,Free Size,Dark,cream,Festival,Kids,T-Shirt,Silk,olive,499.0,0
66,Female,Free Size,Dark,cream,Festival,Women,Kurti,Denim,mustard,4999.0,1
66,Female,Free Size,Dark,cream,Festival,Men,Kurta,Cotton,green,499.0,0
66,Female,Free Size,Dark,cream,Festival,Women,Top,Rayon,magenta,699.0,1
66,Female,Free Size,Dark,cream,Festival,Women,Kurti,Linen,yellow,299.0,1
66,Female,Free Size,Dark,cream,Festival,Women,Lehenga,Denim,pink,299.0,1
66,Female,Free Size,Dark,cream,Festival,Newborn,Set,Rayon,burgundy,4999.0,0
66,Female,Free Size,Dark,cream,Festival,Men,Kurta,Silk,teal,1299.0,0
66,Female,Free Size,Dark,cream,Festival,Men,Blazer,Wool,white,499.0,1
66,Female,Free Size,Dark,cream,Festival,Newborn,Romper,Wool,burgundy,299.0,0
66,Female,Free Size,Dark,cream,Festival,Women,Salwar,Rayon,gold,4999.0,0
66,Female,Free Size,Dark,cream,Festival,Women,Top,Rayon,teal,1999.0,0
66,Female,Free Size,Dark,cream,Festival,Newborn,Onesie,Denim,royal blue,699.0,1
66,Female,Free Size,Dark,cream,Festival,Kids,Ethnic,Silk,coral,4999.0,1
66,Female,Free Size,Dark,cream,Festival,Men,Shirt,Cotton,blue,299.0,0
66,Female,Free Size,Dark,cream,Festival,Newborn,Onesie,Linen,pink,1299.0,0
66,Female,Free Size,Dark,cream,Festival,Women,Salwar,Cotton,coral,1999.0,1
66,Female,Free Size,Dark,cream,Festival,Kids,Ethnic,Wool,teal,499.0,0
66,Female,Free Size,Dark,cream,Festival,Women,Dress,Georgette,green,299.0,0
67,Male,M,Medium,olive,Casual,Newborn,Set,Denim,royal blue,999.0,0
67,Male,M,Medium,olive,Casual,Men,Blazer,Georgette,black,2999.0,0
67,Male,M,Medium,olive,Casual,Newborn,Romper,Wool,coral,1999.0,0
67,Male,M,Medium,olive,Casual,Newborn,Onesie,Silk,blue,299.0,0
67,Male,M,Medium,olive,Casual,Kids,T-Shirt,Georgette,gold,4999.0,0
67,Male,M,Medium,olive,Casual,Newborn,Romper,Denim,navy,1299.0,0
67,Male,M,Medium,olive,Casual,Women,Saree,Cotton,cream,999.0,0
67,Male,M,Medium,olive,Casual,Newborn,Romper,Cotton,pink,999.0,0
67,Male,M,Medium,olive,Casual,Women,Salwar,Wool,navy,4999.0,0
67,Male,M,Medium,olive,Casual,Kids,Ethnic,Silk,burgundy,999.0,1
67,Male,M,Medium,olive,Casual,Kids,Shorts,Silk,gold,499.0,0
67,Male,M,Medium,olive,Casual,Newborn,Romper,Linen,peach,4999.0,0
67,Male,M,Medium,olive,Casual,Newborn,Onesie,Denim,cream,499.0,0
67,Male,M,Medium,olive,Casual,Women,Lehenga,Denim,pink,299.0,1
67,Male,M,Medium,olive,Casual,Men,Blazer,Wool,white,499.0,1
67,Male,M,Medium,olive,Casual,Newborn,Romper,Wool,burgundy,299.0,0
67,Male,M,Medium,olive,Casual,Women,Top,Rayon,magenta,699.0,0
67,Male,M,Medium,olive,Casual,Newborn,Romper,Linen,coral,2999.0,0
67,Male,M,Medium,olive,Casual,Kids,Frock,Cotton,peach,1299.0,0
67,Male,M,Medium,olive,Casual,Kids,Frock,Georgette,black,499.0,0
67,Male,M,Medium,olive,Casual,Newborn,Romper,Rayon,mustard,4999.0,0
67,Male,M,Medium,olive,Casual,Women,Salwar,Silk,red,1999.0,0
67,Male,M,Medium,olive,Casual,Women,Kurti,Denim,white,699.0,0
67,Male,M,Medium,olive,Casual,Kids,Ethnic,Silk,coral,4999.0,0
67,Male,M,Medium,olive,Casual,Kids,Ethnic,Cotton,olive,1999.0,1
68,Female,Free Size,Dark,white,Daily,Women,Lehenga,Wool,white,999.0,1
68,Female,Free Size,Dark,white,Daily,Newborn,Set,Georgette,teal,699.0,0
68,Female,Free Size,Dark,white,Daily,Newborn,Onesie,Linen,pink,1299.0,0
68,Female,Free Size,Dark,white,Daily,Women,Lehenga,Denim,pink,299.0,1
68,Female,Free Size,Dark,white,Daily,Newborn,Set,Rayon,blue,999.0,0
68,Female,Free Size,Dark,white,Daily,Newborn,Onesie,Cotton,yellow,2999.0,0
68,Female,Free Size,Dark,white,Daily,Men,Trousers,Linen,magenta,699.0,1
68,Female,Free Size,Dark,white,Daily,Newborn,Set,Denim,royal blue,999.0,0
68,Female,Free Size,Dark,white,Daily,Kids,T-Shirt,Silk,olive,499.0,0
68,Female,Free Size,Dark,white,Daily,Newborn,Onesie,Denim,royal blue,699.0,0
68,Female,Free Size,Dark,white,Daily,Men,Shirt,Rayon,peach,1999.0,0
68,Female,Free Size,Dark,white,Daily,Newborn,Romper,Rayon,gold,699.0,1
68,Female,Free Size,Dark,white,Daily,Men,Blazer,Rayon,red,1299.0,0
68,Female,Free Size,Dark,white,Daily,Newborn,Set,Rayon,burgundy,4999.0,0
68,Female,Free Size,Dark,white,Daily,Newborn,Romper,Wool,burgundy,999.0,0
68,Female,Free Size,Dark,white,Daily,Kids,Frock,Cotton,peach,1299.0,0
68,Female,Free Size,Dark,white,Daily,Newborn,Onesie,Denim,coral,699.0,0
68,Female,Free Size,Dark,white,Daily,Women,Top,Rayon,magenta,699.0,1
68,Female,Free Size,Dark,white,Daily,Women,Salwar,Rayon,gold,4999.0,0
68,Female,Free Size,Dark,white,Daily,Kids,Ethnic,Silk,burgundy,999.0,0
68,Female,Free Size,Dark,white,Daily,Kids,Ethnic,Rayon,burgundy,1999.0,0
68,Female,Free Size,Dark,white,Daily,Kids,Frock,Wool,burgundy,999.0,0
68,Female,Free Size,Dark,white,Daily,Men,Shirt,Georgette,olive,499.0,0
68,Female,Free Size,Dark,white,Daily,Kids,T-Shirt,Cotton,black,499.0,0
68,Female,Free Size,Dark,white,Daily,Women,Dress,Linen,olive,499.0,1
69,Female,L,Fair,yellow,Office,Kids,T-Shirt,Silk,olive,499.0,0
69,Female,L,Fair,yellow,Office,Women,Top,Cotton,green,2999.0,0
69,Female,L,Fair,yellow,Office,Men,Shirt,Cotton,blue,299.0,0
69,Female,L,Fair,yellow,Office,Kids,Frock,Cotton,peach,1299.0,1
69,Female,L,Fair,yellow,Office,Newborn,Romper,Rayon,mustard,4999.0,0
69,Female,L,Fair,yellow,Office,Kids,Frock,Cotton,lavender,499.0,0
69,Female,L,Fair,yellow,Office,Women,Dress,Silk,black,1299.0,1
69,Female,L,Fair,yellow,Office,Newborn,Romper,Wool,burgundy,299.0,0
69,Female,L,Fair,yellow,Office,Women,Top,Silk,gold,4999.0,0
69,Female,L,Fair,yellow,Office,Men,Shirt,Rayon,gold,999.0,0
69,Female,L,Fair,yellow,Office,Men,Blazer,Linen,cream,299.0,1
69,Female,L,Fair,yellow,Office,Kids,Frock,Georgette,black,499.0,0
69,Female,L,Fair,yellow,Office,Women,Saree,Cotton,cream,999.0,1
69,Female,L,Fair,yellow,Office,Women,Top,Rayon,teal,1999.0,1
69,Female,L,Fair,yellow,Office,Kids,Ethnic,Rayon,burgundy,1999.0,0
69,Female,L,Fair,yellow,Office,Women,Salwar,Cotton,magenta,299.0,0
69,Female,L,Fair,yellow,Office,Women,Salwar,Silk,red,1999.0,1
69,Female,L,Fair,yellow,Office,Kids,Ethnic,Silk,coral,4999.0,0
69,Female,L,Fair,yellow,Office,Kids,Frock,Linen,peach,699.0,1
69,Female,L,Fair,yellow,Office,Newborn,Onesie,Denim,royal blue,699.0,0
69,Female,L,Fair,yellow,Office,Women,Lehenga,Wool,white,999.0,1
69,Female,L,Fair,yellow,Office,Newborn,Romper,Rayon,gold,699.0,0
69,Female,L,Fair,yellow,Office,Women,Lehenga,Denim,pink,299.0,1
69,Female,L,Fair,yellow,Office,Newborn,Romper,Silk,lavender,1999.0,0
69,Female,L,Fair,yellow,Office,Newborn,Romper,Linen,coral,2999.0,1
70,Female,XL,Warm,lavender,Casual,Women,Salwar,Cotton,cream,999.0,1
70,Female,XL,Warm,lavender,Casual,Kids,T-Shirt,Rayon,olive,999.0,1
70,Female,XL,Warm,lavender,Casual,Kids,T-Shirt,Georgette,gold,4999.0,0
70,Female,XL,Warm,lavender,Casual,Women,Lehenga,Rayon,black,699.0,1
70,Female,XL,Warm,lavender,Casual,Women,Dress,Rayon,mustard,999.0,1
70,Female,XL,Warm,lavender,Casual,Newborn,Set,Georgette,pink,4999.0,0
70,Female,XL,Warm,lavender,Casual,Women,Top,Cotton,green,2999.0,0
70,Female,XL,Warm,lavender,Casual,Men,Trousers,Linen,magenta,699.0,0
70,Female,XL,Warm,lavender,Casual,Kids,Frock,Cotton,lavender,499.0,1
70,Female,XL,Warm,lavender,Casual,Kids,Ethnic,Rayon,burgundy,1999.0,1
70,Female,XL,Warm,lavender,Casual,Kids,Ethnic,Silk,burgundy,999.0,1
70,Female,XL,Warm,lavender,Casual,Kids,Frock,Georgette,black,499.0,0
70,Female,XL,Warm,lavender,Casual,Kids,T-Shirt,Silk,white,999.0,1
70,Female,XL,Warm,lavender,Casual,Women,Salwar,Rayon,gold,4999.0,1
70,Female,XL,Warm,lavender,Casual,Women,Kurti,Denim,mustard,4999.0,1
70,Female,XL,Warm,lavender,Casual,Men,Trousers,Denim,lavender,1299.0,1
70,Female,XL,Warm,lavender,Casual,Women,Saree,Denim,burgundy,499.0,1
70,Female,XL,Warm,lavender,Casual,Men,Blazer,Wool,white,499.0,0
70,Female,XL,Warm,lavender,Casual,Men,Trousers,Silk,green,4999.0,0
70,Female,XL,Warm,lavender,Casual,Men,Kurta,Silk,red,4999.0,0
70,Female,XL,Warm,lavender,Casual,Men,Blazer,Georgette,black,2999.0,0
70,Female,XL,Warm,lavender,Casual,Men,T-Shirt,Rayon,peach,1999.0,0
70,Female,XL,Warm,lavender,Casual,Women,Dress,Denim,pink,1299.0,0
70,Female,XL,Warm,lavender,Casual,Men,Kurta,Cotton,green,499.0,0
70,Female,XL,Warm,lavender,Casual,Men,Trousers,Rayon,navy,1999.0,0
71,Male,M,Dark,blue,Party,Kids,Ethnic,Silk,burgundy,999.0,0
71,Male,M,Dark,blue,Party,Women,Dress,Georgette,green,299.0,0
71,Male,M,Dark,blue,Party,Newborn,Romper,Rayon,mustard,4999.0,0
71,Male,M,Dark,blue,Party,Kids,Ethnic,Rayon,royal blue,4999.0,1
71,Male,M,Dark,blue,Party,Women,Salwar,Denim,burgundy,2999.0,0
71,Male,M,Dark,blue,Party,Men,Trousers,Cotton,royal blue,1999.0,1
71,Male,M,Dark,blue,Party,Women,Dress,Silk,black,1299.0,0
71,Male,M,Dark,blue,Party,Newborn,Onesie,Denim,yellow,4999.0,0
71,Male,M,Dark,blue,Party,Newborn,Romper,Wool,burgundy,999.0,0
71,Male,M,Dark,blue,Party,Men,Shirt,Linen,green,1299.0,1
71,Male,M,Dark,blue,Party,Newborn,Onesie,Denim,royal blue,699.0,1
71,Male,M,Dark,blue,Party,Women,Salwar,Cotton,cream,999.0,0
71,Male,M,Dark,blue,Party,Women,Dress,Linen,olive,499.0,0
71,Male,M,Dark,blue,Party,Men,Trousers,Rayon,olive,499.0,0
71,Male,M,Dark,blue,Party,Men,Trousers,Silk,green,4999.0,0
71,Male,M,Dark,blue,Party,Women,Salwar,Rayon,gold,4999.0,0
71,Male,M,Dark,blue,Party,Newborn,Set,Rayon,burgundy,4999.0,0
71,Male,M,Dark,blue,Party,Women,Saree,Denim,peach,1999.0,0
71,Male,M,Dark,blue,Party,Kids,Shorts,Georgette,cream,1999.0,0
71,Male,M,Dark,blue,Party,Kids,Ethnic,Cotton,red,1999.0,1
71,Male,M,Dark,blue,Party,Kids,Frock,Cotton,peach,1299.0,0
71,Male,M,Dark,blue,Party,Newborn,Set,Rayon,white,2999.0,1
71,Male,M,Dark,blue,Party,Women,Kurti,Denim,mustard,4999.0,0
71,Male,M,Dark,blue,Party,Men,Blazer,Georgette,burgundy,1299.0,1
71,Male,M,Dark,blue,Party,Women,Kurti,Linen,yellow,299.0,0
72,Female,XXL,Warm,red,Casual,Women,Dress,Linen,yellow,1999.0,1
72,Female,XXL,Warm,red,Casual,Kids,Ethnic,Wool,teal,499.0,0
72,Female,XXL,Warm,red,Casual,Women,Dress,Linen,olive,499.0,1
72,Female,XXL,Warm,red,Casual,Kids,T-Shirt,Rayon,olive,999.0,1
72,Female,XXL,Warm,red,Casual,Men,Shirt,Cotton,blue,299.0,0
72,Female,XXL,Warm,red,Casual,Women,Saree,Denim,peach,1999.0,0
72,Female,XXL,Warm,red,Casual,Kids,T-Shirt,Cotton,black,499.0,0
72,Female,XXL,Warm,red,Casual,Newborn,Set,Rayon,burgundy,999.0,1
72,Female,XXL,Warm,red,Casual,Men,Shirt,Georgette,olive,499.0,1
72,Female,XXL,Warm,red,Casual,Women,Salwar,Cotton,cream,999.0,1
72,Female,XXL,Warm,red,Casual,Women,Top,Cotton,green,2999.0,0
72,Female,XXL,Warm,red,Casual,Men,Blazer,Linen,teal,1299.0,0
72,Female,XXL,Warm,red,Casual,Newborn,Romper,Denim,navy,1299.0,0
72,Female,XXL,Warm,red,Casual,Women,Dress,Cotton,black,1999.0,1
72,Female,XXL,Warm,red,Casual,Newborn,Romper,Linen,coral,2999.0,0
72,Female,XXL,Warm,red,Casual,Men,Blazer,Georgette,burgundy,1299.0,1
72,Female,XXL,Warm,red,Casual,Newborn,Onesie,Silk,blue,299.0,0
72,Female,XXL,Warm,red,Casual,Women,Top,Rayon,teal,1999.0,1
72,Female,XXL,Warm,red,Casual,Men,Shirt,Wool,peach,1999.0,1
72,Female,XXL,Warm,red,Casual,Kids,Ethnic,Georgette,black,1299.0,0
72,Female,XXL,Warm,red,Casual,Women,Salwar,Denim,magenta,4999.0,0
72,Female,XXL,Warm,red,Casual,Newborn,Onesie,Linen,burgundy,999.0,1
72,Female,XXL,Warm,red,Casual,Newborn,Onesie,Denim,yellow,4999.0,0
72,Female,XXL,Warm,red,Casual,Men,Blazer,Georgette,black,2999.0,0
72,Female,XXL,Warm,red,Casual,Men,T-Shirt,Rayon,green,2999.0,0
73,Male,XXL,Light,coral,Office,Women,Lehenga,Denim,pink,299.0,1
73,Male,XXL,Light,coral,Office,Men,Blazer,Linen,teal,999.0,0
73,Male,XXL,Light,coral,Office,Men,Trousers,Silk,green,4999.0,1
73,Male,XXL,Light,coral,Office,Men,Blazer,Rayon,red,1299.0,1
73,Male,XXL,Light,coral,Office,Kids,Frock,Silk,cream,1999.0,0
73,Male,XXL,Light,coral,Office,Men,T-Shirt,Rayon,peach,1999.0,1
73,Male,XXL,Light,coral,Office,Men,Blazer,Linen,cream,299.0,1
73,Male,XXL,Light,coral,Office,Women,Salwar,Cotton,cream,999.0,1
73,Male,XXL,Light,coral,Office,Kids,Ethnic,Wool,teal,499.0,1
73,Male,XXL,Light,coral,Office,Newborn,Set,Georgette,teal,699.0,0
73,Male,XXL,Light,coral,Office,Kids,Frock,Linen,peach,699.0,0
73,Male,XXL,Light,coral,Office,Women,Top,Rayon,teal,1999.0,0
73,Male,XXL,Light,coral,Office,Women,Salwar,Cotton,magenta,299.0,0
73,Male,XXL,Light,coral,Office,Women,Salwar,Denim,magenta,4999.0,0
73,Male,XXL,Light,coral,Office,Women,Salwar,Silk,red,1999.0,0
73,Male,XXL,Light,coral,Office,Kids,Ethnic,Silk,burgundy,999.0,0
73,Male,XXL,Light,coral,Office,Women,Salwar,Wool,navy,4999.0,0
73,Male,XXL,Light,coral,Office,Women,Top,Rayon,magenta,699.0,0
73,Male,XXL,Light,coral,Office,Kids,Frock,Rayon,lavender,499.0,1
73,Male,XXL,Light,coral,Office,Kids,Frock,Georgette,black,499.0,0
73,Male,XXL,Light,coral,Office,Women,Kurti,Denim,mustard,4999.0,1
73,Male,XXL,Light,coral,Office,Men,Shirt,Linen,blue,1299.0,1
73,Male,XXL,Light,coral,Office,Women,Top,Cotton,green,2999.0,0
73,Male,XXL,Light,coral,Office,Kids,Frock,Cotton,peach,1299.0,0
73,Male,XXL,Light,coral,Office,Women,Top,Georgette,peach,999.0,1
74,Male,XL,Warm,pink,Wedding,Women,Dress,Denim,pink,1299.0,0
74,Male,XL,Warm,pink,Wedding,Newborn,Romper,Silk,black,499.0,0
74,Male,XL,Warm,pink,Wedding,Men,Blazer,Georgette,burgundy,1299.0,1
74,Male,XL,Warm,pink,Wedding,Men,Kurta,Silk,navy,299.0,1
74,Male,XL,Warm,pink,Wedding,Women,Kurti,Silk,magenta,699.0,0
74,Male,XL,Warm,pink,Wedding,Women,Kurti,Rayon,red,499.0,0
74,Male,XL,Warm,pink,Wedding,Newborn,Set,Georgette,pink,4999.0,1
74,Male,XL,Warm,pink,Wedding,Newborn,Romper,Wool,burgundy,999.0,1
74,Male,XL,Warm,pink,Wedding,Kids,Ethnic,Georgette,black,1299.0,1
74,Male,XL,Warm,pink,Wedding,Kids,Shorts,Georgette,cream,1999.0,0
74,Male,XL,Warm,pink,Wedding,Newborn,Romper,Linen,peach,4999.0,0
74,Male,XL,Warm,pink,Wedding,Newborn,Onesie,Cotton,yellow,2999.0,0
74,Male,XL,Warm,pink,Wedding,Women,Kurti,Linen,yellow,299.0,0
74,Male,XL,Warm,pink,Wedding,Women,Lehenga,Rayon,black,699.0,0
74,Male,XL,Warm,pink,Wedding,Newborn,Romper,Rayon,mustard,4999.0,1
74,Male,XL,Warm,pink,Wedding,Women,Dress,Silk,black,1299.0,0
74,Male,XL,Warm,pink,Wedding,Women,Salwar,Denim,magenta,4999.0,0
74,Male,XL,Warm,pink,Wedding,Women,Salwar,Denim,burgundy,2999.0,0
74,Male,XL,Warm,pink,Wedding,Women,Dress,Linen,olive,499.0,1
74,Male,XL,Warm,pink,Wedding,Kids,T-Shirt,Denim,blue,299.0,0
74,Male,XL,Warm,pink,Wedding,Women,Salwar,Cotton,coral,1999.0,1
74,Male,XL,Warm,pink,Wedding,Newborn,Onesie,Denim,royal blue,699.0,0
74,Male,XL,Warm,pink,Wedding,Kids,Shorts,Silk,gold,499.0,0
74,Male,XL,Warm,pink,Wedding,Newborn,Onesie,Silk,blue,299.0,0
74,Male,XL,Warm,pink,Wedding,Men,T-Shirt,Rayon,coral,999.0,1
75,Male,L,Fair,blue,Festival,Newborn,Set,Georgette,pink,4999.0,0
75,Male,L,Fair,blue,Festival,Kids,Frock,Wool,burgundy,999.0,0
75,Male,L,Fair,blue,Festival,Women,Kurti,Silk,magenta,699.0,0
75,Male,L,Fair,blue,Festival,Women,Dress,Linen,yellow,1999.0,0
75,Male,L,Fair,blue,Festival,Women,Saree,Denim,peach,1999.0,1
75,Male,L,Fair,blue,Festival,Men,Trousers,Rayon,olive,499.0,0
75,Male,L,Fair,blue,Festival,Newborn,Romper,Linen,coral,2999.0,0
75,Male,L,Fair,blue,Festival,Newborn,Set,Rayon,burgundy,4999.0,0
75,Male,L,Fair,blue,Festival,Kids,Ethnic,Silk,burgundy,999.0,1
75,Male,L,Fair,blue,Festival,Women,Kurti,Denim,mustard,4999.0,0
75,Male,L,Fair,blue,Festival,Newborn,Onesie,Linen,pink,1299.0,1
75,Male,L,Fair,blue,Festival,Kids,Frock,Cotton,lavender,499.0,0
75,Male,L,Fair,blue,Festival,Men,Shirt,Cotton,blue,299.0,1
75,Male,L,Fair,blue,Festival,Newborn,Set,Rayon,blue,999.0,1
75,Male,L,Fair,blue,Festival,Kids,T-Shirt,Rayon,olive,999.0,0
75,Male,L,Fair,blue,Festival,Newborn,Romper,Denim,navy,1299.0,0
75,Male,L,Fair,blue,Festival,Men,T-Shirt,Rayon,green,2999.0,0
75,Male,L,Fair,blue,Festival,Newborn,Romper,Silk,black,499.0,0
75,Male,L,Fair,blue,Festival,Men,Trousers,Linen,lavender,1299.0,1
75,Male,L,Fair,blue,Festival,Women,Salwar,Denim,magenta,4999.0,0
75,Male,L,Fair,blue,Festival,Kids,Ethnic,Georgette,black,1299.0,0
75,Male,L,Fair,blue,Festival,Newborn,Set,Georgette,teal,2999.0,0
75,Male,L,Fair,blue,Festival,Kids,Ethnic,Wool,teal,499.0,0
75,Male,L,Fair,blue,Festival,Newborn,Set,Silk,gold,299.0,0
75,Male,L,Fair,blue,Festival,Newborn,Set,Wool,yellow,2999.0,0
76,Female,XL,Deep,gold,Festival,Newborn,Romper,Denim,navy,1299.0,0
76,Female,XL,Deep,gold,Festival,Women,Top,Cotton,green,2999.0,1
76,Female,XL,Deep,gold,Festival,Newborn,Onesie,Cotton,yellow,2999.0,0
76,Female,XL,Deep,gold,Festival,Women,Saree,Denim,peach,1999.0,1
76,Female,XL,Deep,gold,Festival,Men,Shirt,Rayon,peach,1999.0,0
76,Female,XL,Deep,gold,Festival,Newborn,Set,Silk,gold,299.0,1
76,Female,XL,Deep,gold,Festival,Kids,T-Shirt,Cotton,black,499.0,0
76,Female,XL,Deep,gold,Festival,Kids,T-Shirt,Silk,olive,499.0,0
76,Female,XL,Deep,gold,Festival,Kids,T-Shirt,Denim,navy,1999.0,0
76,Female,XL,Deep,gold,Festival,Kids,T-Shirt,Rayon,olive,999.0,0
76,Female,XL,Deep,gold,Festival,Kids,Ethnic,Rayon,royal blue,4999.0,1
76,Female,XL,Deep,gold,Festival,Women,Saree,Denim,burgundy,499.0,1
76,Female,XL,Deep,gold,Festival,Newborn,Romper,Cotton,pink,999.0,0
76,Female,XL,Deep,gold,Festival,Newborn,Onesie,Denim,cream,499.0,0
76,Female,XL,Deep,gold,Festival,Men,Kurta,Silk,red,4999.0,1
76,Female,XL,Deep,gold,Festival,Newborn,Set,Wool,yellow,2999.0,0
76,Female,XL,Deep,gold,Festival,Men,Shirt,Georgette,olive,499.0,0
76,Female,XL,Deep,gold,Festival,Women,Dress,Rayon,mustard,999.0,1
76,Female,XL,Deep,gold,Festival,Newborn,Romper,Silk,black,499.0,0
76,Female,XL,Deep,gold,Festival,Kids,Frock,Cotton,lavender,499.0,0
76,Female,XL,Deep,gold,Festival,Newborn,Romper,Wool,burgundy,999.0,0
76,Female,XL,Deep,gold,Festival,Kids,Ethnic,Wool,teal,499.0,1
76,Female,XL,Deep,gold,Festival,Newborn,Onesie,Denim,royal blue,699.0,0
76,Female,XL,Deep,gold,Festival,Kids,Ethnic,Cotton,red,1999.0,0
76,Female,XL,Deep,gold,Festival,Newborn,Onesie,Cotton,yellow,1999.0,0
77,Female,L,Light,lavender,Office,Men,Shirt,Georgette,olive,499.0,0
77,Female,L,Light,lavender,Office,Kids,T-Shirt,Denim,navy,1999.0,0
77,Female,L,Light,lavender,Office,Men,Kurta,Cotton,green,499.0,1
77,Female,L,Light,lavender,Office,Women,Kurti,Cotton,cream,999.0,1
77,Female,L,Light,lavender,Office,Women,Top,Rayon,teal,1999.0,1
77,Female,L,Light,lavender,Office,Women,Top,Georgette,peach,999.0,1
77,Female,L,Light,lavender,Office,Kids,Ethnic,Rayon,royal blue,4999.0,0
77,Female,L,Light,lavender,Office,Women,Top,Rayon,magenta,699.0,1
77,Female,L,Light,lavender,Office,Women,Kurti,Linen,yellow,299.0,1
77,Female,L,Light,lavender,Office,Newborn,Set,Rayon,blue,999.0,1
77,Female,L,Light,lavender,Office,Kids,T-Shirt,Silk,white,999.0,1
77,Female,L,Light,lavender,Office,Kids,Frock,Georgette,black,499.0,0
77,Female,L,Light,lavender,Office,Men,Blazer,Rayon,red,1299.0,0
77,Female,L,Light,lavender,Office,Newborn,Romper,Linen,peach,4999.0,0
77,Female,L,Light,lavender,Office,Men,Blazer,Linen,teal,999.0,0
77,Female,L,Light,lavender,Office,Newborn,Set,Rayon,burgundy,4999.0,0
77,Female,L,Light,lavender,Office,Kids,Ethnic,Wool,white,1299.0,0
77,Female,L,Light,lavender,Office,Kids,Frock,Cotton,lavender,499.0,1
77,Female,L,Light,lavender,Office,Women,Salwar,Cotton,coral,1999.0,1
77,Female,L,Light,lavender,Office,Men,Blazer,Georgette,burgundy,1299.0,0
77,Female,L,Light,lavender,Office,Women,Saree,Denim,burgundy,499.0,1
77,Female,L,Light,lavender,Office,Men,Trousers,Cotton,royal blue,1999.0,0
77,Female,L,Light,lavender,Office,Kids,T-Shirt,Denim,burgundy,1299.0,0
77,Female,L,Light,lavender,Office,Newborn,Set,Denim,royal blue,999.0,0
77,Female,L,Light,lavender,Office,Kids,Frock,Rayon,lavender,499.0,1
78,Male,L,Light,teal,Daily,Women,Dress,Rayon,mustard,999.0,0
78,Male,L,Light,teal,Daily,Kids,Ethnic,Cotton,olive,1999.0,1
78,Male,L,Light,teal,Daily,Women,Dress,Cotton,black,1999.0,0
78,Male,L,Light,teal,Daily,Men,Trousers,Linen,lavender,1299.0,0
78,Male,L,Light,teal,Daily,Newborn,Onesie,Cotton,yellow,1999.0,0
78,Male,L,Light,teal,Daily,Women,Kurti,Cotton,cream,999.0,0
78,Male,L,Light,teal,Daily,Kids,T-Shirt,Georgette,gold,4999.0,0
78,Male,L,Light,teal,Daily,Men,T-Shirt,Linen,red,499.0,1
78,Male,L,Light,teal,Daily,Women,Salwar,Denim,burgundy,2999.0,0
78,Male,L,Light,teal,Daily,Women,Lehenga,Wool,white,999.0,1
78,Male,L,Light,teal,Daily,Men,T-Shirt,Rayon,green,2999.0,1
78,Male,L,Light,teal,Daily,Men,Blazer,Rayon,red,1299.0,1
78,Male,L,Light,teal,Daily,Newborn,Set,Georgette,teal,2999.0,1
78,Male,L,Light,teal,Daily,Kids,Frock,Linen,peach,699.0,1
78,Male,L,Light,teal,Daily,Men,Trousers,Cotton,royal blue,1999.0,0
78,Male,L,Light,teal,Daily,Men,Blazer,Denim,pink,699.0,1
78,Male,L,Light,teal,Daily,Newborn,Romper,Denim,navy,1299.0,0
78,Male,L,Light,teal,Daily,Men,Kurta,Silk,navy,299.0,1
78,Male,L,Light,teal,Daily,Kids,T-Shirt,Silk,olive,499.0,0
78,Male,L,Light,teal,Daily,Women,Top,Silk,gold,4999.0,0
78,Male,L,Light,teal,Daily,Men,Trousers,Linen,magenta,699.0,1
78,Male,L,Light,teal,Daily,Newborn,Romper,Rayon,mustard,4999.0,0
78,Male,L,Light,teal,Daily,Newborn,Romper,Silk,black,499.0,0
78,Male,L,Light,teal,Daily,Women,Saree,Denim,burgundy,499.0,0
78,Male,L,Light,teal,Daily,Men,Trousers,Rayon,navy,1999.0,1
79,Male,Free Size,Fair,gold,Festival,Women,Dress,Cotton,black,1999.0,0
79,Male,Free Size,Fair,gold,Festival,Women,Top,Cotton,green,2999.0,0
79,Male,Free Size,Fair,gold,Festival,Newborn,Romper,Silk,lavender,1999.0,1
79,Male,Free Size,Fair,gold,Festival,Newborn,Onesie,Linen,burgundy,999.0,0
79,Male,Free Size,Fair,gold,Festival,Kids,Ethnic,Wool,teal,499.0,0
79,Male,Free Size,Fair,gold,Festival,Women,Lehenga,Wool,white,999.0,1
79,Male,Free Size,Fair,gold,Festival,Kids,T-Shirt,Cotton,black,499.0,0
79,Male,Free Size,Fair,gold,Festival,Women,Saree,Denim,burgundy,499.0,0
79,Male,Free Size,Fair,gold,Festival,Kids,Frock,Cotton,lavender,499.0,1
79,Male,Free Size,Fair,gold,Festival,Women,Salwar,Silk,red,1999.0,0
79,Male,Free Size,Fair,gold,Festival,Men,Blazer,Georgette,black,2999.0,1
79,Male,Free Size,Fair,gold,Festival,Men,T-Shirt,Rayon,green,2999.0,0
79,Male,Free Size,Fair,gold,Festival,Kids,T-Shirt,Rayon,olive,999.0,0
79,Male,Free Size,Fair,gold,Festival,Kids,Shorts,Georgette,cream,1999.0,1
79,Male,Free Size,Fair,gold,Festival,Kids,Frock,Cotton,peach,1299.0,0
79,Male,Free Size,Fair,gold,Festival,Men,Trousers,Rayon,olive,499.0,0
79,Male,Free Size,Fair,gold,Festival,Men,Kurta,Silk,red,4999.0,1
79,Male,Free Size,Fair,gold,Festival,Newborn,Set,Denim,royal blue,999.0,0
79,Male,Free Size,Fair,gold,Festival,Kids,Ethnic,Silk,burgundy,999.0,1
79,Male,Free Size,Fair,gold,Festival,Kids,T-Shirt,Denim,navy,1999.0,0
79,Male,Free Size,Fair,gold,Festival,Newborn,Set,Silk,gold,299.0,1
79,Male,Free Size,Fair,gold,Festival,Kids,Frock,Georgette,black,499.0,0
79,Male,Free Size,Fair,gold,Festival,Kids,Frock,Wool,burgundy,999.0,0
79,Male,Free Size,Fair,gold,Festival,Newborn,Set,Rayon,white,2999.0,0
79,Male,Free Size,Fair,gold,Festival,Women,Kurti,Denim,mustard,4999.0,1
80,Female,Free Size,Dark,gold,Casual,Kids,T-Shirt,Silk,olive,499.0,0
80,Female,Free Size,Dark,gold,Casual,Newborn,Set,Denim,royal blue,999.0,0
80,Female,Free Size,Dark,gold,Casual,Women,Dress,Denim,pink,1299.0,1
80,Female,Free Size,Dark,gold,Casual,Men,Shirt,Cotton,blue,299.0,0
80,Female,Free Size,Dark,gold,Casual,Women,Kurti,Cotton,cream,999.0,1
80,Female,Free Size,Dark,gold,Casual,Men,Blazer,Linen,teal,999.0,0
80,Female,Free Size,Dark,gold,Casual,Newborn,Romper,Linen,peach,4999.0,0
80,Female,Free Size,Dark,gold,Casual,Women,Dress,Georgette,green,299.0,1
80,Female,Free Size,Dark,gold,Casual,Kids,T-Shirt,Silk,white,999.0,1
80,Female,Free Size,Dark,gold,Casual,Women,Saree,Denim,peach,1999.0,1
80,Female,Free Size,Dark,gold,Casual,Men,Shirt,Wool,peach,1999.0,0
80,Female,Free Size,Dark,gold,Casual,Newborn,Romper,Rayon,gold,699.0,1
80,Female,Free Size,Dark,gold,Casual,Kids,Ethnic,Rayon,royal blue,4999.0,0
80,Female,Free Size,Dark,gold,Casual,Newborn,Onesie,Linen,pink,1299.0,0
80,Female,Free Size,Dark,gold,Casual,Newborn,Set,Rayon,burgundy,4999.0,0
80,Female,Free Size,Dark,gold,Casual,Kids,T-Shirt,Denim,burgundy,1299.0,0
80,Female,Free Size,Dark,gold,Casual,Newborn,Romper,Cotton,pink,999.0,0
80,Female,Free Size,Dark,gold,Casual,Newborn,Romper,Linen,coral,2999.0,0
80,Female,Free Size,Dark,gold,Casual,Men,T-Shirt,Rayon,coral,999.0,1
80,Female,Free Size,Dark,gold,Casual,Kids,Ethnic,Wool,teal,499.0,0
80,Female,Free Size,Dark,gold,Casual,Women,Kurti,Rayon,red,499.0,0
80,Female,Free Size,Dark,gold,Casual,Kids,T-Shirt,Rayon,olive,999.0,0
80,Female,Free Size,Dark,gold,Casual,Kids,Frock,Silk,cream,1999.0,0
80,Female,Free Size,Dark,gold,Casual,Women,Kurti,Silk,magenta,699.0,0
80,Female,Free Size,Dark,gold,Casual,Men,T-Shirt,Rayon,green,2999.0,0
81,Female,XXL,Medium,navy,Office,Women,Salwar,Silk,red,1999.0,0
81,Female,XXL,Medium,navy,Office,Newborn,Onesie,Silk,blue,299.0,0
81,Female,XXL,Medium,navy,Office,Women,Kurti,Rayon,red,499.0,0
81,Female,XXL,Medium,navy,Office,Women,Dress,Georgette,green,299.0,0
81,Female,XXL,Medium,navy,Office,Women,Salwar,Denim,burgundy,699.0,1
81,Female,XXL,Medium,navy,Office,Newborn,Set,Rayon,blue,999.0,0
81,Female,XXL,Medium,navy,Office,Men,Trousers,Silk,green,4999.0,0
81,Female,XXL,Medium,navy,Office,Women,Dress,Rayon,mustard,999.0,1
81,Female,XXL,Medium,navy,Office,Men,Blazer,Linen,teal,1299.0,1
81,Female,XXL,Medium,navy,Office,Kids,Ethnic,Cotton,olive,1999.0,1
81,Female,XXL,Medium,navy,Office,Kids,T-Shirt,Silk,white,999.0,0
81,Female,XXL,Medium,navy,Office,Newborn,Romper,Silk,black,499.0,0
81,Female,XXL,Medium,navy,Office,Men,Blazer,Linen,cream,299.0,0
81,Female,XXL,Medium,navy,Office,Men,Blazer,Wool,white,499.0,0
81,Female,XXL,Medium,navy,Office,Men,Trousers,Rayon,olive,499.0,0
81,Female,XXL,Medium,navy,Office,Men,Kurta,Silk,navy,299.0,0
81,Female,XXL,Medium,navy,Office,Newborn,Romper,Linen,coral,2999.0,0
81,Female,XXL,Medium,navy,Office,Men,Blazer,Linen,teal,999.0,1
81,Female,XXL,Medium,navy,Office,Men,Trousers,Rayon,navy,1999.0,1
81,Female,XXL,Medium,navy,Office,Men,Shirt,Georgette,olive,499.0,0
81,Female,XXL,Medium,navy,Office,Men,Shirt,Wool,peach,1999.0,0
81,Female,XXL,Medium,navy,Office,Men,Blazer,Georgette,burgundy,1299.0,0
81,Female,XXL,Medium,navy,Office,Kids,Ethnic,Georgette,black,1299.0,0
81,Female,XXL,Medium,navy,Office,Women,Top,Cotton,green,2999.0,0
81,Female,XXL,Medium,navy,Office,Kids,T-Shirt,Denim,blue,299.0,0
82,Female,Free Size,Light,lavender,Office,Kids,Shorts,Silk,gold,499.0,0
82,Female,Free Size,Light,lavender,Office,Men,Shirt,Rayon,gold,999.0,0
82,Female,Free Size,Light,lavender,Office,Kids,T-Shirt,Denim,burgundy,1299.0,0
82,Female,Free Size,Light,lavender,Office,Kids,Ethnic,Rayon,burgundy,1999.0,0
82,Female,Free Size,Light,lavender,Office,Newborn,Romper,Rayon,mustard,4999.0,0
82,Female,Free Size,Light,lavender,Office,Newborn,Romper,Linen,coral,2999.0,0
82,Female,Free Size,Light,lavender,Office,Women,Saree,Denim,burgundy,499.0,1
82,Female,Free Size,Light,lavender,Office,Men,Shirt,Linen,blue,1299.0,0
82,Female,Free Size,Light,lavender,Office,Kids,T-Shirt,Silk,white,999.0,1
82,Female,Free Size,Light,lavender,Office,Women,Salwar,Silk,red,1999.0,0
82,Female,Free Size,Light,lavender,Office,Newborn,Set,Rayon,blue,999.0,0
82,Female,Free Size,Light,lavender,Office,Kids,Frock,Wool,burgundy,999.0,0
82,Female,Free Size,Light,lavender,Office,Men,Shirt,Georgette,olive,499.0,0
82,Female,Free Size,Light,lavender,Office,Kids,Ethnic,Wool,teal,499.0,0
82,Female,Free Size,Light,lavender,Office,Newborn,Romper,Wool,burgundy,299.0,0
82,Female,Free Size,Light,lavender,Office,Kids,Ethnic,Silk,coral,4999.0,0
82,Female,Free Size,Light,lavender,Office,Kids,Frock,Rayon,lavender,499.0,1
82,Female,Free Size,Light,lavender,Office,Newborn,Onesie,Denim,cream,499.0,1
82,Female,Free Size,Light,lavender,Office,Newborn,Romper,Silk,black,499.0,0
82,Female,Free Size,Light,lavender,Office,Newborn,Romper,Silk,lavender,1999.0,1
82,Female,Free Size,Light,lavender,Office,Women,Top,Georgette,peach,999.0,1
82,Female,Free Size,Light,lavender,Office,Newborn,Set,Wool,yellow,2999.0,0
82,Female,Free Size,Light,lavender,Office,Kids,Ethnic,Silk,burgundy,999.0,0
82,Female,Free Size,Light,lavender,Office,Newborn,Onesie,Linen,pink,1299.0,1
82,Female,Free Size,Light,lavender,Office,Men,Blazer,Linen,teal,1299.0,0
83,Female,M,Medium,burgundy,Office,Newborn,Set,Rayon,white,2999.0,0
83,Female,M,Medium,burgundy,Office,Newborn,Onesie,Linen,pink,1299.0,0
83,Female,M,Medium,burgundy,Office,Men,Shirt,Georgette,olive,499.0,1
83,Female,M,Medium,burgundy,Office,Men,Blazer,Rayon,red,1299.0,0
83,Female,M,Medium,burgundy,Office,Women,Dress,Silk,black,1299.0,1
83,Female,M,Medium,burgundy,Office,Men,Blazer,Georgette,burgundy,1299.0,1
83,Female,M,Medium,burgundy,Office,Women,Salwar,Cotton,coral,1999.0,1
83,Female,M,Medium,burgundy,Office,Kids,T-Shirt,Cotton,black,499.0,0
83,Female,M,Medium,burgundy,Office,Men,Trousers,Cotton,royal blue,1999.0,0
83,Female,M,Medium,burgundy,Office,Men,Trousers,Silk,green,4999.0,0
83,Female,M,Medium,burgundy,Office,Women,Dress,Denim,pink,1299.0,1
83,Female,M,Medium,burgundy,Office,Newborn,Onesie,Silk,blue,299.0,0
83,Female,M,Medium,burgundy,Office,Women,Dress,Linen,olive,499.0,1
83,Female,M,Medium,burgundy,Office,Women,Salwar,Silk,red,1999.0,1
83,Female,M,Medium,burgundy,Office,Men,Trousers,Linen,lavender,1299.0,0
83,Female,M,Medium,burgundy,Office,Kids,Ethnic,Rayon,burgundy,1999.0,1
83,Female,M,Medium,burgundy,Office,Women,Salwar,Wool,navy,4999.0,1
83,Female,M,Medium,burgundy,Office,Kids,Ethnic,Wool,teal,499.0,0
83,Female,M,Medium,burgundy,Office,Newborn,Onesie,Cotton,yellow,1999.0,0
83,Female,M,Medium,burgundy,Office,Newborn,Onesie,Denim,coral,699.0,0
83,Female,M,Medium,burgundy,Office,Women,Lehenga,Wool,white,999.0,0
83,Female,M,Medium,burgundy,Office,Men,Trousers,Linen,magenta,699.0,0
83,Female,M,Medium,burgundy,Office,Men,Kurta,Silk,teal,1299.0,1
83,Female,M,Medium,burgundy,Office,Women,Saree,Cotton,cream,999.0,1
83,Female,M,Medium,burgundy,Office,Kids,Ethnic,Silk,burgundy,999.0,1
84,Female,L,Medium,yellow,Daily,Newborn,Set,Rayon,burgundy,999.0,1
84,Female,L,Medium,yellow,Daily,Women,Kurti,Linen,yellow,299.0,1
84,Female,L,Medium,yellow,Daily,Men,Trousers,Linen,lavender,1299.0,0
84,Female,L,Medium,yellow,Daily,Women,Kurti,Denim,mustard,4999.0,0
84,Female,L,Medium,yellow,Daily,Kids,Ethnic,Wool,white,1299.0,0
84,Female,L,Medium,yellow,Daily,Newborn,Romper,Denim,navy,1299.0,0
84,Female,L,Medium,yellow,Daily,Kids,T-Shirt,Denim,blue,299.0,0
84,Female,L,Medium,yellow,Daily,Kids,Ethnic,Cotton,olive,1999.0,1
84,Female,L,Medium,yellow,Daily,Men,Shirt,Cotton,blue,299.0,0
84,Female,L,Medium,yellow,Daily,Men,Kurta,Silk,red,4999.0,0
84,Female,L,Medium,yellow,Daily,Men,Blazer,Rayon,red,1299.0,1
84,Female,L,Medium,yellow,Daily,Newborn,Onesie,Denim,cream,499.0,0
84,Female,L,Medium,yellow,Daily,Newborn,Onesie,Denim,coral,699.0,1
84,Female,L,Medium,yellow,Daily,Men,Blazer,Linen,teal,1299.0,0
84,Female,L,Medium,yellow,Daily,Women,Dress,Georgette,green,299.0,0
84,Female,L,Medium,yellow,Daily,Kids,Ethnic,Wool,teal,499.0,1
84,Female,L,Medium,yellow,Daily,Women,Dress,Linen,yellow,1999.0,1
84,Female,L,Medium,yellow,Daily,Newborn,Romper,Silk,lavender,1999.0,0
84,Female,L,Medium,yellow,Daily,Newborn,Set,Georgette,pink,4999.0,0
84,Female,L,Medium,yellow,Daily,Kids,T-Shirt,Rayon,olive,999.0,1
84,Female,L,Medium,yellow,Daily,Men,Shirt,Linen,green,1299.0,1
84,Female,L,Medium,yellow,Daily,Women,Kurti,Silk,burgundy,4999.0,1
84,Female,L,Medium,yellow,Daily,Women,Dress,Cotton,black,1999.0,1
84,Female,L,Medium,yellow,Daily,Men,Shirt,Georgette,olive,499.0,0
84,Female,L,Medium,yellow,Daily,Women,Lehenga,Denim,pink,299.0,0
85,Male,XL,Warm,black,Festival,Newborn,Romper,Rayon,mustard,4999.0,0
85,Male,XL,Warm,black,Festival,Kids,Ethnic,Rayon,burgundy,1999.0,1
85,Male,XL,Warm,black,Festival,Women,Saree,Denim,peach,1999.0,0
85,Male,XL,Warm,black,Festival,Men,Shirt,Linen,blue,1299.0,0
85,Male,XL,Warm,black,Festival,Men,Trousers,Denim,lavender,1299.0,1
85,Male,XL,Warm,black,Festival,Women,Saree,Cotton,cream,999.0,0
85,Male,XL,Warm,black,Festival,Newborn,Onesie,Denim,royal blue,699.0,0
85,Male,XL,Warm,black,Festival,Kids,T-Shirt,Rayon,olive,999.0,1
85,Male,XL,Warm,black,Festival,Kids,Frock,Silk,cream,1999.0,0
85,Male,XL,Warm,black,Festival,Kids,Ethnic,Wool,white,1299.0,0
85,Male,XL,Warm,black,Festival,Kids,Ethnic,Silk,burgundy,999.0,1
85,Male,XL,Warm,black,Festival,Newborn,Onesie,Denim,coral,699.0,1
85,Male,XL,Warm,black,Festival,Men,Trousers,Silk,green,4999.0,0
85,Male,XL,Warm,black,Festival,Newborn,Set,Rayon,burgundy,999.0,1
85,Male,XL,Warm,black,Festival,Women,Salwar,Cotton,coral,1999.0,0
85,Male,XL,Warm,black,Festival,Newborn,Romper,Linen,coral,2999.0,0
85,Male,XL,Warm,black,Festival,Kids,Ethnic,Wool,teal,499.0,0
85,Male,XL,Warm,black,Festival,Men,Shirt,Rayon,peach,1999.0,0
85,Male,XL,Warm,black,Festival,Newborn,Onesie,Linen,pink,1299.0,0
85,Male,XL,Warm,black,Festival,Kids,Frock,Georgette,black,499.0,1
85,Male,XL,Warm,black,Festival,Women,Dress,Georgette,green,299.0,0
85,Male,XL,Warm,black,Festival,Women,Kurti,Silk,burgundy,4999.0,0
85,Male,XL,Warm,black,Festival,Women,Kurti,Cotton,cream,999.0,0
85,Male,XL,Warm,black,Festival,Kids,T-Shirt,Denim,navy,1999.0,0
85,Male,XL,Warm,black,Festival,Women,Dress,Rayon,mustard,999.0,1
86,Male,M,Deep,mustard,Daily,Women,Kurti,Linen,yellow,299.0,0
86,Male,M,Deep,mustard,Daily,Newborn,Set,Georgette,pink,4999.0,0
86,Male,M,Deep,mustard,Daily,Newborn,Onesie,Cotton,yellow,2999.0,0
86,Male,M,Deep,mustard,Daily,Men,Shirt,Rayon,peach,1999.0,1
86,Male,M,Deep,mustard,Daily,Women,Saree,Denim,burgundy,499.0,0
86,Male,M,Deep,mustard,Daily,Kids,Ethnic,Silk,burgundy,999.0,0
86,Male,M,Deep,mustard,Daily,Kids,T-Shirt,Denim,blue,299.0,0
86,Male,M,Deep,mustard,Daily,Women,Saree,Cotton,cream,999.0,0
86,Male,M,Deep,mustard,Daily,Men,Trousers,Rayon,navy,1999.0,1
86,Male,M,Deep,mustard,Daily,Kids,T-Shirt,Georgette,gold,4999.0,0
86,Male,M,Deep,mustard,Daily,Newborn,Onesie,Linen,burgundy,999.0,0
86,Male,M,Deep,mustard,Daily,Kids,T-Shirt,Rayon,olive,999.0,0
86,Male,M,Deep,mustard,Daily,Kids,T-Shirt,Silk,olive,499.0,0
86,Male,M,Deep,mustard,Daily,Newborn,Romper,Silk,lavender,1999.0,0
86,Male,M,Deep,mustard,Daily,Newborn,Romper,Linen,peach,4999.0,0
86,Male,M,Deep,mustard,Daily,Women,Top,Rayon,teal,1999.0,0
86,Male,M,Deep,mustard,Daily,Kids,Ethnic,Georgette,black,1299.0,0
86,Male,M,Deep,mustard,Daily,Newborn,Romper,Wool,coral,1999.0,0
86,Male,M,Deep,mustard,Daily,Women,Dress,Linen,olive,499.0,1
86,Male,M,Deep,mustard,Daily,Men,Blazer,Rayon,red,1299.0,0
86,Male,M,Deep,mustard,Daily,Women,Dress,Cotton,black,1999.0,0
86,Male,M,Deep,mustard,Daily,Women,Dress,Denim,pink,1299.0,0
86,Male,M,Deep,mustard,Daily,Kids,Ethnic,Wool,teal,499.0,0
86,Male,M,Deep,mustard,Daily,Men,Blazer,Wool,white,499.0,1
86,Male,M,Deep,mustard,Daily,Men,T-Shirt,Linen,red,499.0,1
87,Female,L,Deep,blue,Festival,Men,Shirt,Georgette,olive,499.0,0
87,Female,L,Deep,blue,Festival,Newborn,Set,Rayon,burgundy,4999.0,0
87,Female,L,Deep,blue,Festival,Kids,T-Shirt,Silk,olive,499.0,0
87,Female,L,Deep,blue,Festival,Women,Kurti,Silk,magenta,699.0,1
87,Female,L,Deep,blue,Festival,Women,Dress,Denim,pink,1299.0,1
87,Female,L,Deep,blue,Festival,Women,Dress,Silk,black,1299.0,0
87,Female,L,Deep,blue,Festival,Newborn,Onesie,Cotton,yellow,1999.0,0
87,Female,L,Deep,blue,Festival,Kids,Frock,Linen,peach,699.0,1
87,Female,L,Deep,blue,Festival,Newborn,Onesie,Denim,cream,499.0,0
87,Female,L,Deep,blue,Festival,Men,Trousers,Linen,magenta,699.0,0
87,Female,L,Deep,blue,Festival,Women,Salwar,Denim,burgundy,2999.0,0
87,Female,L,Deep,blue,Festival,Men,Kurta,Silk,navy,299.0,0
87,Female,L,Deep,blue,Festival,Women,Salwar,Denim,magenta,4999.0,1
87,Female,L,Deep,blue,Festival,Women,Salwar,Wool,navy,4999.0,0
87,Female,L,Deep,blue,Festival,Men,Blazer,Linen,teal,1299.0,0
87,Female,L,Deep,blue,Festival,Men,Trousers,Denim,lavender,1299.0,0
87,Female,L,Deep,blue,Festival,Women,Kurti,Cotton,cream,999.0,1
87,Female,L,Deep,blue,Festival,Women,Salwar,Cotton,cream,999.0,0
87,Female,L,Deep,blue,Festival,Kids,Frock,Cotton,lavender,499.0,0
87,Female,L,Deep,blue,Festival,Men,Shirt,Rayon,peach,1999.0,0
87,Female,L,Deep,blue,Festival,Women,Salwar,Cotton,magenta,299.0,1
87,Female,L,Deep,blue,Festival,Men,T-Shirt,Rayon,green,2999.0,0
87,Female,L,Deep,blue,Festival,Newborn,Set,Georgette,teal,2999.0,0
87,Female,L,Deep,blue,Festival,Newborn,Romper,Silk,lavender,1999.0,0
87,Female,L,Deep,blue,Festival,Men,Trousers,Cotton,royal blue,1999.0,1
88,Male,S,Dark,navy,Party,Men,Shirt,Rayon,gold,999.0,1
88,Male,S,Dark,navy,Party,Men,Blazer,Georgette,black,2999.0,1
88,Male,S,Dark,navy,Party,Newborn,Romper,Silk,black,499.0,0
88,Male,S,Dark,navy,Party,Newborn,Romper,Rayon,gold,699.0,0
88,Male,S,Dark,navy,Party,Women,Salwar,Cotton,coral,1999.0,1
88,Male,S,Dark,navy,Party,Women,Kurti,Cotton,cream,999.0,0
88,Male,S,Dark,navy,Party,Women,Lehenga,Denim,pink,299.0,0
88,Male,S,Dark,navy,Party,Men,Shirt,Cotton,blue,299.0,0
88,Male,S,Dark,navy,Party,Newborn,Romper,Linen,coral,2999.0,1
88,Male,S,Dark,navy,Party,Newborn,Set,Denim,royal blue,999.0,1
88,Male,S,Dark,navy,Party,Kids,Frock,Cotton,lavender,499.0,0
88,Male,S,Dark,navy,Party,Newborn,Set,Georgette,pink,4999.0,0
88,Male,S,Dark,navy,Party,Women,Kurti,Silk,magenta,699.0,1
88,Male,S,Dark,navy,Party,Newborn,Set,Rayon,white,2999.0,1
88,Male,S,Dark,navy,Party,Kids,Frock,Georgette,black,499.0,0
88,Male,S,Dark,navy,Party,Kids,Frock,Silk,cream,1999.0,0
88,Male,S,Dark,navy,Party,Women,Kurti,Denim,white,699.0,0
88,Male,S,Dark,navy,Party,Newborn,Set,Georgette,teal,699.0,0
88,Male,S,Dark,navy,Party,Newborn,Romper,Silk,lavender,1999.0,0
88,Male,S,Dark,navy,Party,Men,Blazer,Linen,cream,299.0,0
88,Male,S,Dark,navy,Party,Men,Trousers,Linen,lavender,1299.0,1
88,Male,S,Dark,navy,Party,Kids,T-Shirt,Georgette,gold,4999.0,0
88,Male,S,Dark,navy,Party,Kids,Ethnic,Silk,coral,4999.0,1
88,Male,S,Dark,navy,Party,Women,Kurti,Denim,mustard,4999.0,0
88,Male,S,Dark,navy,Party,Newborn,Romper,Wool,burgundy,299.0,1
89,Male,Free Size,Warm,red,Office,Newborn,Romper,Denim,navy,1299.0,0
89,Male,Free Size,Warm,red,Office,Women,Dress,Linen,yellow,1999.0,0
89,Male,Free Size,Warm,red,Office,Kids,Frock,Linen,peach,699.0,0
89,Male,Free Size,Warm,red,Office,Women,Top,Rayon,magenta,699.0,0
89,Male,Free Size,Warm,red,Office,Women,Saree,Denim,burgundy,499.0,1
89,Male,Free Size,Warm,red,Office,Women,Kurti,Rayon,red,499.0,1
89,Male,Free Size,Warm,red,Office,Women,Top,Georgette,peach,999.0,0
89,Male,Free Size,Warm,red,Office,Newborn,Onesie,Denim,yellow,4999.0,0
89,Male,Free Size,Warm,red,Office,Newborn,Set,Georgette,teal,2999.0,0
89,Male,Free Size,Warm,red,Office,Men,T-Shirt,Linen,red,499.0,1
89,Male,Free Size,Warm,red,Office,Men,Blazer,Rayon,red,1299.0,1
89,Male,Free Size,Warm,red,Office,Newborn,Romper,Cotton,pink,999.0,0
89,Male,Free Size,Warm,red,Office,Men,Shirt,Wool,peach,1999.0,1
89,Male,Free Size,Warm,red,Office,Men,Shirt,Rayon,gold,999.0,1
89,Male,Free Size,Warm,red,Office,Women,Salwar,Cotton,magenta,299.0,0
89,Male,Free Size,Warm,red,Office,Newborn,Set,Rayon,burgundy,999.0,1
89,Male,Free Size,Warm,red,Office,Men,Blazer,Denim,pink,699.0,0
89,Male,Free Size,Warm,red,Office,Women,Dress,Georgette,green,299.0,0
89,Male,Free Size,Warm,red,Office,Newborn,Set,Silk,gold,299.0,0
89,Male,Free Size,Warm,red,Office,Men,Trousers,Rayon,olive,499.0,1
89,Male,Free Size,Warm,red,Office,Women,Dress,Rayon,mustard,999.0,1
89,Male,Free Size,Warm,red,Office,Kids,Frock,Silk,cream,1999.0,0
89,Male,Free Size,Warm,red,Office,Kids,Shorts,Silk,gold,499.0,0
89,Male,Free Size,Warm,red,Office,Women,Kurti,Denim,mustard,4999.0,0
89,Male,Free Size,Warm,red,Office,Women,Dress,Cotton,black,1999.0,1
90,Female,XS,Deep,blue,Festival,Kids,Shorts,Georgette,cream,1999.0,0
90,Female,XS,Deep,blue,Festival,Women,Dress,Rayon,mustard,999.0,1
90,Female,XS,Deep,blue,Festival,Women,Lehenga,Denim,pink,299.0,1
90,Female,XS,Deep,blue,Festival,Kids,Frock,Rayon,lavender,499.0,0
90,Female,XS,Deep,blue,Festival,Women,Top,Rayon,teal,1999.0,0
90,Female,XS,Deep,blue,Festival,Men,T-Shirt,Rayon,peach,1999.0,0
90,Female,XS,Deep,blue,Festival,Men,Shirt,Georgette,olive,499.0,0
90,Female,XS,Deep,blue,Festival,Women,Saree,Cotton,cream,999.0,1
90,Female,XS,Deep,blue,Festival,Men,Kurta,Silk,navy,299.0,1
90,Female,XS,Deep,blue,Festival,Women,Top,Rayon,magenta,699.0,1
90,Female,XS,Deep,blue,Festival,Men,Blazer,Georgette,burgundy,1299.0,0
90,Female,XS,Deep,blue,Festival,Women,Salwar,Silk,red,1999.0,0
90,Female,XS,Deep,blue,Festival,Men,T-Shirt,Linen,red,499.0,0
90,Female,XS,Deep,blue,Festival,Newborn,Onesie,Denim,cream,499.0,0
90,Female,XS,Deep,blue,Festival,Newborn,Set,Georgette,teal,699.0,0
90,Female,XS,Deep,blue,Festival,Kids,Ethnic,Wool,teal,499.0,0
90,Female,XS,Deep,blue,Festival,Newborn,Onesie,Cotton,yellow,1999.0,0
90,Female,XS,Deep,blue,Festival,Newborn,Set,Georgette,teal,2999.0,0
90,Female,XS,Deep,blue,Festival,Kids,Frock,Cotton,lavender,499.0,0
90,Female,XS,Deep,blue,Festival,Women,Kurti,Silk,burgundy,4999.0,0
90,Female,XS,Deep,blue,Festival,Newborn,Onesie,Denim,yellow,4999.0,0
90,Female,XS,Deep,blue,Festival,Men,Blazer,Rayon,red,1299.0,0
90,Female,XS,Deep,blue,Festival,Newborn,Romper,Linen,peach,4999.0,0
90,Female,XS,Deep,blue,Festival,Men,Trousers,Linen,lavender,1299.0,0
90,Female,XS,Deep,blue,Festival,Newborn,Romper,Cotton,pink,999.0,0
91,Male,XS,Warm,gold,Party,Kids,Ethnic,Cotton,red,1999.0,1
91,Male,XS,Warm,gold,Party,Women,Dress,Georgette,green,299.0,0
91,Male,XS,Warm,gold,Party,Women,Top,Rayon,magenta,699.0,0
91,Male,XS,Warm,gold,Party,Kids,Frock,Silk,cream,1999.0,0
91,Male,XS,Warm,gold,Party,Men,Blazer,Linen,teal,999.0,1
91,Male,XS,Warm,gold,Party,Newborn,Romper,Linen,peach,4999.0,0
91,Male,XS,Warm,gold,Party,Newborn,Romper,Cotton,pink,999.0,0
91,Male,XS,Warm,gold,Party,Kids,Shorts,Georgette,cream,1999.0,0
91,Male,XS,Warm,gold,Party,Women,Dress,Cotton,black,1999.0,0
91,Male,XS,Warm,gold,Party,Women,Lehenga,Denim,pink,299.0,0
91,Male,XS,Warm,gold,Party,Newborn,Onesie,Linen,burgundy,999.0,1
91,Male,XS,Warm,gold,Party,Women,Top,Silk,gold,4999.0,1
91,Male,XS,Warm,gold,Party,Men,Blazer,Linen,teal,1299.0,1
91,Male,XS,Warm,gold,Party,Newborn,Onesie,Linen,pink,1299.0,0
91,Male,XS,Warm,gold,Party,Newborn,Set,Wool,yellow,2999.0,0
91,Male,XS,Warm,gold,Party,Newborn,Romper,Denim,navy,1299.0,0
91,Male,XS,Warm,gold,Party,Men,Blazer,Wool,white,499.0,0
91,Male,XS,Warm,gold,Party,Newborn,Romper,Silk,lavender,1999.0,0
91,Male,XS,Warm,gold,Party,Women,Salwar,Denim,burgundy,699.0,0
91,Male,XS,Warm,gold,Party,Men,T-Shirt,Rayon,coral,999.0,1
91,Male,XS,Warm,gold,Party,Women,Dress,Linen,yellow,1999.0,0
91,Male,XS,Warm,gold,Party,Kids,Ethnic,Georgette,black,1299.0,0
91,Male,XS,Warm,gold,Party,Kids,T-Shirt,Silk,olive,499.0,1
91,Male,XS,Warm,gold,Party,Women,Salwar,Silk,red,1999.0,1
91,Male,XS,Warm,gold,Party,Women,Salwar,Cotton,coral,1999.0,0
92,Female,XXL,Fair,olive,Daily,Kids,Ethnic,Rayon,burgundy,1999.0,0
92,Female,XXL,Fair,olive,Daily,Kids,Shorts,Silk,gold,499.0,0
92,Female,XXL,Fair,olive,Daily,Newborn,Onesie,Linen,pink,1299.0,0
92,Female,XXL,Fair,olive,Daily,Newborn,Romper,Rayon,mustard,4999.0,0
92,Female,XXL,Fair,olive,Daily,Newborn,Romper,Cotton,pink,999.0,1
92,Female,XXL,Fair,olive,Daily,Kids,T-Shirt,Silk,olive,499.0,0
92,Female,XXL,Fair,olive,Daily,Newborn,Set,Silk,gold,299.0,0
92,Female,XXL,Fair,olive,Daily,Women,Lehenga,Rayon,black,699.0,0
92,Female,XXL,Fair,olive,Daily,Women,Kurti,Linen,yellow,299.0,0
92,Female,XXL,Fair,olive,Daily,Men,Kurta,Cotton,green,499.0,0
92,Female,XXL,Fair,olive,Daily,Men,Blazer,Wool,white,499.0,1
92,Female,XXL,Fair,olive,Daily,Newborn,Onesie,Linen,burgundy,999.0,0
92,Female,XXL,Fair,olive,Daily,Kids,Frock,Cotton,peach,1299.0,0
92,Female,XXL,Fair,olive,Daily,Women,Salwar,Denim,burgundy,699.0,1
92,Female,XXL,Fair,olive,Daily,Kids,T-Shirt,Rayon,olive,999.0,1
92,Female,XXL,Fair,olive,Daily,Newborn,Romper,Wool,burgundy,999.0,0
92,Female,XXL,Fair,olive,Daily,Women,Dress,Silk,black,1299.0,1
92,Female,XXL,Fair,olive,Daily,Newborn,Romper,Rayon,gold,699.0,0
92,Female,XXL,Fair,olive,Daily,Newborn,Onesie,Cotton,yellow,2999.0,0
92,Female,XXL,Fair,olive,Daily,Kids,Ethnic,Wool,teal,499.0,0
92,Female,XXL,Fair,olive,Daily,Women,Salwar,Cotton,magenta,299.0,0
92,Female,XXL,Fair,olive,Daily,Women,Kurti,Rayon,red,499.0,0
92,Female,XXL,Fair,olive,Daily,Men,Shirt,Georgette,olive,499.0,1
92,Female,XXL,Fair,olive,Daily,Women,Kurti,Silk,magenta,699.0,0
92,Female,XXL,Fair,olive,Daily,Newborn,Romper,Wool,burgundy,299.0,0
93,Female,M,Deep,mustard,Office,Newborn,Onesie,Denim,royal blue,699.0,0
93,Female,M,Deep,mustard,Office,Kids,Ethnic,Rayon,burgundy,1999.0,1
93,Female,M,Deep,mustard,Office,Men,Blazer,Georgette,burgundy,1299.0,0
93,Female,M,Deep,mustard,Office,Kids,Ethnic,Rayon,royal blue,4999.0,0
93,Female,M,Deep,mustard,Office,Kids,Ethnic,Georgette,black,1299.0,0
93,Female,M,Deep,mustard,Office,Newborn,Set,Rayon,blue,999.0,0
93,Female,M,Deep,mustard,Office,Newborn,Romper,Wool,burgundy,999.0,0
93,Female,M,Deep,mustard,Office,Newborn,Onesie,Cotton,yellow,1999.0,0
93,Female,M,Deep,mustard,Office,Women,Kurti,Linen,yellow,299.0,0
93,Female,M,Deep,mustard,Office,Newborn,Set,Georgette,teal,2999.0,0
93,Female,M,Deep,mustard,Office,Kids,Shorts,Silk,gold,499.0,1
93,Female,M,Deep,mustard,Office,Kids,T-Shirt,Denim,burgundy,1299.0,0
93,Female,M,Deep,mustard,Office,Newborn,Onesie,Denim,coral,699.0,0
93,Female,M,Deep,mustard,Office,Newborn,Romper,Linen,coral,2999.0,0
93,Female,M,Deep,mustard,Office,Newborn,Onesie,Linen,burgundy,999.0,0
93,Female,M,Deep,mustard,Office,Kids,Frock,Wool,burgundy,999.0,0
93,Female,M,Deep,mustard,Office,Women,Lehenga,Rayon,black,699.0,1
93,Female,M,Deep,mustard,Office,Newborn,Set,Georgette,pink,4999.0,0
93,Female,M,Deep,mustard,Office,Women,Dress,Denim,pink,1299.0,1
93,Female,M,Deep,mustard,Office,Men,Kurta,Silk,teal,1299.0,0
93,Female,M,Deep,mustard,Office,Kids,Frock,Linen,peach,699.0,0
93,Female,M,Deep,mustard,Office,Newborn,Set,Rayon,white,2999.0,0
93,Female,M,Deep,mustard,Office,Women,Kurti,Cotton,cream,999.0,0
93,Female,M,Deep,mustard,Office,Kids,Ethnic,Silk,burgundy,999.0,0
93,Female,M,Deep,mustard,Office,Newborn,Romper,Linen,peach,4999.0,0
94,Male,XL,Fair,black,Daily,Kids,Frock,Linen,peach,699.0,1
94,Male,XL,Fair,black,Daily,Women,Kurti,Silk,burgundy,4999.0,0
94,Male,XL,Fair,black,Daily,Kids,Ethnic,Cotton,olive,1999.0,0
94,Male,XL,Fair,black,Daily,Newborn,Set,Rayon,burgundy,4999.0,0
94,Male,XL,Fair,black,Daily,Women,Saree,Cotton,cream,999.0,0
94,Male,XL,Fair,black,Daily,Newborn,Set,Denim,royal blue,999.0,0
94,Male,XL,Fair,black,Daily,Men,T-Shirt,Rayon,peach,1999.0,1
94,Male,XL,Fair,black,Daily,Kids,Frock,Cotton,peach,1299.0,0
94,Male,XL,Fair,black,Daily,Men,Kurta,Silk,teal,1299.0,1
94,Male,XL,Fair,black,Daily,Newborn,Romper,Rayon,gold,699.0,0
94,Male,XL,Fair,black,Daily,Newborn,Set,Silk,gold,299.0,0
94,Male,XL,Fair,black,Daily,Kids,Ethnic,Silk,coral,4999.0,0
94,Male,XL,Fair,black,Daily,Men,Shirt,Rayon,peach,1999.0,1
94,Male,XL,Fair,black,Daily,Kids,T-Shirt,Cotton,black,499.0,0
94,Male,XL,Fair,black,Daily,Men,Shirt,Rayon,gold,999.0,0
94,Male,XL,Fair,black,Daily,Women,Kurti,Rayon,red,499.0,0
94,Male,XL,Fair,black,Daily,Men,Shirt,Linen,green,1299.0,1
94,Male,XL,Fair,black,Daily,Kids,Frock,Georgette,black,499.0,0
94,Male,XL,Fair,black,Daily,Women,Lehenga,Rayon,black,699.0,1
94,Male,XL,Fair,black,Daily,Men,Shirt,Cotton,blue,299.0,0
94,Male,XL,Fair,black,Daily,Men,Trousers,Silk,green,4999.0,0
94,Male,XL,Fair,black,Daily,Women,Kurti,Silk,magenta,699.0,0
94,Male,XL,Fair,black,Daily,Women,Dress,Silk,black,1299.0,1
94,Male,XL,Fair,black,Daily,Newborn,Onesie,Silk,blue,299.0,0
94,Male,XL,Fair,black,Daily,Kids,T-Shirt,Denim,burgundy,1299.0,0
95,Female,S,Deep,pink,Festival,Newborn,Romper,Wool,coral,1999.0,1
95,Female,S,Deep,pink,Festival,Newborn,Onesie,Denim,coral,699.0,1
95,Female,S,Deep,pink,Festival,Men,Trousers,Linen,magenta,699.0,1
95,Female,S,Deep,pink,Festival,Newborn,Onesie,Denim,royal blue,699.0,1
95,Female,S,Deep,pink,Festival,Newborn,Romper,Linen,coral,2999.0,0
95,Female,S,Deep,pink,Festival,Women,Salwar,Denim,burgundy,699.0,1
95,Female,S,Deep,pink,Festival,Kids,T-Shirt,Silk,white,999.0,0
95,Female,S,Deep,pink,Festival,Kids,Ethnic,Cotton,red,1999.0,0
95,Female,S,Deep,pink,Festival,Men,Kurta,Silk,navy,299.0,0
95,Female,S,Deep,pink,Festival,Women,Saree,Cotton,cream,999.0,1
95,Female,S,Deep,pink,Festival,Kids,Ethnic,Silk,burgundy,999.0,0
95,Female,S,Deep,pink,Festival,Men,Trousers,Rayon,navy,1999.0,0
95,Female,S,Deep,pink,Festival,Kids,T-Shirt,Silk,olive,499.0,0
95,Female,S,Deep,pink,Festival,Newborn,Set,Rayon,burgundy,999.0,0
95,Female,S,Deep,pink,Festival,Men,Kurta,Silk,red,4999.0,0
95,Female,S,Deep,pink,Festival,Men,T-Shirt,Rayon,green,2999.0,0
95,Female,S,Deep,pink,Festival,Men,T-Shirt,Rayon,peach,1999.0,0
95,Female,S,Deep,pink,Festival,Women,Dress,Linen,olive,499.0,0
95,Female,S,Deep,pink,Festival,Women,Top,Silk,gold,4999.0,1
95,Female,S,Deep,pink,Festival,Men,Shirt,Wool,peach,1999.0,0
95,Female,S,Deep,pink,Festival,Women,Salwar,Wool,navy,4999.0,1
95,Female,S,Deep,pink,Festival,Men,Blazer,Linen,cream,299.0,0
95,Female,S,Deep,pink,Festival,Kids,Ethnic,Wool,white,1299.0,1
95,Female,S,Deep,pink,Festival,Women,Lehenga,Rayon,black,699.0,1
95,Female,S,Deep,pink,Festival,Newborn,Set,Georgette,teal,2999.0,0
96,Male,Free Size,Deep,red,Festival,Kids,T-Shirt,Georgette,gold,4999.0,0
96,Male,Free Size,Deep,red,Festival,Women,Salwar,Cotton,coral,1999.0,0
96,Male,Free Size,Deep,red,Festival,Newborn,Onesie,Cotton,yellow,2999.0,0
96,Male,Free Size,Deep,red,Festival,Men,T-Shirt,Rayon,peach,1999.0,0
96,Male,Free Size,Deep,red,Festival,Women,Kurti,Rayon,red,499.0,1
96,Male,Free Size,Deep,red,Festival,Women,Dress,Denim,pink,1299.0,0
96,Male,Free Size,Deep,red,Festival,Newborn,Onesie,Cotton,yellow,1999.0,0
96,Male,Free Size,Deep,red,Festival,Kids,Ethnic,Rayon,burgundy,1999.0,0
96,Male,Free Size,Deep,red,Festival,Kids,T-Shirt,Silk,white,999.0,0
96,Male,Free Size,Deep,red,Festival,Women,Lehenga,Denim,pink,299.0,0
96,Male,Free Size,Deep,red,Festival,Men,Shirt,Rayon,peach,1999.0,1
96,Male,Free Size,Deep,red,Festival,Women,Kurti,Silk,burgundy,4999.0,0
96,Male,Free Size,Deep,red,Festival,Men,Kurta,Cotton,green,499.0,1
96,Male,Free Size,Deep,red,Festival,Kids,Ethnic,Georgette,black,1299.0,0
96,Male,Free Size,Deep,red,Festival,Kids,Ethnic,Rayon,royal blue,4999.0,1
96,Male,Free Size,Deep,red,Festival,Women,Top,Rayon,magenta,699.0,1
96,Male,Free Size,Deep,red,Festival,Kids,Frock,Georgette,black,499.0,1
96,Male,Free Size,Deep,red,Festival,Women,Saree,Denim,burgundy,499.0,0
96,Male,Free Size,Deep,red,Festival,Newborn,Onesie,Denim,cream,499.0,0
96,Male,Free Size,Deep,red,Festival,Men,Trousers,Denim,lavender,1299.0,0
96,Male,Free Size,Deep,red,Festival,Women,Lehenga,Rayon,black,699.0,1
96,Male,Free Size,Deep,red,Festival,Men,Trousers,Linen,lavender,1299.0,0
96,Male,Free Size,Deep,red,Festival,Men,T-Shirt,Rayon,coral,999.0,0
96,Male,Free Size,Deep,red,Festival,Men,Kurta,Silk,navy,299.0,1
96,Male,Free Size,Deep,red,Festival,Women,Top,Rayon,teal,1999.0,0
97,Male,XXL,Medium,white,Casual,Newborn,Set,Georgette,teal,2999.0,0
97,Male,XXL,Medium,white,Casual,Women,Kurti,Denim,mustard,4999.0,0
97,Male,XXL,Medium,white,Casual,Newborn,Set,Silk,gold,299.0,0
97,Male,XXL,Medium,white,Casual,Kids,T-Shirt,Georgette,gold,4999.0,0
97,Male,XXL,Medium,white,Casual,Kids,Ethnic,Silk,coral,4999.0,0
97,Male,XXL,Medium,white,Casual,Newborn,Onesie,Silk,blue,299.0,0
97,Male,XXL,Medium,white,Casual,Women,Kurti,Linen,yellow,299.0,0
97,Male,XXL,Medium,white,Casual,Newborn,Onesie,Linen,pink,1299.0,1
97,Male,XXL,Medium,white,Casual,Newborn,Set,Rayon,white,2999.0,0
97,Male,XXL,Medium,white,Casual,Women,Lehenga,Denim,pink,299.0,0
97,Male,XXL,Medium,white,Casual,Women,Lehenga,Rayon,black,699.0,0
97,Male,XXL,Medium,white,Casual,Kids,Frock,Silk,cream,1999.0,0
97,Male,XXL,Medium,white,Casual,Newborn,Romper,Wool,burgundy,999.0,1
97,Male,XXL,Medium,white,Casual,Newborn,Onesie,Denim,coral,699.0,1
97,Male,XXL,Medium,white,Casual,Men,Trousers,Cotton,royal blue,1999.0,0
97,Male,XXL,Medium,white,Casual,Newborn,Set,Denim,royal blue,999.0,0
97,Male,XXL,Medium,white,Casual,Kids,Shorts,Silk,gold,499.0,0
97,Male,XXL,Medium,white,Casual,Newborn,Onesie,Cotton,yellow,2999.0,0
97,Male,XXL,Medium,white,Casual,Kids,Shorts,Georgette,cream,1999.0,0
97,Male,XXL,Medium,white,Casual,Newborn,Romper,Linen,coral,2999.0,1
97,Male,XXL,Medium,white,Casual,Women,Salwar,Denim,burgundy,2999.0,1
97,Male,XXL,Medium,white,Casual,Men,Shirt,Wool,peach,1999.0,1
97,Male,XXL,Medium,white,Casual,Men,Kurta,Cotton,green,499.0,0
97,Male,XXL,Medium,white,Casual,Men,Trousers,Denim,lavender,1299.0,0
97,Male,XXL,Medium,white,Casual,Women,Kurti,Denim,white,699.0,1
98,Female,Free Size,Fair,coral,Party,Men,Blazer,Wool,white,499.0,1
98,Female,Free Size,Fair,coral,Party,Women,Kurti,Cotton,cream,999.0,1
98,Female,Free Size,Fair,coral,Party,Women,Kurti,Silk,burgundy,4999.0,0
98,Female,Free Size,Fair,coral,Party,Women,Kurti,Denim,white,699.0,1
98,Female,Free Size,Fair,coral,Party,Women,Lehenga,Wool,white,999.0,1
98,Female,Free Size,Fair,coral,Party,Women,Dress,Linen,olive,499.0,1
98,Female,Free Size,Fair,coral,Party,Kids,Ethnic,Wool,teal,499.0,0
98,Female,Free Size,Fair,coral,Party,Women,Saree,Denim,peach,1999.0,1
98,Female,Free Size,Fair,coral,Party,Newborn,Romper,Rayon,mustard,4999.0,0
98,Female,Free Size,Fair,coral,Party,Women,Top,Rayon,magenta,699.0,0
98,Female,Free Size,Fair,coral,Party,Kids,Frock,Silk,cream,1999.0,1
98,Female,Free Size,Fair,coral,Party,Kids,Ethnic,Silk,coral,4999.0,1
98,Female,Free Size,Fair,coral,Party,Kids,Frock,Cotton,lavender,499.0,0
98,Female,Free Size,Fair,coral,Party,Women,Lehenga,Rayon,black,699.0,1
98,Female,Free Size,Fair,coral,Party,Newborn,Set,Rayon,burgundy,4999.0,0
98,Female,Free Size,Fair,coral,Party,Men,Kurta,Cotton,green,499.0,0
98,Female,Free Size,Fair,coral,Party,Men,T-Shirt,Rayon,peach,1999.0,0
98,Female,Free Size,Fair,coral,Party,Kids,Frock,Rayon,lavender,499.0,0
98,Female,Free Size,Fair,coral,Party,Kids,Ethnic,Silk,burgundy,999.0,0
98,Female,Free Size,Fair,coral,Party,Newborn,Onesie,Linen,pink,1299.0,1
98,Female,Free Size,Fair,coral,Party,Women,Salwar,Wool,navy,4999.0,0
98,Female,Free Size,Fair,coral,Party,Women,Kurti,Rayon,red,499.0,0
98,Female,Free Size,Fair,coral,Party,Kids,Ethnic,Cotton,olive,1999.0,0
98,Female,Free Size,Fair,coral,Party,Men,Shirt,Wool,peach,1999.0,1
98,Female,Free Size,Fair,coral,Party,Men,T-Shirt,Linen,red,499.0,0
99,Female,L,Light,black,Office,Men,T-Shirt,Rayon,coral,999.0,1
99,Female,L,Light,black,Office,Kids,T-Shirt,Denim,navy,1999.0,0
99,Female,L,Light,black,Office,Men,Shirt,Cotton,blue,299.0,1
99,Female,L,Light,black,Office,Newborn,Onesie,Denim,coral,699.0,1
99,Female,L,Light,black,Office,Women,Salwar,Denim,burgundy,2999.0,0
99,Female,L,Light,black,Office,Women,Dress,Georgette,green,299.0,1
99,Female,L,Light,black,Office,Men,Shirt,Linen,green,1299.0,1
99,Female,L,Light,black,Office,Women,Kurti,Silk,magenta,699.0,0
99,Female,L,Light,black,Office,Newborn,Onesie,Denim,cream,499.0,0
99,Female,L,Light,black,Office,Men,Blazer,Georgette,burgundy,1299.0,0
99,Female,L,Light,black,Office,Women,Dress,Linen,olive,499.0,0
99,Female,L,Light,black,Office,Newborn,Set,Silk,gold,299.0,0
99,Female,L,Light,black,Office,Newborn,Romper,Wool,burgundy,999.0,0
99,Female,L,Light,black,Office,Kids,Ethnic,Georgette,black,1299.0,1
99,Female,L,Light,black,Office,Newborn,Onesie,Denim,royal blue,699.0,0
99,Female,L,Light,black,Office,Newborn,Set,Georgette,teal,699.0,1
99,Female,L,Light,black,Office,Kids,Ethnic,Rayon,burgundy,1999.0,0
99,Female,L,Light,black,Office,Women,Top,Rayon,magenta,699.0,0
99,Female,L,Light,black,Office,Men,Blazer,Denim,pink,699.0,0
99,Female,L,Light,black,Office,Kids,Ethnic,Silk,coral,4999.0,0
99,Female,L,Light,black,Office,Men,Trousers,Rayon,olive,499.0,0
99,Female,L,Light,black,Office,Men,Trousers,Silk,green,4999.0,0
99,Female,L,Light,black,Office,Men,Shirt,Wool,peach,1999.0,1
99,Female,L,Light,black,Office,Kids,T-Shirt,Silk,white,999.0,0
99,Female,L,Light,black,Office,Women,Kurti,Denim,mustard,4999.0,0
100,Female,XL,Deep,green,Wedding,Women,Dress,Silk,black,1299.0,0
100,Female,XL,Deep,green,Wedding,Newborn,Romper,Rayon,mustard,4999.0,0
100,Female,XL,Deep,green,Wedding,Women,Top,Rayon,teal,1999.0,1
100,Female,XL,Deep,green,Wedding,Men,Shirt,Linen,blue,1299.0,0
100,Female,XL,Deep,green,Wedding,Newborn,Set,Rayon,white,2999.0,0
100,Female,XL,Deep,green,Wedding,Women,Kurti,Denim,white,699.0,0
100,Female,XL,Deep,green,Wedding,Kids,T-Shirt,Silk,olive,499.0,0
100,Female,XL,Deep,green,Wedding,Women,Kurti,Rayon,red,499.0,1
100,Female,XL,Deep,green,Wedding,Kids,T-Shirt,Silk,white,999.0,1
100,Female,XL,Deep,green,Wedding,Newborn,Set,Denim,royal blue,999.0,1
100,Female,XL,Deep,green,Wedding,Women,Dress,Cotton,black,1999.0,1
100,Female,XL,Deep,green,Wedding,Kids,T-Shirt,Georgette,gold,4999.0,1
100,Female,XL,Deep,green,Wedding,Kids,T-Shirt,Rayon,olive,999.0,0
100,Female,XL,Deep,green,Wedding,Men,Kurta,Silk,teal,1299.0,0
100,Female,XL,Deep,green,Wedding,Women,Lehenga,Denim,pink,299.0,1
100,Female,XL,Deep,green,Wedding,Newborn,Romper,Wool,coral,1999.0,0
100,Female,XL,Deep,green,Wedding,Newborn,Onesie,Denim,yellow,4999.0,0
100,Female,XL,Deep,green,Wedding,Kids,Frock,Cotton,lavender,499.0,0
100,Female,XL,Deep,green,Wedding,Women,Top,Georgette,peach,999.0,1
100,Female,XL,Deep,green,Wedding,Kids,T-Shirt,Cotton,black,499.0,0
100,Female,XL,Deep,green,Wedding,Men,Shirt,Rayon,peach,1999.0,0
100,Female,XL,Deep,green,Wedding,Newborn,Romper,Silk,black,499.0,0
100,Female,XL,Deep,green,Wedding,Newborn,Onesie,Cotton,yellow,2999.0,0
100,Female,XL,Deep,green,Wedding,Women,Dress,Denim,pink,1299.0,1
100,Female,XL,Deep,green,Wedding,Women,Dress,Georgette,green,299.0,1
101,Male,XS,Dark,magenta,Office,Kids,Frock,Cotton,peach,1299.0,0
101,Male,XS,Dark,magenta,Office,Kids,T-Shirt,Silk,white,999.0,1
101,Male,XS,Dark,magenta,Office,Men,Blazer,Wool,white,499.0,1
101,Male,XS,Dark,magenta,Office,Men,Trousers,Linen,lavender,1299.0,1
101,Male,XS,Dark,magenta,Office,Men,Kurta,Silk,red,4999.0,1
101,Male,XS,Dark,magenta,Office,Kids,T-Shirt,Cotton,black,499.0,0
101,Male,XS,Dark,magenta,Office,Women,Salwar,Cotton,cream,999.0,0
101,Male,XS,Dark,magenta,Office,Men,Kurta,Silk,navy,299.0,0
101,Male,XS,Dark,magenta,Office,Men,Kurta,Cotton,green,499.0,0
101,Male,XS,Dark,magenta,Office,Newborn,Onesie,Silk,blue,299.0,0
101,Male,XS,Dark,magenta,Office,Men,Shirt,Cotton,blue,299.0,0
101,Male,XS,Dark,magenta,Office,Men,Blazer,Georgette,black,2999.0,0
101,Male,XS,Dark,magenta,Office,Kids,Frock,Georgette,black,499.0,0
101,Male,XS,Dark,magenta,Office,Men,Kurta,Silk,teal,1299.0,1
101,Male,XS,Dark,magenta,Office,Kids,T-Shirt,Georgette,gold,4999.0,0
101,Male,XS,Dark,magenta,Office,Women,Salwar,Wool,navy,4999.0,0
101,Male,XS,Dark,magenta,Office,Newborn,Onesie,Linen,burgundy,999.0,0
101,Male,XS,Dark,magenta,Office,Newborn,Set,Georgette,teal,2999.0,0
101,Male,XS,Dark,magenta,Office,Kids,T-Shirt,Denim,navy,1999.0,0
101,Male,XS,Dark,magenta,Office,Newborn,Onesie,Linen,pink,1299.0,0
101,Male,XS,Dark,magenta,Office,Newborn,Romper,Cotton,pink,999.0,0
101,Male,XS,Dark,magenta,Office,Kids,Shorts,Silk,gold,499.0,0
101,Male,XS,Dark,magenta,Office,Newborn,Set,Rayon,burgundy,999.0,0
101,Male,XS,Dark,magenta,Office,Newborn,Set,Rayon,burgundy,4999.0,0
101,Male,XS,Dark,magenta,Office,Newborn,Romper,Denim,navy,1299.0,0
102,Male,L,Dark,blue,Wedding,Men,Shirt,Linen,blue,1299.0,1
102,Male,L,Dark,blue,Wedding,Kids,Frock,Cotton,peach,1299.0,0
102,Male,L,Dark,blue,Wedding,Men,Shirt,Rayon,gold,999.0,1
102,Male,L,Dark,blue,Wedding,Women,Top,Rayon,teal,1999.0,0
102,Male,L,Dark,blue,Wedding,Kids,Frock,Georgette,black,499.0,0
102,Male,L,Dark,blue,Wedding,Newborn,Set,Wool,yellow,2999.0,0
102,Male,L,Dark,blue,Wedding,Newborn,Set,Rayon,blue,999.0,1
102,Male,L,Dark,blue,Wedding,Kids,Ethnic,Georgette,black,1299.0,0
102,Male,L,Dark,blue,Wedding,Newborn,Romper,Silk,lavender,1999.0,0
102,Male,L,Dark,blue,Wedding,Men,Shirt,Georgette,olive,499.0,1
102,Male,L,Dark,blue,Wedding,Kids,T-Shirt,Denim,burgundy,1299.0,0
102,Male,L,Dark,blue,Wedding,Newborn,Romper,Wool,burgundy,299.0,0
102,Male,L,Dark,blue,Wedding,Newborn,Romper,Rayon,gold,699.0,0
102,Male,L,Dark,blue,Wedding,Newborn,Onesie,Linen,pink,1299.0,0
102,Male,L,Dark,blue,Wedding,Men,Shirt,Linen,green,1299.0,1
102,Male,L,Dark,blue,Wedding,Men,Kurta,Silk,navy,299.0,1
102,Male,L,Dark,blue,Wedding,Newborn,Onesie,Denim,cream,499.0,1
102,Male,L,Dark,blue,Wedding,Women,Top,Silk,gold,4999.0,0
102,Male,L,Dark,blue,Wedding,Kids,T-Shirt,Silk,olive,499.0,0
102,Male,L,Dark,blue,Wedding,Women,Dress,Georgette,green,299.0,0
102,Male,L,Dark,blue,Wedding,Men,Kurta,Silk,red,4999.0,1
102,Male,L,Dark,blue,Wedding,Men,Shirt,Rayon,peach,1999.0,1
102,Male,L,Dark,blue,Wedding,Kids,T-Shirt,Georgette,gold,4999.0,0
102,Male,L,Dark,blue,Wedding,Women,Saree,Denim,peach,1999.0,0
102,Male,L,Dark,blue,Wedding,Women,Salwar,Silk,red,1999.0,1
103,Female,XXL,Medium,lavender,Party,Kids,T-Shirt,Rayon,olive,999.0,0
103,Female,XXL,Medium,lavender,Party,Men,Blazer,Linen,teal,1299.0,1
103,Female,XXL,Medium,lavender,Party,Kids,Ethnic,Rayon,burgundy,1999.0,1
103,Female,XXL,Medium,lavender,Party,Women,Top,Silk,gold,4999.0,0
103,Female,XXL,Medium,lavender,Party,Men,Trousers,Linen,magenta,699.0,0
103,Female,XXL,Medium,lavender,Party,Men,Blazer,Georgette,black,2999.0,0
103,Female,XXL,Medium,lavender,Party,Women,Lehenga,Rayon,black,699.0,1
103,Female,XXL,Medium,lavender,Party,Newborn,Onesie,Denim,royal blue,699.0,0
103,Female,XXL,Medium,lavender,Party,Women,Salwar,Cotton,coral,1999.0,1
103,Female,XXL,Medium,lavender,Party,Newborn,Romper,Linen,peach,4999.0,0
103,Female,XXL,Medium,lavender,Party,Women,Dress,Georgette,green,299.0,0
103,Female,XXL,Medium,lavender,Party,Men,Shirt,Rayon,gold,999.0,0
103,Female,XXL,Medium,lavender,Party,Newborn,Onesie,Denim,cream,499.0,0
103,Female,XXL,Medium,lavender,Party,Women,Kurti,Silk,burgundy,4999.0,1
103,Female,XXL,Medium,lavender,Party,Newborn,Romper,Silk,lavender,1999.0,1
103,Female,XXL,Medium,lavender,Party,Newborn,Onesie,Silk,blue,299.0,0
103,Female,XXL,Medium,lavender,Party,Women,Saree,Cotton,cream,999.0,1
103,Female,XXL,Medium,lavender,Party,Kids,Frock,Cotton,peach,1299.0,0
103,Female,XXL,Medium,lavender,Party,Men,Blazer,Georgette,burgundy,1299.0,1
103,Female,XXL,Medium,lavender,Party,Women,Saree,Denim,burgundy,499.0,1
103,Female,XXL,Medium,lavender,Party,Newborn,Romper,Wool,burgundy,999.0,1
103,Female,XXL,Medium,lavender,Party,Kids,Shorts,Silk,gold,499.0,0
103,Female,XXL,Medium,lavender,Party,Men,T-Shirt,Rayon,peach,1999.0,0
103,Female,XXL,Medium,lavender,Party,Women,Lehenga,Denim,pink,299.0,1
103,Female,XXL,Medium,lavender,Party,Men,Kurta,Silk,teal,1299.0,0
104,Male,Free Size,Warm,coral,Daily,Newborn,Onesie,Cotton,yellow,1999.0,0
104,Male,Free Size,Warm,coral,Daily,Women,Top,Rayon,teal,1999.0,0
104,Male,Free Size,Warm,coral,Daily,Men,Blazer,Linen,teal,1299.0,1
104,Male,Free Size,Warm,coral,Daily,Kids,T-Shirt,Denim,navy,1999.0,0
104,Male,Free Size,Warm,coral,Daily,Newborn,Onesie,Denim,coral,699.0,1
104,Male,Free Size,Warm,coral,Daily,Newborn,Set,Rayon,burgundy,4999.0,1
104,Male,Free Size,Warm,coral,Daily,Kids,Shorts,Silk,gold,499.0,1
104,Male,Free Size,Warm,coral,Daily,Women,Salwar,Denim,burgundy,699.0,0
104,Male,Free Size,Warm,coral,Daily,Women,Kurti,Denim,white,699.0,0
104,Male,Free Size,Warm,coral,Daily,Kids,Frock,Linen,peach,699.0,0
104,Male,Free Size,Warm,coral,Daily,Men,Blazer,Rayon,red,1299.0,1
104,Male,Free Size,Warm,coral,Daily,Newborn,Onesie,Linen,burgundy,999.0,1
104,Male,Free Size,Warm,coral,Daily,Women,Top,Cotton,green,2999.0,0
104,Male,Free Size,Warm,coral,Daily,Men,Blazer,Linen,teal,999.0,0
104,Male,Free Size,Warm,coral,Daily,Men,Kurta,Silk,navy,299.0,0
104,Male,Free Size,Warm,coral,Daily,Newborn,Set,Georgette,pink,4999.0,0
104,Male,Free Size,Warm,coral,Daily,Women,Dress,Denim,pink,1299.0,0
104,Male,Free Size,Warm,coral,Daily,Newborn,Romper,Linen,peach,4999.0,0
104,Male,Free Size,Warm,coral,Daily,Newborn,Onesie,Denim,cream,499.0,0
104,Male,Free Size,Warm,coral,Daily,Newborn,Onesie,Cotton,yellow,2999.0,0
104,Male,Free Size,Warm,coral,Daily,Newborn,Onesie,Denim,yellow,4999.0,0
104,Male,Free Size,Warm,coral,Daily,Women,Kurti,Linen,yellow,299.0,0
104,Male,Free Size,Warm,coral,Daily,Men,T-Shirt,Rayon,peach,1999.0,0
104,Male,Free Size,Warm,coral,Daily,Newborn,Romper,Silk,lavender,1999.0,0
104,Male,Free Size,Warm,coral,Daily,Men,Shirt,Wool,peach,1999.0,0
105,Male,XS,Warm,royal blue,Office,Kids,Shorts,Georgette,cream,1999.0,0
105,Male,XS,Warm,royal blue,Office,Newborn,Onesie,Linen,burgundy,999.0,1
105,Male,XS,Warm,royal blue,Office,Men,T-Shirt,Rayon,coral,999.0,1
105,Male,XS,Warm,royal blue,Office,Newborn,Set,Rayon,white,2999.0,0
105,Male,XS,Warm,royal blue,Office,Men,Blazer,Georgette,black,2999.0,0
105,Male,XS,Warm,royal blue,Office,Men,Kurta,Silk,navy,299.0,0
105,Male,XS,Warm,royal blue,Office,Kids,Ethnic,Rayon,burgundy,1999.0,0
105,Male,XS,Warm,royal blue,Office,Newborn,Romper,Wool,burgundy,299.0,0
105,Male,XS,Warm,royal blue,Office,Women,Dress,Cotton,black,1999.0,0
105,Male,XS,Warm,royal blue,Office,Newborn,Onesie,Cotton,yellow,1999.0,0
105,Male,XS,Warm,royal blue,Office,Men,Kurta,Silk,teal,1299.0,0
105,Male,XS,Warm,royal blue,Office,Men,Shirt,Rayon,gold,999.0,1
105,Male,XS,Warm,royal blue,Office,Men,T-Shirt,Linen,red,499.0,1
105,Male,XS,Warm,royal blue,Office,Kids,Ethnic,Wool,white,1299.0,0
105,Male,XS,Warm,royal blue,Office,Kids,T-Shirt,Silk,olive,499.0,1
105,Male,XS,Warm,royal blue,Office,Kids,Frock,Cotton,peach,1299.0,0
105,Male,XS,Warm,royal blue,Office,Newborn,Set,Georgette,teal,699.0,0
105,Male,XS,Warm,royal blue,Office,Kids,T-Shirt,Denim,blue,299.0,1
105,Male,XS,Warm,royal blue,Office,Kids,Ethnic,Silk,coral,4999.0,0
105,Male,XS,Warm,royal blue,Office,Kids,T-Shirt,Denim,burgundy,1299.0,0
105,Male,XS,Warm,royal blue,Office,Women,Kurti,Cotton,cream,999.0,0
105,Male,XS,Warm,royal blue,Office,Men,T-Shirt,Rayon,green,2999.0,0
105,Male,XS,Warm,royal blue,Office,Newborn,Set,Silk,gold,299.0,1
105,Male,XS,Warm,royal blue,Office,Newborn,Onesie,Silk,blue,299.0,1
105,Male,XS,Warm,royal blue,Office,Newborn,Romper,Linen,peach,4999.0,0
106,Female,XXL,Warm,gold,Festival,Women,Top,Rayon,magenta,699.0,0
106,Female,XXL,Warm,gold,Festival,Men,Kurta,Silk,red,4999.0,1
106,Female,XXL,Warm,gold,Festival,Kids,Frock,Silk,cream,1999.0,0
106,Female,XXL,Warm,gold,Festival,Kids,Shorts,Silk,gold,499.0,1
106,Female,XXL,Warm,gold,Festival,Women,Kurti,Denim,mustard,4999.0,1
106,Female,XXL,Warm,gold,Festival,Kids,Ethnic,Rayon,burgundy,1999.0,1
106,Female,XXL,Warm,gold,Festival,Women,Salwar,Silk,red,1999.0,1
106,Female,XXL,Warm,gold,Festival,Newborn,Set,Rayon,blue,999.0,0
106,Female,XXL,Warm,gold,Festival,Women,Top,Georgette,peach,999.0,0
106,Female,XXL,Warm,gold,Festival,Women,Dress,Cotton,black,1999.0,1
106,Female,XXL,Warm,gold,Festival,Newborn,Romper,Linen,coral,2999.0,1
106,Female,XXL,Warm,gold,Festival,Women,Kurti,Linen,yellow,299.0,0
106,Female,XXL,Warm,gold,Festival,Women,Saree,Denim,peach,1999.0,1
106,Female,XXL,Warm,gold,Festival,Newborn,Set,Silk,gold,299.0,0
106,Female,XXL,Warm,gold,Festival,Women,Salwar,Cotton,coral,1999.0,1
106,Female,XXL,Warm,gold,Festival,Men,Blazer,Denim,pink,699.0,0
106,Female,XXL,Warm,gold,Festival,Newborn,Romper,Silk,black,499.0,0
106,Female,XXL,Warm,gold,Festival,Women,Top,Cotton,green,2999.0,0
106,Female,XXL,Warm,gold,Festival,Newborn,Onesie,Denim,cream,499.0,0
106,Female,XXL,Warm,gold,Festival,Women,Saree,Cotton,cream,999.0,1
106,Female,XXL,Warm,gold,Festival,Men,Blazer,Georgette,black,2999.0,0
106,Female,XXL,Warm,gold,Festival,Newborn,Onesie,Cotton,yellow,1999.0,0
106,Female,XXL,Warm,gold,Festival,Men,T-Shirt,Rayon,coral,999.0,1
106,Female,XXL,Warm,gold,Festival,Newborn,Set,Rayon,burgundy,4999.0,1
106,Female,XXL,Warm,gold,Festival,Newborn,Romper,Rayon,mustard,4999.0,0
107,Female,S,Warm,mustard,Casual,Newborn,Romper,Wool,burgundy,999.0,1
107,Female,S,Warm,mustard,Casual,Newborn,Onesie,Cotton,yellow,2999.0,0
107,Female,S,Warm,mustard,Casual,Kids,T-Shirt,Denim,navy,1999.0,0
107,Female,S,Warm,mustard,Casual,Kids,T-Shirt,Denim,burgundy,1299.0,1
107,Female,S,Warm,mustard,Casual,Men,Shirt,Georgette,olive,499.0,0
107,Female,S,Warm,mustard,Casual,Newborn,Romper,Rayon,mustard,4999.0,1
107,Female,S,Warm,mustard,Casual,Newborn,Romper,Wool,burgundy,299.0,0
107,Female,S,Warm,mustard,Casual,Kids,Frock,Cotton,peach,1299.0,0
107,Female,S,Warm,mustard,Casual,Women,Dress,Linen,olive,499.0,1
107,Female,S,Warm,mustard,Casual,Women,Salwar,Wool,navy,4999.0,0
107,Female,S,Warm,mustard,Casual,Men,Blazer,Linen,teal,1299.0,0
107,Female,S,Warm,mustard,Casual,Kids,Ethnic,Wool,white,1299.0,0
107,Female,S,Warm,mustard,Casual,Women,Saree,Denim,peach,1999.0,1
107,Female,S,Warm,mustard,Casual,Women,Salwar,Cotton,magenta,299.0,0
107,Female,S,Warm,mustard,Casual,Men,Blazer,Linen,teal,999.0,0
107,Female,S,Warm,mustard,Casual,Kids,Frock,Linen,peach,699.0,0
107,Female,S,Warm,mustard,Casual,Newborn,Romper,Rayon,gold,699.0,1
107,Female,S,Warm,mustard,Casual,Kids,Ethnic,Georgette,black,1299.0,0
107,Female,S,Warm,mustard,Casual,Women,Dress,Denim,pink,1299.0,1
107,Female,S,Warm,mustard,Casual,Women,Saree,Cotton,cream,999.0,1
107,Female,S,Warm,mustard,Casual,Kids,Ethnic,Wool,teal,499.0,0
107,Female,S,Warm,mustard,Casual,Men,Trousers,Rayon,olive,499.0,1
107,Female,S,Warm,mustard,Casual,Men,Shirt,Wool,peach,1999.0,0
107,Female,S,Warm,mustard,Casual,Kids,Frock,Silk,cream,1999.0,0
107,Female,S,Warm,mustard,Casual,Kids,Ethnic,Cotton,olive,1999.0,1
108,Male,L,Dark,royal blue,Office,Newborn,Onesie,Linen,pink,1299.0,0
108,Male,L,Dark,royal blue,Office,Men,T-Shirt,Rayon,green,2999.0,0
108,Male,L,Dark,royal blue,Office,Women,Dress,Cotton,black,1999.0,0
108,Male,L,Dark,royal blue,Office,Women,Salwar,Rayon,gold,4999.0,0
108,Male,L,Dark,royal blue,Office,Newborn,Set,Silk,gold,299.0,0
108,Male,L,Dark,royal blue,Office,Newborn,Romper,Silk,lavender,1999.0,0
108,Male,L,Dark,royal blue,Office,Women,Top,Georgette,peach,999.0,0
108,Male,L,Dark,royal blue,Office,Kids,Ethnic,Cotton,olive,1999.0,0
108,Male,L,Dark,royal blue,Office,Women,Lehenga,Rayon,black,699.0,0
108,Male,L,Dark,royal blue,Office,Women,Salwar,Cotton,coral,1999.0,1
108,Male,L,Dark,royal blue,Office,Women,Kurti,Silk,burgundy,4999.0,0
108,Male,L,Dark,royal blue,Office,Men,Shirt,Linen,blue,1299.0,1
108,Male,L,Dark,royal blue,Office,Kids,Ethnic,Silk,coral,4999.0,1
108,Male,L,Dark,royal blue,Office,Kids,T-Shirt,Denim,blue,299.0,0
108,Male,L,Dark,royal blue,Office,Men,Shirt,Cotton,blue,299.0,1
108,Male,L,Dark,royal blue,Office,Men,Shirt,Linen,green,1299.0,0
108,Male,L,Dark,royal blue,Office,Women,Saree,Denim,peach,1999.0,0
108,Male,L,Dark,royal blue,Office,Women,Kurti,Linen,yellow,299.0,0
108,Male,L,Dark,royal blue,Office,Men,Shirt,Wool,peach,1999.0,1
108,Male,L,Dark,royal blue,Office,Kids,T-Shirt,Denim,navy,1999.0,0
108,Male,L,Dark,royal blue,Office,Women,Dress,Linen,yellow,1999.0,0
108,Male,L,Dark,royal blue,Office,Kids,Frock,Wool,burgundy,999.0,0
108,Male,L,Dark,royal blue,Office,Men,Blazer,Linen,cream,299.0,0
108,Male,L,Dark,royal blue,Office,Women,Kurti,Rayon,red,499.0,1
108,Male,L,Dark,royal blue,Office,Men,Blazer,Georgette,burgundy,1299.0,1
109,Female,XXL,Medium,white,Daily,Kids,Shorts,Silk,gold,499.0,0
109,Female,XXL,Medium,white,Daily,Women,Lehenga,Wool,white,999.0,1
109,Female,XXL,Medium,white,Daily,Men,Blazer,Wool,white,499.0,0
109,Female,XXL,Medium,white,Daily,Women,Salwar,Denim,magenta,4999.0,0
109,Female,XXL,Medium,white,Daily,Kids,T-Shirt,Silk,olive,499.0,1
109,Female,XXL,Medium,white,Daily,Men,Shirt,Linen,green,1299.0,0
109,Female,XXL,Medium,white,Daily,Men,Trousers,Cotton,royal blue,1999.0,0
109,Female,XXL,Medium,white,Daily,Kids,Frock,Linen,peach,699.0,1
109,Female,XXL,Medium,white,Daily,Kids,Ethnic,Rayon,royal blue,4999.0,0
109,Female,XXL,Medium,white,Daily,Newborn,Onesie,Denim,yellow,4999.0,0
109,Female,XXL,Medium,white,Daily,Newborn,Set,Georgette,pink,4999.0,0
109,Female,XXL,Medium,white,Daily,Newborn,Set,Denim,royal blue,999.0,0
109,Female,XXL,Medium,white,Daily,Kids,Frock,Wool,burgundy,999.0,0
109,Female,XXL,Medium,white,Daily,Kids,Ethnic,Wool,teal,499.0,0
109,Female,XXL,Medium,white,Daily,Women,Salwar,Denim,burgundy,699.0,1
109,Female,XXL,Medium,white,Daily,Newborn,Set,Rayon,burgundy,999.0,1
109,Female,XXL,Medium,white,Daily,Newborn,Onesie,Cotton,yellow,2999.0,0
109,Female,XXL,Medium,white,Daily,Newborn,Set,Silk,gold,299.0,0
109,Female,XXL,Medium,white,Daily,Women,Dress,Denim,pink,1299.0,1
109,Female,XXL,Medium,white,Daily,Women,Saree,Cotton,cream,999.0,0
109,Female,XXL,Medium,white,Daily,Newborn,Romper,Rayon,gold,699.0,0
109,Female,XXL,Medium,white,Daily,Women,Dress,Linen,olive,499.0,1
109,Female,XXL,Medium,white,Daily,Women,Salwar,Rayon,gold,4999.0,0
109,Female,XXL,Medium,white,Daily,Newborn,Romper,Denim,navy,1299.0,0
109,Female,XXL,Medium,white,Daily,Women,Kurti,Silk,burgundy,4999.0,1
110,Female,M,Fair,navy,Daily,Men,Kurta,Silk,red,4999.0,0
110,Female,M,Fair,navy,Daily,Men,Blazer,Georgette,black,2999.0,0
110,Female,M,Fair,navy,Daily,Kids,Shorts,Silk,gold,499.0,0
110,Female,M,Fair,navy,Daily,Women,Kurti,Denim,white,699.0,1
110,Female,M,Fair,navy,Daily,Women,Kurti,Silk,magenta,699.0,0
110,Female,M,Fair,navy,Daily,Men,Shirt,Wool,peach,1999.0,1
110,Female,M,Fair,navy,Daily,Kids,Ethnic,Wool,white,1299.0,1
110,Female,M,Fair,navy,Daily,Men,Shirt,Linen,blue,1299.0,0
110,Female,M,Fair,navy,Daily,Women,Dress,Linen,olive,499.0,0
110,Female,M,Fair,navy,Daily,Women,Dress,Georgette,green,299.0,0
110,Female,M,Fair,navy,Daily,Kids,T-Shirt,Denim,navy,1999.0,1
110,Female,M,Fair,navy,Daily,Kids,T-Shirt,Silk,white,999.0,1
110,Female,M,Fair,navy,Daily,Women,Saree,Denim,peach,1999.0,1
110,Female,M,Fair,navy,Daily,Women,Kurti,Denim,mustard,4999.0,0
110,Female,M,Fair,navy,Daily,Kids,T-Shirt,Cotton,black,499.0,0
110,Female,M,Fair,navy,Daily,Kids,T-Shirt,Denim,burgundy,1299.0,0
110,Female,M,Fair,navy,Daily,Newborn,Set,Georgette,pink,4999.0,0
110,Female,M,Fair,navy,Daily,Newborn,Set,Wool,yellow,2999.0,0
110,Female,M,Fair,navy,Daily,Newborn,Romper,Wool,burgundy,999.0,0
110,Female,M,Fair,navy,Daily,Kids,Frock,Wool,burgundy,999.0,0
110,Female,M,Fair,navy,Daily,Newborn,Set,Silk,gold,299.0,0
110,Female,M,Fair,navy,Daily,Men,Shirt,Linen,green,1299.0,0
110,Female,M,Fair,navy,Daily,Kids,T-Shirt,Silk,olive,499.0,0
110,Female,M,Fair,navy,Daily,Men,Blazer,Wool,white,499.0,1
110,Female,M,Fair,navy,Daily,Newborn,Set,Georgette,teal,2999.0,0
111,Male,XL,Deep,mustard,Party,Women,Kurti,Linen,yellow,299.0,0
111,Male,XL,Deep,mustard,Party,Newborn,Set,Georgette,pink,4999.0,0
111,Male,XL,Deep,mustard,Party,Kids,Ethnic,Wool,teal,499.0,1
111,Male,XL,Deep,mustard,Party,Women,Salwar,Wool,navy,4999.0,0
111,Male,XL,Deep,mustard,Party,Kids,Frock,Cotton,peach,1299.0,0
111,Male,XL,Deep,mustard,Party,Kids,T-Shirt,Silk,olive,499.0,0
111,Male,XL,Deep,mustard,Party,Women,Kurti,Rayon,red,499.0,0
111,Male,XL,Deep,mustard,Party,Kids,T-Shirt,Denim,navy,1999.0,0
111,Male,XL,Deep,mustard,Party,Women,Salwar,Denim,burgundy,699.0,1
111,Male,XL,Deep,mustard,Party,Kids,Frock,Linen,peach,699.0,0
111,Male,XL,Deep,mustard,Party,Kids,Ethnic,Georgette,black,1299.0,0
111,Male,XL,Deep,mustard,Party,Women,Kurti,Cotton,cream,999.0,0
111,Male,XL,Deep,mustard,Party,Men,Kurta,Cotton,green,499.0,1
111,Male,XL,Deep,mustard,Party,Newborn,Set,Georgette,teal,2999.0,0
111,Male,XL,Deep,mustard,Party,Women,Dress,Georgette,green,299.0,0
111,Male,XL,Deep,mustard,Party,Newborn,Romper,Silk,lavender,1999.0,0
111,Male,XL,Deep,mustard,Party,Kids,Ethnic,Cotton,olive,1999.0,0
111,Male,XL,Deep,mustard,Party,Men,Trousers,Silk,green,4999.0,0
111,Male,XL,Deep,mustard,Party,Kids,T-Shirt,Silk,white,999.0,0
111,Male,XL,Deep,mustard,Party,Women,Saree,Denim,burgundy,499.0,0
111,Male,XL,Deep,mustard,Party,Newborn,Onesie,Denim,yellow,4999.0,0
111,Male,XL,Deep,mustard,Party,Kids,Shorts,Georgette,cream,1999.0,0
111,Male,XL,Deep,mustard,Party,Women,Salwar,Rayon,gold,4999.0,1
111,Male,XL,Deep,mustard,Party,Kids,Ethnic,Wool,white,1299.0,1
111,Male,XL,Deep,mustard,Party,Newborn,Set,Rayon,blue,999.0,0
112,Male,XL,Medium,black,Daily,Kids,Frock,Linen,peach,699.0,0
112,Male,XL,Medium,black,Daily,Women,Kurti,Cotton,cream,999.0,0
112,Male,XL,Medium,black,Daily,Newborn,Onesie,Denim,coral,699.0,1
112,Male,XL,Medium,black,Daily,Men,Blazer,Rayon,red,1299.0,1
112,Male,XL,Medium,black,Daily,Women,Saree,Cotton,cream,999.0,0
112,Male,XL,Medium,black,Daily,Men,Blazer,Georgette,black,2999.0,1
112,Male,XL,Medium,black,Daily,Men,T-Shirt,Rayon,green,2999.0,0
112,Male,XL,Medium,black,Daily,Kids,Ethnic,Wool,teal,499.0,1
112,Male,XL,Medium,black,Daily,Newborn,Romper,Wool,coral,1999.0,0
112,Male,XL,Medium,black,Daily,Men,Trousers,Denim,lavender,1299.0,0
112,Male,XL,Medium,black,Daily,Newborn,Onesie,Cotton,yellow,2999.0,0
112,Male,XL,Medium,black,Daily,Kids,Ethnic,Wool,white,1299.0,0
112,Male,XL,Medium,black,Daily,Kids,T-Shirt,Denim,burgundy,1299.0,0
112,Male,XL,Medium,black,Daily,Newborn,Onesie,Linen,burgundy,999.0,1
112,Male,XL,Medium,black,Daily,Men,Blazer,Wool,white,499.0,1
112,Male,XL,Medium,black,Daily,Men,T-Shirt,Rayon,peach,1999.0,0
112,Male,XL,Medium,black,Daily,Men,Blazer,Linen,cream,299.0,0
112,Male,XL,Medium,black,Daily,Newborn,Romper,Silk,black,499.0,1
112,Male,XL,Medium,black,Daily,Men,Shirt,Linen,blue,1299.0,1
112,Male,XL,Medium,black,Daily,Kids,Ethnic,Silk,burgundy,999.0,1
112,Male,XL,Medium,black,Daily,Kids,Frock,Silk,cream,1999.0,0
112,Male,XL,Medium,black,Daily,Newborn,Set,Denim,royal blue,999.0,0
112,Male,XL,Medium,black,Daily,Kids,T-Shirt,Denim,blue,299.0,0
112,Male,XL,Medium,black,Daily,Women,Salwar,Denim,burgundy,699.0,0
112,Male,XL,Medium,black,Daily,Men,Shirt,Rayon,gold,999.0,1
113,Male,XL,Medium,blue,Daily,Men,Shirt,Rayon,peach,1999.0,0
113,Male,XL,Medium,blue,Daily,Men,Trousers,Rayon,navy,1999.0,0
113,Male,XL,Medium,blue,Daily,Kids,Ethnic,Cotton,olive,1999.0,0
113,Male,XL,Medium,blue,Daily,Women,Dress,Silk,black,1299.0,1
113,Male,XL,Medium,blue,Daily,Men,T-Shirt,Rayon,peach,1999.0,1
113,Male,XL,Medium,blue,Daily,Newborn,Set,Rayon,burgundy,999.0,1
113,Male,XL,Medium,blue,Daily,Women,Top,Georgette,peach,999.0,0
113,Male,XL,Medium,blue,Daily,Women,Salwar,Silk,red,1999.0,0
113,Male,XL,Medium,blue,Daily,Kids,T-Shirt,Silk,olive,499.0,1
113,Male,XL,Medium,blue,Daily,Women,Kurti,Cotton,cream,999.0,0
113,Male,XL,Medium,blue,Daily,Women,Salwar,Cotton,magenta,299.0,0
113,Male,XL,Medium,blue,Daily,Women,Kurti,Denim,white,699.0,0
113,Male,XL,Medium,blue,Daily,Newborn,Romper,Rayon,mustard,4999.0,0
113,Male,XL,Medium,blue,Daily,Kids,Ethnic,Rayon,burgundy,1999.0,1
113,Male,XL,Medium,blue,Daily,Men,Shirt,Georgette,olive,499.0,1
113,Male,XL,Medium,blue,Daily,Kids,Frock,Cotton,lavender,499.0,0
113,Male,XL,Medium,blue,Daily,Newborn,Set,Wool,yellow,2999.0,0
113,Male,XL,Medium,blue,Daily,Men,Shirt,Cotton,blue,299.0,0
113,Male,XL,Medium,blue,Daily,Kids,Frock,Cotton,peach,1299.0,0
113,Male,XL,Medium,blue,Daily,Women,Kurti,Silk,burgundy,4999.0,1
113,Male,XL,Medium,blue,Daily,Newborn,Romper,Wool,coral,1999.0,0
113,Male,XL,Medium,blue,Daily,Newborn,Romper,Linen,peach,4999.0,0
113,Male,XL,Medium,blue,Daily,Women,Salwar,Wool,navy,4999.0,0
113,Male,XL,Medium,blue,Daily,Men,T-Shirt,Linen,red,499.0,1
113,Male,XL,Medium,blue,Daily,Women,Dress,Georgette,green,299.0,0
114,Male,XXL,Deep,cream,Party,Men,Trousers,Denim,lavender,1299.0,0
114,Male,XXL,Deep,cream,Party,Men,Blazer,Georgette,burgundy,1299.0,1
114,Male,XXL,Deep,cream,Party,Kids,Frock,Rayon,lavender,499.0,0
114,Male,XXL,Deep,cream,Party,Newborn,Set,Georgette,pink,4999.0,0
114,Male,XXL,Deep,cream,Party,Women,Dress,Cotton,black,1999.0,0
114,Male,XXL,Deep,cream,Party,Newborn,Set,Denim,royal blue,999.0,0
114,Male,XXL,Deep,cream,Party,Women,Kurti,Linen,yellow,299.0,0
114,Male,XXL,Deep,cream,Party,Women,Salwar,Rayon,gold,4999.0,0
114,Male,XXL,Deep,cream,Party,Women,Dress,Linen,yellow,1999.0,0
114,Male,XXL,Deep,cream,Party,Men,Trousers,Linen,lavender,1299.0,0
114,Male,XXL,Deep,cream,Party,Kids,Frock,Georgette,black,499.0,0
114,Male,XXL,Deep,cream,Party,Men,Trousers,Rayon,olive,499.0,1
114,Male,XXL,Deep,cream,Party,Women,Dress,Georgette,green,299.0,0
114,Male,XXL,Deep,cream,Party,Men,Blazer,Linen,teal,999.0,1
114,Male,XXL,Deep,cream,Party,Kids,Ethnic,Rayon,burgundy,1999.0,0
114,Male,XXL,Deep,cream,Party,Men,Shirt,Rayon,peach,1999.0,0
114,Male,XXL,Deep,cream,Party,Men,Kurta,Silk,red,4999.0,1
114,Male,XXL,Deep,cream,Party,Women,Top,Silk,gold,4999.0,1
114,Male,XXL,Deep,cream,Party,Women,Saree,Cotton,cream,999.0,1
114,Male,XXL,Deep,cream,Party,Newborn,Set,Georgette,teal,2999.0,0
114,Male,XXL,Deep,cream,Party,Newborn,Onesie,Denim,yellow,4999.0,1
114,Male,XXL,Deep,cream,Party,Kids,Ethnic,Georgette,black,1299.0,1
114,Male,XXL,Deep,cream,Party,Men,T-Shirt,Linen,red,499.0,1
114,Male,XXL,Deep,cream,Party,Kids,T-Shirt,Rayon,olive,999.0,0
114,Male,XXL,Deep,cream,Party,Men,Shirt,Linen,blue,1299.0,0
115,Female,XS,Dark,royal blue,Daily,Women,Top,Rayon,teal,1999.0,0
115,Female,XS,Dark,royal blue,Daily,Newborn,Onesie,Denim,yellow,4999.0,1
115,Female,XS,Dark,royal blue,Daily,Newborn,Onesie,Linen,pink,1299.0,0
115,Female,XS,Dark,royal blue,Daily,Women,Kurti,Rayon,red,499.0,1
115,Female,XS,Dark,royal blue,Daily,Women,Lehenga,Rayon,black,699.0,0
115,Female,XS,Dark,royal blue,Daily,Men,Shirt,Linen,green,1299.0,0
115,Female,XS,Dark,royal blue,Daily,Men,Trousers,Rayon,olive,499.0,0
115,Female,XS,Dark,royal blue,Daily,Men,Blazer,Georgette,black,2999.0,0
115,Female,XS,Dark,royal blue,Daily,Kids,T-Shirt,Cotton,black,499.0,0
115,Female,XS,Dark,royal blue,Daily,Kids,T-Shirt,Silk,white,999.0,1
115,Female,XS,Dark,royal blue,Daily,Women,Kurti,Denim,white,699.0,1
115,Female,XS,Dark,royal blue,Daily,Kids,Ethnic,Georgette,black,1299.0,0
115,Female,XS,Dark,royal blue,Daily,Men,Blazer,Denim,pink,699.0,0
115,Female,XS,Dark,royal blue,Daily,Men,T-Shirt,Rayon,peach,1999.0,0
115,Female,XS,Dark,royal blue,Daily,Kids,Ethnic,Wool,teal,499.0,0
115,Female,XS,Dark,royal blue,Daily,Women,Top,Georgette,peach,999.0,1
115,Female,XS,Dark,royal blue,Daily,Men,Blazer,Wool,white,499.0,0
115,Female,XS,Dark,royal blue,Daily,Newborn,Set,Wool,yellow,2999.0,0
115,Female,XS,Dark,royal blue,Daily,Newborn,Romper,Linen,coral,2999.0,0
115,Female,XS,Dark,royal blue,Daily,Women,Kurti,Denim,mustard,4999.0,0
115,Female,XS,Dark,royal blue,Daily,Women,Salwar,Denim,burgundy,699.0,1
115,Female,XS,Dark,royal blue,Daily,Women,Salwar,Rayon,gold,4999.0,0
115,Female,XS,Dark,royal blue,Daily,Newborn,Onesie,Denim,coral,699.0,1
115,Female,XS,Dark,royal blue,Daily,Kids,Frock,Wool,burgundy,999.0,0
115,Female,XS,Dark,royal blue,Daily,Women,Lehenga,Wool,white,999.0,1
116,Male,XS,Medium,olive,Daily,Newborn,Set,Rayon,burgundy,999.0,1
116,Male,XS,Medium,olive,Daily,Men,Blazer,Georgette,burgundy,1299.0,1
116,Male,XS,Medium,olive,Daily,Women,Top,Rayon,teal,1999.0,1
116,Male,XS,Medium,olive,Daily,Men,T-Shirt,Rayon,coral,999.0,1
116,Male,XS,Medium,olive,Daily,Women,Saree,Denim,burgundy,499.0,0
116,Male,XS,Medium,olive,Daily,Kids,T-Shirt,Denim,burgundy,1299.0,0
116,Male,XS,Medium,olive,Daily,Newborn,Onesie,Silk,blue,299.0,0
116,Male,XS,Medium,olive,Daily,Newborn,Set,Rayon,white,2999.0,0
116,Male,XS,Medium,olive,Daily,Men,Blazer,Georgette,black,2999.0,0
116,Male,XS,Medium,olive,Daily,Kids,Frock,Cotton,lavender,499.0,0
116,Male,XS,Medium,olive,Daily,Men,T-Shirt,Rayon,peach,1999.0,1
116,Male,XS,Medium,olive,Daily,Women,Saree,Cotton,cream,999.0,0
116,Male,XS,Medium,olive,Daily,Newborn,Onesie,Linen,pink,1299.0,0
116,Male,XS,Medium,olive,Daily,Men,Blazer,Rayon,red,1299.0,1
116,Male,XS,Medium,olive,Daily,Women,Top,Georgette,peach,999.0,0
116,Male,XS,Medium,olive,Daily,Women,Saree,Denim,peach,1999.0,0
116,Male,XS,Medium,olive,Daily,Women,Salwar,Cotton,cream,999.0,0
116,Male,XS,Medium,olive,Daily,Newborn,Onesie,Denim,royal blue,699.0,0
116,Male,XS,Medium,olive,Daily,Women,Lehenga,Denim,pink,299.0,0
116,Male,XS,Medium,olive,Daily,Newborn,Romper,Wool,burgundy,299.0,0
116,Male,XS,Medium,olive,Daily,Women,Dress,Linen,yellow,1999.0,0
116,Male,XS,Medium,olive,Daily,Women,Kurti,Cotton,cream,999.0,0
116,Male,XS,Medium,olive,Daily,Men,Shirt,Rayon,gold,999.0,0
116,Male,XS,Medium,olive,Daily,Women,Salwar,Cotton,magenta,299.0,0
116,Male,XS,Medium,olive,Daily,Kids,Frock,Rayon,lavender,499.0,0
117,Female,S,Light,blue,Office,Newborn,Romper,Rayon,gold,699.0,1
117,Female,S,Light,blue,Office,Men,Shirt,Linen,green,1299.0,1
117,Female,S,Light,blue,Office,Women,Salwar,Cotton,magenta,299.0,0
117,Female,S,Light,blue,Office,Women,Kurti,Cotton,cream,999.0,1
117,Female,S,Light,blue,Office,Men,Blazer,Linen,teal,999.0,0
117,Female,S,Light,blue,Office,Women,Dress,Linen,olive,499.0,0
117,Female,S,Light,blue,Office,Kids,Ethnic,Wool,teal,499.0,0
117,Female,S,Light,blue,Office,Men,Blazer,Linen,cream,299.0,0
117,Female,S,Light,blue,Office,Newborn,Set,Georgette,teal,2999.0,0
117,Female,S,Light,blue,Office,Kids,Shorts,Silk,gold,499.0,0
117,Female,S,Light,blue,Office,Newborn,Romper,Wool,burgundy,299.0,0
117,Female,S,Light,blue,Office,Women,Dress,Linen,yellow,1999.0,0
117,Female,S,Light,blue,Office,Women,Kurti,Silk,magenta,699.0,1
117,Female,S,Light,blue,Office,Newborn,Romper,Wool,burgundy,999.0,0
117,Female,S,Light,blue,Office,Kids,Ethnic,Wool,white,1299.0,1
117,Female,S,Light,blue,Office,Newborn,Set,Rayon,burgundy,999.0,0
117,Female,S,Light,blue,Office,Newborn,Set,Georgette,teal,699.0,0
117,Female,S,Light,blue,Office,Kids,T-Shirt,Silk,white,999.0,1
117,Female,S,Light,blue,Office,Newborn,Romper,Wool,coral,1999.0,0
117,Female,S,Light,blue,Office,Kids,T-Shirt,Denim,navy,1999.0,0
117,Female,S,Light,blue,Office,Newborn,Onesie,Cotton,yellow,2999.0,1
117,Female,S,Light,blue,Office,Women,Dress,Silk,black,1299.0,1
117,Female,S,Light,blue,Office,Women,Lehenga,Wool,white,999.0,1
117,Female,S,Light,blue,Office,Men,Kurta,Silk,navy,299.0,0
117,Female,S,Light,blue,Office,Men,Blazer,Linen,teal,1299.0,0
118,Female,XL,Dark,gold,Wedding,Men,Shirt,Rayon,peach,1999.0,0
118,Female,XL,Dark,gold,Wedding,Newborn,Romper,Denim,navy,1299.0,0
118,Female,XL,Dark,gold,Wedding,Kids,Frock,Georgette,black,499.0,0
118,Female,XL,Dark,gold,Wedding,Newborn,Romper,Wool,coral,1999.0,1
118,Female,XL,Dark,gold,Wedding,Kids,T-Shirt,Silk,olive,499.0,0
118,Female,XL,Dark,gold,Wedding,Men,T-Shirt,Rayon,green,2999.0,0
118,Female,XL,Dark,gold,Wedding,Newborn,Set,Wool,yellow,2999.0,0
118,Female,XL,Dark,gold,Wedding,Women,Salwar,Denim,burgundy,699.0,1
118,Female,XL,Dark,gold,Wedding,Men,Shirt,Linen,blue,1299.0,0
118,Female,XL,Dark,gold,Wedding,Newborn,Set,Rayon,burgundy,999.0,0
118,Female,XL,Dark,gold,Wedding,Men,Shirt,Cotton,blue,299.0,0
118,Female,XL,Dark,gold,Wedding,Women,Top,Rayon,teal,1999.0,1
118,Female,XL,Dark,gold,Wedding,Kids,Ethnic,Cotton,red,1999.0,1
118,Female,XL,Dark,gold,Wedding,Kids,Ethnic,Silk,burgundy,999.0,0
118,Female,XL,Dark,gold,Wedding,Newborn,Set,Rayon,burgundy,4999.0,0
118,Female,XL,Dark,gold,Wedding,Women,Kurti,Denim,mustard,4999.0,0
118,Female,XL,Dark,gold,Wedding,Men,Blazer,Georgette,black,2999.0,0
118,Female,XL,Dark,gold,Wedding,Women,Salwar,Cotton,magenta,299.0,1
118,Female,XL,Dark,gold,Wedding,Men,Trousers,Linen,lavender,1299.0,0
118,Female,XL,Dark,gold,Wedding,Newborn,Set,Georgette,teal,699.0,0
118,Female,XL,Dark,gold,Wedding,Women,Salwar,Wool,navy,4999.0,0
118,Female,XL,Dark,gold,Wedding,Newborn,Romper,Cotton,pink,999.0,0
118,Female,XL,Dark,gold,Wedding,Men,Kurta,Silk,red,4999.0,1
118,Female,XL,Dark,gold,Wedding,Men,Shirt,Wool,peach,1999.0,0
118,Female,XL,Dark,gold,Wedding,Newborn,Onesie,Linen,burgundy,999.0,0
119,Female,Free Size,Warm,coral,Daily,Women,Dress,Linen,yellow,1999.0,1
119,Female,Free Size,Warm,coral,Daily,Men,Shirt,Rayon,gold,999.0,0
119,Female,Free Size,Warm,coral,Daily,Kids,T-Shirt,Silk,white,999.0,0
119,Female,Free Size,Warm,coral,Daily,Newborn,Onesie,Denim,coral,699.0,1
119,Female,Free Size,Warm,coral,Daily,Kids,Ethnic,Georgette,black,1299.0,0
119,Female,Free Size,Warm,coral,Daily,Kids,Frock,Rayon,lavender,499.0,0
119,Female,Free Size,Warm,coral,Daily,Newborn,Onesie,Denim,yellow,4999.0,0
119,Female,Free Size,Warm,coral,Daily,Kids,T-Shirt,Denim,navy,1999.0,0
119,Female,Free Size,Warm,coral,Daily,Kids,T-Shirt,Denim,blue,299.0,0
119,Female,Free Size,Warm,coral,Daily,Men,T-Shirt,Rayon,peach,1999.0,0
119,Female,Free Size,Warm,coral,Daily,Newborn,Romper,Wool,burgundy,999.0,1
119,Female,Free Size,Warm,coral,Daily,Kids,T-Shirt,Georgette,gold,4999.0,0
119,Female,Free Size,Warm,coral,Daily,Newborn,Romper,Wool,coral,1999.0,1
119,Female,Free Size,Warm,coral,Daily,Women,Kurti,Silk,burgundy,4999.0,1
119,Female,Free Size,Warm,coral,Daily,Women,Dress,Cotton,black,1999.0,1
119,Female,Free Size,Warm,coral,Daily,Kids,Shorts,Silk,gold,499.0,0
119,Female,Free Size,Warm,coral,Daily,Women,Saree,Cotton,cream,999.0,0
119,Female,Free Size,Warm,coral,Daily,Newborn,Set,Georgette,pink,4999.0,0
119,Female,Free Size,Warm,coral,Daily,Kids,Ethnic,Wool,teal,499.0,0
119,Female,Free Size,Warm,coral,Daily,Men,Shirt,Georgette,olive,499.0,0
119,Female,Free Size,Warm,coral,Daily,Newborn,Set,Rayon,blue,999.0,0
119,Female,Free Size,Warm,coral,Daily,Kids,Frock,Georgette,black,499.0,0
119,Female,Free Size,Warm,coral,Daily,Kids,Frock,Wool,burgundy,999.0,1
119,Female,Free Size,Warm,coral,Daily,Men,Kurta,Cotton,green,499.0,0
119,Female,Free Size,Warm,coral,Daily,Men,Blazer,Wool,white,499.0,0
120,Female,Free Size,Fair,lavender,Casual,Women,Top,Cotton,green,2999.0,0
120,Female,Free Size,Fair,lavender,Casual,Women,Top,Rayon,teal,1999.0,0
120,Female,Free Size,Fair,lavender,Casual,Kids,Ethnic,Rayon,burgundy,1999.0,0
120,Female,Free Size,Fair,lavender,Casual,Women,Lehenga,Wool,white,999.0,0
120,Female,Free Size,Fair,lavender,Casual,Kids,T-Shirt,Rayon,olive,999.0,0
120,Female,Free Size,Fair,lavender,Casual,Newborn,Set,Denim,royal blue,999.0,0
120,Female,Free Size,Fair,lavender,Casual,Women,Dress,Linen,yellow,1999.0,0
120,Female,Free Size,Fair,lavender,Casual,Women,Dress,Georgette,green,299.0,0
120,Female,Free Size,Fair,lavender,Casual,Newborn,Onesie,Cotton,yellow,1999.0,0
120,Female,Free Size,Fair,lavender,Casual,Kids,T-Shirt,Denim,navy,1999.0,0
120,Female,Free Size,Fair,lavender,Casual,Newborn,Romper,Wool,burgundy,299.0,0
120,Female,Free Size,Fair,lavender,Casual,Newborn,Set,Wool,yellow,2999.0,0
120,Female,Free Size,Fair,lavender,Casual,Newborn,Onesie,Silk,blue,299.0,0
120,Female,Free Size,Fair,lavender,Casual,Women,Salwar,Rayon,gold,4999.0,0
120,Female,Free Size,Fair,lavender,Casual,Women,Saree,Cotton,cream,999.0,1
120,Female,Free Size,Fair,lavender,Casual,Newborn,Romper,Silk,lavender,1999.0,1
120,Female,Free Size,Fair,lavender,Casual,Women,Salwar,Denim,magenta,4999.0,0
120,Female,Free Size,Fair,lavender,Casual,Men,Shirt,Georgette,olive,499.0,0
120,Female,Free Size,Fair,lavender,Casual,Men,Shirt,Wool,peach,1999.0,0
120,Female,Free Size,Fair,lavender,Casual,Women,Top,Rayon,magenta,699.0,1
120,Female,Free Size,Fair,lavender,Casual,Kids,T-Shirt,Silk,white,999.0,0
120,Female,Free Size,Fair,lavender,Casual,Women,Saree,Denim,burgundy,499.0,0
120,Female,Free Size,Fair,lavender,Casual,Women,Kurti,Rayon,red,499.0,1
120,Female,Free Size,Fair,lavender,Casual,Kids,Frock,Cotton,peach,1299.0,1
120,Female,Free Size,Fair,lavender,Casual,Men,Shirt,Linen,blue,1299.0,0
121,Male,Free Size,Light,magenta,Office,Women,Salwar,Denim,magenta,4999.0,1
121,Male,Free Size,Light,magenta,Office,Newborn,Onesie,Linen,burgundy,999.0,0
121,Male,Free Size,Light,magenta,Office,Men,T-Shirt,Rayon,peach,1999.0,1
121,Male,Free Size,Light,magenta,Office,Men,Shirt,Rayon,gold,999.0,1
121,Male,Free Size,Light,magenta,Office,Men,Shirt,Cotton,blue,299.0,1
121,Male,Free Size,Light,magenta,Office,Women,Salwar,Silk,red,1999.0,0
121,Male,Free Size,Light,magenta,Office,Women,Top,Cotton,green,2999.0,0
121,Male,Free Size,Light,magenta,Office,Women,Dress,Linen,yellow,1999.0,0
121,Male,Free Size,Light,magenta,Office,Kids,Frock,Cotton,peach,1299.0,1
121,Male,Free Size,Light,magenta,Office,Women,Salwar,Cotton,cream,999.0,0
121,Male,Free Size,Light,magenta,Office,Women,Dress,Rayon,mustard,999.0,0
121,Male,Free Size,Light,magenta,Office,Newborn,Romper,Rayon,gold,699.0,0
121,Male,Free Size,Light,magenta,Office,Kids,T-Shirt,Denim,navy,1999.0,0
121,Male,Free Size,Light,magenta,Office,Kids,Ethnic,Wool,white,1299.0,1
121,Male,Free Size,Light,magenta,Office,Newborn,Onesie,Denim,coral,699.0,0
121,Male,Free Size,Light,magenta,Office,Men,Trousers,Rayon,olive,499.0,0
121,Male,Free Size,Light,magenta,Office,Men,Blazer,Linen,teal,999.0,1
121,Male,Free Size,Light,magenta,Office,Newborn,Set,Rayon,burgundy,4999.0,0
121,Male,Free Size,Light,magenta,Office,Kids,T-Shirt,Silk,white,999.0,1
121,Male,Free Size,Light,magenta,Office,Kids,T-Shirt,Denim,burgundy,1299.0,0
121,Male,Free Size,Light,magenta,Office,Newborn,Romper,Wool,burgundy,299.0,0
121,Male,Free Size,Light,magenta,Office,Newborn,Set,Denim,royal blue,999.0,0
121,Male,Free Size,Light,magenta,Office,Men,Trousers,Denim,lavender,1299.0,0
121,Male,Free Size,Light,magenta,Office,Women,Dress,Georgette,green,299.0,1
121,Male,Free Size,Light,magenta,Office,Women,Kurti,Denim,white,699.0,1
122,Female,XS,Warm,white,Party,Newborn,Set,Georgette,teal,2999.0,0
122,Female,XS,Warm,white,Party,Women,Salwar,Denim,burgundy,699.0,1
122,Female,XS,Warm,white,Party,Men,Blazer,Rayon,red,1299.0,1
122,Female,XS,Warm,white,Party,Women,Lehenga,Rayon,black,699.0,1
122,Female,XS,Warm,white,Party,Men,Trousers,Denim,lavender,1299.0,0
122,Female,XS,Warm,white,Party,Men,Shirt,Linen,green,1299.0,0
122,Female,XS,Warm,white,Party,Newborn,Onesie,Silk,blue,299.0,0
122,Female,XS,Warm,white,Party,Women,Salwar,Denim,burgundy,2999.0,1
122,Female,XS,Warm,white,Party,Women,Dress,Denim,pink,1299.0,0
122,Female,XS,Warm,white,Party,Kids,T-Shirt,Silk,olive,499.0,0
122,Female,XS,Warm,white,Party,Kids,T-Shirt,Georgette,gold,4999.0,0
122,Female,XS,Warm,white,Party,Newborn,Onesie,Denim,yellow,4999.0,0
122,Female,XS,Warm,white,Party,Kids,Frock,Cotton,peach,1299.0,0
122,Female,XS,Warm,white,Party,Men,Trousers,Rayon,navy,1999.0,0
122,Female,XS,Warm,white,Party,Kids,T-Shirt,Silk,white,999.0,1
122,Female,XS,Warm,white,Party,Newborn,Romper,Rayon,mustard,4999.0,0
122,Female,XS,Warm,white,Party,Newborn,Romper,Wool,coral,1999.0,1
122,Female,XS,Warm,white,Party,Women,Saree,Cotton,cream,999.0,0
122,Female,XS,Warm,white,Party,Newborn,Set,Rayon,white,2999.0,0
122,Female,XS,Warm,white,Party,Kids,Frock,Rayon,lavender,499.0,0
122,Female,XS,Warm,white,Party,Men,Trousers,Linen,magenta,699.0,0
122,Female,XS,Warm,white,Party,Newborn,Onesie,Denim,royal blue,699.0,0
122,Female,XS,Warm,white,Party,Kids,Frock,Linen,peach,699.0,0
122,Female,XS,Warm,white,Party,Newborn,Onesie,Denim,coral,699.0,0
122,Female,XS,Warm,white,Party,Kids,T-Shirt,Denim,blue,299.0,0
123,Male,L,Medium,gold,Office,Kids,Frock,Cotton,lavender,499.0,0
123,Male,L,Medium,gold,Office,Men,Shirt,Rayon,peach,1999.0,0
123,Male,L,Medium,gold,Office,Women,Kurti,Silk,burgundy,4999.0,0
123,Male,L,Medium,gold,Office,Kids,Frock,Silk,cream,1999.0,0
123,Male,L,Medium,gold,Office,Men,Shirt,Linen,green,1299.0,0
123,Male,L,Medium,gold,Office,Newborn,Onesie,Linen,pink,1299.0,0
123,Male,L,Medium,gold,Office,Kids,T-Shirt,Cotton,black,499.0,1
123,Male,L,Medium,gold,Office,Newborn,Onesie,Denim,royal blue,699.0,0
123,Male,L,Medium,gold,Office,Kids,Frock,Wool,burgundy,999.0,0
123,Male,L,Medium,gold,Office,Kids,Ethnic,Georgette,black,1299.0,0
123,Male,L,Medium,gold,Office,Kids,Frock,Rayon,lavender,499.0,0
123,Male,L,Medium,gold,Office,Men,Blazer,Rayon,red,1299.0,1
123,Male,L,Medium,gold,Office,Women,Salwar,Wool,navy,4999.0,0
123,Male,L,Medium,gold,Office,Newborn,Romper,Wool,burgundy,299.0,0
123,Male,L,Medium,gold,Office,Men,Blazer,Georgette,black,2999.0,0
123,Male,L,Medium,gold,Office,Men,Trousers,Linen,magenta,699.0,0
123,Male,L,Medium,gold,Office,Women,Kurti,Denim,white,699.0,0
123,Male,L,Medium,gold,Office,Kids,Ethnic,Rayon,burgundy,1999.0,0
123,Male,L,Medium,gold,Office,Women,Dress,Rayon,mustard,999.0,1
123,Male,L,Medium,gold,Office,Newborn,Set,Silk,gold,299.0,0
123,Male,L,Medium,gold,Office,Kids,T-Shirt,Denim,blue,299.0,1
123,Male,L,Medium,gold,Office,Women,Dress,Silk,black,1299.0,0
123,Male,L,Medium,gold,Office,Women,Salwar,Denim,burgundy,2999.0,1
123,Male,L,Medium,gold,Office,Women,Salwar,Cotton,coral,1999.0,1
123,Male,L,Medium,gold,Office,Women,Top,Silk,gold,4999.0,1
124,Female,Free Size,Deep,royal blue,Casual,Men,Trousers,Silk,green,4999.0,0
124,Female,Free Size,Deep,royal blue,Casual,Women,Salwar,Wool,navy,4999.0,0
124,Female,Free Size,Deep,royal blue,Casual,Men,Blazer,Linen,cream,299.0,0
124,Female,Free Size,Deep,royal blue,Casual,Women,Lehenga,Denim,pink,299.0,1
124,Female,Free Size,Deep,royal blue,Casual,Men,Shirt,Rayon,gold,999.0,1
124,Female,Free Size,Deep,royal blue,Casual,Men,Trousers,Linen,magenta,699.0,0
124,Female,Free Size,Deep,royal blue,Casual,Men,Blazer,Denim,pink,699.0,0
124,Female,Free Size,Deep,royal blue,Casual,Newborn,Set,Georgette,pink,4999.0,0
124,Female,Free Size,Deep,royal blue,Casual,Women,Dress,Georgette,green,299.0,0
124,Female,Free Size,Deep,royal blue,Casual,Men,Blazer,Linen,teal,1299.0,0
124,Female,Free Size,Deep,royal blue,Casual,Kids,Ethnic,Wool,white,1299.0,0
124,Female,Free Size,Deep,royal blue,Casual,Kids,T-Shirt,Silk,white,999.0,1
124,Female,Free Size,Deep,royal blue,Casual,Newborn,Set,Georgette,teal,699.0,0
124,Female,Free Size,Deep,royal blue,Casual,Newborn,Romper,Silk,black,499.0,0
124,Female,Free Size,Deep,royal blue,Casual,Women,Top,Silk,gold,4999.0,1
124,Female,Free Size,Deep,royal blue,Casual,Newborn,Onesie,Cotton,yellow,1999.0,1
124,Female,Free Size,Deep,royal blue,Casual,Men,Shirt,Wool,peach,1999.0,0
124,Female,Free Size,Deep,royal blue,Casual,Women,Top,Rayon,magenta,699.0,1
124,Female,Free Size,Deep,royal blue,Casual,Men,Shirt,Rayon,peach,1999.0,0
124,Female,Free Size,Deep,royal blue,Casual,Kids,Ethnic,Silk,coral,4999.0,0
124,Female,Free Size,Deep,royal blue,Casual,Men,Trousers,Rayon,navy,1999.0,0
124,Female,Free Size,Deep,royal blue,Casual,Men,Blazer,Georgette,black,2999.0,0
124,Female,Free Size,Deep,royal blue,Casual,Women,Kurti,Silk,burgundy,4999.0,0
124,Female,Free Size,Deep,royal blue,Casual,Women,Dress,Rayon,mustard,999.0,1
124,Female,Free Size,Deep,royal blue,Casual,Kids,Frock,Cotton,lavender,499.0,0
125,Male,L,Fair,burgundy,Party,Kids,Frock,Cotton,peach,1299.0,1
125,Male,L,Fair,burgundy,Party,Kids,Shorts,Silk,gold,499.0,1
125,Male,L,Fair,burgundy,Party,Men,T-Shirt,Rayon,green,2999.0,1
125,Male,L,Fair,burgundy,Party,Kids,T-Shirt,Silk,white,999.0,0
125,Male,L,Fair,burgundy,Party,Newborn,Set,Rayon,blue,999.0,0
125,Male,L,Fair,burgundy,Party,Women,Salwar,Cotton,cream,999.0,1
125,Male,L,Fair,burgundy,Party,Newborn,Romper,Rayon,mustard,4999.0,0
125,Male,L,Fair,burgundy,Party,Newborn,Romper,Silk,black,499.0,0
125,Male,L,Fair,burgundy,Party,Women,Dress,Denim,pink,1299.0,0
125,Male,L,Fair,burgundy,Party,Women,Top,Rayon,teal,1999.0,0
125,Male,L,Fair,burgundy,Party,Newborn,Onesie,Cotton,yellow,1999.0,0
125,Male,L,Fair,burgundy,Party,Women,Dress,Linen,yellow,1999.0,0
125,Male,L,Fair,burgundy,Party,Kids,Frock,Linen,peach,699.0,0
125,Male,L,Fair,burgundy,Party,Kids,Ethnic,Silk,burgundy,999.0,1
125,Male,L,Fair,burgundy,Party,Women,Top,Rayon,magenta,699.0,0
125,Male,L,Fair,burgundy,Party,Women,Salwar,Cotton,magenta,299.0,0
125,Male,L,Fair,burgundy,Party,Newborn,Romper,Wool,coral,1999.0,0
125,Male,L,Fair,burgundy,Party,Women,Dress,Linen,olive,499.0,0
125,Male,L,Fair,burgundy,Party,Men,Trousers,Silk,green,4999.0,0
125,Male,L,Fair,burgundy,Party,Newborn,Romper,Cotton,pink,999.0,1
125,Male,L,Fair,burgundy,Party,Women,Dress,Cotton,black,1999.0,0
125,Male,L,Fair,burgundy,Party,Men,Kurta,Silk,red,4999.0,0
125,Male,L,Fair,burgundy,Party,Women,Lehenga,Wool,white,999.0,1
125,Male,L,Fair,burgundy,Party,Kids,T-Shirt,Denim,blue,299.0,0
125,Male,L,Fair,burgundy,Party,Newborn,Onesie,Denim,yellow,4999.0,0
126,Male,XXL,Fair,lavender,Daily,Men,Trousers,Linen,lavender,1299.0,1
126,Male,XXL,Fair,lavender,Daily,Men,T-Shirt,Rayon,coral,999.0,1
126,Male,XXL,Fair,lavender,Daily,Kids,Shorts,Georgette,cream,1999.0,1
126,Male,XXL,Fair,lavender,Daily,Men,Blazer,Linen,teal,999.0,1
126,Male,XXL,Fair,lavender,Daily,Newborn,Romper,Denim,navy,1299.0,0
126,Male,XXL,Fair,lavender,Daily,Kids,Frock,Cotton,peach,1299.0,0
126,Male,XXL,Fair,lavender,Daily,Kids,Ethnic,Silk,burgundy,999.0,0
126,Male,XXL,Fair,lavender,Daily,Women,Salwar,Rayon,gold,4999.0,0
126,Male,XXL,Fair,lavender,Daily,Women,Saree,Denim,peach,1999.0,0
126,Male,XXL,Fair,lavender,Daily,Kids,T-Shirt,Rayon,olive,999.0,0
126,Male,XXL,Fair,lavender,Daily,Newborn,Onesie,Linen,pink,1299.0,0
126,Male,XXL,Fair,lavender,Daily,Women,Kurti,Cotton,cream,999.0,0
126,Male,XXL,Fair,lavender,Daily,Women,Dress,Silk,black,1299.0,0
126,Male,XXL,Fair,lavender,Daily,Women,Top,Silk,gold,4999.0,0
126,Male,XXL,Fair,lavender,Daily,Women,Top,Cotton,green,2999.0,0
126,Male,XXL,Fair,lavender,Daily,Women,Dress,Georgette,green,299.0,0
126,Male,XXL,Fair,lavender,Daily,Men,Trousers,Linen,magenta,699.0,0
126,Male,XXL,Fair,lavender,Daily,Newborn,Romper,Linen,peach,4999.0,0
126,Male,XXL,Fair,lavender,Daily,Women,Top,Rayon,magenta,699.0,0
126,Male,XXL,Fair,lavender,Daily,Women,Saree,Cotton,cream,999.0,1
126,Male,XXL,Fair,lavender,Daily,Newborn,Onesie,Cotton,yellow,1999.0,0
126,Male,XXL,Fair,lavender,Daily,Men,Trousers,Rayon,navy,1999.0,1
126,Male,XXL,Fair,lavender,Daily,Women,Dress,Cotton,black,1999.0,0
126,Male,XXL,Fair,lavender,Daily,Kids,T-Shirt,Denim,burgundy,1299.0,0
126,Male,XXL,Fair,lavender,Daily,Kids,Frock,Georgette,black,499.0,0
127,Female,XXL,Warm,red,Wedding,Women,Top,Cotton,green,2999.0,0
127,Female,XXL,Warm,red,Wedding,Women,Top,Silk,gold,4999.0,1
127,Female,XXL,Warm,red,Wedding,Women,Dress,Cotton,black,1999.0,1
127,Female,XXL,Warm,red,Wedding,Women,Kurti,Rayon,red,499.0,1
127,Female,XXL,Warm,red,Wedding,Kids,Ethnic,Rayon,burgundy,1999.0,1
127,Female,XXL,Warm,red,Wedding,Kids,T-Shirt,Cotton,black,499.0,0
127,Female,XXL,Warm,red,Wedding,Kids,T-Shirt,Georgette,gold,4999.0,0
127,Female,XXL,Warm,red,Wedding,Men,Trousers,Silk,green,4999.0,0
127,Female,XXL,Warm,red,Wedding,Women,Kurti,Denim,white,699.0,1
127,Female,XXL,Warm,red,Wedding,Kids,Ethnic,Wool,teal,499.0,0
127,Female,XXL,Warm,red,Wedding,Women,Lehenga,Denim,pink,299.0,1
127,Female,XXL,Warm,red,Wedding,Newborn,Onesie,Denim,yellow,4999.0,0
127,Female,XXL,Warm,red,Wedding,Kids,T-Shirt,Denim,burgundy,1299.0,0
127,Female,XXL,Warm,red,Wedding,Newborn,Onesie,Cotton,yellow,1999.0,0
127,Female,XXL,Warm,red,Wedding,Men,Blazer,Georgette,black,2999.0,0
127,Female,XXL,Warm,red,Wedding,Newborn,Set,Denim,royal blue,999.0,0
127,Female,XXL,Warm,red,Wedding,Men,T-Shirt,Rayon,green,2999.0,0
127,Female,XXL,Warm,red,Wedding,Women,Salwar,Denim,burgundy,2999.0,1
127,Female,XXL,Warm,red,Wedding,Newborn,Onesie,Silk,blue,299.0,0
127,Female,XXL,Warm,red,Wedding,Newborn,Romper,Linen,coral,2999.0,1
127,Female,XXL,Warm,red,Wedding,Women,Salwar,Denim,magenta,4999.0,0
127,Female,XXL,Warm,red,Wedding,Kids,Ethnic,Wool,white,1299.0,0
127,Female,XXL,Warm,red,Wedding,Women,Top,Rayon,magenta,699.0,0
127,Female,XXL,Warm,red,Wedding,Kids,Ethnic,Silk,coral,4999.0,1
127,Female,XXL,Warm,red,Wedding,Women,Kurti,Silk,burgundy,4999.0,1
128,Male,XS,Medium,mustard,Casual,Men,T-Shirt,Rayon,peach,1999.0,1
128,Male,XS,Medium,mustard,Casual,Women,Dress,Georgette,green,299.0,0
128,Male,XS,Medium,mustard,Casual,Women,Salwar,Cotton,coral,1999.0,0
128,Male,XS,Medium,mustard,Casual,Kids,Frock,Cotton,lavender,499.0,0
128,Male,XS,Medium,mustard,Casual,Kids,Ethnic,Cotton,red,1999.0,0
128,Male,XS,Medium,mustard,Casual,Kids,Frock,Rayon,lavender,499.0,0
128,Male,XS,Medium,mustard,Casual,Kids,Ethnic,Silk,burgundy,999.0,1
128,Male,XS,Medium,mustard,Casual,Women,Saree,Denim,burgundy,499.0,1
128,Male,XS,Medium,mustard,Casual,Newborn,Romper,Linen,coral,2999.0,0
128,Male,XS,Medium,mustard,Casual,Newborn,Romper,Wool,burgundy,299.0,0
128,Male,XS,Medium,mustard,Casual,Men,Shirt,Linen,green,1299.0,0
128,Male,XS,Medium,mustard,Casual,Newborn,Romper,Rayon,gold,699.0,0
128,Male,XS,Medium,mustard,Casual,Men,Blazer,Georgette,burgundy,1299.0,1
128,Male,XS,Medium,mustard,Casual,Newborn,Set,Wool,yellow,2999.0,0
128,Male,XS,Medium,mustard,Casual,Women,Top,Silk,gold,4999.0,0
128,Male,XS,Medium,mustard,Casual,Women,Kurti,Denim,mustard,4999.0,1
128,Male,XS,Medium,mustard,Casual,Kids,T-Shirt,Rayon,olive,999.0,0
128,Male,XS,Medium,mustard,Casual,Men,Kurta,Silk,navy,299.0,0
128,Male,XS,Medium,mustard,Casual,Women,Dress,Linen,olive,499.0,0
128,Male,XS,Medium,mustard,Casual,Newborn,Set,Georgette,teal,2999.0,0
128,Male,XS,Medium,mustard,Casual,Newborn,Onesie,Linen,pink,1299.0,0
128,Male,XS,Medium,mustard,Casual,Women,Top,Georgette,peach,999.0,0
128,Male,XS,Medium,mustard,Casual,Kids,Shorts,Silk,gold,499.0,0
128,Male,XS,Medium,mustard,Casual,Kids,Ethnic,Cotton,olive,1999.0,1
128,Male,XS,Medium,mustard,Casual,Newborn,Romper,Rayon,mustard,4999.0,1
129,Male,S,Dark,blue,Festival,Newborn,Romper,Silk,lavender,1999.0,1
129,Male,S,Dark,blue,Festival,Newborn,Set,Georgette,teal,2999.0,0
129,Male,S,Dark,blue,Festival,Newborn,Romper,Silk,black,499.0,0
129,Male,S,Dark,blue,Festival,Men,Trousers,Linen,magenta,699.0,1
129,Male,S,Dark,blue,Festival,Kids,Ethnic,Wool,white,1299.0,1
129,Male,S,Dark,blue,Festival,Kids,Ethnic,Silk,burgundy,999.0,0
129,Male,S,Dark,blue,Festival,Kids,T-Shirt,Denim,blue,299.0,1
129,Male,S,Dark,blue,Festival,Women,Salwar,Rayon,gold,4999.0,0
129,Male,S,Dark,blue,Festival,Women,Salwar,Denim,burgundy,2999.0,0
129,Male,S,Dark,blue,Festival,Men,T-Shirt,Rayon,green,2999.0,0
129,Male,S,Dark,blue,Festival,Men,Blazer,Wool,white,499.0,0
129,Male,S,Dark,blue,Festival,Newborn,Onesie,Linen,pink,1299.0,0
129,Male,S,Dark,blue,Festival,Women,Dress,Denim,pink,1299.0,0
129,Male,S,Dark,blue,Festival,Women,Top,Silk,gold,4999.0,0
129,Male,S,Dark,blue,Festival,Kids,Shorts,Georgette,cream,1999.0,0
129,Male,S,Dark,blue,Festival,Kids,T-Shirt,Georgette,gold,4999.0,0
129,Male,S,Dark,blue,Festival,Newborn,Romper,Wool,coral,1999.0,0
129,Male,S,Dark,blue,Festival,Men,Blazer,Georgette,burgundy,1299.0,1
129,Male,S,Dark,blue,Festival,Women,Salwar,Denim,burgundy,699.0,0
129,Male,S,Dark,blue,Festival,Newborn,Romper,Rayon,mustard,4999.0,0
129,Male,S,Dark,blue,Festival,Women,Dress,Georgette,green,299.0,0
129,Male,S,Dark,blue,Festival,Newborn,Onesie,Silk,blue,299.0,0
129,Male,S,Dark,blue,Festival,Men,Trousers,Linen,lavender,1299.0,0
129,Male,S,Dark,blue,Festival,Women,Kurti,Silk,burgundy,4999.0,0
129,Male,S,Dark,blue,Festival,Men,Trousers,Rayon,olive,499.0,0
130,Female,M,Deep,burgundy,Festival,Kids,Frock,Cotton,lavender,499.0,0
130,Female,M,Deep,burgundy,Festival,Newborn,Set,Wool,yellow,2999.0,1
130,Female,M,Deep,burgundy,Festival,Kids,Ethnic,Silk,coral,4999.0,0
130,Female,M,Deep,burgundy,Festival,Newborn,Onesie,Cotton,yellow,2999.0,0
130,Female,M,Deep,burgundy,Festival,Newborn,Set,Rayon,blue,999.0,0
130,Female,M,Deep,burgundy,Festival,Men,Shirt,Rayon,gold,999.0,0
130,Female,M,Deep,burgundy,Festival,Women,Dress,Cotton,black,1999.0,1
130,Female,M,Deep,burgundy,Festival,Women,Saree,Denim,peach,1999.0,1
130,Female,M,Deep,burgundy,Festival,Newborn,Onesie,Cotton,yellow,1999.0,1
130,Female,M,Deep,burgundy,Festival,Men,Kurta,Cotton,green,499.0,0
130,Female,M,Deep,burgundy,Festival,Women,Lehenga,Denim,pink,299.0,1
130,Female,M,Deep,burgundy,Festival,Kids,Ethnic,Cotton,red,1999.0,0
130,Female,M,Deep,burgundy,Festival,Newborn,Romper,Wool,coral,1999.0,1
130,Female,M,Deep,burgundy,Festival,Kids,T-Shirt,Denim,burgundy,1299.0,1
130,Female,M,Deep,burgundy,Festival,Kids,T-Shirt,Silk,white,999.0,1
130,Female,M,Deep,burgundy,Festival,Newborn,Romper,Silk,black,499.0,0
130,Female,M,Deep,burgundy,Festival,Men,Blazer,Linen,teal,999.0,0
130,Female,M,Deep,burgundy,Festival,Women,Dress,Silk,black,1299.0,1
130,Female,M,Deep,burgundy,Festival,Men,Trousers,Denim,lavender,1299.0,0
130,Female,M,Deep,burgundy,Festival,Newborn,Set,Denim,royal blue,999.0,0
130,Female,M,Deep,burgundy,Festival,Women,Top,Silk,gold,4999.0,1
130,Female,M,Deep,burgundy,Festival,Newborn,Romper,Linen,coral,2999.0,0
130,Female,M,Deep,burgundy,Festival,Men,Blazer,Linen,teal,1299.0,0
130,Female,M,Deep,burgundy,Festival,Newborn,Onesie,Linen,burgundy,999.0,1
130,Female,M,Deep,burgundy,Festival,Kids,Ethnic,Rayon,burgundy,1999.0,1
131,Male,L,Deep,red,Festival,Kids,Ethnic,Cotton,red,1999.0,1
131,Male,L,Deep,red,Festival,Women,Kurti,Linen,yellow,299.0,1
131,Male,L,Deep,red,Festival,Men,Trousers,Silk,green,4999.0,0
131,Male,L,Deep,red,Festival,Men,Shirt,Rayon,peach,1999.0,1
131,Male,L,Deep,red,Festival,Newborn,Onesie,Denim,coral,699.0,0
131,Male,L,Deep,red,Festival,Women,Lehenga,Rayon,black,699.0,0
131,Male,L,Deep,red,Festival,Kids,Ethnic,Silk,coral,4999.0,0
131,Male,L,Deep,red,Festival,Men,Shirt,Wool,peach,1999.0,0
131,Male,L,Deep,red,Festival,Newborn,Onesie,Cotton,yellow,2999.0,0
131,Male,L,Deep,red,Festival,Women,Kurti,Silk,magenta,699.0,0
131,Male,L,Deep,red,Festival,Newborn,Romper,Rayon,gold,699.0,0
131,Male,L,Deep,red,Festival,Kids,Shorts,Georgette,cream,1999.0,0
131,Male,L,Deep,red,Festival,Newborn,Set,Denim,royal blue,999.0,1
131,Male,L,Deep,red,Festival,Kids,T-Shirt,Silk,white,999.0,0
131,Male,L,Deep,red,Festival,Newborn,Set,Rayon,burgundy,4999.0,1
131,Male,L,Deep,red,Festival,Newborn,Romper,Cotton,pink,999.0,0
131,Male,L,Deep,red,Festival,Men,Blazer,Denim,pink,699.0,1
131,Male,L,Deep,red,Festival,Men,T-Shirt,Rayon,peach,1999.0,0
131,Male,L,Deep,red,Festival,Kids,Frock,Silk,cream,1999.0,0
131,Male,L,Deep,red,Festival,Men,Shirt,Cotton,blue,299.0,0
131,Male,L,Deep,red,Festival,Kids,T-Shirt,Georgette,gold,4999.0,1
131,Male,L,Deep,red,Festival,Newborn,Romper,Rayon,mustard,4999.0,0
131,Male,L,Deep,red,Festival,Newborn,Onesie,Cotton,yellow,1999.0,0
131,Male,L,Deep,red,Festival,Women,Salwar,Cotton,magenta,299.0,0
131,Male,L,Deep,red,Festival,Kids,T-Shirt,Denim,burgundy,1299.0,0
132,Female,M,Fair,royal blue,Wedding,Men,T-Shirt,Rayon,peach,1999.0,0
132,Female,M,Fair,royal blue,Wedding,Newborn,Set,Rayon,white,2999.0,0
132,Female,M,Fair,royal blue,Wedding,Men,Shirt,Cotton,blue,299.0,1
132,Female,M,Fair,royal blue,Wedding,Women,Salwar,Denim,magenta,4999.0,0
132,Female,M,Fair,royal blue,Wedding,Men,Trousers,Cotton,royal blue,1999.0,0
132,Female,M,Fair,royal blue,Wedding,Women,Lehenga,Denim,pink,299.0,1
132,Female,M,Fair,royal blue,Wedding,Kids,Ethnic,Silk,burgundy,999.0,1
132,Female,M,Fair,royal blue,Wedding,Men,Trousers,Denim,lavender,1299.0,1
132,Female,M,Fair,royal blue,Wedding,Men,Blazer,Georgette,burgundy,1299.0,1
132,Female,M,Fair,royal blue,Wedding,Men,Trousers,Linen,lavender,1299.0,0
132,Female,M,Fair,royal blue,Wedding,Women,Salwar,Silk,red,1999.0,0
132,Female,M,Fair,royal blue,Wedding,Women,Salwar,Denim,burgundy,2999.0,0
132,Female,M,Fair,royal blue,Wedding,Newborn,Romper,Silk,lavender,1999.0,0
132,Female,M,Fair,royal blue,Wedding,Newborn,Romper,Cotton,pink,999.0,1
132,Female,M,Fair,royal blue,Wedding,Newborn,Onesie,Denim,coral,699.0,0
132,Female,M,Fair,royal blue,Wedding,Women,Top,Rayon,magenta,699.0,0
132,Female,M,Fair,royal blue,Wedding,Kids,Ethnic,Rayon,burgundy,1999.0,0
132,Female,M,Fair,royal blue,Wedding,Kids,Frock,Wool,burgundy,999.0,0
132,Female,M,Fair,royal blue,Wedding,Women,Salwar,Cotton,cream,999.0,1
132,Female,M,Fair,royal blue,Wedding,Men,Blazer,Linen,teal,999.0,0
132,Female,M,Fair,royal blue,Wedding,Men,Blazer,Georgette,black,2999.0,0
132,Female,M,Fair,royal blue,Wedding,Newborn,Set,Rayon,blue,999.0,1
132,Female,M,Fair,royal blue,Wedding,Kids,T-Shirt,Rayon,olive,999.0,0
132,Female,M,Fair,royal blue,Wedding,Kids,Ethnic,Silk,coral,4999.0,0
132,Female,M,Fair,royal blue,Wedding,Men,Trousers,Linen,magenta,699.0,0
133,Female,L,Light,royal blue,Casual,Women,Dress,Georgette,green,299.0,1
133,Female,L,Light,royal blue,Casual,Newborn,Set,Georgette,teal,2999.0,0
133,Female,L,Light,royal blue,Casual,Newborn,Set,Rayon,burgundy,4999.0,1
133,Female,L,Light,royal blue,Casual,Women,Salwar,Silk,red,1999.0,1
133,Female,L,Light,royal blue,Casual,Women,Salwar,Denim,magenta,4999.0,1
133,Female,L,Light,royal blue,Casual,Newborn,Set,Wool,yellow,2999.0,0
133,Female,L,Light,royal blue,Casual,Kids,T-Shirt,Denim,blue,299.0,1
133,Female,L,Light,royal blue,Casual,Women,Top,Rayon,teal,1999.0,0
133,Female,L,Light,royal blue,Casual,Men,T-Shirt,Rayon,coral,999.0,0
133,Female,L,Light,royal blue,Casual,Men,Trousers,Denim,lavender,1299.0,0
133,Female,L,Light,royal blue,Casual,Kids,Ethnic,Georgette,black,1299.0,0
133,Female,L,Light,royal blue,Casual,Kids,Ethnic,Rayon,burgundy,1999.0,0
133,Female,L,Light,royal blue,Casual,Kids,T-Shirt,Denim,burgundy,1299.0,0
133,Female,L,Light,royal blue,Casual,Kids,Ethnic,Silk,burgundy,999.0,0
133,Female,L,Light,royal blue,Casual,Women,Lehenga,Denim,pink,299.0,1
133,Female,L,Light,royal blue,Casual,Newborn,Onesie,Denim,coral,699.0,1
133,Female,L,Light,royal blue,Casual,Kids,Ethnic,Wool,teal,499.0,0
133,Female,L,Light,royal blue,Casual,Newborn,Onesie,Denim,cream,499.0,1
133,Female,L,Light,royal blue,Casual,Men,Kurta,Silk,navy,299.0,0
133,Female,L,Light,royal blue,Casual,Newborn,Set,Rayon,burgundy,999.0,0
133,Female,L,Light,royal blue,Casual,Kids,Shorts,Georgette,cream,1999.0,1
133,Female,L,Light,royal blue,Casual,Kids,Frock,Rayon,lavender,499.0,0
133,Female,L,Light,royal blue,Casual,Kids,Ethnic,Cotton,red,1999.0,0
133,Female,L,Light,royal blue,Casual,Men,Blazer,Wool,white,499.0,1
133,Female,L,Light,royal blue,Casual,Women,Kurti,Denim,mustard,4999.0,0
134,Female,XL,Deep,royal blue,Casual,Kids,Frock,Silk,cream,1999.0,0
134,Female,XL,Deep,royal blue,Casual,Kids,Shorts,Silk,gold,499.0,1
134,Female,XL,Deep,royal blue,Casual,Newborn,Romper,Cotton,pink,999.0,0
134,Female,XL,Deep,royal blue,Casual,Kids,Frock,Linen,peach,699.0,0
134,Female,XL,Deep,royal blue,Casual,Men,Blazer,Georgette,burgundy,1299.0,0
134,Female,XL,Deep,royal blue,Casual,Women,Dress,Linen,olive,499.0,1
134,Female,XL,Deep,royal blue,Casual,Women,Dress,Cotton,black,1999.0,1
134,Female,XL,Deep,royal blue,Casual,Kids,Ethnic,Wool,teal,499.0,1
134,Female,XL,Deep,royal blue,Casual,Women,Kurti,Linen,yellow,299.0,1
134,Female,XL,Deep,royal blue,Casual,Women,Top,Rayon,teal,1999.0,1
134,Female,XL,Deep,royal blue,Casual,Women,Dress,Silk,black,1299.0,1
134,Female,XL,Deep,royal blue,Casual,Newborn,Set,Rayon,blue,999.0,1
134,Female,XL,Deep,royal blue,Casual,Newborn,Onesie,Denim,royal blue,699.0,1
134,Female,XL,Deep,royal blue,Casual,Men,T-Shirt,Rayon,green,2999.0,0
134,Female,XL,Deep,royal blue,Casual,Kids,T-Shirt,Rayon,olive,999.0,0
134,Female,XL,Deep,royal blue,Casual,Women,Kurti,Denim,white,699.0,1
134,Female,XL,Deep,royal blue,Casual,Women,Salwar,Silk,red,1999.0,1
134,Female,XL,Deep,royal blue,Casual,Newborn,Romper,Denim,navy,1299.0,0
134,Female,XL,Deep,royal blue,Casual,Newborn,Set,Georgette,pink,4999.0,0
134,Female,XL,Deep,royal blue,Casual,Women,Dress,Linen,yellow,1999.0,1
134,Female,XL,Deep,royal blue,Casual,Newborn,Onesie,Cotton,yellow,2999.0,1
134,Female,XL,Deep,royal blue,Casual,Newborn,Onesie,Denim,yellow,4999.0,0
134,Female,XL,Deep,royal blue,Casual,Newborn,Onesie,Linen,burgundy,999.0,1
134,Female,XL,Deep,royal blue,Casual,Kids,Frock,Georgette,black,499.0,0
134,Female,XL,Deep,royal blue,Casual,Kids,Ethnic,Silk,coral,4999.0,0
135,Female,M,Light,red,Festival,Kids,Ethnic,Rayon,burgundy,1999.0,0
135,Female,M,Light,red,Festival,Kids,Frock,Silk,cream,1999.0,0
135,Female,M,Light,red,Festival,Newborn,Romper,Linen,coral,2999.0,0
135,Female,M,Light,red,Festival,Newborn,Set,Rayon,blue,999.0,1
135,Female,M,Light,red,Festival,Women,Salwar,Rayon,gold,4999.0,0
135,Female,M,Light,red,Festival,Women,Top,Rayon,teal,1999.0,0
135,Female,M,Light,red,Festival,Men,Shirt,Rayon,gold,999.0,0
135,Female,M,Light,red,Festival,Women,Kurti,Cotton,cream,999.0,1
135,Female,M,Light,red,Festival,Men,Shirt,Wool,peach,1999.0,0
135,Female,M,Light,red,Festival,Newborn,Onesie,Linen,pink,1299.0,0
135,Female,M,Light,red,Festival,Newborn,Set,Georgette,teal,699.0,0
135,Female,M,Light,red,Festival,Men,Blazer,Georgette,burgundy,1299.0,0
135,Female,M,Light,red,Festival,Women,Kurti,Linen,yellow,299.0,0
135,Female,M,Light,red,Festival,Women,Saree,Denim,burgundy,499.0,1
135,Female,M,Light,red,Festival,Men,T-Shirt,Rayon,peach,1999.0,0
135,Female,M,Light,red,Festival,Newborn,Romper,Wool,burgundy,999.0,0
135,Female,M,Light,red,Festival,Men,T-Shirt,Linen,red,499.0,1
135,Female,M,Light,red,Festival,Men,Blazer,Linen,cream,299.0,1
135,Female,M,Light,red,Festival,Kids,Ethnic,Cotton,red,1999.0,1
135,Female,M,Light,red,Festival,Kids,Ethnic,Silk,coral,4999.0,1
135,Female,M,Light,red,Festival,Men,T-Shirt,Rayon,coral,999.0,1
135,Female,M,Light,red,Festival,Men,Blazer,Wool,white,499.0,1
135,Female,M,Light,red,Festival,Men,Trousers,Rayon,olive,499.0,0
135,Female,M,Light,red,Festival,Kids,Shorts,Georgette,cream,1999.0,0
135,Female,M,Light,red,Festival,Kids,Ethnic,Wool,white,1299.0,1
136,Male,XXL,Light,white,Casual,Newborn,Set,Rayon,burgundy,999.0,0
136,Male,XXL,Light,white,Casual,Women,Salwar,Cotton,coral,1999.0,0
136,Male,XXL,Light,white,Casual,Newborn,Romper,Rayon,mustard,4999.0,0
136,Male,XXL,Light,white,Casual,Newborn,Romper,Wool,burgundy,999.0,0
136,Male,XXL,Light,white,Casual,Men,Shirt,Cotton,blue,299.0,1
136,Male,XXL,Light,white,Casual,Newborn,Onesie,Denim,royal blue,699.0,0
136,Male,XXL,Light,white,Casual,Men,Blazer,Linen,cream,299.0,0
136,Male,XXL,Light,white,Casual,Newborn,Onesie,Cotton,yellow,1999.0,0
136,Male,XXL,Light,white,Casual,Women,Salwar,Denim,burgundy,699.0,0
136,Male,XXL,Light,white,Casual,Kids,Ethnic,Silk,coral,4999.0,1
136,Male,XXL,Light,white,Casual,Men,T-Shirt,Rayon,coral,999.0,1
136,Male,XXL,Light,white,Casual,Kids,Ethnic,Cotton,red,1999.0,0
136,Male,XXL,Light,white,Casual,Women,Salwar,Cotton,cream,999.0,1
136,Male,XXL,Light,white,Casual,Kids,Frock,Wool,burgundy,999.0,0
136,Male,XXL,Light,white,Casual,Women,Salwar,Silk,red,1999.0,0
136,Male,XXL,Light,white,Casual,Women,Salwar,Rayon,gold,4999.0,0
136,Male,XXL,Light,white,Casual,Newborn,Set,Rayon,burgundy,4999.0,0
136,Male,XXL,Light,white,Casual,Women,Kurti,Silk,magenta,699.0,0
136,Male,XXL,Light,white,Casual,Men,Blazer,Rayon,red,1299.0,1
136,Male,XXL,Light,white,Casual,Men,Shirt,Rayon,gold,999.0,0
136,Male,XXL,Light,white,Casual,Kids,Ethnic,Cotton,olive,1999.0,0
136,Male,XXL,Light,white,Casual,Kids,T-Shirt,Denim,navy,1999.0,0
136,Male,XXL,Light,white,Casual,Newborn,Set,Georgette,pink,4999.0,0
136,Male,XXL,Light,white,Casual,Newborn,Romper,Linen,coral,2999.0,0
136,Male,XXL,Light,white,Casual,Men,Blazer,Georgette,burgundy,1299.0,1
137,Female,S,Light,navy,Wedding,Newborn,Onesie,Linen,burgundy,999.0,0
137,Female,S,Light,navy,Wedding,Men,Blazer,Georgette,burgundy,1299.0,1
137,Female,S,Light,navy,Wedding,Men,Shirt,Rayon,gold,999.0,1
137,Female,S,Light,navy,Wedding,Men,Blazer,Wool,white,499.0,1
137,Female,S,Light,navy,Wedding,Newborn,Onesie,Linen,pink,1299.0,1
137,Female,S,Light,navy,Wedding,Newborn,Romper,Rayon,gold,699.0,0
137,Female,S,Light,navy,Wedding,Newborn,Set,Silk,gold,299.0,0
137,Female,S,Light,navy,Wedding,Newborn,Onesie,Silk,blue,299.0,0
137,Female,S,Light,navy,Wedding,Women,Salwar,Wool,navy,4999.0,1
137,Female,S,Light,navy,Wedding,Newborn,Set,Rayon,burgundy,4999.0,0
137,Female,S,Light,navy,Wedding,Women,Top,Silk,gold,4999.0,0
137,Female,S,Light,navy,Wedding,Kids,Shorts,Silk,gold,499.0,1
137,Female,S,Light,navy,Wedding,Women,Dress,Silk,black,1299.0,1
137,Female,S,Light,navy,Wedding,Men,Blazer,Linen,cream,299.0,1
137,Female,S,Light,navy,Wedding,Newborn,Romper,Linen,coral,2999.0,0
137,Female,S,Light,navy,Wedding,Kids,T-Shirt,Denim,blue,299.0,0
137,Female,S,Light,navy,Wedding,Women,Salwar,Denim,burgundy,699.0,1
137,Female,S,Light,navy,Wedding,Kids,Ethnic,Silk,burgundy,999.0,0
137,Female,S,Light,navy,Wedding,Women,Dress,Linen,yellow,1999.0,1
137,Female,S,Light,navy,Wedding,Newborn,Set,Georgette,teal,2999.0,0
137,Female,S,Light,navy,Wedding,Women,Salwar,Denim,burgundy,2999.0,0
137,Female,S,Light,navy,Wedding,Women,Dress,Denim,pink,1299.0,1
137,Female,S,Light,navy,Wedding,Women,Kurti,Denim,white,699.0,1
137,Female,S,Light,navy,Wedding,Newborn,Romper,Silk,black,499.0,0
137,Female,S,Light,navy,Wedding,Kids,Ethnic,Wool,teal,499.0,0
138,Male,Free Size,Dark,yellow,Office,Women,Top,Cotton,green,2999.0,0
138,Male,Free Size,Dark,yellow,Office,Newborn,Onesie,Denim,yellow,4999.0,1
138,Male,Free Size,Dark,yellow,Office,Newborn,Romper,Rayon,gold,699.0,0
138,Male,Free Size,Dark,yellow,Office,Newborn,Set,Rayon,burgundy,4999.0,0
138,Male,Free Size,Dark,yellow,Office,Kids,Frock,Cotton,peach,1299.0,0
138,Male,Free Size,Dark,yellow,Office,Newborn,Set,Georgette,pink,4999.0,0
138,Male,Free Size,Dark,yellow,Office,Men,Shirt,Linen,blue,1299.0,1
138,Male,Free Size,Dark,yellow,Office,Kids,Ethnic,Silk,coral,4999.0,0
138,Male,Free Size,Dark,yellow,Office,Men,T-Shirt,Rayon,green,2999.0,1
138,Male,Free Size,Dark,yellow,Office,Women,Saree,Denim,burgundy,499.0,0
138,Male,Free Size,Dark,yellow,Office,Newborn,Onesie,Cotton,yellow,2999.0,1
138,Male,Free Size,Dark,yellow,Office,Women,Dress,Denim,pink,1299.0,1
138,Male,Free Size,Dark,yellow,Office,Women,Saree,Denim,peach,1999.0,0
138,Male,Free Size,Dark,yellow,Office,Women,Salwar,Denim,burgundy,699.0,0
138,Male,Free Size,Dark,yellow,Office,Women,Dress,Rayon,mustard,999.0,0
138,Male,Free Size,Dark,yellow,Office,Men,Shirt,Cotton,blue,299.0,0
138,Male,Free Size,Dark,yellow,Office,Men,Trousers,Rayon,olive,499.0,1
138,Male,Free Size,Dark,yellow,Office,Women,Kurti,Cotton,cream,999.0,1
138,Male,Free Size,Dark,yellow,Office,Kids,Ethnic,Cotton,olive,1999.0,1
138,Male,Free Size,Dark,yellow,Office,Newborn,Romper,Wool,burgundy,299.0,0
138,Male,Free Size,Dark,yellow,Office,Kids,Ethnic,Wool,white,1299.0,1
138,Male,Free Size,Dark,yellow,Office,Newborn,Onesie,Cotton,yellow,1999.0,0
138,Male,Free Size,Dark,yellow,Office,Kids,Ethnic,Rayon,burgundy,1999.0,0
138,Male,Free Size,Dark,yellow,Office,Newborn,Onesie,Linen,burgundy,999.0,0
138,Male,Free Size,Dark,yellow,Office,Kids,T-Shirt,Denim,navy,1999.0,0
139,Male,Free Size,Light,olive,Wedding,Kids,Ethnic,Cotton,red,1999.0,0
139,Male,Free Size,Light,olive,Wedding,Men,Blazer,Georgette,black,2999.0,1
139,Male,Free Size,Light,olive,Wedding,Newborn,Set,Georgette,pink,4999.0,0
139,Male,Free Size,Light,olive,Wedding,Newborn,Romper,Wool,burgundy,999.0,0
139,Male,Free Size,Light,olive,Wedding,Newborn,Set,Denim,royal blue,999.0,0
139,Male,Free Size,Light,olive,Wedding,Newborn,Onesie,Denim,royal blue,699.0,0
139,Male,Free Size,Light,olive,Wedding,Men,Blazer,Linen,teal,999.0,1
139,Male,Free Size,Light,olive,Wedding,Kids,T-Shirt,Denim,burgundy,1299.0,0
139,Male,Free Size,Light,olive,Wedding,Men,Trousers,Linen,lavender,1299.0,0
139,Male,Free Size,Light,olive,Wedding,Newborn,Romper,Linen,peach,4999.0,1
139,Male,Free Size,Light,olive,Wedding,Newborn,Onesie,Denim,cream,499.0,0
139,Male,Free Size,Light,olive,Wedding,Newborn,Onesie,Silk,blue,299.0,0
139,Male,Free Size,Light,olive,Wedding,Kids,Frock,Cotton,peach,1299.0,0
139,Male,Free Size,Light,olive,Wedding,Women,Kurti,Denim,white,699.0,1
139,Male,Free Size,Light,olive,Wedding,Newborn,Set,Rayon,burgundy,999.0,1
139,Male,Free Size,Light,olive,Wedding,Kids,Ethnic,Wool,teal,499.0,0
139,Male,Free Size,Light,olive,Wedding,Kids,Ethnic,Cotton,olive,1999.0,1
139,Male,Free Size,Light,olive,Wedding,Kids,T-Shirt,Silk,olive,499.0,0
139,Male,Free Size,Light,olive,Wedding,Newborn,Romper,Linen,coral,2999.0,0
139,Male,Free Size,Light,olive,Wedding,Women,Kurti,Denim,mustard,4999.0,0
139,Male,Free Size,Light,olive,Wedding,Newborn,Romper,Silk,lavender,1999.0,0
139,Male,Free Size,Light,olive,Wedding,Men,Shirt,Rayon,gold,999.0,0
139,Male,Free Size,Light,olive,Wedding,Kids,Frock,Georgette,black,499.0,1
139,Male,Free Size,Light,olive,Wedding,Women,Salwar,Denim,magenta,4999.0,0
139,Male,Free Size,Light,olive,Wedding,Kids,T-Shirt,Rayon,olive,999.0,1
140,Male,M,Light,blue,Office,Men,Trousers,Linen,magenta,699.0,0
140,Male,M,Light,blue,Office,Women,Salwar,Silk,red,1999.0,0
140,Male,M,Light,blue,Office,Newborn,Set,Georgette,teal,699.0,0
140,Male,M,Light,blue,Office,Kids,Frock,Georgette,black,499.0,0
140,Male,M,Light,blue,Office,Kids,Frock,Rayon,lavender,499.0,0
140,Male,M,Light,blue,Office,Kids,Ethnic,Silk,burgundy,999.0,0
140,Male,M,Light,blue,Office,Women,Dress,Georgette,green,299.0,0
140,Male,M,Light,blue,Office,Women,Saree,Denim,burgundy,499.0,0
140,Male,M,Light,blue,Office,Women,Salwar,Cotton,cream,999.0,1
140,Male,M,Light,blue,Office,Newborn,Set,Rayon,blue,999.0,1
140,Male,M,Light,blue,Office,Newborn,Romper,Denim,navy,1299.0,0
140,Male,M,Light,blue,Office,Newborn,Onesie,Denim,coral,699.0,0
140,Male,M,Light,blue,Office,Women,Kurti,Denim,mustard,4999.0,1
140,Male,M,Light,blue,Office,Men,Trousers,Linen,lavender,1299.0,0
140,Male,M,Light,blue,Office,Women,Kurti,Denim,white,699.0,1
140,Male,M,Light,blue,Office,Newborn,Onesie,Linen,pink,1299.0,0
140,Male,M,Light,blue,Office,Men,Blazer,Georgette,burgundy,1299.0,0
140,Male,M,Light,blue,Office,Kids,Frock,Wool,burgundy,999.0,1
140,Male,M,Light,blue,Office,Men,Blazer,Linen,teal,1299.0,0
140,Male,M,Light,blue,Office,Newborn,Romper,Wool,burgundy,299.0,0
140,Male,M,Light,blue,Office,Men,Trousers,Cotton,royal blue,1999.0,1
140,Male,M,Light,blue,Office,Men,T-Shirt,Rayon,green,2999.0,1
140,Male,M,Light,blue,Office,Newborn,Romper,Silk,lavender,1999.0,0
140,Male,M,Light,blue,Office,Men,Kurta,Silk,teal,1299.0,1
140,Male,M,Light,blue,Office,Men,Kurta,Cotton,green,499.0,1
141,Female,Free Size,Light,red,Daily,Women,Kurti,Rayon,red,499.0,1
141,Female,Free Size,Light,red,Daily,Kids,Frock,Linen,peach,699.0,1
141,Female,Free Size,Light,red,Daily,Kids,T-Shirt,Georgette,gold,4999.0,0
141,Female,Free Size,Light,red,Daily,Kids,Ethnic,Rayon,burgundy,1999.0,0
141,Female,Free Size,Light,red,Daily,Newborn,Onesie,Silk,blue,299.0,0
141,Female,Free Size,Light,red,Daily,Men,Blazer,Georgette,burgundy,1299.0,0
141,Female,Free Size,Light,red,Daily,Kids,Frock,Wool,burgundy,999.0,0
141,Female,Free Size,Light,red,Daily,Men,Blazer,Rayon,red,1299.0,1
141,Female,Free Size,Light,red,Daily,Newborn,Romper,Denim,navy,1299.0,0
141,Female,Free Size,Light,red,Daily,Newborn,Set,Georgette,pink,4999.0,0
141,Female,Free Size,Light,red,Daily,Women,Salwar,Silk,red,1999.0,1
141,Female,Free Size,Light,red,Daily,Kids,T-Shirt,Denim,burgundy,1299.0,0
141,Female,Free Size,Light,red,Daily,Newborn,Set,Rayon,white,2999.0,1
141,Female,Free Size,Light,red,Daily,Newborn,Romper,Wool,burgundy,999.0,0
141,Female,Free Size,Light,red,Daily,Kids,Ethnic,Cotton,red,1999.0,1
141,Female,Free Size,Light,red,Daily,Women,Kurti,Denim,white,699.0,1
141,Female,Free Size,Light,red,Daily,Women,Lehenga,Denim,pink,299.0,0
141,Female,Free Size,Light,red,Daily,Men,Shirt,Wool,peach,1999.0,1
141,Female,Free Size,Light,red,Daily,Women,Kurti,Silk,magenta,699.0,0
141,Female,Free Size,Light,red,Daily,Women,Top,Silk,gold,4999.0,0
141,Female,Free Size,Light,red,Daily,Kids,T-Shirt,Cotton,black,499.0,0
141,Female,Free Size,Light,red,Daily,Newborn,Onesie,Linen,pink,1299.0,1
141,Female,Free Size,Light,red,Daily,Men,Shirt,Rayon,gold,999.0,0
141,Female,Free Size,Light,red,Daily,Newborn,Set,Denim,royal blue,999.0,0
141,Female,Free Size,Light,red,Daily,Kids,Frock,Georgette,black,499.0,0
142,Male,S,Fair,royal blue,Wedding,Newborn,Romper,Silk,black,499.0,0
142,Male,S,Fair,royal blue,Wedding,Women,Kurti,Cotton,cream,999.0,1
142,Male,S,Fair,royal blue,Wedding,Men,Trousers,Linen,lavender,1299.0,1
142,Male,S,Fair,royal blue,Wedding,Women,Kurti,Silk,burgundy,4999.0,0
142,Male,S,Fair,royal blue,Wedding,Men,Shirt,Linen,green,1299.0,0
142,Male,S,Fair,royal blue,Wedding,Women,Top,Cotton,green,2999.0,0
142,Male,S,Fair,royal blue,Wedding,Newborn,Romper,Linen,peach,4999.0,1
142,Male,S,Fair,royal blue,Wedding,Kids,Shorts,Georgette,cream,1999.0,1
142,Male,S,Fair,royal blue,Wedding,Kids,Frock,Linen,peach,699.0,0
142,Male,S,Fair,royal blue,Wedding,Men,Blazer,Georgette,burgundy,1299.0,1
142,Male,S,Fair,royal blue,Wedding,Women,Kurti,Rayon,red,499.0,0
142,Male,S,Fair,royal blue,Wedding,Kids,Ethnic,Wool,white,1299.0,1
142,Male,S,Fair,royal blue,Wedding,Kids,Ethnic,Cotton,olive,1999.0,0
142,Male,S,Fair,royal blue,Wedding,Kids,Frock,Rayon,lavender,499.0,1
142,Male,S,Fair,royal blue,Wedding,Kids,Frock,Georgette,black,499.0,0
142,Male,S,Fair,royal blue,Wedding,Kids,Frock,Cotton,peach,1299.0,0
142,Male,S,Fair,royal blue,Wedding,Kids,Frock,Wool,burgundy,999.0,0
142,Male,S,Fair,royal blue,Wedding,Newborn,Onesie,Denim,coral,699.0,0
142,Male,S,Fair,royal blue,Wedding,Men,Shirt,Linen,blue,1299.0,1
142,Male,S,Fair,royal blue,Wedding,Kids,T-Shirt,Denim,blue,299.0,0
142,Male,S,Fair,royal blue,Wedding,Men,Trousers,Rayon,olive,499.0,1
142,Male,S,Fair,royal blue,Wedding,Men,Trousers,Linen,magenta,699.0,1
142,Male,S,Fair,royal blue,Wedding,Newborn,Romper,Wool,burgundy,299.0,0
142,Male,S,Fair,royal blue,Wedding,Women,Dress,Georgette,green,299.0,0
142,Male,S,Fair,royal blue,Wedding,Newborn,Set,Rayon,blue,999.0,1
143,Female,XS,Light,gold,Casual,Men,Blazer,Rayon,red,1299.0,0
143,Female,XS,Light,gold,Casual,Men,Kurta,Silk,navy,299.0,0
143,Female,XS,Light,gold,Casual,Men,Trousers,Linen,lavender,1299.0,1
143,Female,XS,Light,gold,Casual,Men,Shirt,Cotton,blue,299.0,0
143,Female,XS,Light,gold,Casual,Men,Shirt,Rayon,gold,999.0,1
143,Female,XS,Light,gold,Casual,Kids,Ethnic,Silk,burgundy,999.0,0
143,Female,XS,Light,gold,Casual,Men,T-Shirt,Rayon,green,2999.0,1
143,Female,XS,Light,gold,Casual,Newborn,Set,Rayon,burgundy,4999.0,0
143,Female,XS,Light,gold,Casual,Women,Dress,Cotton,black,1999.0,0
143,Female,XS,Light,gold,Casual,Kids,Shorts,Silk,gold,499.0,0
143,Female,XS,Light,gold,Casual,Men,Shirt,Linen,blue,1299.0,0
143,Female,XS,Light,gold,Casual,Newborn,Romper,Wool,coral,1999.0,0
143,Female,XS,Light,gold,Casual,Women,Kurti,Silk,magenta,699.0,0
143,Female,XS,Light,gold,Casual,Women,Saree,Cotton,cream,999.0,1
143,Female,XS,Light,gold,Casual,Newborn,Onesie,Denim,cream,499.0,1
143,Female,XS,Light,gold,Casual,Women,Lehenga,Rayon,black,699.0,0
143,Female,XS,Light,gold,Casual,Newborn,Onesie,Silk,blue,299.0,0
143,Female,XS,Light,gold,Casual,Kids,T-Shirt,Denim,burgundy,1299.0,0
143,Female,XS,Light,gold,Casual,Women,Salwar,Denim,burgundy,699.0,0
143,Female,XS,Light,gold,Casual,Women,Dress,Linen,yellow,1999.0,0
143,Female,XS,Light,gold,Casual,Newborn,Set,Rayon,burgundy,999.0,0
143,Female,XS,Light,gold,Casual,Newborn,Set,Wool,yellow,2999.0,0
143,Female,XS,Light,gold,Casual,Newborn,Set,Silk,gold,299.0,1
143,Female,XS,Light,gold,Casual,Men,Kurta,Cotton,green,499.0,1
143,Female,XS,Light,gold,Casual,Men,Blazer,Wool,white,499.0,0
144,Male,XXL,Warm,teal,Casual,Women,Salwar,Denim,burgundy,2999.0,0
144,Male,XXL,Warm,teal,Casual,Kids,Ethnic,Silk,coral,4999.0,0
144,Male,XXL,Warm,teal,Casual,Men,T-Shirt,Rayon,coral,999.0,1
144,Male,XXL,Warm,teal,Casual,Men,Blazer,Denim,pink,699.0,0
144,Male,XXL,Warm,teal,Casual,Newborn,Onesie,Denim,yellow,4999.0,0
144,Male,XXL,Warm,teal,Casual,Newborn,Onesie,Denim,cream,499.0,0
144,Male,XXL,Warm,teal,Casual,Women,Kurti,Cotton,cream,999.0,0
144,Male,XXL,Warm,teal,Casual,Men,Kurta,Silk,navy,299.0,0
144,Male,XXL,Warm,teal,Casual,Kids,Ethnic,Wool,teal,499.0,1
144,Male,XXL,Warm,teal,Casual,Women,Saree,Denim,peach,1999.0,0
144,Male,XXL,Warm,teal,Casual,Kids,Shorts,Georgette,cream,1999.0,0
144,Male,XXL,Warm,teal,Casual,Women,Lehenga,Wool,white,999.0,1
144,Male,XXL,Warm,teal,Casual,Men,Trousers,Linen,magenta,699.0,0
144,Male,XXL,Warm,teal,Casual,Women,Lehenga,Rayon,black,699.0,0
144,Male,XXL,Warm,teal,Casual,Kids,Ethnic,Silk,burgundy,999.0,1
144,Male,XXL,Warm,teal,Casual,Kids,Frock,Rayon,lavender,499.0,0
144,Male,XXL,Warm,teal,Casual,Men,Blazer,Wool,white,499.0,1
144,Male,XXL,Warm,teal,Casual,Newborn,Romper,Silk,lavender,1999.0,0
144,Male,XXL,Warm,teal,Casual,Newborn,Set,Georgette,pink,4999.0,0
144,Male,XXL,Warm,teal,Casual,Women,Dress,Georgette,green,299.0,0
144,Male,XXL,Warm,teal,Casual,Men,Shirt,Wool,peach,1999.0,1
144,Male,XXL,Warm,teal,Casual,Newborn,Romper,Wool,burgundy,999.0,0
144,Male,XXL,Warm,teal,Casual,Kids,Ethnic,Cotton,red,1999.0,1
144,Male,XXL,Warm,teal,Casual,Women,Salwar,Wool,navy,4999.0,0
144,Male,XXL,Warm,teal,Casual,Newborn,Set,Rayon,burgundy,4999.0,0
145,Male,L,Warm,royal blue,Office,Women,Kurti,Silk,burgundy,4999.0,0
145,Male,L,Warm,royal blue,Office,Men,Blazer,Georgette,burgundy,1299.0,1
145,Male,L,Warm,royal blue,Office,Women,Dress,Linen,yellow,1999.0,0
145,Male,L,Warm,royal blue,Office,Women,Kurti,Rayon,red,499.0,0
145,Male,L,Warm,royal blue,Office,Newborn,Romper,Wool,burgundy,999.0,0
145,Male,L,Warm,royal blue,Office,Newborn,Set,Georgette,teal,2999.0,0
145,Male,L,Warm,royal blue,Office,Kids,Ethnic,Silk,burgundy,999.0,0
145,Male,L,Warm,royal blue,Office,Men,Blazer,Denim,pink,699.0,1
145,Male,L,Warm,royal blue,Office,Kids,Frock,Wool,burgundy,999.0,1
145,Male,L,Warm,royal blue,Office,Kids,Frock,Georgette,black,499.0,0
145,Male,L,Warm,royal blue,Office,Men,Trousers,Linen,lavender,1299.0,1
145,Male,L,Warm,royal blue,Office,Men,Shirt,Wool,peach,1999.0,0
145,Male,L,Warm,royal blue,Office,Kids,T-Shirt,Denim,navy,1999.0,0
145,Male,L,Warm,royal blue,Office,Women,Top,Rayon,teal,1999.0,0
145,Male,L,Warm,royal blue,Office,Newborn,Onesie,Denim,cream,499.0,0
145,Male,L,Warm,royal blue,Office,Newborn,Romper,Wool,coral,1999.0,0
145,Male,L,Warm,royal blue,Office,Kids,Frock,Cotton,peach,1299.0,0
145,Male,L,Warm,royal blue,Office,Men,T-Shirt,Rayon,green,2999.0,0
145,Male,L,Warm,royal blue,Office,Kids,T-Shirt,Rayon,olive,999.0,1
145,Male,L,Warm,royal blue,Office,Women,Salwar,Wool,navy,4999.0,0
145,Male,L,Warm,royal blue,Office,Newborn,Romper,Wool,burgundy,299.0,0
145,Male,L,Warm,royal blue,Office,Men,Blazer,Linen,teal,999.0,0
145,Male,L,Warm,royal blue,Office,Men,Shirt,Cotton,blue,299.0,1
145,Male,L,Warm,royal blue,Office,Kids,Ethnic,Rayon,royal blue,4999.0,0
145,Male,L,Warm,royal blue,Office,Men,Trousers,Denim,lavender,1299.0,0
146,Male,L,Dark,black,Office,Kids,T-Shirt,Denim,navy,1999.0,0
146,Male,L,Dark,black,Office,Kids,Ethnic,Wool,teal,499.0,0
146,Male,L,Dark,black,Office,Newborn,Set,Rayon,burgundy,999.0,0
146,Male,L,Dark,black,Office,Men,Blazer,Rayon,red,1299.0,1
146,Male,L,Dark,black,Office,Men,Kurta,Silk,teal,1299.0,0
146,Male,L,Dark,black,Office,Kids,Ethnic,Wool,white,1299.0,1
146,Male,L,Dark,black,Office,Kids,Frock,Linen,peach,699.0,0
146,Male,L,Dark,black,Office,Kids,T-Shirt,Cotton,black,499.0,0
146,Male,L,Dark,black,Office,Newborn,Set,Rayon,white,2999.0,0
146,Male,L,Dark,black,Office,Women,Saree,Denim,peach,1999.0,0
146,Male,L,Dark,black,Office,Kids,Ethnic,Silk,burgundy,999.0,0
146,Male,L,Dark,black,Office,Newborn,Romper,Rayon,gold,699.0,0
146,Male,L,Dark,black,Office,Kids,Ethnic,Cotton,red,1999.0,1
146,Male,L,Dark,black,Office,Newborn,Onesie,Cotton,yellow,2999.0,0
146,Male,L,Dark,black,Office,Men,Blazer,Denim,pink,699.0,0
146,Male,L,Dark,black,Office,Kids,Ethnic,Georgette,black,1299.0,1
146,Male,L,Dark,black,Office,Women,Kurti,Silk,burgundy,4999.0,0
146,Male,L,Dark,black,Office,Women,Dress,Silk,black,1299.0,0
146,Male,L,Dark,black,Office,Women,Kurti,Cotton,cream,999.0,0
146,Male,L,Dark,black,Office,Kids,Shorts,Silk,gold,499.0,0
146,Male,L,Dark,black,Office,Newborn,Onesie,Linen,burgundy,999.0,0
146,Male,L,Dark,black,Office,Women,Salwar,Cotton,cream,999.0,0
146,Male,L,Dark,black,Office,Men,Shirt,Wool,peach,1999.0,0
146,Male,L,Dark,black,Office,Kids,Ethnic,Rayon,burgundy,1999.0,0
146,Male,L,Dark,black,Office,Newborn,Romper,Linen,coral,2999.0,0
147,Male,XXL,Deep,teal,Party,Women,Kurti,Denim,white,699.0,0
147,Male,XXL,Deep,teal,Party,Men,Shirt,Rayon,gold,999.0,1
147,Male,XXL,Deep,teal,Party,Women,Salwar,Cotton,coral,1999.0,0
147,Male,XXL,Deep,teal,Party,Women,Dress,Denim,pink,1299.0,0
147,Male,XXL,Deep,teal,Party,Women,Salwar,Rayon,gold,4999.0,0
147,Male,XXL,Deep,teal,Party,Men,T-Shirt,Rayon,peach,1999.0,0
147,Male,XXL,Deep,teal,Party,Kids,T-Shirt,Georgette,gold,4999.0,0
147,Male,XXL,Deep,teal,Party,Kids,Ethnic,Silk,coral,4999.0,0
147,Male,XXL,Deep,teal,Party,Women,Saree,Denim,burgundy,499.0,0
147,Male,XXL,Deep,teal,Party,Kids,Ethnic,Georgette,black,1299.0,0
147,Male,XXL,Deep,teal,Party,Women,Salwar,Wool,navy,4999.0,0
147,Male,XXL,Deep,teal,Party,Men,Kurta,Silk,teal,1299.0,1
147,Male,XXL,Deep,teal,Party,Men,Shirt,Cotton,blue,299.0,0
147,Male,XXL,Deep,teal,Party,Newborn,Romper,Silk,black,499.0,0
147,Male,XXL,Deep,teal,Party,Kids,Frock,Cotton,lavender,499.0,0
147,Male,XXL,Deep,teal,Party,Men,Trousers,Denim,lavender,1299.0,1
147,Male,XXL,Deep,teal,Party,Newborn,Romper,Linen,peach,4999.0,0
147,Male,XXL,Deep,teal,Party,Kids,T-Shirt,Denim,burgundy,1299.0,0
147,Male,XXL,Deep,teal,Party,Newborn,Set,Georgette,teal,2999.0,0
147,Male,XXL,Deep,teal,Party,Women,Top,Cotton,green,2999.0,0
147,Male,XXL,Deep,teal,Party,Women,Dress,Georgette,green,299.0,0
147,Male,XXL,Deep,teal,Party,Newborn,Onesie,Denim,yellow,4999.0,0
147,Male,XXL,Deep,teal,Party,Newborn,Romper,Rayon,mustard,4999.0,0
147,Male,XXL,Deep,teal,Party,Kids,Frock,Silk,cream,1999.0,0
147,Male,XXL,Deep,teal,Party,Kids,T-Shirt,Silk,olive,499.0,0
148,Female,XXL,Fair,cream,Festival,Men,T-Shirt,Linen,red,499.0,0
148,Female,XXL,Fair,cream,Festival,Newborn,Onesie,Silk,blue,299.0,0
148,Female,XXL,Fair,cream,Festival,Men,Blazer,Linen,cream,299.0,1
148,Female,XXL,Fair,cream,Festival,Kids,Ethnic,Silk,coral,4999.0,0
148,Female,XXL,Fair,cream,Festival,Women,Salwar,Rayon,gold,4999.0,0
148,Female,XXL,Fair,cream,Festival,Newborn,Romper,Denim,navy,1299.0,0
148,Female,XXL,Fair,cream,Festival,Women,Dress,Cotton,black,1999.0,1
148,Female,XXL,Fair,cream,Festival,Men,Trousers,Rayon,olive,499.0,1
148,Female,XXL,Fair,cream,Festival,Women,Top,Cotton,green,2999.0,0
148,Female,XXL,Fair,cream,Festival,Women,Dress,Linen,olive,499.0,1
148,Female,XXL,Fair,cream,Festival,Kids,Ethnic,Wool,teal,499.0,0
148,Female,XXL,Fair,cream,Festival,Women,Kurti,Cotton,cream,999.0,1
148,Female,XXL,Fair,cream,Festival,Men,T-Shirt,Rayon,green,2999.0,0
148,Female,XXL,Fair,cream,Festival,Men,Kurta,Silk,navy,299.0,0
148,Female,XXL,Fair,cream,Festival,Newborn,Onesie,Linen,burgundy,999.0,0
148,Female,XXL,Fair,cream,Festival,Newborn,Romper,Wool,burgundy,999.0,0
148,Female,XXL,Fair,cream,Festival,Men,Blazer,Georgette,burgundy,1299.0,0
148,Female,XXL,Fair,cream,Festival,Newborn,Set,Georgette,teal,2999.0,0
148,Female,XXL,Fair,cream,Festival,Women,Salwar,Wool,navy,4999.0,1
148,Female,XXL,Fair,cream,Festival,Newborn,Set,Silk,gold,299.0,0
148,Female,XXL,Fair,cream,Festival,Women,Kurti,Rayon,red,499.0,0
148,Female,XXL,Fair,cream,Festival,Kids,T-Shirt,Georgette,gold,4999.0,0
148,Female,XXL,Fair,cream,Festival,Men,Shirt,Wool,peach,1999.0,0
148,Female,XXL,Fair,cream,Festival,Newborn,Romper,Rayon,gold,699.0,0
148,Female,XXL,Fair,cream,Festival,Men,Blazer,Wool,white,499.0,1
149,Female,L,Deep,red,Festival,Kids,T-Shirt,Denim,blue,299.0,0
149,Female,L,Deep,red,Festival,Newborn,Onesie,Denim,royal blue,699.0,0
149,Female,L,Deep,red,Festival,Women,Top,Georgette,peach,999.0,1
149,Female,L,Deep,red,Festival,Women,Top,Silk,gold,4999.0,1
149,Female,L,Deep,red,Festival,Women,Kurti,Denim,white,699.0,1
149,Female,L,Deep,red,Festival,Women,Dress,Linen,olive,499.0,1
149,Female,L,Deep,red,Festival,Kids,Ethnic,Silk,burgundy,999.0,0
149,Female,L,Deep,red,Festival,Men,Trousers,Denim,lavender,1299.0,1
149,Female,L,Deep,red,Festival,Kids,Frock,Cotton,peach,1299.0,0
149,Female,L,Deep,red,Festival,Newborn,Onesie,Cotton,yellow,2999.0,0
149,Female,L,Deep,red,Festival,Kids,T-Shirt,Cotton,black,499.0,0
149,Female,L,Deep,red,Festival,Kids,Ethnic,Rayon,royal blue,4999.0,1
149,Female,L,Deep,red,Festival,Kids,T-Shirt,Rayon,olive,999.0,1
149,Female,L,Deep,red,Festival,Newborn,Romper,Linen,coral,2999.0,0
149,Female,L,Deep,red,Festival,Newborn,Onesie,Denim,cream,499.0,0
149,Female,L,Deep,red,Festival,Newborn,Set,Rayon,burgundy,999.0,0
149,Female,L,Deep,red,Festival,Women,Saree,Denim,peach,1999.0,0
149,Female,L,Deep,red,Festival,Men,Kurta,Silk,teal,1299.0,0
149,Female,L,Deep,red,Festival,Men,Blazer,Linen,cream,299.0,0
149,Female,L,Deep,red,Festival,Newborn,Romper,Rayon,gold,699.0,0
149,Female,L,Deep,red,Festival,Women,Kurti,Linen,yellow,299.0,1
149,Female,L,Deep,red,Festival,Newborn,Romper,Wool,burgundy,999.0,0
149,Female,L,Deep,red,Festival,Newborn,Onesie,Denim,yellow,4999.0,0
149,Female,L,Deep,red,Festival,Women,Saree,Denim,burgundy,499.0,1
149,Female,L,Deep,red,Festival,Men,Kurta,Silk,red,4999.0,1
150,Female,XS,Fair,olive,Office,Women,Dress,Denim,pink,1299.0,1
150,Female,XS,Fair,olive,Office,Men,Trousers,Linen,lavender,1299.0,0
150,Female,XS,Fair,olive,Office,Newborn,Romper,Silk,black,499.0,0
150,Female,XS,Fair,olive,Office,Men,Blazer,Georgette,black,2999.0,0
150,Female,XS,Fair,olive,Office,Men,Trousers,Denim,lavender,1299.0,0
150,Female,XS,Fair,olive,Office,Men,Shirt,Cotton,blue,299.0,0
150,Female,XS,Fair,olive,Office,Kids,Frock,Silk,cream,1999.0,0
150,Female,XS,Fair,olive,Office,Newborn,Set,Rayon,white,2999.0,1
150,Female,XS,Fair,olive,Office,Kids,Ethnic,Wool,teal,499.0,0
150,Female,XS,Fair,olive,Office,Kids,Ethnic,Cotton,red,1999.0,0
150,Female,XS,Fair,olive,Office,Men,Kurta,Silk,red,4999.0,0
150,Female,XS,Fair,olive,Office,Newborn,Onesie,Denim,royal blue,699.0,1
150,Female,XS,Fair,olive,Office,Newborn,Onesie,Denim,coral,699.0,0
150,Female,XS,Fair,olive,Office,Kids,Ethnic,Rayon,royal blue,4999.0,0
150,Female,XS,Fair,olive,Office,Newborn,Onesie,Silk,blue,299.0,0
150,Female,XS,Fair,olive,Office,Kids,T-Shirt,Cotton,black,499.0,0
150,Female,XS,Fair,olive,Office,Men,Shirt,Linen,blue,1299.0,1
150,Female,XS,Fair,olive,Office,Newborn,Set,Georgette,teal,699.0,0
150,Female,XS,Fair,olive,Office,Men,Blazer,Wool,white,499.0,1
150,Female,XS,Fair,olive,Office,Kids,Frock,Linen,peach,699.0,1
150,Female,XS,Fair,olive,Office,Women,Salwar,Denim,magenta,4999.0,0
150,Female,XS,Fair,olive,Office,Kids,Ethnic,Wool,white,1299.0,0
150,Female,XS,Fair,olive,Office,Women,Dress,Silk,black,1299.0,1
150,Female,XS,Fair,olive,Office,Kids,T-Shirt,Rayon,olive,999.0,1
150,Female,XS,Fair,olive,Office,Women,Kurti,Rayon,red,499.0,1
151,Male,XS,Light,gold,Office,Men,T-Shirt,Rayon,green,2999.0,1
151,Male,XS,Light,gold,Office,Women,Kurti,Linen,yellow,299.0,0
151,Male,XS,Light,gold,Office,Men,Kurta,Silk,teal,1299.0,0
151,Male,XS,Light,gold,Office,Newborn,Onesie,Cotton,yellow,1999.0,1
151,Male,XS,Light,gold,Office,Newborn,Set,Rayon,white,2999.0,0
151,Male,XS,Light,gold,Office,Kids,T-Shirt,Georgette,gold,4999.0,0
151,Male,XS,Light,gold,Office,Women,Salwar,Cotton,magenta,299.0,0
151,Male,XS,Light,gold,Office,Men,Blazer,Georgette,burgundy,1299.0,1
151,Male,XS,Light,gold,Office,Women,Dress,Linen,yellow,1999.0,0
151,Male,XS,Light,gold,Office,Newborn,Onesie,Denim,coral,699.0,1
151,Male,XS,Light,gold,Office,Women,Salwar,Wool,navy,4999.0,0
151,Male,XS,Light,gold,Office,Newborn,Set,Georgette,pink,4999.0,0
151,Male,XS,Light,gold,Office,Kids,Frock,Cotton,lavender,499.0,1
151,Male,XS,Light,gold,Office,Men,Shirt,Georgette,olive,499.0,1
151,Male,XS,Light,gold,Office,Women,Salwar,Denim,burgundy,699.0,0
151,Male,XS,Light,gold,Office,Men,Shirt,Linen,blue,1299.0,1
151,Male,XS,Light,gold,Office,Women,Salwar,Denim,burgundy,2999.0,0
151,Male,XS,Light,gold,Office,Kids,T-Shirt,Silk,olive,499.0,0
151,Male,XS,Light,gold,Office,Women,Top,Cotton,green,2999.0,0
151,Male,XS,Light,gold,Office,Newborn,Onesie,Denim,royal blue,699.0,0
151,Male,XS,Light,gold,Office,Newborn,Set,Silk,gold,299.0,1
151,Male,XS,Light,gold,Office,Newborn,Set,Denim,royal blue,999.0,0
151,Male,XS,Light,gold,Office,Men,Trousers,Cotton,royal blue,1999.0,1
151,Male,XS,Light,gold,Office,Men,Blazer,Linen,teal,999.0,0
151,Male,XS,Light,gold,Office,Women,Top,Rayon,teal,1999.0,0
152,Female,L,Dark,teal,Party,Kids,T-Shirt,Rayon,olive,999.0,0
152,Female,L,Dark,teal,Party,Newborn,Romper,Rayon,mustard,4999.0,0
152,Female,L,Dark,teal,Party,Women,Salwar,Cotton,magenta,299.0,1
152,Female,L,Dark,teal,Party,Newborn,Onesie,Denim,royal blue,699.0,1
152,Female,L,Dark,teal,Party,Men,Blazer,Georgette,black,2999.0,0
152,Female,L,Dark,teal,Party,Kids,T-Shirt,Denim,navy,1999.0,0
152,Female,L,Dark,teal,Party,Men,Shirt,Rayon,peach,1999.0,0
152,Female,L,Dark,teal,Party,Kids,Ethnic,Silk,burgundy,999.0,0
152,Female,L,Dark,teal,Party,Women,Top,Silk,gold,4999.0,0
152,Female,L,Dark,teal,Party,Women,Kurti,Silk,magenta,699.0,1
152,Female,L,Dark,teal,Party,Men,Shirt,Linen,blue,1299.0,0
152,Female,L,Dark,teal,Party,Women,Dress,Denim,pink,1299.0,0
152,Female,L,Dark,teal,Party,Men,Trousers,Silk,green,4999.0,0
152,Female,L,Dark,teal,Party,Women,Salwar,Denim,burgundy,699.0,0
152,Female,L,Dark,teal,Party,Men,Trousers,Rayon,olive,499.0,0
152,Female,L,Dark,teal,Party,Newborn,Romper,Cotton,pink,999.0,1
152,Female,L,Dark,teal,Party,Newborn,Set,Rayon,burgundy,4999.0,0
152,Female,L,Dark,teal,Party,Newborn,Onesie,Linen,burgundy,999.0,0
152,Female,L,Dark,teal,Party,Women,Top,Rayon,teal,1999.0,1
152,Female,L,Dark,teal,Party,Men,Shirt,Wool,peach,1999.0,0
152,Female,L,Dark,teal,Party,Newborn,Set,Rayon,blue,999.0,0
152,Female,L,Dark,teal,Party,Kids,Frock,Linen,peach,699.0,0
152,Female,L,Dark,teal,Party,Men,Shirt,Cotton,blue,299.0,0
152,Female,L,Dark,teal,Party,Women,Salwar,Cotton,coral,1999.0,1
152,Female,L,Dark,teal,Party,Newborn,Onesie,Linen,pink,1299.0,0
153,Female,XL,Dark,peach,Casual,Newborn,Onesie,Linen,pink,1299.0,0
153,Female,XL,Dark,peach,Casual,Women,Dress,Linen,yellow,1999.0,0
153,Female,XL,Dark,peach,Casual,Men,T-Shirt,Rayon,green,2999.0,0
153,Female,XL,Dark,peach,Casual,Women,Kurti,Cotton,cream,999.0,1
153,Female,XL,Dark,peach,Casual,Kids,Frock,Wool,burgundy,999.0,0
153,Female,XL,Dark,peach,Casual,Women,Kurti,Silk,burgundy,4999.0,1
153,Female,XL,Dark,peach,Casual,Women,Top,Georgette,peach,999.0,1
153,Female,XL,Dark,peach,Casual,Men,Shirt,Wool,peach,1999.0,1
153,Female,XL,Dark,peach,Casual,Kids,T-Shirt,Denim,burgundy,1299.0,0
153,Female,XL,Dark,peach,Casual,Kids,Frock,Cotton,lavender,499.0,0
153,Female,XL,Dark,peach,Casual,Newborn,Set,Rayon,burgundy,999.0,0
153,Female,XL,Dark,peach,Casual,Kids,Ethnic,Wool,white,1299.0,0
153,Female,XL,Dark,peach,Casual,Men,Blazer,Georgette,black,2999.0,0
153,Female,XL,Dark,peach,Casual,Women,Salwar,Cotton,cream,999.0,0
153,Female,XL,Dark,peach,Casual,Men,Blazer,Wool,white,499.0,0
153,Female,XL,Dark,peach,Casual,Women,Kurti,Denim,white,699.0,1
153,Female,XL,Dark,peach,Casual,Newborn,Romper,Linen,coral,2999.0,0
153,Female,XL,Dark,peach,Casual,Men,Trousers,Rayon,navy,1999.0,0
153,Female,XL,Dark,peach,Casual,Women,Salwar,Cotton,magenta,299.0,1
153,Female,XL,Dark,peach,Casual,Women,Salwar,Denim,magenta,4999.0,0
153,Female,XL,Dark,peach,Casual,Women,Lehenga,Denim,pink,299.0,0
153,Female,XL,Dark,peach,Casual,Newborn,Romper,Silk,lavender,1999.0,0
153,Female,XL,Dark,peach,Casual,Newborn,Onesie,Denim,cream,499.0,0
153,Female,XL,Dark,peach,Casual,Women,Kurti,Linen,yellow,299.0,1
153,Female,XL,Dark,peach,Casual,Newborn,Set,Wool,yellow,2999.0,0
154,Male,Free Size,Deep,burgundy,Daily,Women,Kurti,Denim,white,699.0,0
154,Male,Free Size,Deep,burgundy,Daily,Men,Shirt,Cotton,blue,299.0,0
154,Male,Free Size,Deep,burgundy,Daily,Men,Trousers,Linen,lavender,1299.0,1
154,Male,Free Size,Deep,burgundy,Daily,Kids,T-Shirt,Georgette,gold,4999.0,0
154,Male,Free Size,Deep,burgundy,Daily,Newborn,Romper,Wool,coral,1999.0,0
154,Male,Free Size,Deep,burgundy,Daily,Women,Salwar,Cotton,cream,999.0,0
154,Male,Free Size,Deep,burgundy,Daily,Newborn,Set,Denim,royal blue,999.0,0
154,Male,Free Size,Deep,burgundy,Daily,Newborn,Onesie,Denim,cream,499.0,0
154,Male,Free Size,Deep,burgundy,Daily,Kids,Ethnic,Cotton,red,1999.0,0
154,Male,Free Size,Deep,burgundy,Daily,Women,Salwar,Wool,navy,4999.0,1
154,Male,Free Size,Deep,burgundy,Daily,Women,Dress,Linen,olive,499.0,0
154,Male,Free Size,Deep,burgundy,Daily,Newborn,Onesie,Linen,pink,1299.0,0
154,Male,Free Size,Deep,burgundy,Daily,Women,Saree,Cotton,cream,999.0,0
154,Male,Free Size,Deep,burgundy,Daily,Kids,Ethnic,Cotton,olive,1999.0,0
154,Male,Free Size,Deep,burgundy,Daily,Kids,Ethnic,Rayon,royal blue,4999.0,0
154,Male,Free Size,Deep,burgundy,Daily,Newborn,Set,Rayon,blue,999.0,0
154,Male,Free Size,Deep,burgundy,Daily,Kids,T-Shirt,Silk,white,999.0,1
154,Male,Free Size,Deep,burgundy,Daily,Women,Top,Cotton,green,2999.0,0
154,Male,Free Size,Deep,burgundy,Daily,Women,Top,Rayon,teal,1999.0,0
154,Male,Free Size,Deep,burgundy,Daily,Men,Kurta,Cotton,green,499.0,1
154,Male,Free Size,Deep,burgundy,Daily,Women,Kurti,Cotton,cream,999.0,0
154,Male,Free Size,Deep,burgundy,Daily,Women,Top,Silk,gold,4999.0,0
154,Male,Free Size,Deep,burgundy,Daily,Kids,T-Shirt,Denim,navy,1999.0,0
154,Male,Free Size,Deep,burgundy,Daily,Kids,Shorts,Georgette,cream,1999.0,0
154,Male,Free Size,Deep,burgundy,Daily,Men,Blazer,Georgette,burgundy,1299.0,1
155,Male,L,Warm,black,Festival,Men,Blazer,Georgette,black,2999.0,1
155,Male,L,Warm,black,Festival,Newborn,Set,Rayon,burgundy,4999.0,0
155,Male,L,Warm,black,Festival,Women,Lehenga,Denim,pink,299.0,0
155,Male,L,Warm,black,Festival,Men,Trousers,Denim,lavender,1299.0,0
155,Male,L,Warm,black,Festival,Women,Dress,Denim,pink,1299.0,0
155,Male,L,Warm,black,Festival,Newborn,Romper,Cotton,pink,999.0,0
155,Male,L,Warm,black,Festival,Kids,Frock,Silk,cream,1999.0,0
155,Male,L,Warm,black,Festival,Women,Top,Rayon,magenta,699.0,0
155,Male,L,Warm,black,Festival,Kids,T-Shirt,Cotton,black,499.0,1
155,Male,L,Warm,black,Festival,Kids,Ethnic,Rayon,burgundy,1999.0,1
155,Male,L,Warm,black,Festival,Women,Salwar,Denim,burgundy,699.0,1
155,Male,L,Warm,black,Festival,Kids,T-Shirt,Denim,navy,1999.0,0
155,Male,L,Warm,black,Festival,Newborn,Romper,Wool,burgundy,999.0,1
155,Male,L,Warm,black,Festival,Kids,T-Shirt,Georgette,gold,4999.0,0
155,Male,L,Warm,black,Festival,Women,Salwar,Cotton,cream,999.0,0
155,Male,L,Warm,black,Festival,Newborn,Romper,Rayon,gold,699.0,1
155,Male,L,Warm,black,Festival,Newborn,Romper,Linen,peach,4999.0,0
155,Male,L,Warm,black,Festival,Women,Top,Cotton,green,2999.0,0
155,Male,L,Warm,black,Festival,Kids,Shorts,Silk,gold,499.0,1
155,Male,L,Warm,black,Festival,Newborn,Onesie,Denim,royal blue,699.0,0
155,Male,L,Warm,black,Festival,Kids,Frock,Rayon,lavender,499.0,0
155,Male,L,Warm,black,Festival,Kids,T-Shirt,Rayon,olive,999.0,0
155,Male,L,Warm,black,Festival,Kids,Frock,Cotton,peach,1299.0,0
155,Male,L,Warm,black,Festival,Kids,T-Shirt,Silk,olive,499.0,1
155,Male,L,Warm,black,Festival,Women,Lehenga,Wool,white,999.0,0
156,Female,Free Size,Warm,magenta,Festival,Men,T-Shirt,Rayon,coral,999.0,1
156,Female,Free Size,Warm,magenta,Festival,Women,Top,Cotton,green,2999.0,0
156,Female,Free Size,Warm,magenta,Festival,Men,T-Shirt,Linen,red,499.0,1
156,Female,Free Size,Warm,magenta,Festival,Women,Salwar,Cotton,coral,1999.0,1
156,Female,Free Size,Warm,magenta,Festival,Women,Salwar,Cotton,cream,999.0,1
156,Female,Free Size,Warm,magenta,Festival,Kids,Shorts,Silk,gold,499.0,0
156,Female,Free Size,Warm,magenta,Festival,Kids,Ethnic,Silk,burgundy,999.0,1
156,Female,Free Size,Warm,magenta,Festival,Kids,Ethnic,Georgette,black,1299.0,0
156,Female,Free Size,Warm,magenta,Festival,Women,Dress,Silk,black,1299.0,1
156,Female,Free Size,Warm,magenta,Festival,Newborn,Romper,Linen,coral,2999.0,0
156,Female,Free Size,Warm,magenta,Festival,Newborn,Onesie,Linen,pink,1299.0,0
156,Female,Free Size,Warm,magenta,Festival,Women,Kurti,Denim,mustard,4999.0,1
156,Female,Free Size,Warm,magenta,Festival,Women,Dress,Rayon,mustard,999.0,1
156,Female,Free Size,Warm,magenta,Festival,Kids,Ethnic,Cotton,red,1999.0,1
156,Female,Free Size,Warm,magenta,Festival,Men,Blazer,Denim,pink,699.0,0
156,Female,Free Size,Warm,magenta,Festival,Kids,Ethnic,Wool,white,1299.0,0
156,Female,Free Size,Warm,magenta,Festival,Kids,Frock,Wool,burgundy,999.0,0
156,Female,Free Size,Warm,magenta,Festival,Men,Kurta,Cotton,green,499.0,0
156,Female,Free Size,Warm,magenta,Festival,Women,Salwar,Cotton,magenta,299.0,1
156,Female,Free Size,Warm,magenta,Festival,Kids,Frock,Silk,cream,1999.0,0
156,Female,Free Size,Warm,magenta,Festival,Newborn,Set,Georgette,pink,4999.0,0
156,Female,Free Size,Warm,magenta,Festival,Newborn,Romper,Linen,peach,4999.0,1
156,Female,Free Size,Warm,magenta,Festival,Women,Lehenga,Denim,pink,299.0,1
156,Female,Free Size,Warm,magenta,Festival,Women,Lehenga,Wool,white,999.0,0
156,Female,Free Size,Warm,magenta,Festival,Newborn,Romper,Denim,navy,1299.0,0
157,Male,M,Warm,olive,Daily,Kids,Ethnic,Rayon,burgundy,1999.0,1
157,Male,M,Warm,olive,Daily,Women,Kurti,Silk,burgundy,4999.0,0
157,Male,M,Warm,olive,Daily,Women,Dress,Linen,olive,499.0,0
157,Male,M,Warm,olive,Daily,Women,Top,Georgette,peach,999.0,1
157,Male,M,Warm,olive,Daily,Newborn,Romper,Linen,peach,4999.0,0
157,Male,M,Warm,olive,Daily,Kids,T-Shirt,Rayon,olive,999.0,1
157,Male,M,Warm,olive,Daily,Men,Trousers,Rayon,navy,1999.0,1
157,Male,M,Warm,olive,Daily,Women,Kurti,Silk,magenta,699.0,0
157,Male,M,Warm,olive,Daily,Women,Salwar,Rayon,gold,4999.0,1
157,Male,M,Warm,olive,Daily,Kids,Ethnic,Rayon,royal blue,4999.0,1
157,Male,M,Warm,olive,Daily,Kids,Frock,Cotton,peach,1299.0,0
157,Male,M,Warm,olive,Daily,Men,Kurta,Cotton,green,499.0,1
157,Male,M,Warm,olive,Daily,Newborn,Onesie,Cotton,yellow,1999.0,0
157,Male,M,Warm,olive,Daily,Newborn,Romper,Wool,burgundy,999.0,0
157,Male,M,Warm,olive,Daily,Women,Saree,Denim,peach,1999.0,0
157,Male,M,Warm,olive,Daily,Men,T-Shirt,Rayon,green,2999.0,1
157,Male,M,Warm,olive,Daily,Kids,Shorts,Georgette,cream,1999.0,0
157,Male,M,Warm,olive,Daily,Women,Salwar,Silk,red,1999.0,1
157,Male,M,Warm,olive,Daily,Men,Kurta,Silk,navy,299.0,1
157,Male,M,Warm,olive,Daily,Women,Salwar,Cotton,magenta,299.0,0
157,Male,M,Warm,olive,Daily,Kids,T-Shirt,Denim,navy,1999.0,0
157,Male,M,Warm,olive,Daily,Newborn,Romper,Silk,lavender,1999.0,1
157,Male,M,Warm,olive,Daily,Women,Salwar,Denim,burgundy,2999.0,0
157,Male,M,Warm,olive,Daily,Newborn,Set,Georgette,teal,699.0,0
157,Male,M,Warm,olive,Daily,Men,T-Shirt,Linen,red,499.0,1
158,Female,M,Light,mustard,Casual,Newborn,Romper,Silk,lavender,1999.0,0
158,Female,M,Light,mustard,Casual,Newborn,Romper,Wool,burgundy,299.0,0
158,Female,M,Light,mustard,Casual,Women,Dress,Linen,yellow,1999.0,1
158,Female,M,Light,mustard,Casual,Women,Dress,Rayon,mustard,999.0,1
158,Female,M,Light,mustard,Casual,Men,Trousers,Rayon,olive,499.0,0
158,Female,M,Light,mustard,Casual,Kids,Ethnic,Silk,coral,4999.0,0
158,Female,M,Light,mustard,Casual,Women,Salwar,Rayon,gold,4999.0,0
158,Female,M,Light,mustard,Casual,Kids,Ethnic,Cotton,red,1999.0,0
158,Female,M,Light,mustard,Casual,Men,Trousers,Silk,green,4999.0,1
158,Female,M,Light,mustard,Casual,Kids,Frock,Georgette,black,499.0,0
158,Female,M,Light,mustard,Casual,Men,Kurta,Cotton,green,499.0,0
158,Female,M,Light,mustard,Casual,Newborn,Set,Rayon,burgundy,999.0,0
158,Female,M,Light,mustard,Casual,Women,Top,Silk,gold,4999.0,0
158,Female,M,Light,mustard,Casual,Newborn,Set,Rayon,burgundy,4999.0,0
158,Female,M,Light,mustard,Casual,Kids,Ethnic,Silk,burgundy,999.0,0
158,Female,M,Light,mustard,Casual,Women,Dress,Silk,black,1299.0,0
158,Female,M,Light,mustard,Casual,Men,Shirt,Georgette,olive,499.0,0
158,Female,M,Light,mustard,Casual,Women,Kurti,Rayon,red,499.0,1
158,Female,M,Light,mustard,Casual,Men,Shirt,Rayon,gold,999.0,0
158,Female,M,Light,mustard,Casual,Men,Blazer,Georgette,burgundy,1299.0,0
158,Female,M,Light,mustard,Casual,Women,Salwar,Cotton,coral,1999.0,1
158,Female,M,Light,mustard,Casual,Newborn,Onesie,Cotton,yellow,1999.0,0
158,Female,M,Light,mustard,Casual,Newborn,Romper,Linen,coral,2999.0,0
158,Female,M,Light,mustard,Casual,Kids,Frock,Wool,burgundy,999.0,0
158,Female,M,Light,mustard,Casual,Kids,T-Shirt,Rayon,olive,999.0,0
159,Male,Free Size,Fair,pink,Festival,Women,Dress,Linen,yellow,1999.0,0
159,Male,Free Size,Fair,pink,Festival,Women,Kurti,Rayon,red,499.0,0
159,Male,Free Size,Fair,pink,Festival,Newborn,Set,Silk,gold,299.0,0
159,Male,Free Size,Fair,pink,Festival,Kids,Frock,Cotton,lavender,499.0,1
159,Male,Free Size,Fair,pink,Festival,Newborn,Onesie,Denim,yellow,4999.0,1
159,Male,Free Size,Fair,pink,Festival,Kids,Ethnic,Silk,coral,4999.0,0
159,Male,Free Size,Fair,pink,Festival,Men,Shirt,Georgette,olive,499.0,1
159,Male,Free Size,Fair,pink,Festival,Men,Trousers,Linen,magenta,699.0,0
159,Male,Free Size,Fair,pink,Festival,Men,T-Shirt,Rayon,coral,999.0,1
159,Male,Free Size,Fair,pink,Festival,Newborn,Set,Georgette,teal,699.0,0
159,Male,Free Size,Fair,pink,Festival,Newborn,Onesie,Silk,blue,299.0,0
159,Male,Free Size,Fair,pink,Festival,Women,Saree,Cotton,cream,999.0,1
159,Male,Free Size,Fair,pink,Festival,Women,Salwar,Silk,red,1999.0,0
159,Male,Free Size,Fair,pink,Festival,Kids,Ethnic,Cotton,red,1999.0,0
159,Male,Free Size,Fair,pink,Festival,Newborn,Set,Wool,yellow,2999.0,0
159,Male,Free Size,Fair,pink,Festival,Men,Shirt,Rayon,gold,999.0,1
159,Male,Free Size,Fair,pink,Festival,Kids,Frock,Cotton,peach,1299.0,0
159,Male,Free Size,Fair,pink,Festival,Women,Saree,Denim,burgundy,499.0,0
159,Male,Free Size,Fair,pink,Festival,Men,Blazer,Rayon,red,1299.0,1
159,Male,Free Size,Fair,pink,Festival,Newborn,Set,Rayon,burgundy,4999.0,0
159,Male,Free Size,Fair,pink,Festival,Men,Shirt,Linen,blue,1299.0,0
159,Male,Free Size,Fair,pink,Festival,Women,Dress,Linen,olive,499.0,0
159,Male,Free Size,Fair,pink,Festival,Women,Top,Cotton,green,2999.0,0
159,Male,Free Size,Fair,pink,Festival,Men,Blazer,Denim,pink,699.0,1
159,Male,Free Size,Fair,pink,Festival,Newborn,Set,Denim,royal blue,999.0,0
160,Male,XXL,Deep,royal blue,Wedding,Men,Blazer,Linen,teal,1299.0,1
160,Male,XXL,Deep,royal blue,Wedding,Kids,Ethnic,Wool,white,1299.0,1
160,Male,XXL,Deep,royal blue,Wedding,Kids,T-Shirt,Silk,white,999.0,0
160,Male,XXL,Deep,royal blue,Wedding,Women,Kurti,Denim,mustard,4999.0,0
160,Male,XXL,Deep,royal blue,Wedding,Newborn,Set,Georgette,teal,2999.0,0
160,Male,XXL,Deep,royal blue,Wedding,Men,Blazer,Wool,white,499.0,1
160,Male,XXL,Deep,royal blue,Wedding,Women,Dress,Georgette,green,299.0,0
160,Male,XXL,Deep,royal blue,Wedding,Kids,Ethnic,Silk,burgundy,999.0,0
160,Male,XXL,Deep,royal blue,Wedding,Women,Salwar,Cotton,cream,999.0,0
160,Male,XXL,Deep,royal blue,Wedding,Men,Blazer,Linen,cream,299.0,1
160,Male,XXL,Deep,royal blue,Wedding,Women,Salwar,Cotton,magenta,299.0,1
160,Male,XXL,Deep,royal blue,Wedding,Kids,T-Shirt,Cotton,black,499.0,0
160,Male,XXL,Deep,royal blue,Wedding,Men,Blazer,Georgette,burgundy,1299.0,1
160,Male,XXL,Deep,royal blue,Wedding,Women,Salwar,Cotton,coral,1999.0,0
160,Male,XXL,Deep,royal blue,Wedding,Newborn,Onesie,Silk,blue,299.0,0
160,Male,XXL,Deep,royal blue,Wedding,Women,Kurti,Denim,white,699.0,1
160,Male,XXL,Deep,royal blue,Wedding,Men,Trousers,Silk,green,4999.0,0
160,Male,XXL,Deep,royal blue,Wedding,Newborn,Set,Silk,gold,299.0,0
160,Male,XXL,Deep,royal blue,Wedding,Kids,Ethnic,Wool,teal,499.0,0
160,Male,XXL,Deep,royal blue,Wedding,Kids,Ethnic,Rayon,royal blue,4999.0,1
160,Male,XXL,Deep,royal blue,Wedding,Kids,Frock,Wool,burgundy,999.0,0
160,Male,XXL,Deep,royal blue,Wedding,Newborn,Onesie,Linen,pink,1299.0,0
160,Male,XXL,Deep,royal blue,Wedding,Kids,T-Shirt,Denim,navy,1999.0,0
160,Male,XXL,Deep,royal blue,Wedding,Women,Dress,Linen,yellow,1999.0,1
160,Male,XXL,Deep,royal blue,Wedding,Newborn,Set,Georgette,pink,4999.0,0
161,Male,XL,Dark,burgundy,Party,Newborn,Set,Rayon,burgundy,4999.0,1
161,Male,XL,Dark,burgundy,Party,Men,Blazer,Rayon,red,1299.0,0
161,Male,XL,Dark,burgundy,Party,Women,Dress,Denim,pink,1299.0,0
161,Male,XL,Dark,burgundy,Party,Kids,Frock,Rayon,lavender,499.0,0
161,Male,XL,Dark,burgundy,Party,Men,Trousers,Denim,lavender,1299.0,1
161,Male,XL,Dark,burgundy,Party,Newborn,Onesie,Cotton,yellow,1999.0,1
161,Male,XL,Dark,burgundy,Party,Women,Saree,Cotton,cream,999.0,0
161,Male,XL,Dark,burgundy,Party,Women,Lehenga,Rayon,black,699.0,0
161,Male,XL,Dark,burgundy,Party,Newborn,Romper,Silk,lavender,1999.0,0
161,Male,XL,Dark,burgundy,Party,Men,Kurta,Silk,navy,299.0,1
161,Male,XL,Dark,burgundy,Party,Kids,Ethnic,Georgette,black,1299.0,0
161,Male,XL,Dark,burgundy,Party,Men,Blazer,Georgette,black,2999.0,1
161,Male,XL,Dark,burgundy,Party,Kids,Ethnic,Rayon,royal blue,4999.0,1
161,Male,XL,Dark,burgundy,Party,Newborn,Romper,Wool,burgundy,999.0,1
161,Male,XL,Dark,burgundy,Party,Newborn,Romper,Linen,peach,4999.0,0
161,Male,XL,Dark,burgundy,Party,Kids,Frock,Cotton,lavender,499.0,0
161,Male,XL,Dark,burgundy,Party,Men,Trousers,Linen,magenta,699.0,1
161,Male,XL,Dark,burgundy,Party,Women,Top,Georgette,peach,999.0,0
161,Male,XL,Dark,burgundy,Party,Newborn,Romper,Cotton,pink,999.0,0
161,Male,XL,Dark,burgundy,Party,Women,Dress,Silk,black,1299.0,0
161,Male,XL,Dark,burgundy,Party,Kids,T-Shirt,Silk,olive,499.0,0
161,Male,XL,Dark,burgundy,Party,Women,Dress,Linen,yellow,1999.0,1
161,Male,XL,Dark,burgundy,Party,Newborn,Set,Wool,yellow,2999.0,0
161,Male,XL,Dark,burgundy,Party,Newborn,Romper,Linen,coral,2999.0,0
161,Male,XL,Dark,burgundy,Party,Kids,Shorts,Silk,gold,499.0,0
162,Male,L,Medium,peach,Daily,Kids,Frock,Wool,burgundy,999.0,0
162,Male,L,Medium,peach,Daily,Kids,Ethnic,Rayon,royal blue,4999.0,0
162,Male,L,Medium,peach,Daily,Kids,Frock,Silk,cream,1999.0,0
162,Male,L,Medium,peach,Daily,Men,Blazer,Linen,teal,1299.0,1
162,Male,L,Medium,peach,Daily,Men,Kurta,Cotton,green,499.0,1
162,Male,L,Medium,peach,Daily,Women,Top,Rayon,magenta,699.0,0
162,Male,L,Medium,peach,Daily,Women,Kurti,Rayon,red,499.0,0
162,Male,L,Medium,peach,Daily,Kids,Ethnic,Cotton,red,1999.0,0
162,Male,L,Medium,peach,Daily,Kids,Frock,Georgette,black,499.0,0
162,Male,L,Medium,peach,Daily,Women,Dress,Silk,black,1299.0,0
162,Male,L,Medium,peach,Daily,Newborn,Onesie,Cotton,yellow,2999.0,0
162,Male,L,Medium,peach,Daily,Men,Kurta,Silk,teal,1299.0,1
162,Male,L,Medium,peach,Daily,Men,Blazer,Linen,teal,999.0,1
162,Male,L,Medium,peach,Daily,Newborn,Onesie,Denim,cream,499.0,0
162,Male,L,Medium,peach,Daily,Women,Kurti,Linen,yellow,299.0,0
162,Male,L,Medium,peach,Daily,Women,Dress,Rayon,mustard,999.0,1
162,Male,L,Medium,peach,Daily,Newborn,Set,Georgette,pink,4999.0,0
162,Male,L,Medium,peach,Daily,Newborn,Onesie,Silk,blue,299.0,0
162,Male,L,Medium,peach,Daily,Kids,T-Shirt,Georgette,gold,4999.0,0
162,Male,L,Medium,peach,Daily,Women,Saree,Denim,burgundy,499.0,0
162,Male,L,Medium,peach,Daily,Men,Trousers,Rayon,navy,1999.0,1
162,Male,L,Medium,peach,Daily,Newborn,Romper,Wool,burgundy,999.0,1
162,Male,L,Medium,peach,Daily,Newborn,Romper,Denim,navy,1299.0,0
162,Male,L,Medium,peach,Daily,Men,Shirt,Rayon,peach,1999.0,1
162,Male,L,Medium,peach,Daily,Women,Salwar,Cotton,cream,999.0,0
163,Male,M,Dark,coral,Party,Newborn,Romper,Rayon,mustard,4999.0,0
163,Male,M,Dark,coral,Party,Newborn,Onesie,Denim,yellow,4999.0,1
163,Male,M,Dark,coral,Party,Women,Salwar,Denim,magenta,4999.0,0
163,Male,M,Dark,coral,Party,Men,Trousers,Cotton,royal blue,1999.0,1
163,Male,M,Dark,coral,Party,Kids,Ethnic,Rayon,royal blue,4999.0,1
163,Male,M,Dark,coral,Party,Women,Kurti,Cotton,cream,999.0,0
163,Male,M,Dark,coral,Party,Women,Top,Cotton,green,2999.0,0
163,Male,M,Dark,coral,Party,Newborn,Romper,Wool,coral,1999.0,1
163,Male,M,Dark,coral,Party,Women,Salwar,Rayon,gold,4999.0,0
163,Male,M,Dark,coral,Party,Kids,T-Shirt,Rayon,olive,999.0,0
163,Male,M,Dark,coral,Party,Men,Trousers,Denim,lavender,1299.0,1
163,Male,M,Dark,coral,Party,Men,Blazer,Rayon,red,1299.0,1
163,Male,M,Dark,coral,Party,Newborn,Romper,Wool,burgundy,299.0,0
163,Male,M,Dark,coral,Party,Women,Salwar,Denim,burgundy,699.0,0
163,Male,M,Dark,coral,Party,Men,Kurta,Silk,red,4999.0,1
163,Male,M,Dark,coral,Party,Men,Blazer,Wool,white,499.0,0
163,Male,M,Dark,coral,Party,Women,Kurti,Rayon,red,499.0,0
163,Male,M,Dark,coral,Party,Newborn,Onesie,Linen,burgundy,999.0,0
163,Male,M,Dark,coral,Party,Men,T-Shirt,Rayon,coral,999.0,1
163,Male,M,Dark,coral,Party,Men,Blazer,Linen,teal,1299.0,1
163,Male,M,Dark,coral,Party,Men,Blazer,Denim,pink,699.0,1
163,Male,M,Dark,coral,Party,Women,Kurti,Denim,mustard,4999.0,0
163,Male,M,Dark,coral,Party,Men,Kurta,Cotton,green,499.0,1
163,Male,M,Dark,coral,Party,Newborn,Set,Rayon,white,2999.0,0
163,Male,M,Dark,coral,Party,Kids,Ethnic,Wool,white,1299.0,1
164,Male,XL,Dark,yellow,Wedding,Newborn,Romper,Denim,navy,1299.0,1
164,Male,XL,Dark,yellow,Wedding,Kids,Frock,Linen,peach,699.0,0
164,Male,XL,Dark,yellow,Wedding,Men,Kurta,Silk,navy,299.0,1
164,Male,XL,Dark,yellow,Wedding,Kids,Ethnic,Wool,white,1299.0,1
164,Male,XL,Dark,yellow,Wedding,Men,T-Shirt,Rayon,coral,999.0,1
164,Male,XL,Dark,yellow,Wedding,Newborn,Onesie,Denim,royal blue,699.0,1
164,Male,XL,Dark,yellow,Wedding,Men,Blazer,Georgette,burgundy,1299.0,0
164,Male,XL,Dark,yellow,Wedding,Men,Shirt,Linen,green,1299.0,0
164,Male,XL,Dark,yellow,Wedding,Newborn,Romper,Rayon,gold,699.0,0
164,Male,XL,Dark,yellow,Wedding,Kids,T-Shirt,Rayon,olive,999.0,0
164,Male,XL,Dark,yellow,Wedding,Women,Kurti,Denim,mustard,4999.0,0
164,Male,XL,Dark,yellow,Wedding,Kids,Ethnic,Wool,teal,499.0,0
164,Male,XL,Dark,yellow,Wedding,Women,Dress,Rayon,mustard,999.0,0
164,Male,XL,Dark,yellow,Wedding,Women,Top,Georgette,peach,999.0,0
164,Male,XL,Dark,yellow,Wedding,Newborn,Set,Denim,royal blue,999.0,1
164,Male,XL,Dark,yellow,Wedding,Women,Salwar,Cotton,magenta,299.0,0
164,Male,XL,Dark,yellow,Wedding,Women,Top,Rayon,magenta,699.0,0
164,Male,XL,Dark,yellow,Wedding,Men,T-Shirt,Rayon,peach,1999.0,0
164,Male,XL,Dark,yellow,Wedding,Kids,T-Shirt,Denim,navy,1999.0,0
164,Male,XL,Dark,yellow,Wedding,Kids,Frock,Cotton,peach,1299.0,0
164,Male,XL,Dark,yellow,Wedding,Newborn,Onesie,Cotton,yellow,2999.0,1
164,Male,XL,Dark,yellow,Wedding,Newborn,Onesie,Linen,burgundy,999.0,0
164,Male,XL,Dark,yellow,Wedding,Women,Salwar,Denim,burgundy,699.0,0
164,Male,XL,Dark,yellow,Wedding,Kids,Ethnic,Silk,coral,4999.0,1
164,Male,XL,Dark,yellow,Wedding,Newborn,Romper,Silk,lavender,1999.0,0
165,Female,S,Fair,royal blue,Office,Men,Shirt,Georgette,olive,499.0,0
165,Female,S,Fair,royal blue,Office,Kids,Frock,Linen,peach,699.0,0
165,Female,S,Fair,royal blue,Office,Women,Top,Silk,gold,4999.0,0
165,Female,S,Fair,royal blue,Office,Newborn,Onesie,Cotton,yellow,2999.0,0
165,Female,S,Fair,royal blue,Office,Kids,T-Shirt,Silk,olive,499.0,0
165,Female,S,Fair,royal blue,Office,Women,Dress,Linen,olive,499.0,1
165,Female,S,Fair,royal blue,Office,Men,Shirt,Linen,green,1299.0,0
165,Female,S,Fair,royal blue,Office,Men,Blazer,Linen,teal,999.0,0
165,Female,S,Fair,royal blue,Office,Women,Lehenga,Rayon,black,699.0,0
165,Female,S,Fair,royal blue,Office,Kids,T-Shirt,Cotton,black,499.0,0
165,Female,S,Fair,royal blue,Office,Newborn,Romper,Silk,lavender,1999.0,1
165,Female,S,Fair,royal blue,Office,Newborn,Set,Georgette,teal,699.0,0
165,Female,S,Fair,royal blue,Office,Women,Top,Georgette,peach,999.0,1
165,Female,S,Fair,royal blue,Office,Women,Kurti,Rayon,red,499.0,0
165,Female,S,Fair,royal blue,Office,Women,Lehenga,Denim,pink,299.0,1
165,Female,S,Fair,royal blue,Office,Newborn,Set,Wool,yellow,2999.0,0
165,Female,S,Fair,royal blue,Office,Newborn,Romper,Silk,black,499.0,0
165,Female,S,Fair,royal blue,Office,Kids,T-Shirt,Denim,blue,299.0,1
165,Female,S,Fair,royal blue,Office,Newborn,Onesie,Linen,burgundy,999.0,0
165,Female,S,Fair,royal blue,Office,Women,Top,Cotton,green,2999.0,0
165,Female,S,Fair,royal blue,Office,Men,Blazer,Denim,pink,699.0,1
165,Female,S,Fair,royal blue,Office,Newborn,Set,Georgette,teal,2999.0,0
165,Female,S,Fair,royal blue,Office,Men,T-Shirt,Rayon,peach,1999.0,1
165,Female,S,Fair,royal blue,Office,Newborn,Onesie,Silk,blue,299.0,0
165,Female,S,Fair,royal blue,Office,Newborn,Set,Silk,gold,299.0,0
166,Female,XS,Medium,navy,Wedding,Kids,T-Shirt,Rayon,olive,999.0,0
166,Female,XS,Medium,navy,Wedding,Newborn,Set,Silk,gold,299.0,0
166,Female,XS,Medium,navy,Wedding,Women,Salwar,Silk,red,1999.0,1
166,Female,XS,Medium,navy,Wedding,Women,Dress,Silk,black,1299.0,1
166,Female,XS,Medium,navy,Wedding,Women,Saree,Denim,burgundy,499.0,1
166,Female,XS,Medium,navy,Wedding,Men,T-Shirt,Rayon,coral,999.0,1
166,Female,XS,Medium,navy,Wedding,Kids,Frock,Georgette,black,499.0,0
166,Female,XS,Medium,navy,Wedding,Men,Blazer,Denim,pink,699.0,0
166,Female,XS,Medium,navy,Wedding,Newborn,Set,Denim,royal blue,999.0,0
166,Female,XS,Medium,navy,Wedding,Men,Kurta,Silk,teal,1299.0,1
166,Female,XS,Medium,navy,Wedding,Newborn,Onesie,Cotton,yellow,2999.0,0
166,Female,XS,Medium,navy,Wedding,Kids,Ethnic,Wool,teal,499.0,1
166,Female,XS,Medium,navy,Wedding,Kids,Ethnic,Georgette,black,1299.0,0
166,Female,XS,Medium,navy,Wedding,Newborn,Onesie,Denim,cream,499.0,0
166,Female,XS,Medium,navy,Wedding,Women,Salwar,Cotton,coral,1999.0,1
166,Female,XS,Medium,navy,Wedding,Women,Salwar,Cotton,magenta,299.0,1
166,Female,XS,Medium,navy,Wedding,Men,Trousers,Cotton,royal blue,1999.0,0
166,Female,XS,Medium,navy,Wedding,Men,Trousers,Silk,green,4999.0,0
166,Female,XS,Medium,navy,Wedding,Women,Kurti,Silk,burgundy,4999.0,0
166,Female,XS,Medium,navy,Wedding,Kids,T-Shirt,Silk,white,999.0,0
166,Female,XS,Medium,navy,Wedding,Newborn,Set,Rayon,burgundy,999.0,0
166,Female,XS,Medium,navy,Wedding,Newborn,Romper,Wool,burgundy,999.0,1
166,Female,XS,Medium,navy,Wedding,Women,Dress,Linen,yellow,1999.0,0
166,Female,XS,Medium,navy,Wedding,Kids,Shorts,Silk,gold,499.0,0
166,Female,XS,Medium,navy,Wedding,Kids,Frock,Silk,cream,1999.0,0
167,Female,Free Size,Dark,burgundy,Casual,Kids,Frock,Cotton,lavender,499.0,1
167,Female,Free Size,Dark,burgundy,Casual,Kids,Ethnic,Cotton,red,1999.0,1
167,Female,Free Size,Dark,burgundy,Casual,Women,Salwar,Wool,navy,4999.0,1
167,Female,Free Size,Dark,burgundy,Casual,Men,Shirt,Linen,blue,1299.0,0
167,Female,Free Size,Dark,burgundy,Casual,Newborn,Set,Georgette,pink,4999.0,0
167,Female,Free Size,Dark,burgundy,Casual,Kids,T-Shirt,Silk,white,999.0,0
167,Female,Free Size,Dark,burgundy,Casual,Newborn,Onesie,Denim,yellow,4999.0,0
167,Female,Free Size,Dark,burgundy,Casual,Men,Trousers,Rayon,olive,499.0,0
167,Female,Free Size,Dark,burgundy,Casual,Men,Trousers,Silk,green,4999.0,0
167,Female,Free Size,Dark,burgundy,Casual,Men,Kurta,Cotton,green,499.0,0
167,Female,Free Size,Dark,burgundy,Casual,Women,Top,Rayon,magenta,699.0,1
167,Female,Free Size,Dark,burgundy,Casual,Men,Blazer,Rayon,red,1299.0,0
167,Female,Free Size,Dark,burgundy,Casual,Newborn,Romper,Cotton,pink,999.0,0
167,Female,Free Size,Dark,burgundy,Casual,Newborn,Set,Silk,gold,299.0,0
167,Female,Free Size,Dark,burgundy,Casual,Men,Blazer,Wool,white,499.0,1
167,Female,Free Size,Dark,burgundy,Casual,Women,Kurti,Silk,burgundy,4999.0,1
167,Female,Free Size,Dark,burgundy,Casual,Newborn,Onesie,Denim,coral,699.0,0
167,Female,Free Size,Dark,burgundy,Casual,Newborn,Onesie,Cotton,yellow,1999.0,0
167,Female,Free Size,Dark,burgundy,Casual,Women,Salwar,Denim,burgundy,699.0,1
167,Female,Free Size,Dark,burgundy,Casual,Men,T-Shirt,Rayon,peach,1999.0,0
167,Female,Free Size,Dark,burgundy,Casual,Newborn,Romper,Wool,burgundy,299.0,0
167,Female,Free Size,Dark,burgundy,Casual,Kids,Ethnic,Cotton,olive,1999.0,0
167,Female,Free Size,Dark,burgundy,Casual,Women,Dress,Linen,olive,499.0,1
167,Female,Free Size,Dark,burgundy,Casual,Newborn,Set,Rayon,burgundy,999.0,0
167,Female,Free Size,Dark,burgundy,Casual,Women,Saree,Cotton,cream,999.0,0
168,Female,XS,Light,gold,Daily,Women,Salwar,Rayon,gold,4999.0,1
168,Female,XS,Light,gold,Daily,Newborn,Romper,Wool,burgundy,999.0,0
168,Female,XS,Light,gold,Daily,Kids,Frock,Cotton,lavender,499.0,0
168,Female,XS,Light,gold,Daily,Men,Blazer,Rayon,red,1299.0,0
168,Female,XS,Light,gold,Daily,Women,Salwar,Denim,burgundy,2999.0,0
168,Female,XS,Light,gold,Daily,Men,Trousers,Denim,lavender,1299.0,0
168,Female,XS,Light,gold,Daily,Newborn,Romper,Wool,burgundy,299.0,0
168,Female,XS,Light,gold,Daily,Men,Trousers,Rayon,olive,499.0,0
168,Female,XS,Light,gold,Daily,Women,Top,Georgette,peach,999.0,1
168,Female,XS,Light,gold,Daily,Women,Top,Rayon,magenta,699.0,1
168,Female,XS,Light,gold,Daily,Men,Trousers,Rayon,navy,1999.0,0
168,Female,XS,Light,gold,Daily,Newborn,Romper,Silk,black,499.0,0
168,Female,XS,Light,gold,Daily,Newborn,Set,Georgette,teal,2999.0,0
168,Female,XS,Light,gold,Daily,Women,Salwar,Silk,red,1999.0,1
168,Female,XS,Light,gold,Daily,Kids,Frock,Cotton,peach,1299.0,0
168,Female,XS,Light,gold,Daily,Newborn,Set,Denim,royal blue,999.0,1
168,Female,XS,Light,gold,Daily,Kids,Frock,Rayon,lavender,499.0,0
168,Female,XS,Light,gold,Daily,Men,T-Shirt,Linen,red,499.0,0
168,Female,XS,Light,gold,Daily,Women,Dress,Silk,black,1299.0,0
168,Female,XS,Light,gold,Daily,Men,Blazer,Georgette,black,2999.0,0
168,Female,XS,Light,gold,Daily,Women,Saree,Cotton,cream,999.0,1
168,Female,XS,Light,gold,Daily,Kids,Ethnic,Silk,burgundy,999.0,0
168,Female,XS,Light,gold,Daily,Newborn,Onesie,Cotton,yellow,2999.0,0
168,Female,XS,Light,gold,Daily,Women,Top,Silk,gold,4999.0,1
168,Female,XS,Light,gold,Daily,Men,Kurta,Silk,navy,299.0,0
169,Female,M,Medium,white,Wedding,Men,Shirt,Rayon,gold,999.0,0
169,Female,M,Medium,white,Wedding,Women,Kurti,Cotton,cream,999.0,1
169,Female,M,Medium,white,Wedding,Newborn,Romper,Silk,lavender,1999.0,0
169,Female,M,Medium,white,Wedding,Women,Dress,Cotton,black,1999.0,1
169,Female,M,Medium,white,Wedding,Men,Blazer,Wool,white,499.0,1
169,Female,M,Medium,white,Wedding,Women,Top,Rayon,magenta,699.0,1
169,Female,M,Medium,white,Wedding,Men,Trousers,Denim,lavender,1299.0,0
169,Female,M,Medium,white,Wedding,Newborn,Romper,Cotton,pink,999.0,0
169,Female,M,Medium,white,Wedding,Kids,Ethnic,Georgette,black,1299.0,0
169,Female,M,Medium,white,Wedding,Women,Dress,Denim,pink,1299.0,1
169,Female,M,Medium,white,Wedding,Women,Top,Silk,gold,4999.0,0
169,Female,M,Medium,white,Wedding,Men,Trousers,Linen,magenta,699.0,1
169,Female,M,Medium,white,Wedding,Women,Kurti,Silk,magenta,699.0,1
169,Female,M,Medium,white,Wedding,Kids,T-Shirt,Cotton,black,499.0,0
169,Female,M,Medium,white,Wedding,Women,Top,Georgette,peach,999.0,0
169,Female,M,Medium,white,Wedding,Newborn,Onesie,Denim,coral,699.0,0
169,Female,M,Medium,white,Wedding,Kids,Frock,Rayon,lavender,499.0,1
169,Female,M,Medium,white,Wedding,Kids,Ethnic,Rayon,burgundy,1999.0,1
169,Female,M,Medium,white,Wedding,Women,Dress,Linen,yellow,1999.0,1
169,Female,M,Medium,white,Wedding,Women,Kurti,Denim,mustard,4999.0,1
169,Female,M,Medium,white,Wedding,Men,Blazer,Rayon,red,1299.0,1
169,Female,M,Medium,white,Wedding,Men,T-Shirt,Linen,red,499.0,0
169,Female,M,Medium,white,Wedding,Kids,Ethnic,Wool,teal,499.0,1
169,Female,M,Medium,white,Wedding,Men,Kurta,Silk,teal,1299.0,1
169,Female,M,Medium,white,Wedding,Kids,Frock,Cotton,peach,1299.0,0
170,Male,XL,Deep,magenta,Casual,Women,Dress,Silk,black,1299.0,0
170,Male,XL,Deep,magenta,Casual,Women,Kurti,Denim,white,699.0,1
170,Male,XL,Deep,magenta,Casual,Kids,Frock,Wool,burgundy,999.0,0
170,Male,XL,Deep,magenta,Casual,Women,Top,Georgette,peach,999.0,0
170,Male,XL,Deep,magenta,Casual,Newborn,Set,Rayon,burgundy,4999.0,0
170,Male,XL,Deep,magenta,Casual,Kids,T-Shirt,Silk,white,999.0,0
170,Male,XL,Deep,magenta,Casual,Newborn,Set,Rayon,burgundy,999.0,0
170,Male,XL,Deep,magenta,Casual,Women,Lehenga,Rayon,black,699.0,0
170,Male,XL,Deep,magenta,Casual,Newborn,Onesie,Denim,royal blue,699.0,0
170,Male,XL,Deep,magenta,Casual,Men,Blazer,Georgette,burgundy,1299.0,0
170,Male,XL,Deep,magenta,Casual,Kids,Ethnic,Rayon,burgundy,1999.0,0
170,Male,XL,Deep,magenta,Casual,Kids,Frock,Rayon,lavender,499.0,0
170,Male,XL,Deep,magenta,Casual,Men,T-Shirt,Rayon,peach,1999.0,0
170,Male,XL,Deep,magenta,Casual,Newborn,Set,Georgette,teal,2999.0,0
170,Male,XL,Deep,magenta,Casual,Kids,Frock,Silk,cream,1999.0,1
170,Male,XL,Deep,magenta,Casual,Men,T-Shirt,Rayon,green,2999.0,0
170,Male,XL,Deep,magenta,Casual,Newborn,Romper,Denim,navy,1299.0,0
170,Male,XL,Deep,magenta,Casual,Kids,Frock,Linen,peach,699.0,0
170,Male,XL,Deep,magenta,Casual,Kids,Shorts,Silk,gold,499.0,1
170,Male,XL,Deep,magenta,Casual,Kids,Frock,Cotton,lavender,499.0,0
170,Male,XL,Deep,magenta,Casual,Men,Blazer,Rayon,red,1299.0,1
170,Male,XL,Deep,magenta,Casual,Women,Kurti,Silk,magenta,699.0,1
170,Male,XL,Deep,magenta,Casual,Men,Trousers,Silk,green,4999.0,0
170,Male,XL,Deep,magenta,Casual,Men,Shirt,Cotton,blue,299.0,0
170,Male,XL,Deep,magenta,Casual,Newborn,Set,Rayon,white,2999.0,0
171,Male,XXL,Deep,white,Casual,Newborn,Romper,Rayon,mustard,4999.0,0
171,Male,XXL,Deep,white,Casual,Women,Kurti,Denim,mustard,4999.0,0
171,Male,XXL,Deep,white,Casual,Kids,Ethnic,Rayon,burgundy,1999.0,0
171,Male,XXL,Deep,white,Casual,Kids,Frock,Cotton,lavender,499.0,0
171,Male,XXL,Deep,white,Casual,Men,T-Shirt,Linen,red,499.0,0
171,Male,XXL,Deep,white,Casual,Kids,Ethnic,Georgette,black,1299.0,0
171,Male,XXL,Deep,white,Casual,Newborn,Romper,Wool,burgundy,999.0,0
171,Male,XXL,Deep,white,Casual,Kids,Shorts,Georgette,cream,1999.0,0
171,Male,XXL,Deep,white,Casual,Women,Salwar,Denim,burgundy,699.0,0
171,Male,XXL,Deep,white,Casual,Kids,T-Shirt,Silk,olive,499.0,0
171,Male,XXL,Deep,white,Casual,Women,Top,Silk,gold,4999.0,1
171,Male,XXL,Deep,white,Casual,Women,Dress,Georgette,green,299.0,0
171,Male,XXL,Deep,white,Casual,Newborn,Set,Rayon,blue,999.0,0
171,Male,XXL,Deep,white,Casual,Men,Blazer,Linen,teal,1299.0,1
171,Male,XXL,Deep,white,Casual,Newborn,Romper,Wool,coral,1999.0,0
171,Male,XXL,Deep,white,Casual,Women,Kurti,Rayon,red,499.0,0
171,Male,XXL,Deep,white,Casual,Newborn,Romper,Rayon,gold,699.0,1
171,Male,XXL,Deep,white,Casual,Newborn,Onesie,Linen,pink,1299.0,1
171,Male,XXL,Deep,white,Casual,Newborn,Set,Rayon,burgundy,999.0,0
171,Male,XXL,Deep,white,Casual,Women,Salwar,Cotton,cream,999.0,0
171,Male,XXL,Deep,white,Casual,Men,Trousers,Rayon,navy,1999.0,1
171,Male,XXL,Deep,white,Casual,Newborn,Romper,Silk,lavender,1999.0,0
171,Male,XXL,Deep,white,Casual,Men,Trousers,Cotton,royal blue,1999.0,1
171,Male,XXL,Deep,white,Casual,Women,Dress,Denim,pink,1299.0,0
171,Male,XXL,Deep,white,Casual,Men,Shirt,Linen,blue,1299.0,0
172,Male,L,Warm,lavender,Party,Kids,T-Shirt,Denim,navy,1999.0,0
172,Male,L,Warm,lavender,Party,Newborn,Onesie,Cotton,yellow,2999.0,0
172,Male,L,Warm,lavender,Party,Women,Kurti,Linen,yellow,299.0,0
172,Male,L,Warm,lavender,Party,Women,Top,Rayon,teal,1999.0,0
172,Male,L,Warm,lavender,Party,Women,Saree,Denim,burgundy,499.0,1
172,Male,L,Warm,lavender,Party,Newborn,Set,Wool,yellow,2999.0,0
172,Male,L,Warm,lavender,Party,Kids,Ethnic,Cotton,olive,1999.0,1
172,Male,L,Warm,lavender,Party,Men,Trousers,Cotton,royal blue,1999.0,0
172,Male,L,Warm,lavender,Party,Newborn,Set,Rayon,burgundy,999.0,1
172,Male,L,Warm,lavender,Party,Women,Kurti,Denim,white,699.0,0
172,Male,L,Warm,lavender,Party,Kids,Ethnic,Rayon,royal blue,4999.0,0
172,Male,L,Warm,lavender,Party,Men,T-Shirt,Linen,red,499.0,1
172,Male,L,Warm,lavender,Party,Men,T-Shirt,Rayon,peach,1999.0,1
172,Male,L,Warm,lavender,Party,Women,Top,Rayon,magenta,699.0,0
172,Male,L,Warm,lavender,Party,Newborn,Romper,Wool,coral,1999.0,1
172,Male,L,Warm,lavender,Party,Men,Shirt,Georgette,olive,499.0,1
172,Male,L,Warm,lavender,Party,Women,Kurti,Silk,magenta,699.0,0
172,Male,L,Warm,lavender,Party,Men,Blazer,Linen,teal,999.0,0
172,Male,L,Warm,lavender,Party,Men,Blazer,Georgette,burgundy,1299.0,1
172,Male,L,Warm,lavender,Party,Newborn,Onesie,Denim,royal blue,699.0,0
172,Male,L,Warm,lavender,Party,Newborn,Set,Georgette,pink,4999.0,0
172,Male,L,Warm,lavender,Party,Newborn,Onesie,Denim,coral,699.0,1
172,Male,L,Warm,lavender,Party,Kids,Ethnic,Cotton,red,1999.0,1
172,Male,L,Warm,lavender,Party,Women,Dress,Linen,yellow,1999.0,0
172,Male,L,Warm,lavender,Party,Women,Kurti,Denim,mustard,4999.0,0
173,Male,M,Medium,olive,Office,Men,Blazer,Rayon,red,1299.0,0
173,Male,M,Medium,olive,Office,Newborn,Romper,Wool,burgundy,299.0,0
173,Male,M,Medium,olive,Office,Men,T-Shirt,Linen,red,499.0,0
173,Male,M,Medium,olive,Office,Kids,Ethnic,Rayon,burgundy,1999.0,0
173,Male,M,Medium,olive,Office,Men,Blazer,Denim,pink,699.0,1
173,Male,M,Medium,olive,Office,Women,Salwar,Denim,burgundy,2999.0,0
173,Male,M,Medium,olive,Office,Women,Salwar,Cotton,magenta,299.0,0
173,Male,M,Medium,olive,Office,Men,T-Shirt,Rayon,green,2999.0,1
173,Male,M,Medium,olive,Office,Men,Shirt,Linen,blue,1299.0,1
173,Male,M,Medium,olive,Office,Kids,T-Shirt,Denim,navy,1999.0,0
173,Male,M,Medium,olive,Office,Women,Kurti,Silk,magenta,699.0,0
173,Male,M,Medium,olive,Office,Women,Kurti,Linen,yellow,299.0,0
173,Male,M,Medium,olive,Office,Women,Dress,Linen,olive,499.0,1
173,Male,M,Medium,olive,Office,Kids,Shorts,Silk,gold,499.0,0
173,Male,M,Medium,olive,Office,Men,T-Shirt,Rayon,coral,999.0,1
173,Male,M,Medium,olive,Office,Newborn,Romper,Silk,lavender,1999.0,0
173,Male,M,Medium,olive,Office,Men,Shirt,Cotton,blue,299.0,0
173,Male,M,Medium,olive,Office,Women,Kurti,Silk,burgundy,4999.0,0
173,Male,M,Medium,olive,Office,Men,Shirt,Wool,peach,1999.0,1
173,Male,M,Medium,olive,Office,Men,Kurta,Silk,navy,299.0,0
173,Male,M,Medium,olive,Office,Newborn,Romper,Wool,burgundy,999.0,1
173,Male,M,Medium,olive,Office,Men,Shirt,Linen,green,1299.0,1
173,Male,M,Medium,olive,Office,Men,Blazer,Linen,cream,299.0,0
173,Male,M,Medium,olive,Office,Newborn,Set,Georgette,teal,2999.0,0
173,Male,M,Medium,olive,Office,Women,Lehenga,Denim,pink,299.0,0
174,Male,XS,Light,green,Office,Newborn,Set,Wool,yellow,2999.0,0
174,Male,XS,Light,green,Office,Men,Trousers,Denim,lavender,1299.0,1
174,Male,XS,Light,green,Office,Kids,Frock,Cotton,peach,1299.0,1
174,Male,XS,Light,green,Office,Men,Trousers,Linen,lavender,1299.0,1
174,Male,XS,Light,green,Office,Women,Dress,Cotton,black,1999.0,0
174,Male,XS,Light,green,Office,Newborn,Onesie,Denim,cream,499.0,0
174,Male,XS,Light,green,Office,Kids,Ethnic,Rayon,burgundy,1999.0,0
174,Male,XS,Light,green,Office,Newborn,Set,Denim,royal blue,999.0,0
174,Male,XS,Light,green,Office,Women,Dress,Linen,yellow,1999.0,0
174,Male,XS,Light,green,Office,Women,Salwar,Silk,red,1999.0,0
174,Male,XS,Light,green,Office,Men,Kurta,Cotton,green,499.0,1
174,Male,XS,Light,green,Office,Women,Kurti,Silk,burgundy,4999.0,0
174,Male,XS,Light,green,Office,Women,Salwar,Wool,navy,4999.0,0
174,Male,XS,Light,green,Office,Newborn,Romper,Linen,peach,4999.0,1
174,Male,XS,Light,green,Office,Women,Top,Georgette,peach,999.0,1
174,Male,XS,Light,green,Office,Women,Saree,Denim,burgundy,499.0,0
174,Male,XS,Light,green,Office,Newborn,Set,Rayon,burgundy,4999.0,0
174,Male,XS,Light,green,Office,Women,Salwar,Cotton,coral,1999.0,1
174,Male,XS,Light,green,Office,Newborn,Romper,Silk,lavender,1999.0,0
174,Male,XS,Light,green,Office,Newborn,Set,Georgette,teal,699.0,0
174,Male,XS,Light,green,Office,Newborn,Onesie,Denim,coral,699.0,0
174,Male,XS,Light,green,Office,Women,Top,Rayon,teal,1999.0,0
174,Male,XS,Light,green,Office,Newborn,Set,Rayon,blue,999.0,1
174,Male,XS,Light,green,Office,Kids,T-Shirt,Cotton,black,499.0,0
174,Male,XS,Light,green,Office,Women,Salwar,Denim,burgundy,2999.0,0
175,Male,XXL,Fair,gold,Festival,Women,Salwar,Rayon,gold,4999.0,1
175,Male,XXL,Fair,gold,Festival,Men,Blazer,Linen,teal,999.0,1
175,Male,XXL,Fair,gold,Festival,Men,Blazer,Wool,white,499.0,1
175,Male,XXL,Fair,gold,Festival,Men,T-Shirt,Rayon,coral,999.0,1
175,Male,XXL,Fair,gold,Festival,Kids,Frock,Cotton,peach,1299.0,1
175,Male,XXL,Fair,gold,Festival,Kids,T-Shirt,Denim,navy,1999.0,0
175,Male,XXL,Fair,gold,Festival,Women,Salwar,Denim,burgundy,699.0,0
175,Male,XXL,Fair,gold,Festival,Women,Top,Silk,gold,4999.0,0
175,Male,XXL,Fair,gold,Festival,Men,Blazer,Georgette,black,2999.0,1
175,Male,XXL,Fair,gold,Festival,Women,Kurti,Silk,magenta,699.0,0
175,Male,XXL,Fair,gold,Festival,Women,Top,Cotton,green,2999.0,0
175,Male,XXL,Fair,gold,Festival,Men,Shirt,Rayon,gold,999.0,1
175,Male,XXL,Fair,gold,Festival,Newborn,Onesie,Denim,coral,699.0,0
175,Male,XXL,Fair,gold,Festival,Newborn,Romper,Denim,navy,1299.0,0
175,Male,XXL,Fair,gold,Festival,Kids,Frock,Wool,burgundy,999.0,0
175,Male,XXL,Fair,gold,Festival,Women,Salwar,Silk,red,1999.0,0
175,Male,XXL,Fair,gold,Festival,Newborn,Romper,Cotton,pink,999.0,0
175,Male,XXL,Fair,gold,Festival,Men,Blazer,Georgette,burgundy,1299.0,1
175,Male,XXL,Fair,gold,Festival,Newborn,Onesie,Cotton,yellow,1999.0,0
175,Male,XXL,Fair,gold,Festival,Men,Shirt,Georgette,olive,499.0,0
175,Male,XXL,Fair,gold,Festival,Kids,T-Shirt,Georgette,gold,4999.0,1
175,Male,XXL,Fair,gold,Festival,Newborn,Set,Georgette,pink,4999.0,0
175,Male,XXL,Fair,gold,Festival,Women,Dress,Georgette,green,299.0,0
175,Male,XXL,Fair,gold,Festival,Men,Trousers,Linen,magenta,699.0,1
175,Male,XXL,Fair,gold,Festival,Women,Salwar,Wool,navy,4999.0,0
176,Female,L,Dark,lavender,Festival,Newborn,Romper,Cotton,pink,999.0,0
176,Female,L,Dark,lavender,Festival,Men,T-Shirt,Rayon,coral,999.0,0
176,Female,L,Dark,lavender,Festival,Women,Top,Rayon,teal,1999.0,1
176,Female,L,Dark,lavender,Festival,Newborn,Set,Silk,gold,299.0,0
176,Female,L,Dark,lavender,Festival,Newborn,Romper,Linen,peach,4999.0,0
176,Female,L,Dark,lavender,Festival,Newborn,Romper,Silk,black,499.0,0
176,Female,L,Dark,lavender,Festival,Kids,Frock,Cotton,peach,1299.0,0
176,Female,L,Dark,lavender,Festival,Kids,T-Shirt,Denim,burgundy,1299.0,0
176,Female,L,Dark,lavender,Festival,Men,Shirt,Linen,blue,1299.0,0
176,Female,L,Dark,lavender,Festival,Men,Shirt,Cotton,blue,299.0,0
176,Female,L,Dark,lavender,Festival,Women,Dress,Linen,olive,499.0,0
176,Female,L,Dark,lavender,Festival,Women,Dress,Silk,black,1299.0,0
176,Female,L,Dark,lavender,Festival,Newborn,Onesie,Denim,royal blue,699.0,1
176,Female,L,Dark,lavender,Festival,Newborn,Romper,Denim,navy,1299.0,0
176,Female,L,Dark,lavender,Festival,Men,Kurta,Silk,navy,299.0,0
176,Female,L,Dark,lavender,Festival,Women,Kurti,Silk,burgundy,4999.0,0
176,Female,L,Dark,lavender,Festival,Kids,T-Shirt,Georgette,gold,4999.0,0
176,Female,L,Dark,lavender,Festival,Newborn,Onesie,Cotton,yellow,1999.0,1
176,Female,L,Dark,lavender,Festival,Kids,Ethnic,Silk,burgundy,999.0,0
176,Female,L,Dark,lavender,Festival,Women,Top,Silk,gold,4999.0,0
176,Female,L,Dark,lavender,Festival,Kids,T-Shirt,Denim,blue,299.0,0
176,Female,L,Dark,lavender,Festival,Men,Blazer,Denim,pink,699.0,0
176,Female,L,Dark,lavender,Festival,Kids,Ethnic,Cotton,red,1999.0,1
176,Female,L,Dark,lavender,Festival,Women,Salwar,Denim,burgundy,699.0,1
176,Female,L,Dark,lavender,Festival,Men,Shirt,Georgette,olive,499.0,0
177,Female,S,Dark,red,Party,Kids,Frock,Georgette,black,499.0,0
177,Female,S,Dark,red,Party,Men,Shirt,Cotton,blue,299.0,0
177,Female,S,Dark,red,Party,Men,Trousers,Linen,lavender,1299.0,0
177,Female,S,Dark,red,Party,Women,Salwar,Denim,burgundy,2999.0,0
177,Female,S,Dark,red,Party,Men,Blazer,Linen,teal,999.0,0
177,Female,S,Dark,red,Party,Women,Top,Rayon,magenta,699.0,1
177,Female,S,Dark,red,Party,Newborn,Romper,Wool,coral,1999.0,1
177,Female,S,Dark,red,Party,Newborn,Onesie,Denim,coral,699.0,1
177,Female,S,Dark,red,Party,Women,Top,Georgette,peach,999.0,0
177,Female,S,Dark,red,Party,Newborn,Set,Wool,yellow,2999.0,1
177,Female,S,Dark,red,Party,Kids,Ethnic,Silk,coral,4999.0,1
177,Female,S,Dark,red,Party,Men,T-Shirt,Rayon,green,2999.0,0
177,Female,S,Dark,red,Party,Kids,Frock,Cotton,lavender,499.0,0
177,Female,S,Dark,red,Party,Women,Top,Rayon,teal,1999.0,0
177,Female,S,Dark,red,Party,Newborn,Set,Silk,gold,299.0,0
177,Female,S,Dark,red,Party,Newborn,Romper,Wool,burgundy,999.0,0
177,Female,S,Dark,red,Party,Men,Trousers,Linen,magenta,699.0,0
177,Female,S,Dark,red,Party,Newborn,Onesie,Denim,royal blue,699.0,1
177,Female,S,Dark,red,Party,Women,Salwar,Silk,red,1999.0,1
177,Female,S,Dark,red,Party,Kids,T-Shirt,Silk,white,999.0,1
177,Female,S,Dark,red,Party,Men,Shirt,Georgette,olive,499.0,0
177,Female,S,Dark,red,Party,Newborn,Romper,Denim,navy,1299.0,1
177,Female,S,Dark,red,Party,Newborn,Set,Rayon,white,2999.0,0
177,Female,S,Dark,red,Party,Men,Trousers,Silk,green,4999.0,0
177,Female,S,Dark,red,Party,Men,Blazer,Wool,white,499.0,0
178,Female,XS,Medium,navy,Festival,Women,Salwar,Cotton,cream,999.0,0
178,Female,XS,Medium,navy,Festival,Women,Kurti,Cotton,cream,999.0,1
178,Female,XS,Medium,navy,Festival,Men,Trousers,Cotton,royal blue,1999.0,1
178,Female,XS,Medium,navy,Festival,Men,T-Shirt,Rayon,coral,999.0,1
178,Female,XS,Medium,navy,Festival,Men,Shirt,Rayon,peach,1999.0,0
178,Female,XS,Medium,navy,Festival,Men,Trousers,Rayon,olive,499.0,1
178,Female,XS,Medium,navy,Festival,Women,Saree,Denim,peach,1999.0,1
178,Female,XS,Medium,navy,Festival,Men,Kurta,Silk,red,4999.0,0
178,Female,XS,Medium,navy,Festival,Newborn,Set,Georgette,teal,699.0,1
178,Female,XS,Medium,navy,Festival,Women,Kurti,Linen,yellow,299.0,0
178,Female,XS,Medium,navy,Festival,Newborn,Onesie,Linen,burgundy,999.0,0
178,Female,XS,Medium,navy,Festival,Newborn,Set,Rayon,burgundy,999.0,1
178,Female,XS,Medium,navy,Festival,Kids,Ethnic,Cotton,red,1999.0,0
178,Female,XS,Medium,navy,Festival,Kids,T-Shirt,Denim,navy,1999.0,1
178,Female,XS,Medium,navy,Festival,Newborn,Onesie,Linen,pink,1299.0,0
178,Female,XS,Medium,navy,Festival,Newborn,Set,Rayon,blue,999.0,1
178,Female,XS,Medium,navy,Festival,Women,Kurti,Rayon,red,499.0,0
178,Female,XS,Medium,navy,Festival,Newborn,Romper,Silk,lavender,1999.0,0
178,Female,XS,Medium,navy,Festival,Men,Trousers,Linen,magenta,699.0,0
178,Female,XS,Medium,navy,Festival,Women,Salwar,Cotton,magenta,299.0,0
178,Female,XS,Medium,navy,Festival,Men,Blazer,Wool,white,499.0,0
178,Female,XS,Medium,navy,Festival,Kids,T-Shirt,Silk,olive,499.0,1
178,Female,XS,Medium,navy,Festival,Women,Dress,Rayon,mustard,999.0,1
178,Female,XS,Medium,navy,Festival,Men,T-Shirt,Linen,red,499.0,0
178,Female,XS,Medium,navy,Festival,Men,T-Shirt,Rayon,peach,1999.0,0
179,Female,XS,Light,magenta,Office,Women,Salwar,Wool,navy,4999.0,1
179,Female,XS,Light,magenta,Office,Women,Salwar,Rayon,gold,4999.0,0
179,Female,XS,Light,magenta,Office,Women,Salwar,Denim,burgundy,2999.0,0
179,Female,XS,Light,magenta,Office,Women,Dress,Silk,black,1299.0,0
179,Female,XS,Light,magenta,Office,Women,Top,Georgette,peach,999.0,1
179,Female,XS,Light,magenta,Office,Women,Dress,Cotton,black,1999.0,1
179,Female,XS,Light,magenta,Office,Newborn,Romper,Wool,burgundy,999.0,0
179,Female,XS,Light,magenta,Office,Women,Dress,Georgette,green,299.0,1
179,Female,XS,Light,magenta,Office,Newborn,Set,Rayon,burgundy,999.0,0
179,Female,XS,Light,magenta,Office,Kids,T-Shirt,Silk,olive,499.0,0
179,Female,XS,Light,magenta,Office,Men,Shirt,Wool,peach,1999.0,1
179,Female,XS,Light,magenta,Office,Women,Top,Rayon,magenta,699.0,1
179,Female,XS,Light,magenta,Office,Women,Top,Cotton,green,2999.0,1
179,Female,XS,Light,magenta,Office,Men,Blazer,Georgette,black,2999.0,0
179,Female,XS,Light,magenta,Office,Newborn,Onesie,Denim,yellow,4999.0,1
179,Female,XS,Light,magenta,Office,Women,Salwar,Silk,red,1999.0,1
179,Female,XS,Light,magenta,Office,Men,Shirt,Cotton,blue,299.0,1
179,Female,XS,Light,magenta,Office,Newborn,Set,Rayon,white,2999.0,0
179,Female,XS,Light,magenta,Office,Kids,Frock,Georgette,black,499.0,0
179,Female,XS,Light,magenta,Office,Women,Saree,Denim,peach,1999.0,1
179,Female,XS,Light,magenta,Office,Newborn,Set,Georgette,teal,699.0,0
179,Female,XS,Light,magenta,Office,Women,Saree,Cotton,cream,999.0,1
179,Female,XS,Light,magenta,Office,Newborn,Romper,Rayon,mustard,4999.0,0
179,Female,XS,Light,magenta,Office,Women,Salwar,Denim,magenta,4999.0,0
179,Female,XS,Light,magenta,Office,Kids,Frock,Silk,cream,1999.0,0
180,Male,XS,Light,coral,Wedding,Newborn,Onesie,Denim,cream,499.0,1
180,Male,XS,Light,coral,Wedding,Women,Salwar,Cotton,cream,999.0,0
180,Male,XS,Light,coral,Wedding,Kids,T-Shirt,Rayon,olive,999.0,0
180,Male,XS,Light,coral,Wedding,Men,Shirt,Cotton,blue,299.0,1
180,Male,XS,Light,coral,Wedding,Kids,T-Shirt,Denim,navy,1999.0,0
180,Male,XS,Light,coral,Wedding,Kids,T-Shirt,Silk,olive,499.0,0
180,Male,XS,Light,coral,Wedding,Kids,Frock,Cotton,peach,1299.0,0
180,Male,XS,Light,coral,Wedding,Men,Trousers,Linen,lavender,1299.0,1
180,Male,XS,Light,coral,Wedding,Kids,Ethnic,Silk,burgundy,999.0,0
180,Male,XS,Light,coral,Wedding,Men,Trousers,Linen,magenta,699.0,1
180,Male,XS,Light,coral,Wedding,Women,Saree,Denim,peach,1999.0,1
180,Male,XS,Light,coral,Wedding,Women,Dress,Cotton,black,1999.0,0
180,Male,XS,Light,coral,Wedding,Newborn,Set,Georgette,teal,699.0,0
180,Male,XS,Light,coral,Wedding,Women,Kurti,Cotton,cream,999.0,1
180,Male,XS,Light,coral,Wedding,Newborn,Romper,Wool,burgundy,999.0,0
180,Male,XS,Light,coral,Wedding,Kids,Frock,Silk,cream,1999.0,0
180,Male,XS,Light,coral,Wedding,Women,Salwar,Cotton,coral,1999.0,1
180,Male,XS,Light,coral,Wedding,Newborn,Onesie,Cotton,yellow,1999.0,0
180,Male,XS,Light,coral,Wedding,Kids,Ethnic,Silk,coral,4999.0,1
180,Male,XS,Light,coral,Wedding,Men,Shirt,Linen,blue,1299.0,1
180,Male,XS,Light,coral,Wedding,Kids,Frock,Linen,peach,699.0,0
180,Male,XS,Light,coral,Wedding,Kids,Frock,Cotton,lavender,499.0,0
180,Male,XS,Light,coral,Wedding,Women,Top,Cotton,green,2999.0,0
180,Male,XS,Light,coral,Wedding,Newborn,Onesie,Linen,pink,1299.0,1
180,Male,XS,Light,coral,Wedding,Newborn,Set,Rayon,burgundy,999.0,0
181,Male,Free Size,Medium,coral,Party,Kids,Frock,Linen,peach,699.0,0
181,Male,Free Size,Medium,coral,Party,Men,Shirt,Linen,blue,1299.0,1
181,Male,Free Size,Medium,coral,Party,Women,Kurti,Denim,white,699.0,0
181,Male,Free Size,Medium,coral,Party,Kids,Ethnic,Wool,white,1299.0,0
181,Male,Free Size,Medium,coral,Party,Men,T-Shirt,Linen,red,499.0,1
181,Male,Free Size,Medium,coral,Party,Men,Blazer,Denim,pink,699.0,1
181,Male,Free Size,Medium,coral,Party,Newborn,Set,Rayon,white,2999.0,0
181,Male,Free Size,Medium,coral,Party,Newborn,Romper,Wool,coral,1999.0,1
181,Male,Free Size,Medium,coral,Party,Kids,Ethnic,Rayon,royal blue,4999.0,0
181,Male,Free Size,Medium,coral,Party,Women,Kurti,Cotton,cream,999.0,0
181,Male,Free Size,Medium,coral,Party,Newborn,Set,Georgette,teal,699.0,0
181,Male,Free Size,Medium,coral,Party,Women,Top,Georgette,peach,999.0,0
181,Male,Free Size,Medium,coral,Party,Kids,Ethnic,Wool,teal,499.0,1
181,Male,Free Size,Medium,coral,Party,Men,Shirt,Cotton,blue,299.0,1
181,Male,Free Size,Medium,coral,Party,Kids,Frock,Georgette,black,499.0,0
181,Male,Free Size,Medium,coral,Party,Women,Lehenga,Rayon,black,699.0,0
181,Male,Free Size,Medium,coral,Party,Men,Shirt,Linen,green,1299.0,0
181,Male,Free Size,Medium,coral,Party,Newborn,Set,Rayon,burgundy,4999.0,0
181,Male,Free Size,Medium,coral,Party,Men,Blazer,Linen,cream,299.0,1
181,Male,Free Size,Medium,coral,Party,Women,Top,Silk,gold,4999.0,0
181,Male,Free Size,Medium,coral,Party,Men,Trousers,Rayon,olive,499.0,1
181,Male,Free Size,Medium,coral,Party,Men,Blazer,Rayon,red,1299.0,1
181,Male,Free Size,Medium,coral,Party,Kids,T-Shirt,Georgette,gold,4999.0,0
181,Male,Free Size,Medium,coral,Party,Women,Dress,Linen,olive,499.0,0
181,Male,Free Size,Medium,coral,Party,Women,Salwar,Silk,red,1999.0,0
182,Male,XS,Warm,peach,Wedding,Newborn,Onesie,Linen,pink,1299.0,0
182,Male,XS,Warm,peach,Wedding,Women,Lehenga,Wool,white,999.0,1
182,Male,XS,Warm,peach,Wedding,Men,T-Shirt,Rayon,coral,999.0,0
182,Male,XS,Warm,peach,Wedding,Women,Dress,Rayon,mustard,999.0,1
182,Male,XS,Warm,peach,Wedding,Women,Lehenga,Denim,pink,299.0,0
182,Male,XS,Warm,peach,Wedding,Men,Trousers,Rayon,olive,499.0,1
182,Male,XS,Warm,peach,Wedding,Women,Kurti,Denim,white,699.0,0
182,Male,XS,Warm,peach,Wedding,Women,Top,Rayon,teal,1999.0,0
182,Male,XS,Warm,peach,Wedding,Newborn,Onesie,Silk,blue,299.0,0
182,Male,XS,Warm,peach,Wedding,Men,Kurta,Cotton,green,499.0,1
182,Male,XS,Warm,peach,Wedding,Kids,Ethnic,Georgette,black,1299.0,0
182,Male,XS,Warm,peach,Wedding,Women,Salwar,Denim,magenta,4999.0,0
182,Male,XS,Warm,peach,Wedding,Women,Dress,Linen,olive,499.0,1
182,Male,XS,Warm,peach,Wedding,Men,T-Shirt,Rayon,peach,1999.0,1
182,Male,XS,Warm,peach,Wedding,Men,Kurta,Silk,red,4999.0,1
182,Male,XS,Warm,peach,Wedding,Kids,Ethnic,Cotton,red,1999.0,1
182,Male,XS,Warm,peach,Wedding,Kids,Frock,Linen,peach,699.0,1
182,Male,XS,Warm,peach,Wedding,Kids,Ethnic,Wool,teal,499.0,0
182,Male,XS,Warm,peach,Wedding,Women,Saree,Denim,burgundy,499.0,1
182,Male,XS,Warm,peach,Wedding,Women,Dress,Silk,black,1299.0,0
182,Male,XS,Warm,peach,Wedding,Newborn,Onesie,Denim,yellow,4999.0,0
182,Male,XS,Warm,peach,Wedding,Women,Top,Rayon,magenta,699.0,0
182,Male,XS,Warm,peach,Wedding,Women,Salwar,Cotton,cream,999.0,0
182,Male,XS,Warm,peach,Wedding,Women,Lehenga,Rayon,black,699.0,0
182,Male,XS,Warm,peach,Wedding,Kids,Ethnic,Wool,white,1299.0,0
183,Male,L,Dark,black,Office,Kids,T-Shirt,Silk,olive,499.0,0
183,Male,L,Dark,black,Office,Men,Blazer,Denim,pink,699.0,1
183,Male,L,Dark,black,Office,Kids,Ethnic,Georgette,black,1299.0,1
183,Male,L,Dark,black,Office,Women,Salwar,Denim,magenta,4999.0,0
183,Male,L,Dark,black,Office,Women,Kurti,Silk,magenta,699.0,1
183,Male,L,Dark,black,Office,Newborn,Set,Georgette,teal,2999.0,0
183,Male,L,Dark,black,Office,Men,Kurta,Silk,red,4999.0,1
183,Male,L,Dark,black,Office,Kids,Frock,Wool,burgundy,999.0,0
183,Male,L,Dark,black,Office,Women,Kurti,Rayon,red,499.0,1
183,Male,L,Dark,black,Office,Newborn,Onesie,Denim,cream,499.0,0
183,Male,L,Dark,black,Office,Newborn,Set,Silk,gold,299.0,0
183,Male,L,Dark,black,Office,Newborn,Onesie,Silk,blue,299.0,0
183,Male,L,Dark,black,Office,Women,Lehenga,Rayon,black,699.0,0
183,Male,L,Dark,black,Office,Women,Dress,Rayon,mustard,999.0,0
183,Male,L,Dark,black,Office,Men,Blazer,Georgette,black,2999.0,1
183,Male,L,Dark,black,Office,Kids,T-Shirt,Rayon,olive,999.0,0
183,Male,L,Dark,black,Office,Newborn,Romper,Cotton,pink,999.0,0
183,Male,L,Dark,black,Office,Men,Shirt,Rayon,peach,1999.0,0
183,Male,L,Dark,black,Office,Newborn,Romper,Rayon,gold,699.0,0
183,Male,L,Dark,black,Office,Kids,Ethnic,Wool,white,1299.0,0
183,Male,L,Dark,black,Office,Women,Dress,Linen,yellow,1999.0,1
183,Male,L,Dark,black,Office,Men,Blazer,Linen,teal,999.0,1
183,Male,L,Dark,black,Office,Newborn,Set,Wool,yellow,2999.0,0
183,Male,L,Dark,black,Office,Women,Salwar,Rayon,gold,4999.0,0
183,Male,L,Dark,black,Office,Men,Blazer,Georgette,burgundy,1299.0,1
184,Female,XS,Warm,cream,Festival,Newborn,Onesie,Denim,yellow,4999.0,0
184,Female,XS,Warm,cream,Festival,Kids,Ethnic,Silk,burgundy,999.0,1
184,Female,XS,Warm,cream,Festival,Kids,Frock,Cotton,peach,1299.0,0
184,Female,XS,Warm,cream,Festival,Kids,Ethnic,Silk,coral,4999.0,1
184,Female,XS,Warm,cream,Festival,Kids,Ethnic,Georgette,black,1299.0,0
184,Female,XS,Warm,cream,Festival,Women,Top,Rayon,magenta,699.0,1
184,Female,XS,Warm,cream,Festival,Women,Salwar,Denim,magenta,4999.0,0
184,Female,XS,Warm,cream,Festival,Newborn,Set,Silk,gold,299.0,0
184,Female,XS,Warm,cream,Festival,Newborn,Romper,Wool,burgundy,999.0,1
184,Female,XS,Warm,cream,Festival,Men,Shirt,Linen,green,1299.0,0
184,Female,XS,Warm,cream,Festival,Newborn,Romper,Cotton,pink,999.0,0
184,Female,XS,Warm,cream,Festival,Men,Blazer,Wool,white,499.0,0
184,Female,XS,Warm,cream,Festival,Kids,T-Shirt,Denim,blue,299.0,0
184,Female,XS,Warm,cream,Festival,Kids,Ethnic,Rayon,burgundy,1999.0,1
184,Female,XS,Warm,cream,Festival,Men,T-Shirt,Linen,red,499.0,1
184,Female,XS,Warm,cream,Festival,Men,T-Shirt,Rayon,peach,1999.0,0
184,Female,XS,Warm,cream,Festival,Women,Salwar,Denim,burgundy,699.0,1
184,Female,XS,Warm,cream,Festival,Women,Lehenga,Denim,pink,299.0,1
184,Female,XS,Warm,cream,Festival,Men,Trousers,Cotton,royal blue,1999.0,0
184,Female,XS,Warm,cream,Festival,Kids,Frock,Wool,burgundy,999.0,1
184,Female,XS,Warm,cream,Festival,Kids,Frock,Linen,peach,699.0,0
184,Female,XS,Warm,cream,Festival,Women,Kurti,Silk,magenta,699.0,0
184,Female,XS,Warm,cream,Festival,Newborn,Romper,Linen,coral,2999.0,0
184,Female,XS,Warm,cream,Festival,Kids,Ethnic,Rayon,royal blue,4999.0,0
184,Female,XS,Warm,cream,Festival,Kids,T-Shirt,Silk,olive,499.0,0
185,Male,L,Fair,olive,Office,Men,Trousers,Rayon,navy,1999.0,1
185,Male,L,Fair,olive,Office,Newborn,Onesie,Linen,pink,1299.0,1
185,Male,L,Fair,olive,Office,Women,Kurti,Rayon,red,499.0,0
185,Male,L,Fair,olive,Office,Kids,Frock,Rayon,lavender,499.0,1
185,Male,L,Fair,olive,Office,Women,Kurti,Denim,mustard,4999.0,0
185,Male,L,Fair,olive,Office,Kids,Ethnic,Rayon,burgundy,1999.0,0
185,Male,L,Fair,olive,Office,Kids,Ethnic,Rayon,royal blue,4999.0,0
185,Male,L,Fair,olive,Office,Newborn,Set,Rayon,white,2999.0,0
185,Male,L,Fair,olive,Office,Women,Dress,Denim,pink,1299.0,1
185,Male,L,Fair,olive,Office,Women,Saree,Denim,peach,1999.0,0
185,Male,L,Fair,olive,Office,Women,Top,Silk,gold,4999.0,0
185,Male,L,Fair,olive,Office,Kids,Shorts,Silk,gold,499.0,0
185,Male,L,Fair,olive,Office,Newborn,Romper,Cotton,pink,999.0,0
185,Male,L,Fair,olive,Office,Women,Saree,Cotton,cream,999.0,0
185,Male,L,Fair,olive,Office,Men,Trousers,Linen,magenta,699.0,0
185,Male,L,Fair,olive,Office,Newborn,Romper,Linen,coral,2999.0,0
185,Male,L,Fair,olive,Office,Kids,Ethnic,Cotton,red,1999.0,0
185,Male,L,Fair,olive,Office,Men,Blazer,Wool,white,499.0,1
185,Male,L,Fair,olive,Office,Kids,T-Shirt,Denim,burgundy,1299.0,0
185,Male,L,Fair,olive,Office,Kids,Ethnic,Cotton,olive,1999.0,1
185,Male,L,Fair,olive,Office,Newborn,Onesie,Denim,royal blue,699.0,0
185,Male,L,Fair,olive,Office,Women,Salwar,Wool,navy,4999.0,0
185,Male,L,Fair,olive,Office,Kids,Frock,Cotton,lavender,499.0,0
185,Male,L,Fair,olive,Office,Women,Salwar,Silk,red,1999.0,0
185,Male,L,Fair,olive,Office,Women,Dress,Linen,yellow,1999.0,1
186,Female,XL,Warm,peach,Party,Kids,Frock,Georgette,black,499.0,0
186,Female,XL,Warm,peach,Party,Men,Trousers,Denim,lavender,1299.0,0
186,Female,XL,Warm,peach,Party,Kids,Frock,Linen,peach,699.0,1
186,Female,XL,Warm,peach,Party,Women,Dress,Cotton,black,1999.0,0
186,Female,XL,Warm,peach,Party,Men,Kurta,Silk,navy,299.0,0
186,Female,XL,Warm,peach,Party,Men,Shirt,Linen,blue,1299.0,0
186,Female,XL,Warm,peach,Party,Men,Blazer,Linen,teal,1299.0,0
186,Female,XL,Warm,peach,Party,Newborn,Romper,Cotton,pink,999.0,0
186,Female,XL,Warm,peach,Party,Men,T-Shirt,Rayon,peach,1999.0,1
186,Female,XL,Warm,peach,Party,Men,Blazer,Denim,pink,699.0,0
186,Female,XL,Warm,peach,Party,Men,T-Shirt,Linen,red,499.0,1
186,Female,XL,Warm,peach,Party,Women,Dress,Rayon,mustard,999.0,1
186,Female,XL,Warm,peach,Party,Men,Shirt,Rayon,peach,1999.0,1
186,Female,XL,Warm,peach,Party,Kids,Frock,Cotton,lavender,499.0,0
186,Female,XL,Warm,peach,Party,Women,Top,Cotton,green,2999.0,0
186,Female,XL,Warm,peach,Party,Kids,T-Shirt,Denim,navy,1999.0,0
186,Female,XL,Warm,peach,Party,Newborn,Set,Denim,royal blue,999.0,0
186,Female,XL,Warm,peach,Party,Women,Saree,Denim,peach,1999.0,0
186,Female,XL,Warm,peach,Party,Men,Trousers,Rayon,olive,499.0,1
186,Female,XL,Warm,peach,Party,Kids,Ethnic,Wool,teal,499.0,0
186,Female,XL,Warm,peach,Party,Women,Kurti,Silk,burgundy,4999.0,1
186,Female,XL,Warm,peach,Party,Women,Kurti,Cotton,cream,999.0,1
186,Female,XL,Warm,peach,Party,Women,Salwar,Cotton,magenta,299.0,0
186,Female,XL,Warm,peach,Party,Men,Shirt,Georgette,olive,499.0,1
186,Female,XL,Warm,peach,Party,Kids,T-Shirt,Cotton,black,499.0,0
187,Male,L,Fair,olive,Wedding,Women,Dress,Cotton,black,1999.0,0
187,Male,L,Fair,olive,Wedding,Newborn,Romper,Silk,black,499.0,0
187,Male,L,Fair,olive,Wedding,Men,Trousers,Silk,green,4999.0,0
187,Male,L,Fair,olive,Wedding,Men,Trousers,Cotton,royal blue,1999.0,1
187,Male,L,Fair,olive,Wedding,Women,Salwar,Cotton,magenta,299.0,0
187,Male,L,Fair,olive,Wedding,Women,Salwar,Denim,burgundy,699.0,1
187,Male,L,Fair,olive,Wedding,Women,Saree,Denim,peach,1999.0,1
187,Male,L,Fair,olive,Wedding,Women,Kurti,Denim,mustard,4999.0,0
187,Male,L,Fair,olive,Wedding,Men,Kurta,Silk,red,4999.0,1
187,Male,L,Fair,olive,Wedding,Women,Lehenga,Wool,white,999.0,1
187,Male,L,Fair,olive,Wedding,Men,Shirt,Linen,blue,1299.0,1
187,Male,L,Fair,olive,Wedding,Men,Trousers,Linen,magenta,699.0,1
187,Male,L,Fair,olive,Wedding,Women,Dress,Georgette,green,299.0,0
187,Male,L,Fair,olive,Wedding,Women,Dress,Silk,black,1299.0,0
187,Male,L,Fair,olive,Wedding,Newborn,Onesie,Denim,cream,499.0,0
187,Male,L,Fair,olive,Wedding,Women,Top,Cotton,green,2999.0,0
187,Male,L,Fair,olive,Wedding,Kids,Ethnic,Rayon,burgundy,1999.0,0
187,Male,L,Fair,olive,Wedding,Newborn,Onesie,Cotton,yellow,1999.0,0
187,Male,L,Fair,olive,Wedding,Kids,Frock,Georgette,black,499.0,0
187,Male,L,Fair,olive,Wedding,Women,Top,Rayon,magenta,699.0,0
187,Male,L,Fair,olive,Wedding,Men,Blazer,Wool,white,499.0,1
187,Male,L,Fair,olive,Wedding,Men,Blazer,Georgette,burgundy,1299.0,1
187,Male,L,Fair,olive,Wedding,Men,Shirt,Wool,peach,1999.0,1
187,Male,L,Fair,olive,Wedding,Women,Kurti,Denim,white,699.0,0
187,Male,L,Fair,olive,Wedding,Newborn,Romper,Linen,coral,2999.0,0
188,Female,Free Size,Deep,royal blue,Casual,Kids,Ethnic,Wool,teal,499.0,0
188,Female,Free Size,Deep,royal blue,Casual,Kids,Ethnic,Cotton,red,1999.0,0
188,Female,Free Size,Deep,royal blue,Casual,Women,Kurti,Linen,yellow,299.0,1
188,Female,Free Size,Deep,royal blue,Casual,Kids,T-Shirt,Cotton,black,499.0,0
188,Female,Free Size,Deep,royal blue,Casual,Men,Shirt,Cotton,blue,299.0,0
188,Female,Free Size,Deep,royal blue,Casual,Women,Dress,Silk,black,1299.0,0
188,Female,Free Size,Deep,royal blue,Casual,Men,Blazer,Linen,cream,299.0,0
188,Female,Free Size,Deep,royal blue,Casual,Women,Dress,Rayon,mustard,999.0,1
188,Female,Free Size,Deep,royal blue,Casual,Newborn,Set,Rayon,blue,999.0,1
188,Female,Free Size,Deep,royal blue,Casual,Men,Shirt,Rayon,peach,1999.0,0
188,Female,Free Size,Deep,royal blue,Casual,Men,Blazer,Georgette,black,2999.0,0
188,Female,Free Size,Deep,royal blue,Casual,Women,Salwar,Rayon,gold,4999.0,1
188,Female,Free Size,Deep,royal blue,Casual,Kids,Frock,Silk,cream,1999.0,0
188,Female,Free Size,Deep,royal blue,Casual,Newborn,Romper,Rayon,gold,699.0,1
188,Female,Free Size,Deep,royal blue,Casual,Newborn,Onesie,Linen,pink,1299.0,0
188,Female,Free Size,Deep,royal blue,Casual,Newborn,Onesie,Cotton,yellow,1999.0,1
188,Female,Free Size,Deep,royal blue,Casual,Kids,T-Shirt,Denim,blue,299.0,1
188,Female,Free Size,Deep,royal blue,Casual,Kids,T-Shirt,Georgette,gold,4999.0,0
188,Female,Free Size,Deep,royal blue,Casual,Newborn,Romper,Wool,burgundy,299.0,0
188,Female,Free Size,Deep,royal blue,Casual,Kids,Frock,Linen,peach,699.0,0
188,Female,Free Size,Deep,royal blue,Casual,Men,Kurta,Silk,red,4999.0,0
188,Female,Free Size,Deep,royal blue,Casual,Women,Saree,Denim,peach,1999.0,0
188,Female,Free Size,Deep,royal blue,Casual,Newborn,Set,Silk,gold,299.0,0
188,Female,Free Size,Deep,royal blue,Casual,Kids,Ethnic,Cotton,olive,1999.0,0
188,Female,Free Size,Deep,royal blue,Casual,Men,T-Shirt,Linen,red,499.0,1
189,Female,Free Size,Fair,black,Festival,Newborn,Set,Rayon,burgundy,999.0,0
189,Female,Free Size,Fair,black,Festival,Newborn,Onesie,Cotton,yellow,1999.0,0
189,Female,Free Size,Fair,black,Festival,Newborn,Set,Georgette,teal,699.0,0
189,Female,Free Size,Fair,black,Festival,Newborn,Romper,Wool,burgundy,299.0,1
189,Female,Free Size,Fair,black,Festival,Men,T-Shirt,Rayon,coral,999.0,0
189,Female,Free Size,Fair,black,Festival,Women,Salwar,Denim,magenta,4999.0,0
189,Female,Free Size,Fair,black,Festival,Newborn,Onesie,Linen,pink,1299.0,1
189,Female,Free Size,Fair,black,Festival,Women,Salwar,Denim,burgundy,2999.0,0
189,Female,Free Size,Fair,black,Festival,Newborn,Set,Denim,royal blue,999.0,0
189,Female,Free Size,Fair,black,Festival,Women,Salwar,Wool,navy,4999.0,0
189,Female,Free Size,Fair,black,Festival,Kids,Frock,Rayon,lavender,499.0,0
189,Female,Free Size,Fair,black,Festival,Men,Shirt,Linen,blue,1299.0,0
189,Female,Free Size,Fair,black,Festival,Women,Dress,Linen,yellow,1999.0,1
189,Female,Free Size,Fair,black,Festival,Newborn,Onesie,Denim,coral,699.0,0
189,Female,Free Size,Fair,black,Festival,Newborn,Onesie,Linen,burgundy,999.0,0
189,Female,Free Size,Fair,black,Festival,Men,Trousers,Denim,lavender,1299.0,0
189,Female,Free Size,Fair,black,Festival,Women,Dress,Linen,olive,499.0,1
189,Female,Free Size,Fair,black,Festival,Newborn,Set,Rayon,white,2999.0,0
189,Female,Free Size,Fair,black,Festival,Women,Top,Rayon,magenta,699.0,0
189,Female,Free Size,Fair,black,Festival,Women,Lehenga,Wool,white,999.0,1
189,Female,Free Size,Fair,black,Festival,Women,Salwar,Cotton,coral,1999.0,1
189,Female,Free Size,Fair,black,Festival,Men,Trousers,Silk,green,4999.0,1
189,Female,Free Size,Fair,black,Festival,Newborn,Set,Rayon,burgundy,4999.0,0
189,Female,Free Size,Fair,black,Festival,Women,Kurti,Cotton,cream,999.0,1
189,Female,Free Size,Fair,black,Festival,Men,Shirt,Georgette,olive,499.0,0
190,Female,XL,Fair,magenta,Party,Men,Kurta,Cotton,green,499.0,0
190,Female,XL,Fair,magenta,Party,Kids,T-Shirt,Denim,navy,1999.0,0
190,Female,XL,Fair,magenta,Party,Women,Top,Rayon,teal,1999.0,1
190,Female,XL,Fair,magenta,Party,Newborn,Set,Rayon,white,2999.0,0
190,Female,XL,Fair,magenta,Party,Newborn,Romper,Silk,lavender,1999.0,1
190,Female,XL,Fair,magenta,Party,Kids,Ethnic,Wool,white,1299.0,1
190,Female,XL,Fair,magenta,Party,Newborn,Romper,Silk,black,499.0,0
190,Female,XL,Fair,magenta,Party,Women,Dress,Silk,black,1299.0,1
190,Female,XL,Fair,magenta,Party,Women,Kurti,Cotton,cream,999.0,1
190,Female,XL,Fair,magenta,Party,Men,Blazer,Rayon,red,1299.0,0
190,Female,XL,Fair,magenta,Party,Kids,Shorts,Silk,gold,499.0,0
190,Female,XL,Fair,magenta,Party,Kids,Frock,Silk,cream,1999.0,0
190,Female,XL,Fair,magenta,Party,Men,Trousers,Denim,lavender,1299.0,0
190,Female,XL,Fair,magenta,Party,Women,Lehenga,Wool,white,999.0,1
190,Female,XL,Fair,magenta,Party,Women,Salwar,Cotton,coral,1999.0,1
190,Female,XL,Fair,magenta,Party,Women,Kurti,Denim,white,699.0,1
190,Female,XL,Fair,magenta,Party,Men,Kurta,Silk,red,4999.0,0
190,Female,XL,Fair,magenta,Party,Kids,Ethnic,Rayon,royal blue,4999.0,0
190,Female,XL,Fair,magenta,Party,Newborn,Set,Rayon,blue,999.0,0
190,Female,XL,Fair,magenta,Party,Women,Salwar,Denim,burgundy,2999.0,0
190,Female,XL,Fair,magenta,Party,Men,Trousers,Silk,green,4999.0,0
190,Female,XL,Fair,magenta,Party,Kids,Ethnic,Cotton,red,1999.0,1
190,Female,XL,Fair,magenta,Party,Women,Salwar,Silk,red,1999.0,1
190,Female,XL,Fair,magenta,Party,Men,T-Shirt,Rayon,coral,999.0,0
190,Female,XL,Fair,magenta,Party,Newborn,Onesie,Denim,yellow,4999.0,0
191,Female,S,Medium,green,Casual,Kids,Ethnic,Wool,teal,499.0,1
191,Female,S,Medium,green,Casual,Women,Lehenga,Wool,white,999.0,1
191,Female,S,Medium,green,Casual,Women,Kurti,Silk,burgundy,4999.0,1
191,Female,S,Medium,green,Casual,Women,Salwar,Cotton,cream,999.0,1
191,Female,S,Medium,green,Casual,Newborn,Set,Silk,gold,299.0,0
191,Female,S,Medium,green,Casual,Women,Kurti,Cotton,cream,999.0,0
191,Female,S,Medium,green,Casual,Kids,Ethnic,Silk,coral,4999.0,1
191,Female,S,Medium,green,Casual,Newborn,Onesie,Cotton,yellow,1999.0,0
191,Female,S,Medium,green,Casual,Women,Dress,Cotton,black,1999.0,1
191,Female,S,Medium,green,Casual,Kids,T-Shirt,Georgette,gold,4999.0,0
191,Female,S,Medium,green,Casual,Newborn,Set,Rayon,blue,999.0,0
191,Female,S,Medium,green,Casual,Kids,T-Shirt,Rayon,olive,999.0,0
191,Female,S,Medium,green,Casual,Men,Blazer,Linen,teal,1299.0,0
191,Female,S,Medium,green,Casual,Newborn,Onesie,Linen,pink,1299.0,0
191,Female,S,Medium,green,Casual,Women,Saree,Denim,burgundy,499.0,1
191,Female,S,Medium,green,Casual,Men,Trousers,Denim,lavender,1299.0,0
191,Female,S,Medium,green,Casual,Women,Kurti,Denim,mustard,4999.0,1
191,Female,S,Medium,green,Casual,Kids,Frock,Cotton,lavender,499.0,0
191,Female,S,Medium,green,Casual,Women,Dress,Linen,olive,499.0,1
191,Female,S,Medium,green,Casual,Women,Saree,Denim,peach,1999.0,1
191,Female,S,Medium,green,Casual,Newborn,Set,Denim,royal blue,999.0,0
191,Female,S,Medium,green,Casual,Men,Blazer,Rayon,red,1299.0,0
191,Female,S,Medium,green,Casual,Women,Dress,Georgette,green,299.0,1
191,Female,S,Medium,green,Casual,Newborn,Romper,Denim,navy,1299.0,1
191,Female,S,Medium,green,Casual,Newborn,Set,Rayon,burgundy,4999.0,1
192,Male,XL,Dark,yellow,Party,Women,Salwar,Cotton,coral,1999.0,1
192,Male,XL,Dark,yellow,Party,Women,Kurti,Rayon,red,499.0,1
192,Male,XL,Dark,yellow,Party,Kids,Ethnic,Rayon,royal blue,4999.0,1
192,Male,XL,Dark,yellow,Party,Newborn,Set,Rayon,burgundy,4999.0,0
192,Male,XL,Dark,yellow,Party,Women,Dress,Georgette,green,299.0,0
192,Male,XL,Dark,yellow,Party,Kids,T-Shirt,Denim,navy,1999.0,0
192,Male,XL,Dark,yellow,Party,Men,Shirt,Linen,green,1299.0,1
192,Male,XL,Dark,yellow,Party,Kids,Frock,Linen,peach,699.0,0
192,Male,XL,Dark,yellow,Party,Newborn,Onesie,Denim,yellow,4999.0,1
192,Male,XL,Dark,yellow,Party,Newborn,Romper,Rayon,gold,699.0,0
192,Male,XL,Dark,yellow,Party,Kids,Frock,Rayon,lavender,499.0,0
192,Male,XL,Dark,yellow,Party,Men,T-Shirt,Rayon,green,2999.0,0
192,Male,XL,Dark,yellow,Party,Men,Kurta,Cotton,green,499.0,1
192,Male,XL,Dark,yellow,Party,Women,Kurti,Denim,white,699.0,0
192,Male,XL,Dark,yellow,Party,Kids,Frock,Cotton,lavender,499.0,0
192,Male,XL,Dark,yellow,Party,Newborn,Set,Silk,gold,299.0,0
192,Male,XL,Dark,yellow,Party,Women,Top,Georgette,peach,999.0,0
192,Male,XL,Dark,yellow,Party,Men,Kurta,Silk,navy,299.0,1
192,Male,XL,Dark,yellow,Party,Men,Blazer,Denim,pink,699.0,1
192,Male,XL,Dark,yellow,Party,Men,Blazer,Linen,cream,299.0,1
192,Male,XL,Dark,yellow,Party,Men,Trousers,Linen,lavender,1299.0,0
192,Male,XL,Dark,yellow,Party,Men,T-Shirt,Rayon,peach,1999.0,1
192,Male,XL,Dark,yellow,Party,Newborn,Set,Rayon,blue,999.0,0
192,Male,XL,Dark,yellow,Party,Kids,Ethnic,Wool,white,1299.0,1
192,Male,XL,Dark,yellow,Party,Men,Blazer,Wool,white,499.0,1
193,Female,XXL,Deep,blue,Wedding,Newborn,Onesie,Denim,coral,699.0,0
193,Female,XXL,Deep,blue,Wedding,Women,Salwar,Wool,navy,4999.0,1
193,Female,XXL,Deep,blue,Wedding,Women,Top,Cotton,green,2999.0,0
193,Female,XXL,Deep,blue,Wedding,Women,Kurti,Denim,white,699.0,1
193,Female,XXL,Deep,blue,Wedding,Kids,T-Shirt,Denim,navy,1999.0,0
193,Female,XXL,Deep,blue,Wedding,Men,Shirt,Cotton,blue,299.0,0
193,Female,XXL,Deep,blue,Wedding,Women,Salwar,Silk,red,1999.0,0
193,Female,XXL,Deep,blue,Wedding,Women,Dress,Linen,yellow,1999.0,1
193,Female,XXL,Deep,blue,Wedding,Men,T-Shirt,Linen,red,499.0,0
193,Female,XXL,Deep,blue,Wedding,Kids,T-Shirt,Silk,white,999.0,0
193,Female,XXL,Deep,blue,Wedding,Kids,Ethnic,Cotton,olive,1999.0,0
193,Female,XXL,Deep,blue,Wedding,Newborn,Set,Georgette,pink,4999.0,0
193,Female,XXL,Deep,blue,Wedding,Newborn,Romper,Denim,navy,1299.0,0
193,Female,XXL,Deep,blue,Wedding,Men,Blazer,Georgette,burgundy,1299.0,0
193,Female,XXL,Deep,blue,Wedding,Kids,Shorts,Silk,gold,499.0,0
193,Female,XXL,Deep,blue,Wedding,Men,Blazer,Georgette,black,2999.0,0
193,Female,XXL,Deep,blue,Wedding,Men,Kurta,Silk,navy,299.0,1
193,Female,XXL,Deep,blue,Wedding,Men,T-Shirt,Rayon,peach,1999.0,0
193,Female,XXL,Deep,blue,Wedding,Men,Blazer,Denim,pink,699.0,0
193,Female,XXL,Deep,blue,Wedding,Newborn,Set,Georgette,teal,2999.0,0
193,Female,XXL,Deep,blue,Wedding,Women,Saree,Denim,peach,1999.0,1
193,Female,XXL,Deep,blue,Wedding,Newborn,Romper,Linen,peach,4999.0,0
193,Female,XXL,Deep,blue,Wedding,Kids,Ethnic,Wool,white,1299.0,1
193,Female,XXL,Deep,blue,Wedding,Newborn,Onesie,Silk,blue,299.0,1
193,Female,XXL,Deep,blue,Wedding,Men,Shirt,Linen,blue,1299.0,1
194,Male,S,Medium,yellow,Wedding,Women,Kurti,Denim,mustard,4999.0,1
194,Male,S,Medium,yellow,Wedding,Men,Blazer,Georgette,burgundy,1299.0,1
194,Male,S,Medium,yellow,Wedding,Women,Salwar,Cotton,coral,1999.0,1
194,Male,S,Medium,yellow,Wedding,Women,Salwar,Cotton,magenta,299.0,0
194,Male,S,Medium,yellow,Wedding,Kids,T-Shirt,Silk,olive,499.0,1
194,Male,S,Medium,yellow,Wedding,Men,Blazer,Rayon,red,1299.0,1
194,Male,S,Medium,yellow,Wedding,Women,Saree,Cotton,cream,999.0,0
194,Male,S,Medium,yellow,Wedding,Men,Kurta,Cotton,green,499.0,1
194,Male,S,Medium,yellow,Wedding,Women,Top,Cotton,green,2999.0,0
194,Male,S,Medium,yellow,Wedding,Men,Shirt,Georgette,olive,499.0,1
194,Male,S,Medium,yellow,Wedding,Women,Kurti,Cotton,cream,999.0,0
194,Male,S,Medium,yellow,Wedding,Women,Top,Rayon,teal,1999.0,0
194,Male,S,Medium,yellow,Wedding,Kids,Frock,Wool,burgundy,999.0,0
194,Male,S,Medium,yellow,Wedding,Men,Trousers,Rayon,navy,1999.0,1
194,Male,S,Medium,yellow,Wedding,Women,Lehenga,Denim,pink,299.0,1
194,Male,S,Medium,yellow,Wedding,Men,Blazer,Linen,cream,299.0,0
194,Male,S,Medium,yellow,Wedding,Newborn,Onesie,Cotton,yellow,2999.0,0
194,Male,S,Medium,yellow,Wedding,Women,Kurti,Denim,white,699.0,0
194,Male,S,Medium,yellow,Wedding,Newborn,Romper,Linen,coral,2999.0,0
194,Male,S,Medium,yellow,Wedding,Newborn,Set,Silk,gold,299.0,0
194,Male,S,Medium,yellow,Wedding,Men,Trousers,Linen,magenta,699.0,1
194,Male,S,Medium,yellow,Wedding,Women,Salwar,Denim,magenta,4999.0,0
194,Male,S,Medium,yellow,Wedding,Newborn,Set,Georgette,teal,2999.0,0
194,Male,S,Medium,yellow,Wedding,Kids,T-Shirt,Silk,white,999.0,0
194,Male,S,Medium,yellow,Wedding,Men,Blazer,Georgette,black,2999.0,1
195,Male,Free Size,Deep,pink,Wedding,Kids,Frock,Georgette,black,499.0,0
195,Male,Free Size,Deep,pink,Wedding,Newborn,Onesie,Denim,coral,699.0,0
195,Male,Free Size,Deep,pink,Wedding,Women,Dress,Cotton,black,1999.0,0
195,Male,Free Size,Deep,pink,Wedding,Women,Lehenga,Rayon,black,699.0,1
195,Male,Free Size,Deep,pink,Wedding,Men,Trousers,Denim,lavender,1299.0,1
195,Male,Free Size,Deep,pink,Wedding,Women,Kurti,Cotton,cream,999.0,0
195,Male,Free Size,Deep,pink,Wedding,Kids,T-Shirt,Denim,blue,299.0,0
195,Male,Free Size,Deep,pink,Wedding,Newborn,Romper,Wool,burgundy,999.0,0
195,Male,Free Size,Deep,pink,Wedding,Women,Salwar,Rayon,gold,4999.0,1
195,Male,Free Size,Deep,pink,Wedding,Newborn,Onesie,Cotton,yellow,1999.0,1
195,Male,Free Size,Deep,pink,Wedding,Women,Top,Cotton,green,2999.0,1
195,Male,Free Size,Deep,pink,Wedding,Newborn,Set,Rayon,burgundy,4999.0,0
195,Male,Free Size,Deep,pink,Wedding,Women,Top,Georgette,peach,999.0,0
195,Male,Free Size,Deep,pink,Wedding,Men,Blazer,Georgette,black,2999.0,0
195,Male,Free Size,Deep,pink,Wedding,Women,Lehenga,Wool,white,999.0,1
195,Male,Free Size,Deep,pink,Wedding,Men,T-Shirt,Rayon,green,2999.0,1
195,Male,Free Size,Deep,pink,Wedding,Men,Kurta,Silk,navy,299.0,1
195,Male,Free Size,Deep,pink,Wedding,Kids,Shorts,Georgette,cream,1999.0,1
195,Male,Free Size,Deep,pink,Wedding,Men,Blazer,Linen,teal,1299.0,1
195,Male,Free Size,Deep,pink,Wedding,Kids,Frock,Linen,peach,699.0,1
195,Male,Free Size,Deep,pink,Wedding,Men,Trousers,Silk,green,4999.0,0
195,Male,Free Size,Deep,pink,Wedding,Newborn,Romper,Wool,burgundy,299.0,0
195,Male,Free Size,Deep,pink,Wedding,Women,Salwar,Denim,burgundy,699.0,0
195,Male,Free Size,Deep,pink,Wedding,Newborn,Romper,Rayon,mustard,4999.0,0
195,Male,Free Size,Deep,pink,Wedding,Newborn,Set,Silk,gold,299.0,0
196,Female,L,Dark,navy,Festival,Newborn,Onesie,Linen,pink,1299.0,0
196,Female,L,Dark,navy,Festival,Newborn,Set,Rayon,burgundy,999.0,0
196,Female,L,Dark,navy,Festival,Men,Blazer,Linen,teal,1299.0,0
196,Female,L,Dark,navy,Festival,Newborn,Set,Wool,yellow,2999.0,0
196,Female,L,Dark,navy,Festival,Newborn,Set,Denim,royal blue,999.0,1
196,Female,L,Dark,navy,Festival,Newborn,Romper,Linen,peach,4999.0,1
196,Female,L,Dark,navy,Festival,Women,Top,Rayon,magenta,699.0,1
196,Female,L,Dark,navy,Festival,Newborn,Onesie,Linen,burgundy,999.0,0
196,Female,L,Dark,navy,Festival,Kids,Frock,Georgette,black,499.0,0
196,Female,L,Dark,navy,Festival,Women,Lehenga,Rayon,black,699.0,1
196,Female,L,Dark,navy,Festival,Kids,Ethnic,Cotton,olive,1999.0,1
196,Female,L,Dark,navy,Festival,Men,Blazer,Georgette,black,2999.0,0
196,Female,L,Dark,navy,Festival,Newborn,Romper,Silk,lavender,1999.0,0
196,Female,L,Dark,navy,Festival,Women,Top,Silk,gold,4999.0,1
196,Female,L,Dark,navy,Festival,Women,Salwar,Cotton,cream,999.0,1
196,Female,L,Dark,navy,Festival,Men,T-Shirt,Linen,red,499.0,0
196,Female,L,Dark,navy,Festival,Women,Dress,Denim,pink,1299.0,1
196,Female,L,Dark,navy,Festival,Women,Kurti,Denim,mustard,4999.0,0
196,Female,L,Dark,navy,Festival,Newborn,Onesie,Cotton,yellow,2999.0,0
196,Female,L,Dark,navy,Festival,Kids,T-Shirt,Denim,burgundy,1299.0,0
196,Female,L,Dark,navy,Festival,Women,Kurti,Denim,white,699.0,1
196,Female,L,Dark,navy,Festival,Newborn,Romper,Linen,coral,2999.0,0
196,Female,L,Dark,navy,Festival,Men,Blazer,Wool,white,499.0,1
196,Female,L,Dark,navy,Festival,Kids,Frock,Cotton,peach,1299.0,0
196,Female,L,Dark,navy,Festival,Women,Salwar,Cotton,coral,1999.0,1
197,Female,Free Size,Deep,olive,Wedding,Men,T-Shirt,Rayon,peach,1999.0,0
197,Female,Free Size,Deep,olive,Wedding,Men,T-Shirt,Rayon,coral,999.0,0
197,Female,Free Size,Deep,olive,Wedding,Women,Lehenga,Denim,pink,299.0,1
197,Female,Free Size,Deep,olive,Wedding,Newborn,Set,Rayon,burgundy,999.0,0
197,Female,Free Size,Deep,olive,Wedding,Men,Shirt,Rayon,peach,1999.0,0
197,Female,Free Size,Deep,olive,Wedding,Women,Salwar,Denim,burgundy,2999.0,0
197,Female,Free Size,Deep,olive,Wedding,Women,Kurti,Silk,magenta,699.0,1
197,Female,Free Size,Deep,olive,Wedding,Kids,Ethnic,Rayon,burgundy,1999.0,0
197,Female,Free Size,Deep,olive,Wedding,Women,Dress,Linen,olive,499.0,1
197,Female,Free Size,Deep,olive,Wedding,Women,Dress,Silk,black,1299.0,0
197,Female,Free Size,Deep,olive,Wedding,Newborn,Set,Denim,royal blue,999.0,1
197,Female,Free Size,Deep,olive,Wedding,Women,Salwar,Denim,magenta,4999.0,0
197,Female,Free Size,Deep,olive,Wedding,Men,T-Shirt,Rayon,green,2999.0,0
197,Female,Free Size,Deep,olive,Wedding,Men,Trousers,Linen,magenta,699.0,0
197,Female,Free Size,Deep,olive,Wedding,Men,Blazer,Linen,teal,1299.0,0
197,Female,Free Size,Deep,olive,Wedding,Kids,T-Shirt,Silk,olive,499.0,1
197,Female,Free Size,Deep,olive,Wedding,Women,Kurti,Linen,yellow,299.0,1
197,Female,Free Size,Deep,olive,Wedding,Women,Dress,Rayon,mustard,999.0,0
197,Female,Free Size,Deep,olive,Wedding,Newborn,Onesie,Silk,blue,299.0,0
197,Female,Free Size,Deep,olive,Wedding,Women,Top,Rayon,magenta,699.0,1
197,Female,Free Size,Deep,olive,Wedding,Newborn,Set,Georgette,teal,2999.0,0
197,Female,Free Size,Deep,olive,Wedding,Men,Blazer,Georgette,black,2999.0,0
197,Female,Free Size,Deep,olive,Wedding,Kids,Frock,Wool,burgundy,999.0,0
197,Female,Free Size,Deep,olive,Wedding,Women,Salwar,Cotton,magenta,299.0,1
197,Female,Free Size,Deep,olive,Wedding,Men,Trousers,Denim,lavender,1299.0,0
198,Female,XS,Warm,lavender,Daily,Newborn,Onesie,Linen,burgundy,999.0,1
198,Female,XS,Warm,lavender,Daily,Newborn,Romper,Linen,coral,2999.0,0
198,Female,XS,Warm,lavender,Daily,Kids,Frock,Silk,cream,1999.0,0
198,Female,XS,Warm,lavender,Daily,Kids,Frock,Linen,peach,699.0,1
198,Female,XS,Warm,lavender,Daily,Men,Shirt,Rayon,gold,999.0,1
198,Female,XS,Warm,lavender,Daily,Kids,Ethnic,Georgette,black,1299.0,0
198,Female,XS,Warm,lavender,Daily,Women,Salwar,Cotton,coral,1999.0,1
198,Female,XS,Warm,lavender,Daily,Women,Salwar,Denim,burgundy,699.0,1
198,Female,XS,Warm,lavender,Daily,Women,Kurti,Rayon,red,499.0,1
198,Female,XS,Warm,lavender,Daily,Men,Kurta,Silk,navy,299.0,0
198,Female,XS,Warm,lavender,Daily,Men,Kurta,Silk,teal,1299.0,0
198,Female,XS,Warm,lavender,Daily,Women,Dress,Denim,pink,1299.0,0
198,Female,XS,Warm,lavender,Daily,Women,Salwar,Rayon,gold,4999.0,1
198,Female,XS,Warm,lavender,Daily,Men,Trousers,Silk,green,4999.0,0
198,Female,XS,Warm,lavender,Daily,Men,Trousers,Linen,magenta,699.0,0
198,Female,XS,Warm,lavender,Daily,Newborn,Set,Rayon,blue,999.0,0
198,Female,XS,Warm,lavender,Daily,Kids,T-Shirt,Georgette,gold,4999.0,1
198,Female,XS,Warm,lavender,Daily,Kids,T-Shirt,Cotton,black,499.0,0
198,Female,XS,Warm,lavender,Daily,Men,Blazer,Linen,teal,999.0,0
198,Female,XS,Warm,lavender,Daily,Kids,Shorts,Georgette,cream,1999.0,1
198,Female,XS,Warm,lavender,Daily,Kids,Ethnic,Rayon,burgundy,1999.0,0
198,Female,XS,Warm,lavender,Daily,Kids,T-Shirt,Rayon,olive,999.0,1
198,Female,XS,Warm,lavender,Daily,Women,Dress,Linen,olive,499.0,1
198,Female,XS,Warm,lavender,Daily,Newborn,Set,Rayon,burgundy,4999.0,0
198,Female,XS,Warm,lavender,Daily,Men,Kurta,Cotton,green,499.0,0
199,Female,Free Size,Medium,navy,Casual,Women,Salwar,Cotton,cream,999.0,1
199,Female,Free Size,Medium,navy,Casual,Women,Salwar,Silk,red,1999.0,1
199,Female,Free Size,Medium,navy,Casual,Men,Trousers,Linen,magenta,699.0,0
199,Female,Free Size,Medium,navy,Casual,Men,Shirt,Rayon,gold,999.0,0
199,Female,Free Size,Medium,navy,Casual,Men,Blazer,Denim,pink,699.0,0
199,Female,Free Size,Medium,navy,Casual,Women,Saree,Denim,peach,1999.0,1
199,Female,Free Size,Medium,navy,Casual,Kids,Frock,Cotton,peach,1299.0,0
199,Female,Free Size,Medium,navy,Casual,Newborn,Romper,Silk,black,499.0,0
199,Female,Free Size,Medium,navy,Casual,Kids,Ethnic,Georgette,black,1299.0,0
199,Female,Free Size,Medium,navy,Casual,Women,Salwar,Cotton,magenta,299.0,0
199,Female,Free Size,Medium,navy,Casual,Men,Shirt,Linen,blue,1299.0,0
199,Female,Free Size,Medium,navy,Casual,Men,Kurta,Silk,red,4999.0,0
199,Female,Free Size,Medium,navy,Casual,Women,Top,Rayon,teal,1999.0,1
199,Female,Free Size,Medium,navy,Casual,Newborn,Romper,Rayon,gold,699.0,0
199,Female,Free Size,Medium,navy,Casual,Kids,T-Shirt,Silk,olive,499.0,1
199,Female,Free Size,Medium,navy,Casual,Men,Trousers,Denim,lavender,1299.0,1
199,Female,Free Size,Medium,navy,Casual,Women,Salwar,Denim,magenta,4999.0,0
199,Female,Free Size,Medium,navy,Casual,Men,Trousers,Cotton,royal blue,1999.0,0
199,Female,Free Size,Medium,navy,Casual,Newborn,Onesie,Linen,pink,1299.0,0
199,Female,Free Size,Medium,navy,Casual,Men,Trousers,Rayon,olive,499.0,0
199,Female,Free Size,Medium,navy,Casual,Newborn,Romper,Denim,navy,1299.0,1
199,Female,Free Size,Medium,navy,Casual,Men,Trousers,Silk,green,4999.0,0
199,Female,Free Size,Medium,navy,Casual,Women,Kurti,Cotton,cream,999.0,1
199,Female,Free Size,Medium,navy,Casual,Men,Shirt,Linen,green,1299.0,0
199,Female,Free Size,Medium,navy,Casual,Men,Shirt,Cotton,blue,299.0,0
200,Female,XL,Fair,coral,Festival,Newborn,Romper,Rayon,mustard,4999.0,0
200,Female,XL,Fair,coral,Festival,Newborn,Set,Rayon,blue,999.0,0
200,Female,XL,Fair,coral,Festival,Men,Shirt,Georgette,olive,499.0,0
200,Female,XL,Fair,coral,Festival,Men,Shirt,Rayon,peach,1999.0,1
200,Female,XL,Fair,coral,Festival,Kids,Frock,Georgette,black,499.0,0
200,Female,XL,Fair,coral,Festival,Kids,T-Shirt,Silk,olive,499.0,0
200,Female,XL,Fair,coral,Festival,Kids,Shorts,Silk,gold,499.0,0
200,Female,XL,Fair,coral,Festival,Women,Kurti,Linen,yellow,299.0,0
200,Female,XL,Fair,coral,Festival,Men,T-Shirt,Rayon,green,2999.0,1
200,Female,XL,Fair,coral,Festival,Newborn,Set,Denim,royal blue,999.0,1
200,Female,XL,Fair,coral,Festival,Men,Shirt,Wool,peach,1999.0,0
200,Female,XL,Fair,coral,Festival,Kids,Frock,Wool,burgundy,999.0,0
200,Female,XL,Fair,coral,Festival,Women,Kurti,Denim,white,699.0,1
200,Female,XL,Fair,coral,Festival,Kids,Ethnic,Rayon,burgundy,1999.0,0
200,Female,XL,Fair,coral,Festival,Newborn,Set,Silk,gold,299.0,0
200,Female,XL,Fair,coral,Festival,Newborn,Romper,Wool,burgundy,999.0,0
200,Female,XL,Fair,coral,Festival,Women,Salwar,Silk,red,1999.0,1
200,Female,XL,Fair,coral,Festival,Men,Shirt,Cotton,blue,299.0,0
200,Female,XL,Fair,coral,Festival,Newborn,Set,Georgette,pink,4999.0,0
200,Female,XL,Fair,coral,Festival,Men,Shirt,Linen,blue,1299.0,0
200,Female,XL,Fair,coral,Festival,Women,Kurti,Silk,magenta,699.0,1
200,Female,XL,Fair,coral,Festival,Men,Kurta,Silk,navy,299.0,1
200,Female,XL,Fair,coral,Festival,Kids,T-Shirt,Denim,navy,1999.0,0
200,Female,XL,Fair,coral,Festival,Kids,T-Shirt,Denim,blue,299.0,0
200,Female,XL,Fair,coral,Festival,Women,Top,Silk,gold,4999.0,0
201,Female,XS,Fair,royal blue,Party,Newborn,Romper,Wool,burgundy,299.0,0
201,Female,XS,Fair,royal blue,Party,Newborn,Romper,Denim,navy,1299.0,0
201,Female,XS,Fair,royal blue,Party,Kids,Frock,Georgette,black,499.0,0
201,Female,XS,Fair,royal blue,Party,Men,T-Shirt,Rayon,coral,999.0,0
201,Female,XS,Fair,royal blue,Party,Men,Shirt,Georgette,olive,499.0,0
201,Female,XS,Fair,royal blue,Party,Women,Top,Georgette,peach,999.0,1
201,Female,XS,Fair,royal blue,Party,Women,Saree,Denim,burgundy,499.0,1
201,Female,XS,Fair,royal blue,Party,Men,Blazer,Wool,white,499.0,1
201,Female,XS,Fair,royal blue,Party,Men,Kurta,Silk,red,4999.0,1
201,Female,XS,Fair,royal blue,Party,Kids,Frock,Rayon,lavender,499.0,1
201,Female,XS,Fair,royal blue,Party,Women,Salwar,Cotton,coral,1999.0,0
201,Female,XS,Fair,royal blue,Party,Men,Blazer,Linen,cream,299.0,1
201,Female,XS,Fair,royal blue,Party,Newborn,Romper,Rayon,mustard,4999.0,0
201,Female,XS,Fair,royal blue,Party,Kids,Frock,Cotton,peach,1299.0,0
201,Female,XS,Fair,royal blue,Party,Women,Dress,Linen,olive,499.0,1
201,Female,XS,Fair,royal blue,Party,Women,Saree,Cotton,cream,999.0,1
201,Female,XS,Fair,royal blue,Party,Kids,T-Shirt,Rayon,olive,999.0,0
201,Female,XS,Fair,royal blue,Party,Newborn,Onesie,Cotton,yellow,1999.0,0
201,Female,XS,Fair,royal blue,Party,Newborn,Onesie,Linen,burgundy,999.0,0
201,Female,XS,Fair,royal blue,Party,Newborn,Set,Silk,gold,299.0,0
201,Female,XS,Fair,royal blue,Party,Newborn,Romper,Silk,black,499.0,0
201,Female,XS,Fair,royal blue,Party,Men,Shirt,Rayon,peach,1999.0,1
201,Female,XS,Fair,royal blue,Party,Men,T-Shirt,Linen,red,499.0,0
201,Female,XS,Fair,royal blue,Party,Newborn,Set,Rayon,burgundy,4999.0,1
201,Female,XS,Fair,royal blue,Party,Women,Dress,Denim,pink,1299.0,1
202,Male,XXL,Fair,teal,Festival,Newborn,Romper,Rayon,gold,699.0,1
202,Male,XXL,Fair,teal,Festival,Newborn,Romper,Wool,burgundy,999.0,0
202,Male,XXL,Fair,teal,Festival,Newborn,Romper,Wool,burgundy,299.0,0
202,Male,XXL,Fair,teal,Festival,Women,Kurti,Denim,white,699.0,1
202,Male,XXL,Fair,teal,Festival,Men,Trousers,Cotton,royal blue,1999.0,1
202,Male,XXL,Fair,teal,Festival,Kids,Shorts,Silk,gold,499.0,0
202,Male,XXL,Fair,teal,Festival,Men,Shirt,Cotton,blue,299.0,0
202,Male,XXL,Fair,teal,Festival,Women,Top,Rayon,magenta,699.0,0
202,Male,XXL,Fair,teal,Festival,Women,Salwar,Cotton,magenta,299.0,0
202,Male,XXL,Fair,teal,Festival,Men,T-Shirt,Linen,red,499.0,1
202,Male,XXL,Fair,teal,Festival,Kids,Frock,Georgette,black,499.0,0
202,Male,XXL,Fair,teal,Festival,Kids,Ethnic,Silk,coral,4999.0,0
202,Male,XXL,Fair,teal,Festival,Newborn,Onesie,Denim,coral,699.0,0
202,Male,XXL,Fair,teal,Festival,Newborn,Set,Silk,gold,299.0,0
202,Male,XXL,Fair,teal,Festival,Newborn,Set,Rayon,blue,999.0,0
202,Male,XXL,Fair,teal,Festival,Newborn,Set,Georgette,pink,4999.0,1
202,Male,XXL,Fair,teal,Festival,Kids,Ethnic,Cotton,olive,1999.0,0
202,Male,XXL,Fair,teal,Festival,Kids,Frock,Wool,burgundy,999.0,0
202,Male,XXL,Fair,teal,Festival,Men,Blazer,Linen,cream,299.0,0
202,Male,XXL,Fair,teal,Festival,Women,Top,Rayon,teal,1999.0,1
202,Male,XXL,Fair,teal,Festival,Women,Salwar,Wool,navy,4999.0,0
202,Male,XXL,Fair,teal,Festival,Kids,Ethnic,Silk,burgundy,999.0,0
202,Male,XXL,Fair,teal,Festival,Women,Dress,Linen,olive,499.0,0
202,Male,XXL,Fair,teal,Festival,Newborn,Onesie,Cotton,yellow,2999.0,0
202,Male,XXL,Fair,teal,Festival,Kids,Ethnic,Georgette,black,1299.0,0
203,Female,XL,Dark,cream,Festival,Women,Kurti,Silk,burgundy,4999.0,0
203,Female,XL,Dark,cream,Festival,Men,Trousers,Linen,magenta,699.0,0
203,Female,XL,Dark,cream,Festival,Kids,Frock,Silk,cream,1999.0,0
203,Female,XL,Dark,cream,Festival,Women,Kurti,Denim,white,699.0,0
203,Female,XL,Dark,cream,Festival,Women,Salwar,Denim,burgundy,2999.0,1
203,Female,XL,Dark,cream,Festival,Men,Kurta,Silk,teal,1299.0,1
203,Female,XL,Dark,cream,Festival,Men,Blazer,Georgette,burgundy,1299.0,0
203,Female,XL,Dark,cream,Festival,Women,Top,Rayon,magenta,699.0,1
203,Female,XL,Dark,cream,Festival,Women,Salwar,Cotton,magenta,299.0,1
203,Female,XL,Dark,cream,Festival,Newborn,Set,Rayon,white,2999.0,0
203,Female,XL,Dark,cream,Festival,Women,Dress,Linen,olive,499.0,1
203,Female,XL,Dark,cream,Festival,Men,Trousers,Silk,green,4999.0,0
203,Female,XL,Dark,cream,Festival,Men,Trousers,Denim,lavender,1299.0,0
203,Female,XL,Dark,cream,Festival,Newborn,Set,Rayon,burgundy,999.0,0
203,Female,XL,Dark,cream,Festival,Kids,Ethnic,Cotton,red,1999.0,1
203,Female,XL,Dark,cream,Festival,Kids,Ethnic,Cotton,olive,1999.0,0
203,Female,XL,Dark,cream,Festival,Women,Saree,Cotton,cream,999.0,1
203,Female,XL,Dark,cream,Festival,Men,Blazer,Rayon,red,1299.0,1
203,Female,XL,Dark,cream,Festival,Men,Shirt,Rayon,gold,999.0,0
203,Female,XL,Dark,cream,Festival,Newborn,Onesie,Linen,burgundy,999.0,0
203,Female,XL,Dark,cream,Festival,Women,Lehenga,Wool,white,999.0,1
203,Female,XL,Dark,cream,Festival,Men,Trousers,Rayon,navy,1999.0,0
203,Female,XL,Dark,cream,Festival,Women,Kurti,Silk,magenta,699.0,1
203,Female,XL,Dark,cream,Festival,Newborn,Set,Georgette,pink,4999.0,0
203,Female,XL,Dark,cream,Festival,Kids,Ethnic,Wool,white,1299.0,1
204,Male,M,Dark,mustard,Office,Kids,T-Shirt,Georgette,gold,4999.0,0
204,Male,M,Dark,mustard,Office,Newborn,Romper,Rayon,gold,699.0,0
204,Male,M,Dark,mustard,Office,Newborn,Onesie,Silk,blue,299.0,0
204,Male,M,Dark,mustard,Office,Women,Kurti,Denim,white,699.0,0
204,Male,M,Dark,mustard,Office,Women,Kurti,Linen,yellow,299.0,1
204,Male,M,Dark,mustard,Office,Newborn,Set,Rayon,burgundy,4999.0,0
204,Male,M,Dark,mustard,Office,Men,T-Shirt,Rayon,peach,1999.0,1
204,Male,M,Dark,mustard,Office,Men,Shirt,Rayon,peach,1999.0,0
204,Male,M,Dark,mustard,Office,Men,Trousers,Rayon,olive,499.0,0
204,Male,M,Dark,mustard,Office,Men,Shirt,Linen,blue,1299.0,1
204,Male,M,Dark,mustard,Office,Men,Trousers,Silk,green,4999.0,0
204,Male,M,Dark,mustard,Office,Newborn,Romper,Silk,lavender,1999.0,0
204,Male,M,Dark,mustard,Office,Men,Blazer,Linen,teal,999.0,1
204,Male,M,Dark,mustard,Office,Women,Kurti,Rayon,red,499.0,1
204,Male,M,Dark,mustard,Office,Newborn,Romper,Wool,burgundy,299.0,0
204,Male,M,Dark,mustard,Office,Kids,Frock,Linen,peach,699.0,0
204,Male,M,Dark,mustard,Office,Newborn,Set,Silk,gold,299.0,0
204,Male,M,Dark,mustard,Office,Kids,Frock,Wool,burgundy,999.0,0
204,Male,M,Dark,mustard,Office,Women,Salwar,Denim,burgundy,699.0,0
204,Male,M,Dark,mustard,Office,Kids,Frock,Rayon,lavender,499.0,0
204,Male,M,Dark,mustard,Office,Women,Dress,Rayon,mustard,999.0,1
204,Male,M,Dark,mustard,Office,Men,Shirt,Georgette,olive,499.0,1
204,Male,M,Dark,mustard,Office,Women,Dress,Cotton,black,1999.0,0
204,Male,M,Dark,mustard,Office,Kids,Frock,Cotton,peach,1299.0,0
204,Male,M,Dark,mustard,Office,Women,Top,Georgette,peach,999.0,0
205,Male,XS,Warm,red,Party,Men,T-Shirt,Rayon,coral,999.0,1
205,Male,XS,Warm,red,Party,Men,Shirt,Rayon,gold,999.0,1
205,Male,XS,Warm,red,Party,Women,Lehenga,Rayon,black,699.0,1
205,Male,XS,Warm,red,Party,Kids,Ethnic,Wool,teal,499.0,0
205,Male,XS,Warm,red,Party,Men,Shirt,Rayon,peach,1999.0,0
205,Male,XS,Warm,red,Party,Newborn,Onesie,Denim,cream,499.0,1
205,Male,XS,Warm,red,Party,Women,Top,Cotton,green,2999.0,0
205,Male,XS,Warm,red,Party,Newborn,Onesie,Denim,coral,699.0,1
205,Male,XS,Warm,red,Party,Women,Salwar,Denim,burgundy,2999.0,0
205,Male,XS,Warm,red,Party,Women,Kurti,Denim,white,699.0,0
205,Male,XS,Warm,red,Party,Women,Lehenga,Wool,white,999.0,0
205,Male,XS,Warm,red,Party,Newborn,Set,Georgette,teal,2999.0,0
205,Male,XS,Warm,red,Party,Men,T-Shirt,Rayon,green,2999.0,0
205,Male,XS,Warm,red,Party,Men,Blazer,Rayon,red,1299.0,1
205,Male,XS,Warm,red,Party,Newborn,Romper,Linen,coral,2999.0,0
205,Male,XS,Warm,red,Party,Newborn,Set,Rayon,white,2999.0,0
205,Male,XS,Warm,red,Party,Men,Shirt,Wool,peach,1999.0,0
205,Male,XS,Warm,red,Party,Kids,Ethnic,Silk,coral,4999.0,1
205,Male,XS,Warm,red,Party,Kids,T-Shirt,Rayon,olive,999.0,1
205,Male,XS,Warm,red,Party,Newborn,Romper,Denim,navy,1299.0,0
205,Male,XS,Warm,red,Party,Kids,T-Shirt,Silk,white,999.0,0
205,Male,XS,Warm,red,Party,Newborn,Onesie,Cotton,yellow,1999.0,0
205,Male,XS,Warm,red,Party,Newborn,Onesie,Silk,blue,299.0,0
205,Male,XS,Warm,red,Party,Women,Dress,Silk,black,1299.0,0
205,Male,XS,Warm,red,Party,Women,Salwar,Cotton,magenta,299.0,0
206,Male,XL,Deep,green,Casual,Men,Kurta,Silk,navy,299.0,1
206,Male,XL,Deep,green,Casual,Newborn,Set,Rayon,white,2999.0,0
206,Male,XL,Deep,green,Casual,Women,Dress,Linen,olive,499.0,0
206,Male,XL,Deep,green,Casual,Women,Dress,Linen,yellow,1999.0,0
206,Male,XL,Deep,green,Casual,Men,Trousers,Linen,magenta,699.0,1
206,Male,XL,Deep,green,Casual,Men,Shirt,Rayon,peach,1999.0,1
206,Male,XL,Deep,green,Casual,Men,Trousers,Rayon,navy,1999.0,0
206,Male,XL,Deep,green,Casual,Newborn,Set,Georgette,pink,4999.0,1
206,Male,XL,Deep,green,Casual,Men,Kurta,Silk,red,4999.0,0
206,Male,XL,Deep,green,Casual,Newborn,Set,Rayon,burgundy,4999.0,0
206,Male,XL,Deep,green,Casual,Kids,T-Shirt,Denim,navy,1999.0,0
206,Male,XL,Deep,green,Casual,Men,Trousers,Cotton,royal blue,1999.0,1
206,Male,XL,Deep,green,Casual,Newborn,Set,Georgette,teal,2999.0,0
206,Male,XL,Deep,green,Casual,Men,Blazer,Georgette,burgundy,1299.0,1
206,Male,XL,Deep,green,Casual,Men,Shirt,Georgette,olive,499.0,1
206,Male,XL,Deep,green,Casual,Women,Salwar,Denim,burgundy,2999.0,0
206,Male,XL,Deep,green,Casual,Newborn,Onesie,Denim,coral,699.0,1
206,Male,XL,Deep,green,Casual,Men,Shirt,Wool,peach,1999.0,0
206,Male,XL,Deep,green,Casual,Women,Salwar,Wool,navy,4999.0,0
206,Male,XL,Deep,green,Casual,Men,Shirt,Linen,blue,1299.0,0
206,Male,XL,Deep,green,Casual,Newborn,Set,Rayon,burgundy,999.0,0
206,Male,XL,Deep,green,Casual,Newborn,Romper,Cotton,pink,999.0,0
206,Male,XL,Deep,green,Casual,Newborn,Romper,Rayon,gold,699.0,0
206,Male,XL,Deep,green,Casual,Men,Shirt,Cotton,blue,299.0,0
206,Male,XL,Deep,green,Casual,Kids,Ethnic,Wool,teal,499.0,0
207,Male,XXL,Warm,lavender,Office,Men,Shirt,Rayon,peach,1999.0,1
207,Male,XXL,Warm,lavender,Office,Newborn,Onesie,Silk,blue,299.0,0
207,Male,XXL,Warm,lavender,Office,Newborn,Romper,Linen,peach,4999.0,1
207,Male,XXL,Warm,lavender,Office,Newborn,Onesie,Cotton,yellow,2999.0,0
207,Male,XXL,Warm,lavender,Office,Newborn,Set,Wool,yellow,2999.0,0
207,Male,XXL,Warm,lavender,Office,Women,Kurti,Silk,burgundy,4999.0,1
207,Male,XXL,Warm,lavender,Office,Kids,Frock,Rayon,lavender,499.0,0
207,Male,XXL,Warm,lavender,Office,Women,Dress,Silk,black,1299.0,0
207,Male,XXL,Warm,lavender,Office,Newborn,Romper,Silk,black,499.0,0
207,Male,XXL,Warm,lavender,Office,Newborn,Romper,Rayon,mustard,4999.0,0
207,Male,XXL,Warm,lavender,Office,Women,Lehenga,Wool,white,999.0,0
207,Male,XXL,Warm,lavender,Office,Newborn,Onesie,Denim,cream,499.0,0
207,Male,XXL,Warm,lavender,Office,Men,Blazer,Wool,white,499.0,0
207,Male,XXL,Warm,lavender,Office,Women,Salwar,Cotton,magenta,299.0,0
207,Male,XXL,Warm,lavender,Office,Women,Dress,Linen,yellow,1999.0,0
207,Male,XXL,Warm,lavender,Office,Women,Lehenga,Denim,pink,299.0,0
207,Male,XXL,Warm,lavender,Office,Men,Shirt,Cotton,blue,299.0,0
207,Male,XXL,Warm,lavender,Office,Newborn,Set,Rayon,blue,999.0,0
207,Male,XXL,Warm,lavender,Office,Women,Kurti,Denim,mustard,4999.0,0
207,Male,XXL,Warm,lavender,Office,Men,Trousers,Denim,lavender,1299.0,1
207,Male,XXL,Warm,lavender,Office,Women,Salwar,Silk,red,1999.0,0
207,Male,XXL,Warm,lavender,Office,Women,Lehenga,Rayon,black,699.0,0
207,Male,XXL,Warm,lavender,Office,Newborn,Onesie,Denim,yellow,4999.0,0
207,Male,XXL,Warm,lavender,Office,Women,Dress,Rayon,mustard,999.0,1
207,Male,XXL,Warm,lavender,Office,Kids,Ethnic,Cotton,olive,1999.0,0
208,Male,M,Medium,coral,Festival,Women,Dress,Denim,pink,1299.0,0
208,Male,M,Medium,coral,Festival,Women,Salwar,Wool,navy,4999.0,0
208,Male,M,Medium,coral,Festival,Kids,Ethnic,Cotton,olive,1999.0,1
208,Male,M,Medium,coral,Festival,Newborn,Romper,Denim,navy,1299.0,0
208,Male,M,Medium,coral,Festival,Kids,Ethnic,Rayon,royal blue,4999.0,0
208,Male,M,Medium,coral,Festival,Newborn,Set,Rayon,burgundy,4999.0,0
208,Male,M,Medium,coral,Festival,Kids,Frock,Georgette,black,499.0,0
208,Male,M,Medium,coral,Festival,Men,Kurta,Silk,teal,1299.0,1
208,Male,M,Medium,coral,Festival,Kids,T-Shirt,Cotton,black,499.0,0
208,Male,M,Medium,coral,Festival,Women,Saree,Denim,burgundy,499.0,1
208,Male,M,Medium,coral,Festival,Men,Blazer,Georgette,black,2999.0,0
208,Male,M,Medium,coral,Festival,Newborn,Set,Georgette,teal,2999.0,1
208,Male,M,Medium,coral,Festival,Men,Shirt,Georgette,olive,499.0,1
208,Male,M,Medium,coral,Festival,Men,Blazer,Linen,teal,999.0,1
208,Male,M,Medium,coral,Festival,Men,T-Shirt,Linen,red,499.0,0
208,Male,M,Medium,coral,Festival,Newborn,Romper,Rayon,mustard,4999.0,0
208,Male,M,Medium,coral,Festival,Men,T-Shirt,Rayon,green,2999.0,0
208,Male,M,Medium,coral,Festival,Women,Lehenga,Rayon,black,699.0,0
208,Male,M,Medium,coral,Festival,Women,Dress,Linen,olive,499.0,0
208,Male,M,Medium,coral,Festival,Newborn,Set,Georgette,pink,4999.0,0
208,Male,M,Medium,coral,Festival,Newborn,Set,Rayon,burgundy,999.0,1
208,Male,M,Medium,coral,Festival,Kids,Frock,Linen,peach,699.0,0
208,Male,M,Medium,coral,Festival,Newborn,Onesie,Cotton,yellow,2999.0,0
208,Male,M,Medium,coral,Festival,Men,Kurta,Cotton,green,499.0,1
208,Male,M,Medium,coral,Festival,Women,Dress,Cotton,black,1999.0,0
209,Female,Free Size,Medium,cream,Daily,Women,Lehenga,Wool,white,999.0,0
209,Female,Free Size,Medium,cream,Daily,Newborn,Onesie,Silk,blue,299.0,0
209,Female,Free Size,Medium,cream,Daily,Kids,Ethnic,Silk,coral,4999.0,0
209,Female,Free Size,Medium,cream,Daily,Newborn,Romper,Linen,coral,2999.0,0
209,Female,Free Size,Medium,cream,Daily,Women,Dress,Cotton,black,1999.0,1
209,Female,Free Size,Medium,cream,Daily,Women,Dress,Silk,black,1299.0,1
209,Female,Free Size,Medium,cream,Daily,Men,Blazer,Rayon,red,1299.0,1
209,Female,Free Size,Medium,cream,Daily,Newborn,Onesie,Denim,cream,499.0,1
209,Female,Free Size,Medium,cream,Daily,Newborn,Romper,Linen,peach,4999.0,0
209,Female,Free Size,Medium,cream,Daily,Women,Top,Rayon,magenta,699.0,0
209,Female,Free Size,Medium,cream,Daily,Men,T-Shirt,Linen,red,499.0,0
209,Female,Free Size,Medium,cream,Daily,Women,Dress,Rayon,mustard,999.0,1
209,Female,Free Size,Medium,cream,Daily,Women,Kurti,Cotton,cream,999.0,1
209,Female,Free Size,Medium,cream,Daily,Women,Top,Georgette,peach,999.0,0
209,Female,Free Size,Medium,cream,Daily,Women,Salwar,Denim,magenta,4999.0,0
209,Female,Free Size,Medium,cream,Daily,Men,T-Shirt,Rayon,coral,999.0,1
209,Female,Free Size,Medium,cream,Daily,Newborn,Onesie,Denim,royal blue,699.0,0
209,Female,Free Size,Medium,cream,Daily,Men,Blazer,Georgette,burgundy,1299.0,0
209,Female,Free Size,Medium,cream,Daily,Men,Shirt,Wool,peach,1999.0,0
209,Female,Free Size,Medium,cream,Daily,Kids,Frock,Silk,cream,1999.0,1
209,Female,Free Size,Medium,cream,Daily,Newborn,Romper,Rayon,gold,699.0,0
209,Female,Free Size,Medium,cream,Daily,Newborn,Onesie,Denim,coral,699.0,0
209,Female,Free Size,Medium,cream,Daily,Newborn,Romper,Denim,navy,1299.0,0
209,Female,Free Size,Medium,cream,Daily,Men,Kurta,Silk,navy,299.0,0
209,Female,Free Size,Medium,cream,Daily,Women,Kurti,Denim,mustard,4999.0,1
210,Female,XS,Medium,red,Office,Men,Blazer,Linen,teal,1299.0,1
210,Female,XS,Medium,red,Office,Women,Dress,Linen,olive,499.0,1
210,Female,XS,Medium,red,Office,Men,Blazer,Georgette,burgundy,1299.0,0
210,Female,XS,Medium,red,Office,Women,Lehenga,Rayon,black,699.0,1
210,Female,XS,Medium,red,Office,Men,Shirt,Rayon,gold,999.0,0
210,Female,XS,Medium,red,Office,Women,Dress,Rayon,mustard,999.0,0
210,Female,XS,Medium,red,Office,Men,T-Shirt,Rayon,peach,1999.0,0
210,Female,XS,Medium,red,Office,Kids,Ethnic,Wool,teal,499.0,0
210,Female,XS,Medium,red,Office,Kids,T-Shirt,Georgette,gold,4999.0,0
210,Female,XS,Medium,red,Office,Women,Salwar,Silk,red,1999.0,1
210,Female,XS,Medium,red,Office,Kids,Frock,Georgette,black,499.0,0
210,Female,XS,Medium,red,Office,Men,Shirt,Rayon,peach,1999.0,0
210,Female,XS,Medium,red,Office,Men,Trousers,Rayon,navy,1999.0,0
210,Female,XS,Medium,red,Office,Newborn,Onesie,Cotton,yellow,2999.0,0
210,Female,XS,Medium,red,Office,Kids,Shorts,Silk,gold,499.0,0
210,Female,XS,Medium,red,Office,Newborn,Romper,Linen,peach,4999.0,1
210,Female,XS,Medium,red,Office,Men,T-Shirt,Rayon,coral,999.0,0
210,Female,XS,Medium,red,Office,Kids,Ethnic,Rayon,burgundy,1999.0,1
210,Female,XS,Medium,red,Office,Kids,T-Shirt,Denim,navy,1999.0,0
210,Female,XS,Medium,red,Office,Newborn,Set,Rayon,white,2999.0,0
210,Female,XS,Medium,red,Office,Newborn,Romper,Cotton,pink,999.0,0
210,Female,XS,Medium,red,Office,Men,Shirt,Cotton,blue,299.0,0
210,Female,XS,Medium,red,Office,Women,Salwar,Cotton,coral,1999.0,1
210,Female,XS,Medium,red,Office,Newborn,Set,Georgette,pink,4999.0,0
210,Female,XS,Medium,red,Office,Newborn,Romper,Silk,lavender,1999.0,0
211,Female,M,Medium,blue,Party,Newborn,Set,Rayon,white,2999.0,0
211,Female,M,Medium,blue,Party,Newborn,Romper,Rayon,gold,699.0,0
211,Female,M,Medium,blue,Party,Women,Top,Georgette,peach,999.0,0
211,Female,M,Medium,blue,Party,Kids,Frock,Linen,peach,699.0,0
211,Female,M,Medium,blue,Party,Men,Blazer,Rayon,red,1299.0,0
211,Female,M,Medium,blue,Party,Kids,Frock,Wool,burgundy,999.0,1
211,Female,M,Medium,blue,Party,Newborn,Romper,Silk,black,499.0,0
211,Female,M,Medium,blue,Party,Women,Dress,Linen,yellow,1999.0,0
211,Female,M,Medium,blue,Party,Women,Salwar,Wool,navy,4999.0,1
211,Female,M,Medium,blue,Party,Men,T-Shirt,Rayon,coral,999.0,0
211,Female,M,Medium,blue,Party,Men,Kurta,Cotton,green,499.0,0
211,Female,M,Medium,blue,Party,Men,Shirt,Linen,green,1299.0,0
211,Female,M,Medium,blue,Party,Newborn,Onesie,Linen,burgundy,999.0,0
211,Female,M,Medium,blue,Party,Kids,Ethnic,Rayon,royal blue,4999.0,1
211,Female,M,Medium,blue,Party,Women,Dress,Silk,black,1299.0,0
211,Female,M,Medium,blue,Party,Newborn,Set,Denim,royal blue,999.0,1
211,Female,M,Medium,blue,Party,Newborn,Onesie,Cotton,yellow,2999.0,0
211,Female,M,Medium,blue,Party,Women,Lehenga,Rayon,black,699.0,1
211,Female,M,Medium,blue,Party,Women,Kurti,Rayon,red,499.0,0
211,Female,M,Medium,blue,Party,Kids,Ethnic,Georgette,black,1299.0,0
211,Female,M,Medium,blue,Party,Men,Shirt,Linen,blue,1299.0,1
211,Female,M,Medium,blue,Party,Kids,T-Shirt,Denim,burgundy,1299.0,1
211,Female,M,Medium,blue,Party,Kids,Shorts,Silk,gold,499.0,0
211,Female,M,Medium,blue,Party,Men,Trousers,Linen,magenta,699.0,0
211,Female,M,Medium,blue,Party,Women,Salwar,Rayon,gold,4999.0,0
212,Male,XL,Deep,blue,Party,Men,Trousers,Rayon,olive,499.0,1
212,Male,XL,Deep,blue,Party,Kids,Frock,Cotton,peach,1299.0,0
212,Male,XL,Deep,blue,Party,Women,Salwar,Wool,navy,4999.0,0
212,Male,XL,Deep,blue,Party,Kids,Ethnic,Rayon,royal blue,4999.0,1
212,Male,XL,Deep,blue,Party,Women,Salwar,Denim,magenta,4999.0,0
212,Male,XL,Deep,blue,Party,Kids,Ethnic,Cotton,olive,1999.0,0
212,Male,XL,Deep,blue,Party,Newborn,Onesie,Silk,blue,299.0,0
212,Male,XL,Deep,blue,Party,Kids,Frock,Wool,burgundy,999.0,0
212,Male,XL,Deep,blue,Party,Men,Shirt,Cotton,blue,299.0,1
212,Male,XL,Deep,blue,Party,Men,Blazer,Denim,pink,699.0,1
212,Male,XL,Deep,blue,Party,Women,Lehenga,Denim,pink,299.0,0
212,Male,XL,Deep,blue,Party,Newborn,Romper,Wool,coral,1999.0,0
212,Male,XL,Deep,blue,Party,Women,Dress,Rayon,mustard,999.0,0
212,Male,XL,Deep,blue,Party,Women,Kurti,Denim,white,699.0,1
212,Male,XL,Deep,blue,Party,Newborn,Onesie,Denim,cream,499.0,0
212,Male,XL,Deep,blue,Party,Women,Salwar,Rayon,gold,4999.0,0
212,Male,XL,Deep,blue,Party,Men,Kurta,Cotton,green,499.0,1
212,Male,XL,Deep,blue,Party,Kids,T-Shirt,Silk,olive,499.0,0
212,Male,XL,Deep,blue,Party,Kids,Frock,Silk,cream,1999.0,0
212,Male,XL,Deep,blue,Party,Women,Lehenga,Wool,white,999.0,1
212,Male,XL,Deep,blue,Party,Kids,T-Shirt,Rayon,olive,999.0,0
212,Male,XL,Deep,blue,Party,Men,Shirt,Wool,peach,1999.0,0
212,Male,XL,Deep,blue,Party,Newborn,Onesie,Cotton,yellow,2999.0,0
212,Male,XL,Deep,blue,Party,Kids,Shorts,Silk,gold,499.0,1
212,Male,XL,Deep,blue,Party,Women,Kurti,Denim,mustard,4999.0,0
213,Female,XXL,Deep,magenta,Wedding,Kids,T-Shirt,Silk,olive,499.0,0
213,Female,XXL,Deep,magenta,Wedding,Kids,Frock,Georgette,black,499.0,0
213,Female,XXL,Deep,magenta,Wedding,Men,Blazer,Linen,cream,299.0,0
213,Female,XXL,Deep,magenta,Wedding,Women,Top,Cotton,green,2999.0,0
213,Female,XXL,Deep,magenta,Wedding,Men,T-Shirt,Rayon,green,2999.0,0
213,Female,XXL,Deep,magenta,Wedding,Kids,Ethnic,Cotton,olive,1999.0,0
213,Female,XXL,Deep,magenta,Wedding,Women,Salwar,Silk,red,1999.0,1
213,Female,XXL,Deep,magenta,Wedding,Kids,Shorts,Georgette,cream,1999.0,0
213,Female,XXL,Deep,magenta,Wedding,Women,Salwar,Cotton,magenta,299.0,1
213,Female,XXL,Deep,magenta,Wedding,Newborn,Romper,Rayon,mustard,4999.0,0
213,Female,XXL,Deep,magenta,Wedding,Newborn,Set,Silk,gold,299.0,0
213,Female,XXL,Deep,magenta,Wedding,Newborn,Romper,Wool,burgundy,999.0,0
213,Female,XXL,Deep,magenta,Wedding,Men,Blazer,Georgette,black,2999.0,0
213,Female,XXL,Deep,magenta,Wedding,Women,Kurti,Denim,white,699.0,1
213,Female,XXL,Deep,magenta,Wedding,Women,Kurti,Silk,burgundy,4999.0,1
213,Female,XXL,Deep,magenta,Wedding,Women,Dress,Rayon,mustard,999.0,1
213,Female,XXL,Deep,magenta,Wedding,Men,Shirt,Rayon,peach,1999.0,0
213,Female,XXL,Deep,magenta,Wedding,Kids,Frock,Linen,peach,699.0,0
213,Female,XXL,Deep,magenta,Wedding,Men,Blazer,Linen,teal,1299.0,0
213,Female,XXL,Deep,magenta,Wedding,Women,Salwar,Cotton,coral,1999.0,1
213,Female,XXL,Deep,magenta,Wedding,Men,Shirt,Linen,green,1299.0,0
213,Female,XXL,Deep,magenta,Wedding,Women,Dress,Linen,yellow,1999.0,1
213,Female,XXL,Deep,magenta,Wedding,Women,Salwar,Cotton,cream,999.0,1
213,Female,XXL,Deep,magenta,Wedding,Newborn,Onesie,Denim,yellow,4999.0,0
213,Female,XXL,Deep,magenta,Wedding,Men,Trousers,Rayon,navy,1999.0,0
214,Male,M,Dark,magenta,Daily,Women,Salwar,Denim,burgundy,2999.0,0
214,Male,M,Dark,magenta,Daily,Kids,Frock,Silk,cream,1999.0,0
214,Male,M,Dark,magenta,Daily,Kids,Frock,Georgette,black,499.0,0
214,Male,M,Dark,magenta,Daily,Men,Kurta,Silk,red,4999.0,1
214,Male,M,Dark,magenta,Daily,Newborn,Onesie,Silk,blue,299.0,0
214,Male,M,Dark,magenta,Daily,Newborn,Romper,Wool,burgundy,999.0,0
214,Male,M,Dark,magenta,Daily,Men,Trousers,Rayon,navy,1999.0,1
214,Male,M,Dark,magenta,Daily,Newborn,Onesie,Denim,royal blue,699.0,0
214,Male,M,Dark,magenta,Daily,Men,Kurta,Silk,navy,299.0,0
214,Male,M,Dark,magenta,Daily,Women,Dress,Rayon,mustard,999.0,0
214,Male,M,Dark,magenta,Daily,Kids,Ethnic,Wool,teal,499.0,0
214,Male,M,Dark,magenta,Daily,Kids,T-Shirt,Silk,white,999.0,0
214,Male,M,Dark,magenta,Daily,Kids,Ethnic,Cotton,olive,1999.0,0
214,Male,M,Dark,magenta,Daily,Men,T-Shirt,Rayon,coral,999.0,1
214,Male,M,Dark,magenta,Daily,Newborn,Onesie,Cotton,yellow,2999.0,0
214,Male,M,Dark,magenta,Daily,Kids,T-Shirt,Rayon,olive,999.0,0
214,Male,M,Dark,magenta,Daily,Kids,Ethnic,Cotton,red,1999.0,1
214,Male,M,Dark,magenta,Daily,Women,Dress,Georgette,green,299.0,0
214,Male,M,Dark,magenta,Daily,Women,Salwar,Denim,magenta,4999.0,1
214,Male,M,Dark,magenta,Daily,Women,Kurti,Denim,white,699.0,1
214,Male,M,Dark,magenta,Daily,Kids,Ethnic,Silk,burgundy,999.0,0
214,Male,M,Dark,magenta,Daily,Women,Top,Silk,gold,4999.0,0
214,Male,M,Dark,magenta,Daily,Women,Top,Cotton,green,2999.0,0
214,Male,M,Dark,magenta,Daily,Men,Trousers,Denim,lavender,1299.0,1
214,Male,M,Dark,magenta,Daily,Newborn,Set,Rayon,white,2999.0,0
215,Female,Free Size,Light,teal,Casual,Newborn,Romper,Linen,peach,4999.0,0
215,Female,Free Size,Light,teal,Casual,Men,Shirt,Linen,green,1299.0,0
215,Female,Free Size,Light,teal,Casual,Men,Shirt,Rayon,peach,1999.0,1
215,Female,Free Size,Light,teal,Casual,Newborn,Set,Georgette,pink,4999.0,0
215,Female,Free Size,Light,teal,Casual,Women,Dress,Linen,olive,499.0,0
215,Female,Free Size,Light,teal,Casual,Women,Saree,Denim,peach,1999.0,1
215,Female,Free Size,Light,teal,Casual,Women,Top,Georgette,peach,999.0,1
215,Female,Free Size,Light,teal,Casual,Men,Kurta,Silk,navy,299.0,0
215,Female,Free Size,Light,teal,Casual,Kids,Frock,Cotton,lavender,499.0,0
215,Female,Free Size,Light,teal,Casual,Women,Lehenga,Wool,white,999.0,1
215,Female,Free Size,Light,teal,Casual,Kids,Frock,Rayon,lavender,499.0,0
215,Female,Free Size,Light,teal,Casual,Kids,T-Shirt,Rayon,olive,999.0,0
215,Female,Free Size,Light,teal,Casual,Women,Lehenga,Rayon,black,699.0,1
215,Female,Free Size,Light,teal,Casual,Men,Trousers,Rayon,olive,499.0,1
215,Female,Free Size,Light,teal,Casual,Kids,Ethnic,Silk,coral,4999.0,0
215,Female,Free Size,Light,teal,Casual,Men,Trousers,Rayon,navy,1999.0,1
215,Female,Free Size,Light,teal,Casual,Women,Lehenga,Denim,pink,299.0,1
215,Female,Free Size,Light,teal,Casual,Kids,Frock,Wool,burgundy,999.0,0
215,Female,Free Size,Light,teal,Casual,Men,T-Shirt,Rayon,coral,999.0,1
215,Female,Free Size,Light,teal,Casual,Newborn,Set,Georgette,teal,2999.0,0
215,Female,Free Size,Light,teal,Casual,Newborn,Set,Rayon,blue,999.0,1
215,Female,Free Size,Light,teal,Casual,Men,Shirt,Cotton,blue,299.0,0
215,Female,Free Size,Light,teal,Casual,Kids,Frock,Silk,cream,1999.0,1
215,Female,Free Size,Light,teal,Casual,Kids,T-Shirt,Denim,burgundy,1299.0,0
215,Female,Free Size,Light,teal,Casual,Kids,Shorts,Silk,gold,499.0,0
216,Female,XL,Medium,white,Party,Men,Trousers,Linen,lavender,1299.0,0
216,Female,XL,Medium,white,Party,Men,Kurta,Silk,red,4999.0,0
216,Female,XL,Medium,white,Party,Men,Blazer,Linen,teal,1299.0,1
216,Female,XL,Medium,white,Party,Newborn,Set,Wool,yellow,2999.0,0
216,Female,XL,Medium,white,Party,Kids,Shorts,Silk,gold,499.0,0
216,Female,XL,Medium,white,Party,Women,Top,Georgette,peach,999.0,1
216,Female,XL,Medium,white,Party,Men,Shirt,Linen,blue,1299.0,0
216,Female,XL,Medium,white,Party,Newborn,Onesie,Linen,pink,1299.0,0
216,Female,XL,Medium,white,Party,Newborn,Romper,Wool,coral,1999.0,1
216,Female,XL,Medium,white,Party,Newborn,Set,Rayon,burgundy,999.0,1
216,Female,XL,Medium,white,Party,Men,Shirt,Georgette,olive,499.0,0
216,Female,XL,Medium,white,Party,Women,Dress,Linen,yellow,1999.0,1
216,Female,XL,Medium,white,Party,Men,Trousers,Rayon,navy,1999.0,0
216,Female,XL,Medium,white,Party,Newborn,Romper,Wool,burgundy,299.0,0
216,Female,XL,Medium,white,Party,Kids,Shorts,Georgette,cream,1999.0,0
216,Female,XL,Medium,white,Party,Newborn,Set,Rayon,burgundy,4999.0,0
216,Female,XL,Medium,white,Party,Kids,T-Shirt,Cotton,black,499.0,0
216,Female,XL,Medium,white,Party,Kids,Ethnic,Georgette,black,1299.0,0
216,Female,XL,Medium,white,Party,Men,Blazer,Denim,pink,699.0,0
216,Female,XL,Medium,white,Party,Kids,Frock,Cotton,peach,1299.0,0
216,Female,XL,Medium,white,Party,Newborn,Set,Denim,royal blue,999.0,0
216,Female,XL,Medium,white,Party,Kids,Ethnic,Silk,coral,4999.0,1
216,Female,XL,Medium,white,Party,Women,Kurti,Denim,mustard,4999.0,1
216,Female,XL,Medium,white,Party,Kids,Frock,Rayon,lavender,499.0,0
216,Female,XL,Medium,white,Party,Newborn,Onesie,Denim,cream,499.0,0
217,Female,S,Light,olive,Festival,Newborn,Romper,Rayon,gold,699.0,0
217,Female,S,Light,olive,Festival,Men,Kurta,Silk,red,4999.0,0
217,Female,S,Light,olive,Festival,Newborn,Set,Silk,gold,299.0,0
217,Female,S,Light,olive,Festival,Kids,Shorts,Georgette,cream,1999.0,0
217,Female,S,Light,olive,Festival,Newborn,Set,Georgette,teal,699.0,0
217,Female,S,Light,olive,Festival,Newborn,Set,Georgette,pink,4999.0,0
217,Female,S,Light,olive,Festival,Newborn,Romper,Linen,coral,2999.0,0
217,Female,S,Light,olive,Festival,Women,Salwar,Denim,burgundy,2999.0,0
217,Female,S,Light,olive,Festival,Newborn,Set,Rayon,white,2999.0,0
217,Female,S,Light,olive,Festival,Newborn,Onesie,Denim,cream,499.0,1
217,Female,S,Light,olive,Festival,Women,Salwar,Rayon,gold,4999.0,1
217,Female,S,Light,olive,Festival,Newborn,Romper,Linen,peach,4999.0,0
217,Female,S,Light,olive,Festival,Kids,T-Shirt,Cotton,black,499.0,0
217,Female,S,Light,olive,Festival,Men,T-Shirt,Rayon,green,2999.0,1
217,Female,S,Light,olive,Festival,Kids,Ethnic,Rayon,burgundy,1999.0,0
217,Female,S,Light,olive,Festival,Men,Shirt,Linen,green,1299.0,0
217,Female,S,Light,olive,Festival,Newborn,Romper,Wool,coral,1999.0,0
217,Female,S,Light,olive,Festival,Kids,Ethnic,Wool,white,1299.0,1
217,Female,S,Light,olive,Festival,Men,Blazer,Linen,teal,1299.0,0
217,Female,S,Light,olive,Festival,Men,Shirt,Cotton,blue,299.0,0
217,Female,S,Light,olive,Festival,Kids,Frock,Cotton,lavender,499.0,0
217,Female,S,Light,olive,Festival,Women,Lehenga,Rayon,black,699.0,1
217,Female,S,Light,olive,Festival,Newborn,Set,Rayon,burgundy,999.0,0
217,Female,S,Light,olive,Festival,Women,Salwar,Silk,red,1999.0,1
217,Female,S,Light,olive,Festival,Men,Trousers,Rayon,navy,1999.0,0
218,Male,S,Light,blue,Casual,Women,Top,Georgette,peach,999.0,1
218,Male,S,Light,blue,Casual,Men,Shirt,Linen,blue,1299.0,1
218,Male,S,Light,blue,Casual,Newborn,Onesie,Denim,royal blue,699.0,0
218,Male,S,Light,blue,Casual,Women,Top,Rayon,teal,1999.0,0
218,Male,S,Light,blue,Casual,Men,Kurta,Cotton,green,499.0,1
218,Male,S,Light,blue,Casual,Men,T-Shirt,Rayon,green,2999.0,1
218,Male,S,Light,blue,Casual,Women,Dress,Rayon,mustard,999.0,0
218,Male,S,Light,blue,Casual,Men,Trousers,Linen,lavender,1299.0,0
218,Male,S,Light,blue,Casual,Kids,Frock,Rayon,lavender,499.0,0
218,Male,S,Light,blue,Casual,Women,Salwar,Silk,red,1999.0,0
218,Male,S,Light,blue,Casual,Kids,Shorts,Silk,gold,499.0,0
218,Male,S,Light,blue,Casual,Kids,Ethnic,Wool,teal,499.0,0
218,Male,S,Light,blue,Casual,Men,Kurta,Silk,red,4999.0,0
218,Male,S,Light,blue,Casual,Women,Dress,Linen,olive,499.0,0
218,Male,S,Light,blue,Casual,Men,T-Shirt,Rayon,coral,999.0,1
218,Male,S,Light,blue,Casual,Newborn,Romper,Rayon,mustard,4999.0,0
218,Male,S,Light,blue,Casual,Men,Blazer,Wool,white,499.0,1
218,Male,S,Light,blue,Casual,Newborn,Romper,Wool,burgundy,299.0,0
218,Male,S,Light,blue,Casual,Men,Kurta,Silk,teal,1299.0,1
218,Male,S,Light,blue,Casual,Kids,T-Shirt,Silk,white,999.0,1
218,Male,S,Light,blue,Casual,Kids,Ethnic,Rayon,burgundy,1999.0,0
218,Male,S,Light,blue,Casual,Men,Trousers,Cotton,royal blue,1999.0,1
218,Male,S,Light,blue,Casual,Kids,Frock,Georgette,black,499.0,0
218,Male,S,Light,blue,Casual,Men,Blazer,Linen,teal,999.0,0
218,Male,S,Light,blue,Casual,Newborn,Onesie,Cotton,yellow,1999.0,0
219,Female,Free Size,Fair,teal,Office,Newborn,Onesie,Cotton,yellow,2999.0,0
219,Female,Free Size,Fair,teal,Office,Kids,T-Shirt,Denim,blue,299.0,0
219,Female,Free Size,Fair,teal,Office,Newborn,Romper,Linen,coral,2999.0,0
219,Female,Free Size,Fair,teal,Office,Newborn,Onesie,Denim,yellow,4999.0,0
219,Female,Free Size,Fair,teal,Office,Newborn,Romper,Silk,lavender,1999.0,0
219,Female,Free Size,Fair,teal,Office,Men,Trousers,Silk,green,4999.0,0
219,Female,Free Size,Fair,teal,Office,Men,Shirt,Rayon,gold,999.0,0
219,Female,Free Size,Fair,teal,Office,Newborn,Set,Rayon,burgundy,999.0,0
219,Female,Free Size,Fair,teal,Office,Women,Salwar,Denim,magenta,4999.0,0
219,Female,Free Size,Fair,teal,Office,Kids,Ethnic,Rayon,burgundy,1999.0,0
219,Female,Free Size,Fair,teal,Office,Women,Dress,Silk,black,1299.0,1
219,Female,Free Size,Fair,teal,Office,Men,Blazer,Georgette,black,2999.0,0
219,Female,Free Size,Fair,teal,Office,Women,Dress,Linen,yellow,1999.0,1
219,Female,Free Size,Fair,teal,Office,Women,Saree,Cotton,cream,999.0,1
219,Female,Free Size,Fair,teal,Office,Women,Kurti,Denim,mustard,4999.0,0
219,Female,Free Size,Fair,teal,Office,Women,Kurti,Denim,white,699.0,1
219,Female,Free Size,Fair,teal,Office,Men,Shirt,Cotton,blue,299.0,0
219,Female,Free Size,Fair,teal,Office,Kids,T-Shirt,Georgette,gold,4999.0,0
219,Female,Free Size,Fair,teal,Office,Kids,Frock,Linen,peach,699.0,1
219,Female,Free Size,Fair,teal,Office,Newborn,Romper,Rayon,gold,699.0,0
219,Female,Free Size,Fair,teal,Office,Kids,Ethnic,Wool,teal,499.0,1
219,Female,Free Size,Fair,teal,Office,Women,Salwar,Wool,navy,4999.0,0
219,Female,Free Size,Fair,teal,Office,Men,Shirt,Georgette,olive,499.0,0
219,Female,Free Size,Fair,teal,Office,Women,Salwar,Denim,burgundy,2999.0,0
219,Female,Free Size,Fair,teal,Office,Men,Shirt,Wool,peach,1999.0,0
220,Male,XXL,Medium,blue,Office,Men,Shirt,Georgette,olive,499.0,1
220,Male,XXL,Medium,blue,Office,Newborn,Romper,Linen,peach,4999.0,0
220,Male,XXL,Medium,blue,Office,Newborn,Set,Georgette,teal,699.0,1
220,Male,XXL,Medium,blue,Office,Men,Blazer,Linen,teal,1299.0,1
220,Male,XXL,Medium,blue,Office,Men,Trousers,Rayon,olive,499.0,1
220,Male,XXL,Medium,blue,Office,Kids,Frock,Georgette,black,499.0,1
220,Male,XXL,Medium,blue,Office,Kids,T-Shirt,Denim,blue,299.0,1
220,Male,XXL,Medium,blue,Office,Women,Kurti,Rayon,red,499.0,0
220,Male,XXL,Medium,blue,Office,Women,Kurti,Denim,white,699.0,0
220,Male,XXL,Medium,blue,Office,Kids,T-Shirt,Denim,burgundy,1299.0,0
220,Male,XXL,Medium,blue,Office,Men,Trousers,Linen,lavender,1299.0,1
220,Male,XXL,Medium,blue,Office,Kids,T-Shirt,Georgette,gold,4999.0,0
220,Male,XXL,Medium,blue,Office,Kids,Frock,Silk,cream,1999.0,0
220,Male,XXL,Medium,blue,Office,Women,Saree,Cotton,cream,999.0,0
220,Male,XXL,Medium,blue,Office,Men,Trousers,Cotton,royal blue,1999.0,0
220,Male,XXL,Medium,blue,Office,Women,Saree,Denim,burgundy,499.0,1
220,Male,XXL,Medium,blue,Office,Kids,Frock,Cotton,peach,1299.0,0
220,Male,XXL,Medium,blue,Office,Kids,T-Shirt,Silk,olive,499.0,0
220,Male,XXL,Medium,blue,Office,Men,Shirt,Rayon,gold,999.0,0
220,Male,XXL,Medium,blue,Office,Kids,Ethnic,Cotton,olive,1999.0,0
220,Male,XXL,Medium,blue,Office,Men,Shirt,Linen,blue,1299.0,1
220,Male,XXL,Medium,blue,Office,Women,Kurti,Silk,burgundy,4999.0,0
220,Male,XXL,Medium,blue,Office,Women,Lehenga,Rayon,black,699.0,0
220,Male,XXL,Medium,blue,Office,Kids,Frock,Wool,burgundy,999.0,1
220,Male,XXL,Medium,blue,Office,Women,Lehenga,Wool,white,999.0,0
221,Female,S,Light,green,Daily,Kids,T-Shirt,Cotton,black,499.0,0
221,Female,S,Light,green,Daily,Newborn,Set,Georgette,teal,699.0,0
221,Female,S,Light,green,Daily,Newborn,Romper,Wool,burgundy,999.0,0
221,Female,S,Light,green,Daily,Kids,Shorts,Georgette,cream,1999.0,1
221,Female,S,Light,green,Daily,Women,Top,Cotton,green,2999.0,1
221,Female,S,Light,green,Daily,Women,Salwar,Cotton,magenta,299.0,0
221,Female,S,Light,green,Daily,Women,Salwar,Wool,navy,4999.0,0
221,Female,S,Light,green,Daily,Men,Blazer,Linen,teal,1299.0,0
221,Female,S,Light,green,Daily,Men,Blazer,Wool,white,499.0,0
221,Female,S,Light,green,Daily,Men,Trousers,Linen,lavender,1299.0,0
221,Female,S,Light,green,Daily,Women,Kurti,Silk,magenta,699.0,0
221,Female,S,Light,green,Daily,Men,Trousers,Linen,magenta,699.0,0
221,Female,S,Light,green,Daily,Women,Salwar,Rayon,gold,4999.0,1
221,Female,S,Light,green,Daily,Men,Blazer,Linen,teal,999.0,0
221,Female,S,Light,green,Daily,Kids,Ethnic,Rayon,burgundy,1999.0,0
221,Female,S,Light,green,Daily,Men,T-Shirt,Rayon,green,2999.0,1
221,Female,S,Light,green,Daily,Kids,T-Shirt,Rayon,olive,999.0,0
221,Female,S,Light,green,Daily,Newborn,Onesie,Cotton,yellow,1999.0,0
221,Female,S,Light,green,Daily,Men,Blazer,Rayon,red,1299.0,0
221,Female,S,Light,green,Daily,Men,Shirt,Linen,blue,1299.0,1
221,Female,S,Light,green,Daily,Women,Kurti,Denim,mustard,4999.0,0
221,Female,S,Light,green,Daily,Women,Top,Silk,gold,4999.0,1
221,Female,S,Light,green,Daily,Women,Kurti,Linen,yellow,299.0,1
221,Female,S,Light,green,Daily,Women,Dress,Silk,black,1299.0,0
221,Female,S,Light,green,Daily,Kids,Frock,Wool,burgundy,999.0,0
222,Male,XXL,Warm,cream,Festival,Women,Kurti,Silk,magenta,699.0,0
222,Male,XXL,Warm,cream,Festival,Men,Shirt,Linen,green,1299.0,0
222,Male,XXL,Warm,cream,Festival,Kids,Frock,Silk,cream,1999.0,1
222,Male,XXL,Warm,cream,Festival,Newborn,Onesie,Cotton,yellow,1999.0,0
222,Male,XXL,Warm,cream,Festival,Women,Kurti,Rayon,red,499.0,0
222,Male,XXL,Warm,cream,Festival,Newborn,Romper,Wool,coral,1999.0,0
222,Male,XXL,Warm,cream,Festival,Kids,T-Shirt,Silk,white,999.0,0
222,Male,XXL,Warm,cream,Festival,Newborn,Romper,Cotton,pink,999.0,0
222,Male,XXL,Warm,cream,Festival,Women,Salwar,Denim,magenta,4999.0,0
222,Male,XXL,Warm,cream,Festival,Newborn,Onesie,Denim,coral,699.0,1
222,Male,XXL,Warm,cream,Festival,Kids,Frock,Cotton,lavender,499.0,0
222,Male,XXL,Warm,cream,Festival,Kids,Ethnic,Rayon,burgundy,1999.0,1
222,Male,XXL,Warm,cream,Festival,Newborn,Set,Georgette,teal,699.0,0
222,Male,XXL,Warm,cream,Festival,Newborn,Set,Rayon,burgundy,999.0,1
222,Male,XXL,Warm,cream,Festival,Women,Salwar,Cotton,cream,999.0,1
222,Male,XXL,Warm,cream,Festival,Newborn,Set,Georgette,teal,2999.0,0
222,Male,XXL,Warm,cream,Festival,Newborn,Onesie,Cotton,yellow,2999.0,0
222,Male,XXL,Warm,cream,Festival,Women,Kurti,Linen,yellow,299.0,0
222,Male,XXL,Warm,cream,Festival,Men,Kurta,Silk,navy,299.0,1
222,Male,XXL,Warm,cream,Festival,Newborn,Set,Georgette,pink,4999.0,0
222,Male,XXL,Warm,cream,Festival,Newborn,Romper,Wool,burgundy,999.0,1
222,Male,XXL,Warm,cream,Festival,Newborn,Set,Rayon,blue,999.0,0
222,Male,XXL,Warm,cream,Festival,Men,Blazer,Linen,cream,299.0,1
222,Male,XXL,Warm,cream,Festival,Kids,Ethnic,Georgette,black,1299.0,0
222,Male,XXL,Warm,cream,Festival,Men,Trousers,Denim,lavender,1299.0,1
223,Female,XXL,Deep,black,Festival,Men,Kurta,Silk,navy,299.0,0
223,Female,XXL,Deep,black,Festival,Kids,T-Shirt,Denim,burgundy,1299.0,0
223,Female,XXL,Deep,black,Festival,Men,Blazer,Linen,cream,299.0,0
223,Female,XXL,Deep,black,Festival,Kids,Frock,Cotton,peach,1299.0,0
223,Female,XXL,Deep,black,Festival,Men,Kurta,Silk,red,4999.0,0
223,Female,XXL,Deep,black,Festival,Men,Blazer,Georgette,black,2999.0,1
223,Female,XXL,Deep,black,Festival,Women,Kurti,Denim,mustard,4999.0,1
223,Female,XXL,Deep,black,Festival,Women,Kurti,Silk,burgundy,4999.0,0
223,Female,XXL,Deep,black,Festival,Women,Dress,Georgette,green,299.0,0
223,Female,XXL,Deep,black,Festival,Men,Trousers,Denim,lavender,1299.0,0
223,Female,XXL,Deep,black,Festival,Newborn,Romper,Linen,peach,4999.0,0
223,Female,XXL,Deep,black,Festival,Newborn,Set,Rayon,blue,999.0,0
223,Female,XXL,Deep,black,Festival,Men,Shirt,Rayon,gold,999.0,0
223,Female,XXL,Deep,black,Festival,Men,Shirt,Cotton,blue,299.0,0
223,Female,XXL,Deep,black,Festival,Men,Kurta,Silk,teal,1299.0,0
223,Female,XXL,Deep,black,Festival,Women,Top,Rayon,magenta,699.0,1
223,Female,XXL,Deep,black,Festival,Kids,T-Shirt,Cotton,black,499.0,1
223,Female,XXL,Deep,black,Festival,Men,Blazer,Linen,teal,1299.0,1
223,Female,XXL,Deep,black,Festival,Women,Dress,Cotton,black,1999.0,0
223,Female,XXL,Deep,black,Festival,Kids,Ethnic,Rayon,royal blue,4999.0,1
223,Female,XXL,Deep,black,Festival,Newborn,Set,Rayon,burgundy,4999.0,0
223,Female,XXL,Deep,black,Festival,Women,Salwar,Rayon,gold,4999.0,1
223,Female,XXL,Deep,black,Festival,Newborn,Set,Georgette,teal,2999.0,0
223,Female,XXL,Deep,black,Festival,Women,Top,Silk,gold,4999.0,1
223,Female,XXL,Deep,black,Festival,Newborn,Romper,Denim,navy,1299.0,0
224,Female,Free Size,Deep,lavender,Wedding,Newborn,Romper,Denim,navy,1299.0,0
224,Female,Free Size,Deep,lavender,Wedding,Women,Salwar,Denim,burgundy,2999.0,0
224,Female,Free Size,Deep,lavender,Wedding,Kids,Ethnic,Silk,coral,4999.0,0
224,Female,Free Size,Deep,lavender,Wedding,Kids,Ethnic,Cotton,olive,1999.0,0
224,Female,Free Size,Deep,lavender,Wedding,Women,Saree,Denim,burgundy,499.0,1
224,Female,Free Size,Deep,lavender,Wedding,Women,Lehenga,Rayon,black,699.0,1
224,Female,Free Size,Deep,lavender,Wedding,Kids,T-Shirt,Denim,blue,299.0,0
224,Female,Free Size,Deep,lavender,Wedding,Newborn,Romper,Linen,peach,4999.0,0
224,Female,Free Size,Deep,lavender,Wedding,Newborn,Set,Silk,gold,299.0,1
224,Female,Free Size,Deep,lavender,Wedding,Women,Salwar,Cotton,cream,999.0,1
224,Female,Free Size,Deep,lavender,Wedding,Women,Salwar,Denim,magenta,4999.0,1
224,Female,Free Size,Deep,lavender,Wedding,Women,Top,Rayon,magenta,699.0,1
224,Female,Free Size,Deep,lavender,Wedding,Kids,T-Shirt,Georgette,gold,4999.0,0
224,Female,Free Size,Deep,lavender,Wedding,Men,T-Shirt,Linen,red,499.0,0
224,Female,Free Size,Deep,lavender,Wedding,Newborn,Onesie,Denim,yellow,4999.0,1
224,Female,Free Size,Deep,lavender,Wedding,Women,Kurti,Cotton,cream,999.0,0
224,Female,Free Size,Deep,lavender,Wedding,Newborn,Romper,Silk,black,499.0,0
224,Female,Free Size,Deep,lavender,Wedding,Men,Trousers,Rayon,navy,1999.0,0
224,Female,Free Size,Deep,lavender,Wedding,Men,Blazer,Georgette,burgundy,1299.0,0
224,Female,Free Size,Deep,lavender,Wedding,Women,Dress,Linen,olive,499.0,1
224,Female,Free Size,Deep,lavender,Wedding,Newborn,Set,Wool,yellow,2999.0,0
224,Female,Free Size,Deep,lavender,Wedding,Women,Kurti,Denim,white,699.0,1
224,Female,Free Size,Deep,lavender,Wedding,Kids,Frock,Georgette,black,499.0,0
224,Female,Free Size,Deep,lavender,Wedding,Men,Blazer,Denim,pink,699.0,0
224,Female,Free Size,Deep,lavender,Wedding,Kids,T-Shirt,Rayon,olive,999.0,0
225,Male,M,Warm,yellow,Party,Women,Salwar,Cotton,magenta,299.0,0
225,Male,M,Warm,yellow,Party,Kids,Ethnic,Wool,white,1299.0,0
225,Male,M,Warm,yellow,Party,Kids,Ethnic,Rayon,burgundy,1999.0,1
225,Male,M,Warm,yellow,Party,Men,Shirt,Linen,green,1299.0,1
225,Male,M,Warm,yellow,Party,Newborn,Romper,Wool,coral,1999.0,0
225,Male,M,Warm,yellow,Party,Kids,Ethnic,Wool,teal,499.0,0
225,Male,M,Warm,yellow,Party,Newborn,Romper,Silk,lavender,1999.0,0
225,Male,M,Warm,yellow,Party,Women,Salwar,Rayon,gold,4999.0,0
225,Male,M,Warm,yellow,Party,Newborn,Onesie,Silk,blue,299.0,0
225,Male,M,Warm,yellow,Party,Kids,T-Shirt,Denim,blue,299.0,0
225,Male,M,Warm,yellow,Party,Women,Dress,Rayon,mustard,999.0,1
225,Male,M,Warm,yellow,Party,Women,Kurti,Denim,white,699.0,0
225,Male,M,Warm,yellow,Party,Kids,T-Shirt,Silk,olive,499.0,1
225,Male,M,Warm,yellow,Party,Newborn,Onesie,Denim,cream,499.0,0
225,Male,M,Warm,yellow,Party,Women,Dress,Linen,yellow,1999.0,1
225,Male,M,Warm,yellow,Party,Women,Kurti,Cotton,cream,999.0,0
225,Male,M,Warm,yellow,Party,Women,Kurti,Rayon,red,499.0,1
225,Male,M,Warm,yellow,Party,Kids,T-Shirt,Rayon,olive,999.0,1
225,Male,M,Warm,yellow,Party,Men,Kurta,Silk,navy,299.0,0
225,Male,M,Warm,yellow,Party,Kids,T-Shirt,Denim,burgundy,1299.0,1
225,Male,M,Warm,yellow,Party,Women,Kurti,Silk,magenta,699.0,0
225,Male,M,Warm,yellow,Party,Men,Shirt,Cotton,blue,299.0,0
225,Male,M,Warm,yellow,Party,Women,Top,Rayon,magenta,699.0,0
225,Male,M,Warm,yellow,Party,Men,Shirt,Rayon,peach,1999.0,1
225,Male,M,Warm,yellow,Party,Women,Kurti,Linen,yellow,299.0,0
226,Female,L,Medium,magenta,Office,Women,Kurti,Silk,burgundy,4999.0,1
226,Female,L,Medium,magenta,Office,Newborn,Onesie,Silk,blue,299.0,0
226,Female,L,Medium,magenta,Office,Women,Saree,Cotton,cream,999.0,0
226,Female,L,Medium,magenta,Office,Newborn,Romper,Linen,peach,4999.0,0
226,Female,L,Medium,magenta,Office,Women,Lehenga,Denim,pink,299.0,1
226,Female,L,Medium,magenta,Office,Newborn,Romper,Denim,navy,1299.0,0
226,Female,L,Medium,magenta,Office,Newborn,Set,Silk,gold,299.0,0
226,Female,L,Medium,magenta,Office,Women,Salwar,Silk,red,1999.0,1
226,Female,L,Medium,magenta,Office,Kids,T-Shirt,Denim,navy,1999.0,0
226,Female,L,Medium,magenta,Office,Men,Shirt,Georgette,olive,499.0,1
226,Female,L,Medium,magenta,Office,Women,Top,Rayon,magenta,699.0,1
226,Female,L,Medium,magenta,Office,Newborn,Set,Georgette,pink,4999.0,0
226,Female,L,Medium,magenta,Office,Women,Salwar,Denim,burgundy,2999.0,1
226,Female,L,Medium,magenta,Office,Kids,Ethnic,Silk,burgundy,999.0,1
226,Female,L,Medium,magenta,Office,Men,Trousers,Cotton,royal blue,1999.0,0
226,Female,L,Medium,magenta,Office,Women,Salwar,Cotton,magenta,299.0,1
226,Female,L,Medium,magenta,Office,Kids,T-Shirt,Rayon,olive,999.0,0
226,Female,L,Medium,magenta,Office,Kids,T-Shirt,Denim,blue,299.0,0
226,Female,L,Medium,magenta,Office,Newborn,Romper,Linen,coral,2999.0,0
226,Female,L,Medium,magenta,Office,Men,Shirt,Cotton,blue,299.0,0
226,Female,L,Medium,magenta,Office,Kids,T-Shirt,Silk,olive,499.0,0
226,Female,L,Medium,magenta,Office,Kids,Ethnic,Rayon,burgundy,1999.0,1
226,Female,L,Medium,magenta,Office,Newborn,Set,Rayon,burgundy,999.0,0
226,Female,L,Medium,magenta,Office,Kids,Ethnic,Wool,white,1299.0,0
226,Female,L,Medium,magenta,Office,Kids,Ethnic,Georgette,black,1299.0,0
227,Female,S,Light,blue,Party,Women,Lehenga,Wool,white,999.0,1
227,Female,S,Light,blue,Party,Kids,Frock,Wool,burgundy,999.0,0
227,Female,S,Light,blue,Party,Kids,Frock,Cotton,lavender,499.0,0
227,Female,S,Light,blue,Party,Women,Salwar,Cotton,cream,999.0,1
227,Female,S,Light,blue,Party,Kids,Frock,Silk,cream,1999.0,0
227,Female,S,Light,blue,Party,Women,Dress,Cotton,black,1999.0,1
227,Female,S,Light,blue,Party,Newborn,Romper,Wool,coral,1999.0,0
227,Female,S,Light,blue,Party,Kids,T-Shirt,Georgette,gold,4999.0,0
227,Female,S,Light,blue,Party,Newborn,Set,Georgette,pink,4999.0,0
227,Female,S,Light,blue,Party,Newborn,Romper,Silk,black,499.0,0
227,Female,S,Light,blue,Party,Women,Salwar,Denim,burgundy,699.0,0
227,Female,S,Light,blue,Party,Newborn,Romper,Linen,coral,2999.0,0
227,Female,S,Light,blue,Party,Women,Kurti,Denim,white,699.0,1
227,Female,S,Light,blue,Party,Women,Dress,Linen,olive,499.0,1
227,Female,S,Light,blue,Party,Newborn,Set,Georgette,teal,2999.0,0
227,Female,S,Light,blue,Party,Women,Dress,Denim,pink,1299.0,1
227,Female,S,Light,blue,Party,Women,Kurti,Rayon,red,499.0,0
227,Female,S,Light,blue,Party,Kids,Ethnic,Wool,white,1299.0,1
227,Female,S,Light,blue,Party,Women,Lehenga,Rayon,black,699.0,1
227,Female,S,Light,blue,Party,Newborn,Set,Rayon,blue,999.0,1
227,Female,S,Light,blue,Party,Men,T-Shirt,Rayon,green,2999.0,1
227,Female,S,Light,blue,Party,Kids,Shorts,Georgette,cream,1999.0,1
227,Female,S,Light,blue,Party,Newborn,Onesie,Silk,blue,299.0,1
227,Female,S,Light,blue,Party,Women,Dress,Silk,black,1299.0,1
227,Female,S,Light,blue,Party,Kids,Ethnic,Rayon,burgundy,1999.0,0
228,Male,XXL,Warm,royal blue,Office,Men,Blazer,Georgette,black,2999.0,1
228,Male,XXL,Warm,royal blue,Office,Women,Saree,Denim,burgundy,499.0,1
228,Male,XXL,Warm,royal blue,Office,Men,Trousers,Silk,green,4999.0,1
228,Male,XXL,Warm,royal blue,Office,Men,T-Shirt,Rayon,green,2999.0,1
228,Male,XXL,Warm,royal blue,Office,Kids,Ethnic,Silk,burgundy,999.0,0
228,Male,XXL,Warm,royal blue,Office,Newborn,Set,Georgette,pink,4999.0,0
228,Male,XXL,Warm,royal blue,Office,Newborn,Romper,Wool,burgundy,999.0,1
228,Male,XXL,Warm,royal blue,Office,Kids,T-Shirt,Cotton,black,499.0,0
228,Male,XXL,Warm,royal blue,Office,Kids,Frock,Cotton,lavender,499.0,0
228,Male,XXL,Warm,royal blue,Office,Men,Trousers,Denim,lavender,1299.0,1
228,Male,XXL,Warm,royal blue,Office,Newborn,Onesie,Silk,blue,299.0,0
228,Male,XXL,Warm,royal blue,Office,Men,T-Shirt,Linen,red,499.0,1
228,Male,XXL,Warm,royal blue,Office,Newborn,Romper,Denim,navy,1299.0,0
228,Male,XXL,Warm,royal blue,Office,Newborn,Onesie,Denim,cream,499.0,0
228,Male,XXL,Warm,royal blue,Office,Women,Salwar,Cotton,cream,999.0,0
228,Male,XXL,Warm,royal blue,Office,Women,Salwar,Denim,magenta,4999.0,0
228,Male,XXL,Warm,royal blue,Office,Women,Salwar,Silk,red,1999.0,1
228,Male,XXL,Warm,royal blue,Office,Women,Dress,Silk,black,1299.0,0
228,Male,XXL,Warm,royal blue,Office,Men,Kurta,Silk,teal,1299.0,1
228,Male,XXL,Warm,royal blue,Office,Newborn,Onesie,Denim,yellow,4999.0,0
228,Male,XXL,Warm,royal blue,Office,Newborn,Set,Rayon,burgundy,4999.0,0
228,Male,XXL,Warm,royal blue,Office,Men,T-Shirt,Rayon,coral,999.0,1
228,Male,XXL,Warm,royal blue,Office,Women,Kurti,Denim,mustard,4999.0,0
228,Male,XXL,Warm,royal blue,Office,Women,Saree,Denim,peach,1999.0,0
228,Male,XXL,Warm,royal blue,Office,Kids,Ethnic,Rayon,burgundy,1999.0,1
229,Male,XXL,Dark,red,Party,Men,Kurta,Cotton,green,499.0,1
229,Male,XXL,Dark,red,Party,Newborn,Onesie,Denim,coral,699.0,1
229,Male,XXL,Dark,red,Party,Newborn,Romper,Silk,lavender,1999.0,0
229,Male,XXL,Dark,red,Party,Women,Lehenga,Denim,pink,299.0,0
229,Male,XXL,Dark,red,Party,Newborn,Romper,Rayon,gold,699.0,0
229,Male,XXL,Dark,red,Party,Men,Shirt,Cotton,blue,299.0,1
229,Male,XXL,Dark,red,Party,Women,Top,Rayon,magenta,699.0,0
229,Male,XXL,Dark,red,Party,Newborn,Romper,Rayon,mustard,4999.0,0
229,Male,XXL,Dark,red,Party,Men,Trousers,Rayon,olive,499.0,1
229,Male,XXL,Dark,red,Party,Kids,T-Shirt,Silk,olive,499.0,0
229,Male,XXL,Dark,red,Party,Kids,T-Shirt,Silk,white,999.0,0
229,Male,XXL,Dark,red,Party,Kids,Ethnic,Silk,burgundy,999.0,0
229,Male,XXL,Dark,red,Party,Newborn,Onesie,Denim,yellow,4999.0,0
229,Male,XXL,Dark,red,Party,Men,Kurta,Silk,red,4999.0,1
229,Male,XXL,Dark,red,Party,Women,Lehenga,Rayon,black,699.0,0
229,Male,XXL,Dark,red,Party,Women,Dress,Linen,olive,499.0,0
229,Male,XXL,Dark,red,Party,Newborn,Set,Rayon,burgundy,999.0,0
229,Male,XXL,Dark,red,Party,Men,Trousers,Rayon,navy,1999.0,0
229,Male,XXL,Dark,red,Party,Men,Trousers,Linen,lavender,1299.0,1
229,Male,XXL,Dark,red,Party,Kids,T-Shirt,Rayon,olive,999.0,0
229,Male,XXL,Dark,red,Party,Men,Shirt,Georgette,olive,499.0,0
229,Male,XXL,Dark,red,Party,Newborn,Set,Georgette,pink,4999.0,0
229,Male,XXL,Dark,red,Party,Kids,T-Shirt,Denim,navy,1999.0,0
229,Male,XXL,Dark,red,Party,Women,Saree,Denim,peach,1999.0,0
229,Male,XXL,Dark,red,Party,Women,Dress,Linen,yellow,1999.0,0
230,Male,Free Size,Light,gold,Festival,Kids,Ethnic,Cotton,red,1999.0,0
230,Male,Free Size,Light,gold,Festival,Men,Blazer,Wool,white,499.0,0
230,Male,Free Size,Light,gold,Festival,Kids,Ethnic,Wool,teal,499.0,0
230,Male,Free Size,Light,gold,Festival,Kids,Ethnic,Cotton,olive,1999.0,0
230,Male,Free Size,Light,gold,Festival,Women,Kurti,Denim,mustard,4999.0,0
230,Male,Free Size,Light,gold,Festival,Kids,T-Shirt,Rayon,olive,999.0,0
230,Male,Free Size,Light,gold,Festival,Kids,Ethnic,Silk,burgundy,999.0,0
230,Male,Free Size,Light,gold,Festival,Women,Salwar,Denim,magenta,4999.0,1
230,Male,Free Size,Light,gold,Festival,Men,T-Shirt,Linen,red,499.0,1
230,Male,Free Size,Light,gold,Festival,Newborn,Set,Georgette,teal,699.0,0
230,Male,Free Size,Light,gold,Festival,Women,Kurti,Rayon,red,499.0,0
230,Male,Free Size,Light,gold,Festival,Kids,Frock,Wool,burgundy,999.0,0
230,Male,Free Size,Light,gold,Festival,Newborn,Onesie,Silk,blue,299.0,0
230,Male,Free Size,Light,gold,Festival,Men,Blazer,Georgette,black,2999.0,1
230,Male,Free Size,Light,gold,Festival,Men,Trousers,Linen,magenta,699.0,1
230,Male,Free Size,Light,gold,Festival,Men,Shirt,Wool,peach,1999.0,1
230,Male,Free Size,Light,gold,Festival,Women,Salwar,Wool,navy,4999.0,0
230,Male,Free Size,Light,gold,Festival,Women,Kurti,Silk,magenta,699.0,0
230,Male,Free Size,Light,gold,Festival,Newborn,Romper,Linen,peach,4999.0,1
230,Male,Free Size,Light,gold,Festival,Men,T-Shirt,Rayon,peach,1999.0,1
230,Male,Free Size,Light,gold,Festival,Newborn,Onesie,Denim,royal blue,699.0,0
230,Male,Free Size,Light,gold,Festival,Women,Dress,Linen,yellow,1999.0,0
230,Male,Free Size,Light,gold,Festival,Newborn,Romper,Silk,lavender,1999.0,1
230,Male,Free Size,Light,gold,Festival,Women,Kurti,Silk,burgundy,4999.0,0
230,Male,Free Size,Light,gold,Festival,Women,Dress,Linen,olive,499.0,0
231,Male,Free Size,Warm,pink,Wedding,Women,Kurti,Denim,white,699.0,0
231,Male,Free Size,Warm,pink,Wedding,Newborn,Romper,Linen,peach,4999.0,0
231,Male,Free Size,Warm,pink,Wedding,Newborn,Onesie,Linen,pink,1299.0,1
231,Male,Free Size,Warm,pink,Wedding,Women,Dress,Denim,pink,1299.0,1
231,Male,Free Size,Warm,pink,Wedding,Kids,Ethnic,Rayon,royal blue,4999.0,0
231,Male,Free Size,Warm,pink,Wedding,Men,Shirt,Rayon,peach,1999.0,1
231,Male,Free Size,Warm,pink,Wedding,Newborn,Romper,Linen,coral,2999.0,0
231,Male,Free Size,Warm,pink,Wedding,Newborn,Onesie,Cotton,yellow,2999.0,0
231,Male,Free Size,Warm,pink,Wedding,Newborn,Onesie,Silk,blue,299.0,1
231,Male,Free Size,Warm,pink,Wedding,Newborn,Onesie,Denim,royal blue,699.0,0
231,Male,Free Size,Warm,pink,Wedding,Women,Salwar,Denim,burgundy,699.0,1
231,Male,Free Size,Warm,pink,Wedding,Men,Trousers,Linen,magenta,699.0,1
231,Male,Free Size,Warm,pink,Wedding,Kids,T-Shirt,Denim,blue,299.0,0
231,Male,Free Size,Warm,pink,Wedding,Women,Top,Cotton,green,2999.0,0
231,Male,Free Size,Warm,pink,Wedding,Men,Trousers,Rayon,navy,1999.0,1
231,Male,Free Size,Warm,pink,Wedding,Men,T-Shirt,Rayon,coral,999.0,1
231,Male,Free Size,Warm,pink,Wedding,Men,Shirt,Wool,peach,1999.0,0
231,Male,Free Size,Warm,pink,Wedding,Kids,T-Shirt,Denim,navy,1999.0,0
231,Male,Free Size,Warm,pink,Wedding,Kids,T-Shirt,Cotton,black,499.0,0
231,Male,Free Size,Warm,pink,Wedding,Women,Top,Rayon,magenta,699.0,0
231,Male,Free Size,Warm,pink,Wedding,Men,Trousers,Silk,green,4999.0,0
231,Male,Free Size,Warm,pink,Wedding,Kids,Shorts,Georgette,cream,1999.0,0
231,Male,Free Size,Warm,pink,Wedding,Men,Blazer,Rayon,red,1299.0,1
231,Male,Free Size,Warm,pink,Wedding,Men,Blazer,Georgette,burgundy,1299.0,1
231,Male,Free Size,Warm,pink,Wedding,Newborn,Onesie,Denim,cream,499.0,0
232,Female,M,Fair,peach,Casual,Men,Shirt,Wool,peach,1999.0,1
232,Female,M,Fair,peach,Casual,Newborn,Set,Silk,gold,299.0,0
232,Female,M,Fair,peach,Casual,Men,Trousers,Denim,lavender,1299.0,1
232,Female,M,Fair,peach,Casual,Women,Salwar,Wool,navy,4999.0,0
232,Female,M,Fair,peach,Casual,Kids,Frock,Cotton,peach,1299.0,1
232,Female,M,Fair,peach,Casual,Women,Kurti,Rayon,red,499.0,0
232,Female,M,Fair,peach,Casual,Newborn,Romper,Wool,burgundy,299.0,0
232,Female,M,Fair,peach,Casual,Newborn,Set,Rayon,white,2999.0,0
232,Female,M,Fair,peach,Casual,Newborn,Set,Georgette,teal,2999.0,0
232,Female,M,Fair,peach,Casual,Kids,Frock,Rayon,lavender,499.0,1
232,Female,M,Fair,peach,Casual,Women,Saree,Denim,peach,1999.0,1
232,Female,M,Fair,peach,Casual,Newborn,Set,Rayon,burgundy,4999.0,0
232,Female,M,Fair,peach,Casual,Newborn,Onesie,Denim,royal blue,699.0,0
232,Female,M,Fair,peach,Casual,Men,T-Shirt,Linen,red,499.0,0
232,Female,M,Fair,peach,Casual,Kids,Shorts,Silk,gold,499.0,0
232,Female,M,Fair,peach,Casual,Kids,Ethnic,Wool,teal,499.0,0
232,Female,M,Fair,peach,Casual,Men,Blazer,Georgette,black,2999.0,0
232,Female,M,Fair,peach,Casual,Men,Trousers,Rayon,olive,499.0,0
232,Female,M,Fair,peach,Casual,Women,Dress,Georgette,green,299.0,0
232,Female,M,Fair,peach,Casual,Newborn,Onesie,Denim,coral,699.0,0
232,Female,M,Fair,peach,Casual,Kids,Frock,Wool,burgundy,999.0,0
232,Female,M,Fair,peach,Casual,Women,Salwar,Denim,burgundy,699.0,0
232,Female,M,Fair,peach,Casual,Men,Blazer,Rayon,red,1299.0,0
232,Female,M,Fair,peach,Casual,Newborn,Romper,Denim,navy,1299.0,0
232,Female,M,Fair,peach,Casual,Women,Lehenga,Wool,white,999.0,1
233,Female,XL,Medium,black,Festival,Kids,Ethnic,Georgette,black,1299.0,1
233,Female,XL,Medium,black,Festival,Kids,Frock,Georgette,black,499.0,1
233,Female,XL,Medium,black,Festival,Men,Trousers,Cotton,royal blue,1999.0,0
233,Female,XL,Medium,black,Festival,Women,Salwar,Silk,red,1999.0,1
233,Female,XL,Medium,black,Festival,Kids,Ethnic,Rayon,burgundy,1999.0,1
233,Female,XL,Medium,black,Festival,Newborn,Set,Rayon,white,2999.0,0
233,Female,XL,Medium,black,Festival,Newborn,Set,Georgette,teal,2999.0,1
233,Female,XL,Medium,black,Festival,Men,Blazer,Linen,teal,999.0,1
233,Female,XL,Medium,black,Festival,Newborn,Set,Rayon,burgundy,999.0,1
233,Female,XL,Medium,black,Festival,Newborn,Romper,Silk,lavender,1999.0,0
233,Female,XL,Medium,black,Festival,Newborn,Onesie,Linen,burgundy,999.0,1
233,Female,XL,Medium,black,Festival,Kids,Ethnic,Cotton,olive,1999.0,1
233,Female,XL,Medium,black,Festival,Women,Dress,Denim,pink,1299.0,1
233,Female,XL,Medium,black,Festival,Men,Trousers,Linen,magenta,699.0,1
233,Female,XL,Medium,black,Festival,Newborn,Set,Rayon,blue,999.0,0
233,Female,XL,Medium,black,Festival,Kids,Frock,Silk,cream,1999.0,0
233,Female,XL,Medium,black,Festival,Men,Blazer,Wool,white,499.0,0
233,Female,XL,Medium,black,Festival,Newborn,Romper,Linen,coral,2999.0,1
233,Female,XL,Medium,black,Festival,Women,Salwar,Cotton,coral,1999.0,1
233,Female,XL,Medium,black,Festival,Kids,T-Shirt,Silk,white,999.0,0
233,Female,XL,Medium,black,Festival,Women,Salwar,Denim,burgundy,2999.0,1
233,Female,XL,Medium,black,Festival,Men,Trousers,Denim,lavender,1299.0,0
233,Female,XL,Medium,black,Festival,Women,Lehenga,Rayon,black,699.0,1
233,Female,XL,Medium,black,Festival,Newborn,Romper,Wool,burgundy,999.0,0
233,Female,XL,Medium,black,Festival,Men,T-Shirt,Rayon,coral,999.0,1
234,Male,M,Light,white,Party,Women,Salwar,Denim,burgundy,699.0,0
234,Male,M,Light,white,Party,Women,Saree,Cotton,cream,999.0,1
234,Male,M,Light,white,Party,Men,Trousers,Rayon,navy,1999.0,1
234,Male,M,Light,white,Party,Kids,Ethnic,Rayon,burgundy,1999.0,0
234,Male,M,Light,white,Party,Newborn,Romper,Wool,coral,1999.0,1
234,Male,M,Light,white,Party,Newborn,Romper,Silk,lavender,1999.0,1
234,Male,M,Light,white,Party,Men,Kurta,Silk,navy,299.0,1
234,Male,M,Light,white,Party,Newborn,Romper,Silk,black,499.0,0
234,Male,M,Light,white,Party,Men,T-Shirt,Rayon,coral,999.0,1
234,Male,M,Light,white,Party,Men,Blazer,Linen,cream,299.0,1
234,Male,M,Light,white,Party,Newborn,Set,Silk,gold,299.0,0
234,Male,M,Light,white,Party,Men,Shirt,Linen,green,1299.0,1
234,Male,M,Light,white,Party,Women,Kurti,Silk,magenta,699.0,0
234,Male,M,Light,white,Party,Newborn,Romper,Rayon,mustard,4999.0,0
234,Male,M,Light,white,Party,Women,Top,Georgette,peach,999.0,0
234,Male,M,Light,white,Party,Newborn,Romper,Wool,burgundy,299.0,0
234,Male,M,Light,white,Party,Newborn,Set,Denim,royal blue,999.0,1
234,Male,M,Light,white,Party,Women,Kurti,Cotton,cream,999.0,0
234,Male,M,Light,white,Party,Newborn,Romper,Linen,coral,2999.0,0
234,Male,M,Light,white,Party,Women,Saree,Denim,peach,1999.0,1
234,Male,M,Light,white,Party,Newborn,Onesie,Silk,blue,299.0,1
234,Male,M,Light,white,Party,Men,Trousers,Cotton,royal blue,1999.0,1
234,Male,M,Light,white,Party,Men,Blazer,Wool,white,499.0,1
234,Male,M,Light,white,Party,Women,Kurti,Denim,mustard,4999.0,0
234,Male,M,Light,white,Party,Men,Shirt,Rayon,peach,1999.0,1
235,Male,Free Size,Deep,olive,Wedding,Men,Trousers,Cotton,royal blue,1999.0,1
235,Male,Free Size,Deep,olive,Wedding,Kids,Ethnic,Silk,burgundy,999.0,0
235,Male,Free Size,Deep,olive,Wedding,Men,Kurta,Silk,red,4999.0,1
235,Male,Free Size,Deep,olive,Wedding,Men,Trousers,Linen,magenta,699.0,1
235,Male,Free Size,Deep,olive,Wedding,Men,T-Shirt,Rayon,green,2999.0,0
235,Male,Free Size,Deep,olive,Wedding,Men,Kurta,Cotton,green,499.0,1
235,Male,Free Size,Deep,olive,Wedding,Kids,Frock,Rayon,lavender,499.0,0
235,Male,Free Size,Deep,olive,Wedding,Kids,Frock,Cotton,lavender,499.0,0
235,Male,Free Size,Deep,olive,Wedding,Kids,Frock,Linen,peach,699.0,1
235,Male,Free Size,Deep,olive,Wedding,Women,Kurti,Denim,white,699.0,0
235,Male,Free Size,Deep,olive,Wedding,Women,Top,Cotton,green,2999.0,0
235,Male,Free Size,Deep,olive,Wedding,Newborn,Romper,Linen,coral,2999.0,0
235,Male,Free Size,Deep,olive,Wedding,Kids,T-Shirt,Silk,white,999.0,0
235,Male,Free Size,Deep,olive,Wedding,Women,Saree,Denim,peach,1999.0,1
235,Male,Free Size,Deep,olive,Wedding,Kids,Shorts,Silk,gold,499.0,1
235,Male,Free Size,Deep,olive,Wedding,Women,Salwar,Denim,magenta,4999.0,0
235,Male,Free Size,Deep,olive,Wedding,Women,Salwar,Rayon,gold,4999.0,0
235,Male,Free Size,Deep,olive,Wedding,Men,T-Shirt,Rayon,coral,999.0,0
235,Male,Free Size,Deep,olive,Wedding,Newborn,Set,Georgette,teal,699.0,0
235,Male,Free Size,Deep,olive,Wedding,Men,Blazer,Linen,teal,999.0,1
235,Male,Free Size,Deep,olive,Wedding,Women,Dress,Linen,olive,499.0,1
235,Male,Free Size,Deep,olive,Wedding,Newborn,Romper,Rayon,mustard,4999.0,0
235,Male,Free Size,Deep,olive,Wedding,Women,Top,Rayon,teal,1999.0,0
235,Male,Free Size,Deep,olive,Wedding,Newborn,Set,Rayon,white,2999.0,0
235,Male,Free Size,Deep,olive,Wedding,Men,Blazer,Linen,teal,1299.0,1
236,Male,XS,Medium,mustard,Daily,Kids,Ethnic,Silk,burgundy,999.0,0
236,Male,XS,Medium,mustard,Daily,Kids,Shorts,Silk,gold,499.0,0
236,Male,XS,Medium,mustard,Daily,Newborn,Romper,Denim,navy,1299.0,0
236,Male,XS,Medium,mustard,Daily,Newborn,Romper,Wool,coral,1999.0,0
236,Male,XS,Medium,mustard,Daily,Newborn,Set,Rayon,burgundy,999.0,1
236,Male,XS,Medium,mustard,Daily,Men,Shirt,Cotton,blue,299.0,0
236,Male,XS,Medium,mustard,Daily,Women,Top,Rayon,magenta,699.0,0
236,Male,XS,Medium,mustard,Daily,Women,Salwar,Denim,burgundy,699.0,1
236,Male,XS,Medium,mustard,Daily,Women,Kurti,Cotton,cream,999.0,0
236,Male,XS,Medium,mustard,Daily,Men,Blazer,Georgette,black,2999.0,0
236,Male,XS,Medium,mustard,Daily,Newborn,Romper,Cotton,pink,999.0,0
236,Male,XS,Medium,mustard,Daily,Men,Kurta,Silk,teal,1299.0,1
236,Male,XS,Medium,mustard,Daily,Women,Dress,Silk,black,1299.0,0
236,Male,XS,Medium,mustard,Daily,Newborn,Onesie,Linen,pink,1299.0,0
236,Male,XS,Medium,mustard,Daily,Newborn,Romper,Silk,lavender,1999.0,0
236,Male,XS,Medium,mustard,Daily,Men,Shirt,Rayon,gold,999.0,1
236,Male,XS,Medium,mustard,Daily,Newborn,Romper,Linen,peach,4999.0,0
236,Male,XS,Medium,mustard,Daily,Men,Shirt,Linen,green,1299.0,0
236,Male,XS,Medium,mustard,Daily,Women,Kurti,Denim,mustard,4999.0,1
236,Male,XS,Medium,mustard,Daily,Kids,Ethnic,Rayon,royal blue,4999.0,0
236,Male,XS,Medium,mustard,Daily,Newborn,Romper,Rayon,mustard,4999.0,0
236,Male,XS,Medium,mustard,Daily,Newborn,Romper,Wool,burgundy,999.0,1
236,Male,XS,Medium,mustard,Daily,Men,Shirt,Rayon,peach,1999.0,1
236,Male,XS,Medium,mustard,Daily,Women,Top,Cotton,green,2999.0,0
236,Male,XS,Medium,mustard,Daily,Newborn,Set,Rayon,white,2999.0,0
237,Male,Free Size,Deep,mustard,Festival,Men,Shirt,Rayon,gold,999.0,1
237,Male,Free Size,Deep,mustard,Festival,Kids,T-Shirt,Denim,burgundy,1299.0,0
237,Male,Free Size,Deep,mustard,Festival,Kids,Ethnic,Cotton,olive,1999.0,1
237,Male,Free Size,Deep,mustard,Festival,Men,T-Shirt,Rayon,coral,999.0,0
237,Male,Free Size,Deep,mustard,Festival,Kids,Frock,Cotton,lavender,499.0,0
237,Male,Free Size,Deep,mustard,Festival,Kids,Ethnic,Silk,coral,4999.0,0
237,Male,Free Size,Deep,mustard,Festival,Newborn,Set,Georgette,teal,699.0,0
237,Male,Free Size,Deep,mustard,Festival,Men,Trousers,Linen,lavender,1299.0,1
237,Male,Free Size,Deep,mustard,Festival,Kids,T-Shirt,Georgette,gold,4999.0,0
237,Male,Free Size,Deep,mustard,Festival,Women,Top,Rayon,magenta,699.0,0
237,Male,Free Size,Deep,mustard,Festival,Women,Kurti,Cotton,cream,999.0,0
237,Male,Free Size,Deep,mustard,Festival,Men,Trousers,Silk,green,4999.0,0
237,Male,Free Size,Deep,mustard,Festival,Newborn,Set,Georgette,pink,4999.0,0
237,Male,Free Size,Deep,mustard,Festival,Kids,Frock,Rayon,lavender,499.0,1
237,Male,Free Size,Deep,mustard,Festival,Women,Salwar,Rayon,gold,4999.0,0
237,Male,Free Size,Deep,mustard,Festival,Women,Dress,Georgette,green,299.0,0
237,Male,Free Size,Deep,mustard,Festival,Newborn,Romper,Wool,burgundy,299.0,0
237,Male,Free Size,Deep,mustard,Festival,Women,Kurti,Denim,mustard,4999.0,1
237,Male,Free Size,Deep,mustard,Festival,Newborn,Set,Silk,gold,299.0,0
237,Male,Free Size,Deep,mustard,Festival,Women,Dress,Denim,pink,1299.0,0
237,Male,Free Size,Deep,mustard,Festival,Newborn,Set,Rayon,white,2999.0,1
237,Male,Free Size,Deep,mustard,Festival,Newborn,Onesie,Linen,burgundy,999.0,0
237,Male,Free Size,Deep,mustard,Festival,Women,Salwar,Denim,burgundy,2999.0,0
237,Male,Free Size,Deep,mustard,Festival,Women,Dress,Linen,yellow,1999.0,1
237,Male,Free Size,Deep,mustard,Festival,Women,Kurti,Silk,burgundy,4999.0,0
238,Male,XS,Fair,gold,Wedding,Men,Shirt,Rayon,peach,1999.0,1
238,Male,XS,Fair,gold,Wedding,Kids,Ethnic,Wool,teal,499.0,0
238,Male,XS,Fair,gold,Wedding,Men,Shirt,Georgette,olive,499.0,1
238,Male,XS,Fair,gold,Wedding,Men,Trousers,Linen,lavender,1299.0,1
238,Male,XS,Fair,gold,Wedding,Men,Trousers,Cotton,royal blue,1999.0,1
238,Male,XS,Fair,gold,Wedding,Women,Salwar,Cotton,magenta,299.0,0
238,Male,XS,Fair,gold,Wedding,Kids,T-Shirt,Silk,white,999.0,0
238,Male,XS,Fair,gold,Wedding,Kids,Frock,Georgette,black,499.0,0
238,Male,XS,Fair,gold,Wedding,Women,Top,Silk,gold,4999.0,0
238,Male,XS,Fair,gold,Wedding,Women,Dress,Linen,yellow,1999.0,0
238,Male,XS,Fair,gold,Wedding,Women,Dress,Denim,pink,1299.0,1
238,Male,XS,Fair,gold,Wedding,Newborn,Onesie,Denim,cream,499.0,0
238,Male,XS,Fair,gold,Wedding,Women,Salwar,Cotton,cream,999.0,1
238,Male,XS,Fair,gold,Wedding,Men,Kurta,Silk,navy,299.0,1
238,Male,XS,Fair,gold,Wedding,Women,Salwar,Cotton,coral,1999.0,0
238,Male,XS,Fair,gold,Wedding,Men,T-Shirt,Rayon,coral,999.0,0
238,Male,XS,Fair,gold,Wedding,Women,Saree,Cotton,cream,999.0,1
238,Male,XS,Fair,gold,Wedding,Newborn,Onesie,Cotton,yellow,2999.0,0
238,Male,XS,Fair,gold,Wedding,Kids,Frock,Linen,peach,699.0,1
238,Male,XS,Fair,gold,Wedding,Men,T-Shirt,Rayon,green,2999.0,1
238,Male,XS,Fair,gold,Wedding,Kids,Frock,Cotton,peach,1299.0,0
238,Male,XS,Fair,gold,Wedding,Men,T-Shirt,Rayon,peach,1999.0,1
238,Male,XS,Fair,gold,Wedding,Women,Kurti,Denim,mustard,4999.0,0
238,Male,XS,Fair,gold,Wedding,Kids,Ethnic,Rayon,burgundy,1999.0,0
238,Male,XS,Fair,gold,Wedding,Men,Blazer,Rayon,red,1299.0,1
239,Male,XL,Deep,teal,Festival,Men,Shirt,Georgette,olive,499.0,1
239,Male,XL,Deep,teal,Festival,Newborn,Romper,Wool,burgundy,999.0,0
239,Male,XL,Deep,teal,Festival,Women,Kurti,Denim,mustard,4999.0,0
239,Male,XL,Deep,teal,Festival,Newborn,Set,Rayon,white,2999.0,1
239,Male,XL,Deep,teal,Festival,Kids,Shorts,Silk,gold,499.0,0
239,Male,XL,Deep,teal,Festival,Women,Salwar,Cotton,magenta,299.0,1
239,Male,XL,Deep,teal,Festival,Newborn,Set,Silk,gold,299.0,0
239,Male,XL,Deep,teal,Festival,Women,Kurti,Silk,burgundy,4999.0,0
239,Male,XL,Deep,teal,Festival,Kids,Frock,Cotton,lavender,499.0,0
239,Male,XL,Deep,teal,Festival,Women,Salwar,Cotton,cream,999.0,0
239,Male,XL,Deep,teal,Festival,Newborn,Set,Rayon,burgundy,999.0,0
239,Male,XL,Deep,teal,Festival,Men,Kurta,Cotton,green,499.0,1
239,Male,XL,Deep,teal,Festival,Kids,Ethnic,Wool,white,1299.0,1
239,Male,XL,Deep,teal,Festival,Men,Blazer,Rayon,red,1299.0,1
239,Male,XL,Deep,teal,Festival,Newborn,Onesie,Cotton,yellow,1999.0,1
239,Male,XL,Deep,teal,Festival,Newborn,Romper,Denim,navy,1299.0,0
239,Male,XL,Deep,teal,Festival,Newborn,Set,Georgette,teal,2999.0,1
239,Male,XL,Deep,teal,Festival,Women,Lehenga,Wool,white,999.0,1
239,Male,XL,Deep,teal,Festival,Newborn,Onesie,Denim,coral,699.0,0
239,Male,XL,Deep,teal,Festival,Kids,Shorts,Georgette,cream,1999.0,0
239,Male,XL,Deep,teal,Festival,Kids,T-Shirt,Cotton,black,499.0,0
239,Male,XL,Deep,teal,Festival,Women,Kurti,Silk,magenta,699.0,1
239,Male,XL,Deep,teal,Festival,Newborn,Romper,Linen,peach,4999.0,0
239,Male,XL,Deep,teal,Festival,Kids,Frock,Rayon,lavender,499.0,0
239,Male,XL,Deep,teal,Festival,Women,Salwar,Rayon,gold,4999.0,0
240,Male,Free Size,Medium,black,Party,Kids,T-Shirt,Silk,white,999.0,0
240,Male,Free Size,Medium,black,Party,Women,Dress,Rayon,mustard,999.0,0
240,Male,Free Size,Medium,black,Party,Men,Kurta,Silk,teal,1299.0,1
240,Male,Free Size,Medium,black,Party,Women,Dress,Linen,yellow,1999.0,0
240,Male,Free Size,Medium,black,Party,Newborn,Set,Georgette,teal,2999.0,0
240,Male,Free Size,Medium,black,Party,Men,Trousers,Silk,green,4999.0,0
240,Male,Free Size,Medium,black,Party,Men,Blazer,Georgette,black,2999.0,1
240,Male,Free Size,Medium,black,Party,Newborn,Romper,Cotton,pink,999.0,0
240,Male,Free Size,Medium,black,Party,Newborn,Romper,Denim,navy,1299.0,0
240,Male,Free Size,Medium,black,Party,Newborn,Onesie,Denim,cream,499.0,0
240,Male,Free Size,Medium,black,Party,Men,Trousers,Cotton,royal blue,1999.0,1
240,Male,Free Size,Medium,black,Party,Women,Dress,Linen,olive,499.0,1
240,Male,Free Size,Medium,black,Party,Newborn,Set,Georgette,pink,4999.0,0
240,Male,Free Size,Medium,black,Party,Newborn,Onesie,Denim,coral,699.0,0
240,Male,Free Size,Medium,black,Party,Men,T-Shirt,Rayon,peach,1999.0,1
240,Male,Free Size,Medium,black,Party,Men,Trousers,Linen,lavender,1299.0,1
240,Male,Free Size,Medium,black,Party,Newborn,Onesie,Linen,burgundy,999.0,0
240,Male,Free Size,Medium,black,Party,Men,Blazer,Linen,teal,999.0,1
240,Male,Free Size,Medium,black,Party,Newborn,Onesie,Linen,pink,1299.0,0
240,Male,Free Size,Medium,black,Party,Men,Shirt,Linen,green,1299.0,0
240,Male,Free Size,Medium,black,Party,Men,Blazer,Georgette,burgundy,1299.0,1
240,Male,Free Size,Medium,black,Party,Men,Kurta,Silk,navy,299.0,1
240,Male,Free Size,Medium,black,Party,Men,Shirt,Wool,peach,1999.0,1
240,Male,Free Size,Medium,black,Party,Newborn,Set,Rayon,burgundy,999.0,0
240,Male,Free Size,Medium,black,Party,Women,Dress,Silk,black,1299.0,1
241,Male,XS,Light,peach,Daily,Kids,Ethnic,Wool,white,1299.0,1
241,Male,XS,Light,peach,Daily,Kids,T-Shirt,Denim,blue,299.0,1
241,Male,XS,Light,peach,Daily,Kids,Ethnic,Cotton,red,1999.0,0
241,Male,XS,Light,peach,Daily,Newborn,Romper,Wool,coral,1999.0,0
241,Male,XS,Light,peach,Daily,Newborn,Romper,Denim,navy,1299.0,0
241,Male,XS,Light,peach,Daily,Newborn,Romper,Wool,burgundy,299.0,0
241,Male,XS,Light,peach,Daily,Women,Salwar,Denim,magenta,4999.0,1
241,Male,XS,Light,peach,Daily,Kids,Frock,Cotton,lavender,499.0,0
241,Male,XS,Light,peach,Daily,Newborn,Onesie,Linen,pink,1299.0,1
241,Male,XS,Light,peach,Daily,Newborn,Romper,Cotton,pink,999.0,1
241,Male,XS,Light,peach,Daily,Kids,T-Shirt,Rayon,olive,999.0,0
241,Male,XS,Light,peach,Daily,Kids,Ethnic,Georgette,black,1299.0,0
241,Male,XS,Light,peach,Daily,Men,T-Shirt,Rayon,peach,1999.0,1
241,Male,XS,Light,peach,Daily,Men,Blazer,Denim,pink,699.0,1
241,Male,XS,Light,peach,Daily,Newborn,Romper,Wool,burgundy,999.0,0
241,Male,XS,Light,peach,Daily,Women,Kurti,Silk,magenta,699.0,0
241,Male,XS,Light,peach,Daily,Kids,Frock,Silk,cream,1999.0,1
241,Male,XS,Light,peach,Daily,Women,Kurti,Rayon,red,499.0,1
241,Male,XS,Light,peach,Daily,Men,T-Shirt,Rayon,green,2999.0,1
241,Male,XS,Light,peach,Daily,Women,Salwar,Cotton,magenta,299.0,0
241,Male,XS,Light,peach,Daily,Kids,T-Shirt,Silk,olive,499.0,0
241,Male,XS,Light,peach,Daily,Women,Dress,Rayon,mustard,999.0,0
241,Male,XS,Light,peach,Daily,Newborn,Onesie,Denim,royal blue,699.0,0
241,Male,XS,Light,peach,Daily,Men,Kurta,Silk,navy,299.0,1
241,Male,XS,Light,peach,Daily,Women,Kurti,Denim,white,699.0,1
242,Female,XS,Fair,mustard,Office,Women,Lehenga,Denim,pink,299.0,1
242,Female,XS,Fair,mustard,Office,Newborn,Set,Georgette,teal,2999.0,0
242,Female,XS,Fair,mustard,Office,Kids,Shorts,Georgette,cream,1999.0,1
242,Female,XS,Fair,mustard,Office,Kids,Frock,Rayon,lavender,499.0,0
242,Female,XS,Fair,mustard,Office,Men,Kurta,Silk,red,4999.0,0
242,Female,XS,Fair,mustard,Office,Newborn,Romper,Linen,coral,2999.0,0
242,Female,XS,Fair,mustard,Office,Kids,Shorts,Silk,gold,499.0,0
242,Female,XS,Fair,mustard,Office,Women,Lehenga,Rayon,black,699.0,1
242,Female,XS,Fair,mustard,Office,Men,Kurta,Silk,teal,1299.0,0
242,Female,XS,Fair,mustard,Office,Women,Salwar,Silk,red,1999.0,1
242,Female,XS,Fair,mustard,Office,Newborn,Onesie,Silk,blue,299.0,0
242,Female,XS,Fair,mustard,Office,Women,Kurti,Denim,white,699.0,1
242,Female,XS,Fair,mustard,Office,Women,Dress,Georgette,green,299.0,0
242,Female,XS,Fair,mustard,Office,Newborn,Set,Rayon,burgundy,999.0,0
242,Female,XS,Fair,mustard,Office,Women,Dress,Denim,pink,1299.0,1
242,Female,XS,Fair,mustard,Office,Kids,Frock,Linen,peach,699.0,1
242,Female,XS,Fair,mustard,Office,Men,Blazer,Linen,cream,299.0,0
242,Female,XS,Fair,mustard,Office,Newborn,Onesie,Denim,cream,499.0,1
242,Female,XS,Fair,mustard,Office,Kids,Ethnic,Wool,white,1299.0,0
242,Female,XS,Fair,mustard,Office,Men,Shirt,Wool,peach,1999.0,0
242,Female,XS,Fair,mustard,Office,Men,Trousers,Linen,lavender,1299.0,0
242,Female,XS,Fair,mustard,Office,Women,Top,Georgette,peach,999.0,1
242,Female,XS,Fair,mustard,Office,Newborn,Onesie,Linen,burgundy,999.0,0
242,Female,XS,Fair,mustard,Office,Kids,Ethnic,Wool,teal,499.0,0
242,Female,XS,Fair,mustard,Office,Men,Shirt,Cotton,blue,299.0,0
243,Male,XXL,Dark,navy,Wedding,Women,Salwar,Rayon,gold,4999.0,0
243,Male,XXL,Dark,navy,Wedding,Newborn,Onesie,Cotton,yellow,1999.0,0
243,Male,XXL,Dark,navy,Wedding,Women,Top,Georgette,peach,999.0,0
243,Male,XXL,Dark,navy,Wedding,Newborn,Romper,Rayon,mustard,4999.0,0
243,Male,XXL,Dark,navy,Wedding,Newborn,Set,Wool,yellow,2999.0,0
243,Male,XXL,Dark,navy,Wedding,Men,Blazer,Linen,teal,999.0,1
243,Male,XXL,Dark,navy,Wedding,Women,Salwar,Cotton,coral,1999.0,0
243,Male,XXL,Dark,navy,Wedding,Men,T-Shirt,Rayon,peach,1999.0,0
243,Male,XXL,Dark,navy,Wedding,Kids,Shorts,Georgette,cream,1999.0,0
243,Male,XXL,Dark,navy,Wedding,Men,T-Shirt,Rayon,green,2999.0,0
243,Male,XXL,Dark,navy,Wedding,Men,Shirt,Rayon,peach,1999.0,1
243,Male,XXL,Dark,navy,Wedding,Kids,Frock,Rayon,lavender,499.0,0
243,Male,XXL,Dark,navy,Wedding,Newborn,Onesie,Linen,burgundy,999.0,0
243,Male,XXL,Dark,navy,Wedding,Newborn,Romper,Silk,black,499.0,0
243,Male,XXL,Dark,navy,Wedding,Women,Salwar,Denim,magenta,4999.0,0
243,Male,XXL,Dark,navy,Wedding,Newborn,Onesie,Denim,yellow,4999.0,0
243,Male,XXL,Dark,navy,Wedding,Women,Kurti,Linen,yellow,299.0,0
243,Male,XXL,Dark,navy,Wedding,Women,Lehenga,Denim,pink,299.0,0
243,Male,XXL,Dark,navy,Wedding,Newborn,Romper,Wool,burgundy,999.0,0
243,Male,XXL,Dark,navy,Wedding,Women,Saree,Denim,burgundy,499.0,0
243,Male,XXL,Dark,navy,Wedding,Kids,Frock,Cotton,peach,1299.0,0
243,Male,XXL,Dark,navy,Wedding,Newborn,Onesie,Silk,blue,299.0,0
243,Male,XXL,Dark,navy,Wedding,Men,Kurta,Cotton,green,499.0,1
243,Male,XXL,Dark,navy,Wedding,Men,Blazer,Denim,pink,699.0,1
243,Male,XXL,Dark,navy,Wedding,Kids,T-Shirt,Denim,blue,299.0,0
244,Male,M,Warm,white,Office,Men,T-Shirt,Rayon,peach,1999.0,0
244,Male,M,Warm,white,Office,Newborn,Onesie,Cotton,yellow,1999.0,0
244,Male,M,Warm,white,Office,Newborn,Onesie,Denim,royal blue,699.0,0
244,Male,M,Warm,white,Office,Newborn,Set,Wool,yellow,2999.0,0
244,Male,M,Warm,white,Office,Kids,T-Shirt,Georgette,gold,4999.0,0
244,Male,M,Warm,white,Office,Women,Salwar,Cotton,magenta,299.0,0
244,Male,M,Warm,white,Office,Women,Kurti,Denim,white,699.0,1
244,Male,M,Warm,white,Office,Men,Blazer,Wool,white,499.0,1
244,Male,M,Warm,white,Office,Women,Kurti,Cotton,cream,999.0,0
244,Male,M,Warm,white,Office,Newborn,Set,Denim,royal blue,999.0,0
244,Male,M,Warm,white,Office,Newborn,Romper,Cotton,pink,999.0,0
244,Male,M,Warm,white,Office,Kids,Frock,Cotton,lavender,499.0,0
244,Male,M,Warm,white,Office,Women,Salwar,Cotton,cream,999.0,0
244,Male,M,Warm,white,Office,Men,Shirt,Rayon,gold,999.0,1
244,Male,M,Warm,white,Office,Newborn,Set,Georgette,teal,2999.0,0
244,Male,M,Warm,white,Office,Men,T-Shirt,Rayon,green,2999.0,0
244,Male,M,Warm,white,Office,Kids,Frock,Georgette,black,499.0,0
244,Male,M,Warm,white,Office,Kids,Ethnic,Cotton,olive,1999.0,0
244,Male,M,Warm,white,Office,Newborn,Onesie,Linen,pink,1299.0,0
244,Male,M,Warm,white,Office,Kids,Shorts,Georgette,cream,1999.0,0
244,Male,M,Warm,white,Office,Kids,Frock,Wool,burgundy,999.0,1
244,Male,M,Warm,white,Office,Women,Kurti,Linen,yellow,299.0,0
244,Male,M,Warm,white,Office,Newborn,Set,Silk,gold,299.0,1
244,Male,M,Warm,white,Office,Kids,T-Shirt,Rayon,olive,999.0,0
244,Male,M,Warm,white,Office,Women,Salwar,Cotton,coral,1999.0,1
245,Female,S,Dark,peach,Wedding,Kids,Frock,Silk,cream,1999.0,0
245,Female,S,Dark,peach,Wedding,Newborn,Romper,Rayon,gold,699.0,0
245,Female,S,Dark,peach,Wedding,Women,Salwar,Denim,magenta,4999.0,1
245,Female,S,Dark,peach,Wedding,Newborn,Romper,Silk,lavender,1999.0,0
245,Female,S,Dark,peach,Wedding,Kids,Ethnic,Rayon,royal blue,4999.0,1
245,Female,S,Dark,peach,Wedding,Men,Blazer,Georgette,burgundy,1299.0,0
245,Female,S,Dark,peach,Wedding,Men,Blazer,Georgette,black,2999.0,0
245,Female,S,Dark,peach,Wedding,Newborn,Set,Rayon,burgundy,4999.0,0
245,Female,S,Dark,peach,Wedding,Kids,T-Shirt,Cotton,black,499.0,0
245,Female,S,Dark,peach,Wedding,Men,T-Shirt,Rayon,green,2999.0,0
245,Female,S,Dark,peach,Wedding,Women,Kurti,Denim,white,699.0,1
245,Female,S,Dark,peach,Wedding,Newborn,Set,Silk,gold,299.0,0
245,Female,S,Dark,peach,Wedding,Newborn,Romper,Denim,navy,1299.0,0
245,Female,S,Dark,peach,Wedding,Women,Salwar,Silk,red,1999.0,1
245,Female,S,Dark,peach,Wedding,Men,Trousers,Denim,lavender,1299.0,0
245,Female,S,Dark,peach,Wedding,Men,Blazer,Linen,teal,1299.0,0
245,Female,S,Dark,peach,Wedding,Men,Kurta,Silk,teal,1299.0,0
245,Female,S,Dark,peach,Wedding,Women,Dress,Denim,pink,1299.0,0
245,Female,S,Dark,peach,Wedding,Kids,Frock,Georgette,black,499.0,0
245,Female,S,Dark,peach,Wedding,Women,Salwar,Cotton,magenta,299.0,1
245,Female,S,Dark,peach,Wedding,Men,Shirt,Georgette,olive,499.0,0
245,Female,S,Dark,peach,Wedding,Men,Trousers,Rayon,olive,499.0,0
245,Female,S,Dark,peach,Wedding,Women,Kurti,Linen,yellow,299.0,1
245,Female,S,Dark,peach,Wedding,Men,Shirt,Rayon,gold,999.0,0
245,Female,S,Dark,peach,Wedding,Men,Shirt,Linen,blue,1299.0,0
246,Male,XL,Medium,pink,Office,Kids,T-Shirt,Cotton,black,499.0,0
246,Male,XL,Medium,pink,Office,Men,Blazer,Rayon,red,1299.0,0
246,Male,XL,Medium,pink,Office,Newborn,Onesie,Linen,burgundy,999.0,0
246,Male,XL,Medium,pink,Office,Men,T-Shirt,Linen,red,499.0,1
246,Male,XL,Medium,pink,Office,Newborn,Onesie,Denim,royal blue,699.0,0
246,Male,XL,Medium,pink,Office,Kids,Ethnic,Georgette,black,1299.0,0
246,Male,XL,Medium,pink,Office,Women,Top,Silk,gold,4999.0,0
246,Male,XL,Medium,pink,Office,Women,Dress,Linen,olive,499.0,0
246,Male,XL,Medium,pink,Office,Women,Salwar,Cotton,coral,1999.0,0
246,Male,XL,Medium,pink,Office,Women,Salwar,Rayon,gold,4999.0,0
246,Male,XL,Medium,pink,Office,Women,Dress,Cotton,black,1999.0,0
246,Male,XL,Medium,pink,Office,Women,Dress,Georgette,green,299.0,0
246,Male,XL,Medium,pink,Office,Men,Trousers,Rayon,navy,1999.0,1
246,Male,XL,Medium,pink,Office,Men,T-Shirt,Rayon,coral,999.0,1
246,Male,XL,Medium,pink,Office,Women,Salwar,Cotton,magenta,299.0,0
246,Male,XL,Medium,pink,Office,Kids,Ethnic,Rayon,burgundy,1999.0,0
246,Male,XL,Medium,pink,Office,Newborn,Romper,Rayon,gold,699.0,0
246,Male,XL,Medium,pink,Office,Newborn,Romper,Silk,black,499.0,0
246,Male,XL,Medium,pink,Office,Kids,T-Shirt,Silk,olive,499.0,0
246,Male,XL,Medium,pink,Office,Men,Trousers,Linen,magenta,699.0,1
246,Male,XL,Medium,pink,Office,Women,Lehenga,Rayon,black,699.0,0
246,Male,XL,Medium,pink,Office,Women,Dress,Silk,black,1299.0,0
246,Male,XL,Medium,pink,Office,Kids,Ethnic,Wool,teal,499.0,1
246,Male,XL,Medium,pink,Office,Kids,T-Shirt,Rayon,olive,999.0,1
246,Male,XL,Medium,pink,Office,Men,Kurta,Silk,teal,1299.0,1
247,Male,L,Warm,cream,Daily,Men,T-Shirt,Rayon,green,2999.0,0
247,Male,L,Warm,cream,Daily,Newborn,Set,Denim,royal blue,999.0,0
247,Male,L,Warm,cream,Daily,Men,Shirt,Linen,green,1299.0,0
247,Male,L,Warm,cream,Daily,Men,T-Shirt,Rayon,peach,1999.0,1
247,Male,L,Warm,cream,Daily,Kids,T-Shirt,Silk,olive,499.0,1
247,Male,L,Warm,cream,Daily,Kids,T-Shirt,Silk,white,999.0,0
247,Male,L,Warm,cream,Daily,Women,Top,Silk,gold,4999.0,1
247,Male,L,Warm,cream,Daily,Kids,Frock,Wool,burgundy,999.0,1
247,Male,L,Warm,cream,Daily,Newborn,Romper,Rayon,gold,699.0,1
247,Male,L,Warm,cream,Daily,Newborn,Set,Georgette,teal,699.0,0
247,Male,L,Warm,cream,Daily,Women,Salwar,Denim,burgundy,699.0,1
247,Male,L,Warm,cream,Daily,Men,Shirt,Rayon,peach,1999.0,1
247,Male,L,Warm,cream,Daily,Women,Kurti,Denim,white,699.0,0
247,Male,L,Warm,cream,Daily,Men,Trousers,Silk,green,4999.0,0
247,Male,L,Warm,cream,Daily,Women,Salwar,Cotton,coral,1999.0,0
247,Male,L,Warm,cream,Daily,Men,Kurta,Silk,navy,299.0,0
247,Male,L,Warm,cream,Daily,Newborn,Set,Rayon,burgundy,999.0,0
247,Male,L,Warm,cream,Daily,Kids,Shorts,Silk,gold,499.0,0
247,Male,L,Warm,cream,Daily,Kids,Ethnic,Wool,white,1299.0,0
247,Male,L,Warm,cream,Daily,Newborn,Romper,Linen,coral,2999.0,1
247,Male,L,Warm,cream,Daily,Women,Dress,Linen,yellow,1999.0,0
247,Male,L,Warm,cream,Daily,Newborn,Romper,Wool,burgundy,299.0,0
247,Male,L,Warm,cream,Daily,Men,Trousers,Linen,magenta,699.0,1
247,Male,L,Warm,cream,Daily,Women,Lehenga,Wool,white,999.0,0
247,Male,L,Warm,cream,Daily,Kids,Frock,Cotton,lavender,499.0,0
248,Female,M,Medium,white,Party,Kids,T-Shirt,Denim,burgundy,1299.0,1
248,Female,M,Medium,white,Party,Women,Lehenga,Rayon,black,699.0,1
248,Female,M,Medium,white,Party,Newborn,Romper,Wool,coral,1999.0,0
248,Female,M,Medium,white,Party,Newborn,Set,Rayon,white,2999.0,1
248,Female,M,Medium,white,Party,Kids,T-Shirt,Cotton,black,499.0,0
248,Female,M,Medium,white,Party,Newborn,Onesie,Denim,coral,699.0,0
248,Female,M,Medium,white,Party,Men,Kurta,Cotton,green,499.0,1
248,Female,M,Medium,white,Party,Kids,Shorts,Georgette,cream,1999.0,0
248,Female,M,Medium,white,Party,Kids,T-Shirt,Denim,blue,299.0,0
248,Female,M,Medium,white,Party,Women,Top,Georgette,peach,999.0,1
248,Female,M,Medium,white,Party,Women,Kurti,Linen,yellow,299.0,1
248,Female,M,Medium,white,Party,Kids,Frock,Linen,peach,699.0,0
248,Female,M,Medium,white,Party,Kids,T-Shirt,Denim,navy,1999.0,0
248,Female,M,Medium,white,Party,Men,Shirt,Wool,peach,1999.0,0
248,Female,M,Medium,white,Party,Women,Dress,Linen,olive,499.0,1
248,Female,M,Medium,white,Party,Kids,Ethnic,Cotton,red,1999.0,1
248,Female,M,Medium,white,Party,Women,Kurti,Cotton,cream,999.0,1
248,Female,M,Medium,white,Party,Men,Trousers,Linen,magenta,699.0,0
248,Female,M,Medium,white,Party,Women,Top,Rayon,teal,1999.0,1
248,Female,M,Medium,white,Party,Men,Kurta,Silk,red,4999.0,0
248,Female,M,Medium,white,Party,Newborn,Onesie,Denim,royal blue,699.0,0
248,Female,M,Medium,white,Party,Newborn,Romper,Linen,coral,2999.0,1
248,Female,M,Medium,white,Party,Kids,Ethnic,Wool,white,1299.0,1
248,Female,M,Medium,white,Party,Newborn,Set,Rayon,burgundy,4999.0,0
248,Female,M,Medium,white,Party,Kids,T-Shirt,Georgette,gold,4999.0,0
249,Male,M,Light,red,Office,Men,Blazer,Wool,white,499.0,1
249,Male,M,Light,red,Office,Newborn,Set,Rayon,white,2999.0,0
249,Male,M,Light,red,Office,Women,Dress,Georgette,green,299.0,0
249,Male,M,Light,red,Office,Newborn,Romper,Wool,coral,1999.0,1
249,Male,M,Light,red,Office,Kids,T-Shirt,Rayon,olive,999.0,0
249,Male,M,Light,red,Office,Kids,T-Shirt,Denim,blue,299.0,0
249,Male,M,Light,red,Office,Kids,Frock,Cotton,lavender,499.0,0
249,Male,M,Light,red,Office,Kids,T-Shirt,Silk,olive,499.0,0
249,Male,M,Light,red,Office,Newborn,Set,Georgette,teal,699.0,0
249,Male,M,Light,red,Office,Women,Salwar,Denim,magenta,4999.0,0
249,Male,M,Light,red,Office,Men,Blazer,Linen,teal,999.0,1
249,Male,M,Light,red,Office,Women,Kurti,Denim,white,699.0,1
249,Male,M,Light,red,Office,Men,Kurta,Silk,navy,299.0,0
249,Male,M,Light,red,Office,Men,T-Shirt,Rayon,green,2999.0,1
249,Male,M,Light,red,Office,Women,Kurti,Denim,mustard,4999.0,0
249,Male,M,Light,red,Office,Women,Saree,Denim,burgundy,499.0,0
249,Male,M,Light,red,Office,Newborn,Onesie,Cotton,yellow,1999.0,0
249,Male,M,Light,red,Office,Newborn,Romper,Rayon,mustard,4999.0,0
249,Male,M,Light,red,Office,Newborn,Onesie,Denim,coral,699.0,1
249,Male,M,Light,red,Office,Men,Blazer,Rayon,red,1299.0,1
249,Male,M,Light,red,Office,Women,Salwar,Cotton,magenta,299.0,0
249,Male,M,Light,red,Office,Women,Kurti,Silk,burgundy,4999.0,0
249,Male,M,Light,red,Office,Kids,Ethnic,Rayon,royal blue,4999.0,0
249,Male,M,Light,red,Office,Kids,Frock,Linen,peach,699.0,1
249,Male,M,Light,red,Office,Men,Shirt,Rayon,peach,1999.0,1
250,Female,S,Fair,royal blue,Office,Kids,Frock,Silk,cream,1999.0,1
250,Female,S,Fair,royal blue,Office,Newborn,Romper,Denim,navy,1299.0,0
250,Female,S,Fair,royal blue,Office,Newborn,Set,Silk,gold,299.0,0
250,Female,S,Fair,royal blue,Office,Women,Salwar,Denim,burgundy,2999.0,0
250,Female,S,Fair,royal blue,Office,Men,Trousers,Cotton,royal blue,1999.0,1
250,Female,S,Fair,royal blue,Office,Newborn,Romper,Silk,black,499.0,0
250,Female,S,Fair,royal blue,Office,Newborn,Onesie,Cotton,yellow,1999.0,0
250,Female,S,Fair,royal blue,Office,Women,Lehenga,Rayon,black,699.0,0
250,Female,S,Fair,royal blue,Office,Women,Dress,Denim,pink,1299.0,1
250,Female,S,Fair,royal blue,Office,Men,Trousers,Rayon,navy,1999.0,0
250,Female,S,Fair,royal blue,Office,Men,Kurta,Silk,navy,299.0,0
250,Female,S,Fair,royal blue,Office,Women,Kurti,Linen,yellow,299.0,0
250,Female,S,Fair,royal blue,Office,Women,Lehenga,Denim,pink,299.0,1
250,Female,S,Fair,royal blue,Office,Women,Salwar,Cotton,coral,1999.0,0
250,Female,S,Fair,royal blue,Office,Newborn,Onesie,Denim,cream,499.0,1
250,Female,S,Fair,royal blue,Office,Women,Dress,Georgette,green,299.0,0
250,Female,S,Fair,royal blue,Office,Women,Saree,Cotton,cream,999.0,1
250,Female,S,Fair,royal blue,Office,Newborn,Set,Rayon,blue,999.0,1
250,Female,S,Fair,royal blue,Office,Newborn,Set,Denim,royal blue,999.0,1
250,Female,S,Fair,royal blue,Office,Newborn,Romper,Silk,lavender,1999.0,0
250,Female,S,Fair,royal blue,Office,Women,Kurti,Denim,white,699.0,1
250,Female,S,Fair,royal blue,Office,Newborn,Romper,Rayon,mustard,4999.0,0
250,Female,S,Fair,royal blue,Office,Men,Shirt,Cotton,blue,299.0,1
250,Female,S,Fair,royal blue,Office,Kids,Frock,Cotton,peach,1299.0,0
250,Female,S,Fair,royal blue,Office,Kids,Ethnic,Cotton,red,1999.0,0
251,Female,Free Size,Deep,green,Daily,Kids,Frock,Georgette,black,499.0,0
251,Female,Free Size,Deep,green,Daily,Newborn,Set,Rayon,burgundy,4999.0,0
251,Female,Free Size,Deep,green,Daily,Women,Dress,Denim,pink,1299.0,1
251,Female,Free Size,Deep,green,Daily,Men,Blazer,Georgette,burgundy,1299.0,0
251,Female,Free Size,Deep,green,Daily,Kids,Frock,Cotton,lavender,499.0,0
251,Female,Free Size,Deep,green,Daily,Women,Dress,Linen,olive,499.0,1
251,Female,Free Size,Deep,green,Daily,Men,Blazer,Linen,teal,999.0,0
251,Female,Free Size,Deep,green,Daily,Kids,Shorts,Georgette,cream,1999.0,0
251,Female,Free Size,Deep,green,Daily,Kids,T-Shirt,Rayon,olive,999.0,0
251,Female,Free Size,Deep,green,Daily,Newborn,Romper,Rayon,mustard,4999.0,0
251,Female,Free Size,Deep,green,Daily,Men,Trousers,Rayon,navy,1999.0,0
251,Female,Free Size,Deep,green,Daily,Newborn,Romper,Silk,black,499.0,0
251,Female,Free Size,Deep,green,Daily,Women,Kurti,Rayon,red,499.0,1
251,Female,Free Size,Deep,green,Daily,Women,Top,Rayon,magenta,699.0,1
251,Female,Free Size,Deep,green,Daily,Men,Blazer,Linen,cream,299.0,0
251,Female,Free Size,Deep,green,Daily,Kids,Ethnic,Wool,white,1299.0,1
251,Female,Free Size,Deep,green,Daily,Men,Blazer,Denim,pink,699.0,0
251,Female,Free Size,Deep,green,Daily,Men,Trousers,Silk,green,4999.0,1
251,Female,Free Size,Deep,green,Daily,Women,Top,Georgette,peach,999.0,0
251,Female,Free Size,Deep,green,Daily,Newborn,Set,Georgette,teal,699.0,1
251,Female,Free Size,Deep,green,Daily,Kids,T-Shirt,Denim,blue,299.0,0
251,Female,Free Size,Deep,green,Daily,Women,Dress,Georgette,green,299.0,1
251,Female,Free Size,Deep,green,Daily,Women,Saree,Denim,peach,1999.0,0
251,Female,Free Size,Deep,green,Daily,Women,Dress,Silk,black,1299.0,1
251,Female,Free Size,Deep,green,Daily,Men,Shirt,Cotton,blue,299.0,0
252,Female,XXL,Warm,green,Wedding,Newborn,Set,Rayon,white,2999.0,0
252,Female,XXL,Warm,green,Wedding,Men,Shirt,Rayon,gold,999.0,1
252,Female,XXL,Warm,green,Wedding,Women,Kurti,Linen,yellow,299.0,1
252,Female,XXL,Warm,green,Wedding,Men,T-Shirt,Rayon,peach,1999.0,0
252,Female,XXL,Warm,green,Wedding,Newborn,Set,Rayon,burgundy,999.0,1
252,Female,XXL,Warm,green,Wedding,Kids,T-Shirt,Rayon,olive,999.0,1
252,Female,XXL,Warm,green,Wedding,Women,Top,Rayon,magenta,699.0,1
252,Female,XXL,Warm,green,Wedding,Men,T-Shirt,Rayon,coral,999.0,1
252,Female,XXL,Warm,green,Wedding,Women,Dress,Cotton,black,1999.0,1
252,Female,XXL,Warm,green,Wedding,Newborn,Romper,Denim,navy,1299.0,0
252,Female,XXL,Warm,green,Wedding,Men,Blazer,Linen,cream,299.0,0
252,Female,XXL,Warm,green,Wedding,Men,T-Shirt,Linen,red,499.0,1
252,Female,XXL,Warm,green,Wedding,Women,Top,Cotton,green,2999.0,1
252,Female,XXL,Warm,green,Wedding,Kids,Ethnic,Silk,coral,4999.0,1
252,Female,XXL,Warm,green,Wedding,Men,Trousers,Silk,green,4999.0,0
252,Female,XXL,Warm,green,Wedding,Newborn,Onesie,Silk,blue,299.0,0
252,Female,XXL,Warm,green,Wedding,Newborn,Romper,Wool,burgundy,999.0,1
252,Female,XXL,Warm,green,Wedding,Newborn,Onesie,Denim,royal blue,699.0,0
252,Female,XXL,Warm,green,Wedding,Men,Blazer,Georgette,black,2999.0,0
252,Female,XXL,Warm,green,Wedding,Men,Kurta,Silk,teal,1299.0,0
252,Female,XXL,Warm,green,Wedding,Kids,T-Shirt,Cotton,black,499.0,0
252,Female,XXL,Warm,green,Wedding,Women,Salwar,Cotton,cream,999.0,0
252,Female,XXL,Warm,green,Wedding,Men,Shirt,Linen,blue,1299.0,0
252,Female,XXL,Warm,green,Wedding,Newborn,Onesie,Denim,yellow,4999.0,1
252,Female,XXL,Warm,green,Wedding,Women,Kurti,Rayon,red,499.0,1
253,Male,XXL,Warm,cream,Party,Newborn,Set,Silk,gold,299.0,1
253,Male,XXL,Warm,cream,Party,Women,Top,Rayon,magenta,699.0,0
253,Male,XXL,Warm,cream,Party,Newborn,Set,Rayon,burgundy,4999.0,0
253,Male,XXL,Warm,cream,Party,Men,Blazer,Linen,teal,999.0,1
253,Male,XXL,Warm,cream,Party,Kids,Frock,Silk,cream,1999.0,1
253,Male,XXL,Warm,cream,Party,Women,Kurti,Silk,burgundy,4999.0,0
253,Male,XXL,Warm,cream,Party,Women,Saree,Cotton,cream,999.0,1
253,Male,XXL,Warm,cream,Party,Kids,T-Shirt,Cotton,black,499.0,0
253,Male,XXL,Warm,cream,Party,Kids,T-Shirt,Silk,white,999.0,0
253,Male,XXL,Warm,cream,Party,Kids,Frock,Georgette,black,499.0,0
253,Male,XXL,Warm,cream,Party,Newborn,Romper,Cotton,pink,999.0,0
253,Male,XXL,Warm,cream,Party,Kids,Ethnic,Silk,coral,4999.0,0
253,Male,XXL,Warm,cream,Party,Men,Shirt,Linen,green,1299.0,0
253,Male,XXL,Warm,cream,Party,Women,Dress,Rayon,mustard,999.0,0
253,Male,XXL,Warm,cream,Party,Newborn,Set,Denim,royal blue,999.0,0
253,Male,XXL,Warm,cream,Party,Kids,Ethnic,Cotton,olive,1999.0,1
253,Male,XXL,Warm,cream,Party,Men,Kurta,Silk,navy,299.0,1
253,Male,XXL,Warm,cream,Party,Men,Shirt,Cotton,blue,299.0,0
253,Male,XXL,Warm,cream,Party,Kids,T-Shirt,Denim,navy,1999.0,0
253,Male,XXL,Warm,cream,Party,Kids,T-Shirt,Denim,blue,299.0,0
253,Male,XXL,Warm,cream,Party,Women,Lehenga,Wool,white,999.0,0
253,Male,XXL,Warm,cream,Party,Men,Trousers,Silk,green,4999.0,0
253,Male,XXL,Warm,cream,Party,Men,Trousers,Rayon,navy,1999.0,0
253,Male,XXL,Warm,cream,Party,Newborn,Onesie,Cotton,yellow,1999.0,0
253,Male,XXL,Warm,cream,Party,Men,Kurta,Silk,red,4999.0,1
254,Male,XS,Light,cream,Party,Men,Trousers,Linen,lavender,1299.0,1
254,Male,XS,Light,cream,Party,Men,Trousers,Denim,lavender,1299.0,1
254,Male,XS,Light,cream,Party,Newborn,Set,Wool,yellow,2999.0,0
254,Male,XS,Light,cream,Party,Women,Kurti,Silk,magenta,699.0,0
254,Male,XS,Light,cream,Party,Women,Saree,Denim,burgundy,499.0,0
254,Male,XS,Light,cream,Party,Women,Salwar,Cotton,magenta,299.0,1
254,Male,XS,Light,cream,Party,Men,Trousers,Rayon,navy,1999.0,1
254,Male,XS,Light,cream,Party,Kids,Ethnic,Cotton,olive,1999.0,0
254,Male,XS,Light,cream,Party,Newborn,Romper,Silk,lavender,1999.0,0
254,Male,XS,Light,cream,Party,Men,Shirt,Rayon,gold,999.0,1
254,Male,XS,Light,cream,Party,Newborn,Set,Rayon,white,2999.0,1
254,Male,XS,Light,cream,Party,Newborn,Romper,Wool,coral,1999.0,0
254,Male,XS,Light,cream,Party,Women,Kurti,Denim,mustard,4999.0,0
254,Male,XS,Light,cream,Party,Newborn,Set,Silk,gold,299.0,0
254,Male,XS,Light,cream,Party,Men,Shirt,Rayon,peach,1999.0,1
254,Male,XS,Light,cream,Party,Men,T-Shirt,Linen,red,499.0,0
254,Male,XS,Light,cream,Party,Newborn,Romper,Denim,navy,1299.0,1
254,Male,XS,Light,cream,Party,Women,Saree,Cotton,cream,999.0,1
254,Male,XS,Light,cream,Party,Men,Blazer,Linen,cream,299.0,1
254,Male,XS,Light,cream,Party,Newborn,Onesie,Denim,yellow,4999.0,0
254,Male,XS,Light,cream,Party,Kids,Ethnic,Rayon,royal blue,4999.0,0
254,Male,XS,Light,cream,Party,Newborn,Romper,Wool,burgundy,999.0,0
254,Male,XS,Light,cream,Party,Women,Kurti,Denim,white,699.0,1
254,Male,XS,Light,cream,Party,Women,Salwar,Rayon,gold,4999.0,0
254,Male,XS,Light,cream,Party,Men,Shirt,Cotton,blue,299.0,1
255,Female,XL,Warm,burgundy,Festival,Newborn,Set,Wool,yellow,2999.0,0
255,Female,XL,Warm,burgundy,Festival,Newborn,Romper,Rayon,gold,699.0,1
255,Female,XL,Warm,burgundy,Festival,Newborn,Set,Georgette,pink,4999.0,1
255,Female,XL,Warm,burgundy,Festival,Kids,Ethnic,Wool,teal,499.0,0
255,Female,XL,Warm,burgundy,Festival,Women,Salwar,Cotton,cream,999.0,1
255,Female,XL,Warm,burgundy,Festival,Kids,Ethnic,Georgette,black,1299.0,0
255,Female,XL,Warm,burgundy,Festival,Women,Saree,Denim,peach,1999.0,1
255,Female,XL,Warm,burgundy,Festival,Men,Shirt,Rayon,peach,1999.0,0
255,Female,XL,Warm,burgundy,Festival,Kids,Ethnic,Wool,white,1299.0,1
255,Female,XL,Warm,burgundy,Festival,Men,Trousers,Cotton,royal blue,1999.0,0
255,Female,XL,Warm,burgundy,Festival,Kids,T-Shirt,Denim,burgundy,1299.0,1
255,Female,XL,Warm,burgundy,Festival,Men,Shirt,Wool,peach,1999.0,0
255,Female,XL,Warm,burgundy,Festival,Women,Top,Silk,gold,4999.0,1
255,Female,XL,Warm,burgundy,Festival,Kids,T-Shirt,Silk,olive,499.0,1
255,Female,XL,Warm,burgundy,Festival,Women,Lehenga,Rayon,black,699.0,1
255,Female,XL,Warm,burgundy,Festival,Women,Kurti,Denim,mustard,4999.0,1
255,Female,XL,Warm,burgundy,Festival,Newborn,Romper,Rayon,mustard,4999.0,0
255,Female,XL,Warm,burgundy,Festival,Men,Trousers,Rayon,navy,1999.0,0
255,Female,XL,Warm,burgundy,Festival,Newborn,Set,Rayon,white,2999.0,0
255,Female,XL,Warm,burgundy,Festival,Men,T-Shirt,Rayon,peach,1999.0,0
255,Female,XL,Warm,burgundy,Festival,Men,Trousers,Silk,green,4999.0,0
255,Female,XL,Warm,burgundy,Festival,Women,Kurti,Cotton,cream,999.0,0
255,Female,XL,Warm,burgundy,Festival,Men,T-Shirt,Rayon,green,2999.0,0
255,Female,XL,Warm,burgundy,Festival,Kids,T-Shirt,Silk,white,999.0,0
255,Female,XL,Warm,burgundy,Festival,Men,Shirt,Linen,blue,1299.0,0
256,Female,XS,Deep,yellow,Party,Kids,Ethnic,Cotton,olive,1999.0,0
256,Female,XS,Deep,yellow,Party,Kids,Frock,Rayon,lavender,499.0,0
256,Female,XS,Deep,yellow,Party,Men,Shirt,Linen,blue,1299.0,0
256,Female,XS,Deep,yellow,Party,Newborn,Romper,Wool,burgundy,299.0,0
256,Female,XS,Deep,yellow,Party,Women,Kurti,Cotton,cream,999.0,0
256,Female,XS,Deep,yellow,Party,Newborn,Romper,Rayon,gold,699.0,0
256,Female,XS,Deep,yellow,Party,Newborn,Onesie,Cotton,yellow,1999.0,0
256,Female,XS,Deep,yellow,Party,Men,Shirt,Rayon,peach,1999.0,0
256,Female,XS,Deep,yellow,Party,Kids,T-Shirt,Cotton,black,499.0,0
256,Female,XS,Deep,yellow,Party,Women,Salwar,Rayon,gold,4999.0,1
256,Female,XS,Deep,yellow,Party,Women,Lehenga,Rayon,black,699.0,1
256,Female,XS,Deep,yellow,Party,Newborn,Onesie,Linen,pink,1299.0,0
256,Female,XS,Deep,yellow,Party,Kids,Ethnic,Silk,coral,4999.0,0
256,Female,XS,Deep,yellow,Party,Kids,Ethnic,Wool,white,1299.0,1
256,Female,XS,Deep,yellow,Party,Newborn,Onesie,Denim,yellow,4999.0,1
256,Female,XS,Deep,yellow,Party,Kids,T-Shirt,Denim,blue,299.0,0
256,Female,XS,Deep,yellow,Party,Newborn,Romper,Wool,burgundy,999.0,0
256,Female,XS,Deep,yellow,Party,Newborn,Set,Rayon,white,2999.0,0
256,Female,XS,Deep,yellow,Party,Women,Top,Rayon,teal,1999.0,1
256,Female,XS,Deep,yellow,Party,Kids,T-Shirt,Denim,navy,1999.0,0
256,Female,XS,Deep,yellow,Party,Women,Salwar,Cotton,coral,1999.0,0
256,Female,XS,Deep,yellow,Party,Women,Dress,Georgette,green,299.0,0
256,Female,XS,Deep,yellow,Party,Women,Top,Georgette,peach,999.0,0
256,Female,XS,Deep,yellow,Party,Women,Kurti,Silk,burgundy,4999.0,0
256,Female,XS,Deep,yellow,Party,Kids,Ethnic,Rayon,royal blue,4999.0,1
257,Female,Free Size,Fair,olive,Party,Women,Dress,Cotton,black,1999.0,0
257,Female,Free Size,Fair,olive,Party,Kids,Ethnic,Wool,teal,499.0,1
257,Female,Free Size,Fair,olive,Party,Men,Blazer,Linen,cream,299.0,1
257,Female,Free Size,Fair,olive,Party,Newborn,Romper,Silk,black,499.0,0
257,Female,Free Size,Fair,olive,Party,Kids,T-Shirt,Silk,olive,499.0,1
257,Female,Free Size,Fair,olive,Party,Kids,Frock,Rayon,lavender,499.0,0
257,Female,Free Size,Fair,olive,Party,Women,Saree,Denim,burgundy,499.0,1
257,Female,Free Size,Fair,olive,Party,Men,Trousers,Rayon,olive,499.0,1
257,Female,Free Size,Fair,olive,Party,Men,Blazer,Georgette,black,2999.0,0
257,Female,Free Size,Fair,olive,Party,Kids,Frock,Cotton,lavender,499.0,1
257,Female,Free Size,Fair,olive,Party,Newborn,Romper,Wool,burgundy,299.0,0
257,Female,Free Size,Fair,olive,Party,Men,T-Shirt,Linen,red,499.0,0
257,Female,Free Size,Fair,olive,Party,Newborn,Set,Georgette,teal,2999.0,0
257,Female,Free Size,Fair,olive,Party,Newborn,Onesie,Linen,burgundy,999.0,0
257,Female,Free Size,Fair,olive,Party,Kids,T-Shirt,Rayon,olive,999.0,1
257,Female,Free Size,Fair,olive,Party,Kids,Ethnic,Cotton,olive,1999.0,1
257,Female,Free Size,Fair,olive,Party,Women,Dress,Linen,yellow,1999.0,1
257,Female,Free Size,Fair,olive,Party,Men,Shirt,Wool,peach,1999.0,0
257,Female,Free Size,Fair,olive,Party,Men,Trousers,Silk,green,4999.0,0
257,Female,Free Size,Fair,olive,Party,Women,Saree,Cotton,cream,999.0,1
257,Female,Free Size,Fair,olive,Party,Women,Kurti,Silk,magenta,699.0,1
257,Female,Free Size,Fair,olive,Party,Kids,Ethnic,Georgette,black,1299.0,0
257,Female,Free Size,Fair,olive,Party,Newborn,Onesie,Cotton,yellow,2999.0,0
257,Female,Free Size,Fair,olive,Party,Newborn,Onesie,Silk,blue,299.0,0
257,Female,Free Size,Fair,olive,Party,Newborn,Set,Silk,gold,299.0,0
258,Male,Free Size,Medium,peach,Festival,Men,Trousers,Silk,green,4999.0,0
258,Male,Free Size,Medium,peach,Festival,Newborn,Onesie,Cotton,yellow,2999.0,0
258,Male,Free Size,Medium,peach,Festival,Kids,Frock,Rayon,lavender,499.0,0
258,Male,Free Size,Medium,peach,Festival,Men,Blazer,Rayon,red,1299.0,1
258,Male,Free Size,Medium,peach,Festival,Newborn,Set,Rayon,white,2999.0,0
258,Male,Free Size,Medium,peach,Festival,Men,Trousers,Linen,magenta,699.0,1
258,Male,Free Size,Medium,peach,Festival,Men,Kurta,Silk,navy,299.0,1
258,Male,Free Size,Medium,peach,Festival,Kids,Frock,Georgette,black,499.0,0
258,Male,Free Size,Medium,peach,Festival,Women,Salwar,Cotton,cream,999.0,0
258,Male,Free Size,Medium,peach,Festival,Women,Top,Cotton,green,2999.0,0
258,Male,Free Size,Medium,peach,Festival,Men,T-Shirt,Rayon,green,2999.0,0
258,Male,Free Size,Medium,peach,Festival,Kids,Frock,Wool,burgundy,999.0,1
258,Male,Free Size,Medium,peach,Festival,Newborn,Romper,Wool,coral,1999.0,1
258,Male,Free Size,Medium,peach,Festival,Kids,Shorts,Silk,gold,499.0,0
258,Male,Free Size,Medium,peach,Festival,Women,Lehenga,Denim,pink,299.0,0
258,Male,Free Size,Medium,peach,Festival,Newborn,Romper,Silk,black,499.0,0
258,Male,Free Size,Medium,peach,Festival,Women,Lehenga,Rayon,black,699.0,0
258,Male,Free Size,Medium,peach,Festival,Newborn,Romper,Wool,burgundy,999.0,0
258,Male,Free Size,Medium,peach,Festival,Women,Salwar,Denim,magenta,4999.0,0
258,Male,Free Size,Medium,peach,Festival,Men,Kurta,Silk,teal,1299.0,1
258,Male,Free Size,Medium,peach,Festival,Women,Dress,Silk,black,1299.0,0
258,Male,Free Size,Medium,peach,Festival,Newborn,Romper,Rayon,gold,699.0,0
258,Male,Free Size,Medium,peach,Festival,Men,Blazer,Georgette,burgundy,1299.0,1
258,Male,Free Size,Medium,peach,Festival,Women,Salwar,Cotton,magenta,299.0,0
258,Male,Free Size,Medium,peach,Festival,Newborn,Romper,Cotton,pink,999.0,0
259,Female,L,Medium,green,Festival,Women,Saree,Cotton,cream,999.0,1
259,Female,L,Medium,green,Festival,Women,Kurti,Linen,yellow,299.0,1
259,Female,L,Medium,green,Festival,Kids,Ethnic,Wool,teal,499.0,1
259,Female,L,Medium,green,Festival,Women,Salwar,Rayon,gold,4999.0,1
259,Female,L,Medium,green,Festival,Kids,Frock,Silk,cream,1999.0,0
259,Female,L,Medium,green,Festival,Kids,T-Shirt,Rayon,olive,999.0,1
259,Female,L,Medium,green,Festival,Men,Trousers,Rayon,olive,499.0,1
259,Female,L,Medium,green,Festival,Men,Trousers,Linen,magenta,699.0,0
259,Female,L,Medium,green,Festival,Men,Kurta,Cotton,green,499.0,1
259,Female,L,Medium,green,Festival,Kids,Ethnic,Wool,white,1299.0,0
259,Female,L,Medium,green,Festival,Kids,T-Shirt,Silk,white,999.0,0
259,Female,L,Medium,green,Festival,Newborn,Romper,Cotton,pink,999.0,0
259,Female,L,Medium,green,Festival,Newborn,Romper,Wool,burgundy,299.0,1
259,Female,L,Medium,green,Festival,Men,Blazer,Rayon,red,1299.0,0
259,Female,L,Medium,green,Festival,Kids,Frock,Rayon,lavender,499.0,0
259,Female,L,Medium,green,Festival,Kids,T-Shirt,Georgette,gold,4999.0,0
259,Female,L,Medium,green,Festival,Newborn,Onesie,Silk,blue,299.0,0
259,Female,L,Medium,green,Festival,Kids,Ethnic,Cotton,red,1999.0,0
259,Female,L,Medium,green,Festival,Men,Blazer,Georgette,burgundy,1299.0,1
259,Female,L,Medium,green,Festival,Women,Dress,Denim,pink,1299.0,0
259,Female,L,Medium,green,Festival,Men,Shirt,Rayon,peach,1999.0,0
259,Female,L,Medium,green,Festival,Newborn,Set,Rayon,burgundy,4999.0,0
259,Female,L,Medium,green,Festival,Kids,T-Shirt,Denim,blue,299.0,0
259,Female,L,Medium,green,Festival,Newborn,Onesie,Denim,cream,499.0,0
259,Female,L,Medium,green,Festival,Newborn,Onesie,Linen,pink,1299.0,0
260,Female,M,Dark,gold,Casual,Kids,T-Shirt,Silk,white,999.0,1
260,Female,M,Dark,gold,Casual,Newborn,Set,Georgette,pink,4999.0,0
260,Female,M,Dark,gold,Casual,Women,Top,Georgette,peach,999.0,0
260,Female,M,Dark,gold,Casual,Kids,Frock,Cotton,lavender,499.0,0
260,Female,M,Dark,gold,Casual,Kids,Shorts,Georgette,cream,1999.0,0
260,Female,M,Dark,gold,Casual,Men,Shirt,Linen,green,1299.0,0
260,Female,M,Dark,gold,Casual,Newborn,Romper,Wool,burgundy,999.0,0
260,Female,M,Dark,gold,Casual,Men,T-Shirt,Linen,red,499.0,1
260,Female,M,Dark,gold,Casual,Newborn,Romper,Rayon,mustard,4999.0,0
260,Female,M,Dark,gold,Casual,Kids,Frock,Cotton,peach,1299.0,0
260,Female,M,Dark,gold,Casual,Men,Kurta,Cotton,green,499.0,0
260,Female,M,Dark,gold,Casual,Men,Kurta,Silk,navy,299.0,0
260,Female,M,Dark,gold,Casual,Men,Shirt,Georgette,olive,499.0,0
260,Female,M,Dark,gold,Casual,Women,Salwar,Denim,burgundy,2999.0,1
260,Female,M,Dark,gold,Casual,Kids,Frock,Silk,cream,1999.0,0
260,Female,M,Dark,gold,Casual,Newborn,Set,Wool,yellow,2999.0,1
260,Female,M,Dark,gold,Casual,Women,Dress,Rayon,mustard,999.0,0
260,Female,M,Dark,gold,Casual,Women,Lehenga,Denim,pink,299.0,1
260,Female,M,Dark,gold,Casual,Men,Kurta,Silk,red,4999.0,0
260,Female,M,Dark,gold,Casual,Kids,Ethnic,Silk,burgundy,999.0,0
260,Female,M,Dark,gold,Casual,Kids,Ethnic,Cotton,red,1999.0,1
260,Female,M,Dark,gold,Casual,Kids,Ethnic,Silk,coral,4999.0,0
260,Female,M,Dark,gold,Casual,Women,Saree,Denim,burgundy,499.0,0
260,Female,M,Dark,gold,Casual,Kids,Frock,Wool,burgundy,999.0,0
260,Female,M,Dark,gold,Casual,Kids,T-Shirt,Silk,olive,499.0,0
261,Female,XS,Warm,green,Office,Women,Salwar,Denim,magenta,4999.0,0
261,Female,XS,Warm,green,Office,Women,Kurti,Silk,burgundy,4999.0,0
261,Female,XS,Warm,green,Office,Kids,Frock,Wool,burgundy,999.0,1
261,Female,XS,Warm,green,Office,Men,Kurta,Silk,navy,299.0,0
261,Female,XS,Warm,green,Office,Women,Lehenga,Denim,pink,299.0,0
261,Female,XS,Warm,green,Office,Kids,Ethnic,Georgette,black,1299.0,0
261,Female,XS,Warm,green,Office,Newborn,Set,Denim,royal blue,999.0,0
261,Female,XS,Warm,green,Office,Men,Blazer,Linen,teal,1299.0,0
261,Female,XS,Warm,green,Office,Women,Dress,Linen,yellow,1999.0,1
261,Female,XS,Warm,green,Office,Newborn,Romper,Linen,peach,4999.0,0
261,Female,XS,Warm,green,Office,Men,Trousers,Denim,lavender,1299.0,0
261,Female,XS,Warm,green,Office,Men,T-Shirt,Rayon,green,2999.0,1
261,Female,XS,Warm,green,Office,Newborn,Romper,Rayon,mustard,4999.0,1
261,Female,XS,Warm,green,Office,Kids,Ethnic,Cotton,olive,1999.0,0
261,Female,XS,Warm,green,Office,Newborn,Set,Silk,gold,299.0,0
261,Female,XS,Warm,green,Office,Men,Shirt,Linen,green,1299.0,1
261,Female,XS,Warm,green,Office,Newborn,Set,Wool,yellow,2999.0,0
261,Female,XS,Warm,green,Office,Women,Dress,Silk,black,1299.0,1
261,Female,XS,Warm,green,Office,Newborn,Onesie,Cotton,yellow,2999.0,0
261,Female,XS,Warm,green,Office,Kids,T-Shirt,Cotton,black,499.0,0
261,Female,XS,Warm,green,Office,Women,Lehenga,Rayon,black,699.0,0
261,Female,XS,Warm,green,Office,Men,T-Shirt,Rayon,peach,1999.0,0
261,Female,XS,Warm,green,Office,Women,Salwar,Wool,navy,4999.0,0
261,Female,XS,Warm,green,Office,Men,Shirt,Cotton,blue,299.0,0
261,Female,XS,Warm,green,Office,Kids,Frock,Silk,cream,1999.0,0
262,Female,M,Fair,pink,Party,Men,Kurta,Cotton,green,499.0,0
262,Female,M,Fair,pink,Party,Kids,Ethnic,Silk,burgundy,999.0,1
262,Female,M,Fair,pink,Party,Women,Saree,Denim,burgundy,499.0,1
262,Female,M,Fair,pink,Party,Men,Trousers,Denim,lavender,1299.0,0
262,Female,M,Fair,pink,Party,Newborn,Romper,Rayon,gold,699.0,0
262,Female,M,Fair,pink,Party,Men,Shirt,Linen,blue,1299.0,0
262,Female,M,Fair,pink,Party,Kids,Ethnic,Cotton,olive,1999.0,0
262,Female,M,Fair,pink,Party,Newborn,Romper,Denim,navy,1299.0,0
262,Female,M,Fair,pink,Party,Men,Shirt,Linen,green,1299.0,0
262,Female,M,Fair,pink,Party,Women,Salwar,Wool,navy,4999.0,1
262,Female,M,Fair,pink,Party,Men,Trousers,Rayon,olive,499.0,0
262,Female,M,Fair,pink,Party,Women,Salwar,Denim,magenta,4999.0,0
262,Female,M,Fair,pink,Party,Newborn,Romper,Linen,peach,4999.0,0
262,Female,M,Fair,pink,Party,Men,Blazer,Georgette,black,2999.0,0
262,Female,M,Fair,pink,Party,Women,Salwar,Rayon,gold,4999.0,0
262,Female,M,Fair,pink,Party,Newborn,Set,Denim,royal blue,999.0,0
262,Female,M,Fair,pink,Party,Women,Dress,Linen,yellow,1999.0,0
262,Female,M,Fair,pink,Party,Men,Shirt,Georgette,olive,499.0,0
262,Female,M,Fair,pink,Party,Newborn,Onesie,Linen,burgundy,999.0,0
262,Female,M,Fair,pink,Party,Women,Lehenga,Wool,white,999.0,1
262,Female,M,Fair,pink,Party,Men,Trousers,Linen,lavender,1299.0,1
262,Female,M,Fair,pink,Party,Men,Kurta,Silk,teal,1299.0,0
262,Female,M,Fair,pink,Party,Kids,T-Shirt,Georgette,gold,4999.0,0
262,Female,M,Fair,pink,Party,Men,Kurta,Silk,navy,299.0,0
262,Female,M,Fair,pink,Party,Women,Dress,Linen,olive,499.0,0
263,Female,M,Warm,peach,Wedding,Women,Dress,Silk,black,1299.0,0
263,Female,M,Warm,peach,Wedding,Men,Shirt,Rayon,gold,999.0,0
263,Female,M,Warm,peach,Wedding,Kids,Ethnic,Wool,white,1299.0,1
263,Female,M,Warm,peach,Wedding,Women,Salwar,Rayon,gold,4999.0,1
263,Female,M,Warm,peach,Wedding,Women,Dress,Cotton,black,1999.0,1
263,Female,M,Warm,peach,Wedding,Men,Shirt,Rayon,peach,1999.0,1
263,Female,M,Warm,peach,Wedding,Kids,T-Shirt,Silk,white,999.0,0
263,Female,M,Warm,peach,Wedding,Kids,Ethnic,Cotton,olive,1999.0,1
263,Female,M,Warm,peach,Wedding,Women,Saree,Cotton,cream,999.0,1
263,Female,M,Warm,peach,Wedding,Kids,T-Shirt,Rayon,olive,999.0,1
263,Female,M,Warm,peach,Wedding,Women,Kurti,Silk,magenta,699.0,1
263,Female,M,Warm,peach,Wedding,Newborn,Onesie,Denim,yellow,4999.0,0
263,Female,M,Warm,peach,Wedding,Men,Shirt,Cotton,blue,299.0,0
263,Female,M,Warm,peach,Wedding,Men,Shirt,Linen,green,1299.0,0
263,Female,M,Warm,peach,Wedding,Women,Salwar,Denim,magenta,4999.0,0
263,Female,M,Warm,peach,Wedding,Newborn,Onesie,Silk,blue,299.0,0
263,Female,M,Warm,peach,Wedding,Women,Salwar,Denim,burgundy,2999.0,1
263,Female,M,Warm,peach,Wedding,Women,Top,Rayon,magenta,699.0,0
263,Female,M,Warm,peach,Wedding,Men,Kurta,Cotton,green,499.0,0
263,Female,M,Warm,peach,Wedding,Newborn,Onesie,Denim,cream,499.0,0
263,Female,M,Warm,peach,Wedding,Newborn,Set,Silk,gold,299.0,1
263,Female,M,Warm,peach,Wedding,Women,Lehenga,Rayon,black,699.0,1
263,Female,M,Warm,peach,Wedding,Men,Kurta,Silk,red,4999.0,1
263,Female,M,Warm,peach,Wedding,Kids,Ethnic,Silk,coral,4999.0,1
263,Female,M,Warm,peach,Wedding,Men,T-Shirt,Rayon,peach,1999.0,1
264,Female,M,Warm,cream,Daily,Newborn,Onesie,Cotton,yellow,1999.0,0
264,Female,M,Warm,cream,Daily,Men,Shirt,Wool,peach,1999.0,0
264,Female,M,Warm,cream,Daily,Kids,Frock,Cotton,peach,1299.0,0
264,Female,M,Warm,cream,Daily,Women,Lehenga,Rayon,black,699.0,1
264,Female,M,Warm,cream,Daily,Women,Dress,Rayon,mustard,999.0,1
264,Female,M,Warm,cream,Daily,Women,Lehenga,Wool,white,999.0,1
264,Female,M,Warm,cream,Daily,Men,Trousers,Linen,lavender,1299.0,0
264,Female,M,Warm,cream,Daily,Kids,Ethnic,Georgette,black,1299.0,0
264,Female,M,Warm,cream,Daily,Newborn,Romper,Rayon,mustard,4999.0,0
264,Female,M,Warm,cream,Daily,Women,Dress,Georgette,green,299.0,0
264,Female,M,Warm,cream,Daily,Men,Blazer,Georgette,black,2999.0,0
264,Female,M,Warm,cream,Daily,Women,Kurti,Silk,burgundy,4999.0,1
264,Female,M,Warm,cream,Daily,Kids,Frock,Georgette,black,499.0,0
264,Female,M,Warm,cream,Daily,Women,Top,Georgette,peach,999.0,1
264,Female,M,Warm,cream,Daily,Men,Trousers,Cotton,royal blue,1999.0,0
264,Female,M,Warm,cream,Daily,Newborn,Set,Rayon,blue,999.0,0
264,Female,M,Warm,cream,Daily,Kids,T-Shirt,Silk,white,999.0,0
264,Female,M,Warm,cream,Daily,Men,Blazer,Rayon,red,1299.0,0
264,Female,M,Warm,cream,Daily,Kids,T-Shirt,Denim,blue,299.0,1
264,Female,M,Warm,cream,Daily,Men,T-Shirt,Linen,red,499.0,0
264,Female,M,Warm,cream,Daily,Women,Dress,Linen,olive,499.0,1
264,Female,M,Warm,cream,Daily,Men,T-Shirt,Rayon,coral,999.0,1
264,Female,M,Warm,cream,Daily,Newborn,Romper,Silk,black,499.0,0
264,Female,M,Warm,cream,Daily,Kids,Frock,Linen,peach,699.0,0
264,Female,M,Warm,cream,Daily,Newborn,Romper,Cotton,pink,999.0,0
265,Female,XL,Warm,gold,Daily,Women,Salwar,Cotton,cream,999.0,1
265,Female,XL,Warm,gold,Daily,Women,Dress,Linen,yellow,1999.0,1
265,Female,XL,Warm,gold,Daily,Kids,T-Shirt,Georgette,gold,4999.0,1
265,Female,XL,Warm,gold,Daily,Men,Blazer,Georgette,black,2999.0,0
265,Female,XL,Warm,gold,Daily,Men,Shirt,Wool,peach,1999.0,0
265,Female,XL,Warm,gold,Daily,Men,Shirt,Linen,green,1299.0,0
265,Female,XL,Warm,gold,Daily,Kids,Frock,Georgette,black,499.0,0
265,Female,XL,Warm,gold,Daily,Kids,T-Shirt,Denim,burgundy,1299.0,0
265,Female,XL,Warm,gold,Daily,Women,Top,Cotton,green,2999.0,0
265,Female,XL,Warm,gold,Daily,Men,Blazer,Rayon,red,1299.0,1
265,Female,XL,Warm,gold,Daily,Kids,Frock,Cotton,lavender,499.0,0
265,Female,XL,Warm,gold,Daily,Women,Salwar,Wool,navy,4999.0,0
265,Female,XL,Warm,gold,Daily,Newborn,Set,Rayon,blue,999.0,0
265,Female,XL,Warm,gold,Daily,Newborn,Romper,Rayon,mustard,4999.0,1
265,Female,XL,Warm,gold,Daily,Women,Saree,Denim,peach,1999.0,1
265,Female,XL,Warm,gold,Daily,Men,Trousers,Cotton,royal blue,1999.0,0
265,Female,XL,Warm,gold,Daily,Newborn,Set,Rayon,white,2999.0,0
265,Female,XL,Warm,gold,Daily,Women,Top,Silk,gold,4999.0,1
265,Female,XL,Warm,gold,Daily,Women,Kurti,Silk,magenta,699.0,0
265,Female,XL,Warm,gold,Daily,Women,Salwar,Denim,magenta,4999.0,1
265,Female,XL,Warm,gold,Daily,Men,Blazer,Linen,teal,1299.0,0
265,Female,XL,Warm,gold,Daily,Men,Blazer,Linen,cream,299.0,0
265,Female,XL,Warm,gold,Daily,Women,Saree,Denim,burgundy,499.0,1
265,Female,XL,Warm,gold,Daily,Women,Kurti,Denim,mustard,4999.0,1
265,Female,XL,Warm,gold,Daily,Women,Salwar,Cotton,coral,1999.0,0
266,Male,XS,Deep,magenta,Party,Women,Kurti,Rayon,red,499.0,0
266,Male,XS,Deep,magenta,Party,Kids,Frock,Wool,burgundy,999.0,0
266,Male,XS,Deep,magenta,Party,Men,Trousers,Rayon,olive,499.0,0
266,Male,XS,Deep,magenta,Party,Newborn,Romper,Linen,peach,4999.0,0
266,Male,XS,Deep,magenta,Party,Women,Dress,Rayon,mustard,999.0,0
266,Male,XS,Deep,magenta,Party,Men,Blazer,Georgette,black,2999.0,1
266,Male,XS,Deep,magenta,Party,Women,Kurti,Silk,magenta,699.0,1
266,Male,XS,Deep,magenta,Party,Men,Shirt,Linen,blue,1299.0,0
266,Male,XS,Deep,magenta,Party,Kids,Frock,Georgette,black,499.0,1
266,Male,XS,Deep,magenta,Party,Men,Blazer,Linen,teal,999.0,1
266,Male,XS,Deep,magenta,Party,Women,Top,Rayon,magenta,699.0,1
266,Male,XS,Deep,magenta,Party,Men,Kurta,Cotton,green,499.0,1
266,Male,XS,Deep,magenta,Party,Kids,Ethnic,Wool,white,1299.0,1
266,Male,XS,Deep,magenta,Party,Women,Kurti,Linen,yellow,299.0,0
266,Male,XS,Deep,magenta,Party,Newborn,Onesie,Silk,blue,299.0,0
266,Male,XS,Deep,magenta,Party,Kids,T-Shirt,Georgette,gold,4999.0,0
266,Male,XS,Deep,magenta,Party,Men,Trousers,Linen,magenta,699.0,1
266,Male,XS,Deep,magenta,Party,Newborn,Set,Denim,royal blue,999.0,0
266,Male,XS,Deep,magenta,Party,Women,Dress,Denim,pink,1299.0,0
266,Male,XS,Deep,magenta,Party,Men,Blazer,Linen,cream,299.0,1
266,Male,XS,Deep,magenta,Party,Newborn,Set,Wool,yellow,2999.0,0
266,Male,XS,Deep,magenta,Party,Newborn,Set,Georgette,teal,2999.0,0
266,Male,XS,Deep,magenta,Party,Newborn,Onesie,Cotton,yellow,1999.0,0
266,Male,XS,Deep,magenta,Party,Kids,Shorts,Georgette,cream,1999.0,0
266,Male,XS,Deep,magenta,Party,Women,Salwar,Silk,red,1999.0,0
267,Male,XS,Light,lavender,Casual,Kids,Frock,Georgette,black,499.0,0
267,Male,XS,Light,lavender,Casual,Women,Salwar,Denim,magenta,4999.0,0
267,Male,XS,Light,lavender,Casual,Newborn,Romper,Rayon,gold,699.0,1
267,Male,XS,Light,lavender,Casual,Men,Shirt,Georgette,olive,499.0,0
267,Male,XS,Light,lavender,Casual,Kids,T-Shirt,Rayon,olive,999.0,0
267,Male,XS,Light,lavender,Casual,Women,Kurti,Silk,magenta,699.0,0
267,Male,XS,Light,lavender,Casual,Men,T-Shirt,Linen,red,499.0,0
267,Male,XS,Light,lavender,Casual,Men,Shirt,Rayon,peach,1999.0,1
267,Male,XS,Light,lavender,Casual,Kids,Frock,Rayon,lavender,499.0,0
267,Male,XS,Light,lavender,Casual,Kids,Shorts,Georgette,cream,1999.0,1
267,Male,XS,Light,lavender,Casual,Newborn,Onesie,Denim,yellow,4999.0,0
267,Male,XS,Light,lavender,Casual,Men,Blazer,Wool,white,499.0,1
267,Male,XS,Light,lavender,Casual,Newborn,Romper,Wool,burgundy,299.0,1
267,Male,XS,Light,lavender,Casual,Men,Shirt,Rayon,gold,999.0,1
267,Male,XS,Light,lavender,Casual,Newborn,Set,Rayon,burgundy,4999.0,0
267,Male,XS,Light,lavender,Casual,Newborn,Romper,Silk,lavender,1999.0,1
267,Male,XS,Light,lavender,Casual,Kids,Ethnic,Rayon,royal blue,4999.0,0
267,Male,XS,Light,lavender,Casual,Women,Kurti,Linen,yellow,299.0,1
267,Male,XS,Light,lavender,Casual,Men,T-Shirt,Rayon,green,2999.0,1
267,Male,XS,Light,lavender,Casual,Men,Shirt,Linen,blue,1299.0,1
267,Male,XS,Light,lavender,Casual,Men,Trousers,Rayon,navy,1999.0,0
267,Male,XS,Light,lavender,Casual,Kids,Ethnic,Cotton,olive,1999.0,0
267,Male,XS,Light,lavender,Casual,Women,Salwar,Denim,burgundy,2999.0,0
267,Male,XS,Light,lavender,Casual,Women,Dress,Denim,pink,1299.0,1
267,Male,XS,Light,lavender,Casual,Newborn,Onesie,Cotton,yellow,1999.0,0
268,Male,XS,Light,royal blue,Party,Kids,Frock,Linen,peach,699.0,1
268,Male,XS,Light,royal blue,Party,Men,Trousers,Denim,lavender,1299.0,1
268,Male,XS,Light,royal blue,Party,Newborn,Set,Georgette,teal,2999.0,0
268,Male,XS,Light,royal blue,Party,Men,Blazer,Wool,white,499.0,1
268,Male,XS,Light,royal blue,Party,Women,Saree,Cotton,cream,999.0,1
268,Male,XS,Light,royal blue,Party,Kids,Frock,Cotton,peach,1299.0,0
268,Male,XS,Light,royal blue,Party,Kids,Frock,Cotton,lavender,499.0,0
268,Male,XS,Light,royal blue,Party,Men,T-Shirt,Rayon,peach,1999.0,1
268,Male,XS,Light,royal blue,Party,Women,Top,Rayon,teal,1999.0,0
268,Male,XS,Light,royal blue,Party,Women,Kurti,Silk,magenta,699.0,0
268,Male,XS,Light,royal blue,Party,Men,Shirt,Georgette,olive,499.0,0
268,Male,XS,Light,royal blue,Party,Newborn,Romper,Linen,peach,4999.0,1
268,Male,XS,Light,royal blue,Party,Kids,T-Shirt,Denim,blue,299.0,1
268,Male,XS,Light,royal blue,Party,Women,Dress,Denim,pink,1299.0,0
268,Male,XS,Light,royal blue,Party,Men,Kurta,Silk,teal,1299.0,0
268,Male,XS,Light,royal blue,Party,Men,Shirt,Linen,blue,1299.0,1
268,Male,XS,Light,royal blue,Party,Kids,Ethnic,Wool,white,1299.0,1
268,Male,XS,Light,royal blue,Party,Men,Trousers,Rayon,navy,1999.0,0
268,Male,XS,Light,royal blue,Party,Women,Dress,Georgette,green,299.0,0
268,Male,XS,Light,royal blue,Party,Women,Lehenga,Wool,white,999.0,1
268,Male,XS,Light,royal blue,Party,Men,Shirt,Rayon,gold,999.0,1
268,Male,XS,Light,royal blue,Party,Women,Dress,Silk,black,1299.0,0
268,Male,XS,Light,royal blue,Party,Kids,Ethnic,Silk,burgundy,999.0,0
268,Male,XS,Light,royal blue,Party,Kids,T-Shirt,Georgette,gold,4999.0,0
268,Male,XS,Light,royal blue,Party,Newborn,Romper,Silk,lavender,1999.0,0
269,Female,XL,Fair,blue,Daily,Newborn,Set,Georgette,teal,2999.0,0
269,Female,XL,Fair,blue,Daily,Newborn,Romper,Silk,lavender,1999.0,1
269,Female,XL,Fair,blue,Daily,Kids,T-Shirt,Rayon,olive,999.0,0
269,Female,XL,Fair,blue,Daily,Newborn,Onesie,Linen,burgundy,999.0,0
269,Female,XL,Fair,blue,Daily,Newborn,Onesie,Linen,pink,1299.0,1
269,Female,XL,Fair,blue,Daily,Men,Shirt,Linen,green,1299.0,0
269,Female,XL,Fair,blue,Daily,Kids,Frock,Wool,burgundy,999.0,0
269,Female,XL,Fair,blue,Daily,Women,Kurti,Linen,yellow,299.0,0
269,Female,XL,Fair,blue,Daily,Men,T-Shirt,Rayon,green,2999.0,0
269,Female,XL,Fair,blue,Daily,Kids,Frock,Cotton,lavender,499.0,1
269,Female,XL,Fair,blue,Daily,Newborn,Set,Silk,gold,299.0,0
269,Female,XL,Fair,blue,Daily,Kids,T-Shirt,Silk,white,999.0,1
269,Female,XL,Fair,blue,Daily,Men,Blazer,Denim,pink,699.0,0
269,Female,XL,Fair,blue,Daily,Women,Lehenga,Wool,white,999.0,1
269,Female,XL,Fair,blue,Daily,Newborn,Set,Rayon,burgundy,999.0,0
269,Female,XL,Fair,blue,Daily,Women,Salwar,Cotton,coral,1999.0,1
269,Female,XL,Fair,blue,Daily,Newborn,Romper,Silk,black,499.0,0
269,Female,XL,Fair,blue,Daily,Men,Kurta,Silk,teal,1299.0,0
269,Female,XL,Fair,blue,Daily,Kids,Frock,Rayon,lavender,499.0,1
269,Female,XL,Fair,blue,Daily,Women,Salwar,Silk,red,1999.0,1
269,Female,XL,Fair,blue,Daily,Kids,T-Shirt,Denim,navy,1999.0,0
269,Female,XL,Fair,blue,Daily,Women,Top,Silk,gold,4999.0,0
269,Female,XL,Fair,blue,Daily,Kids,T-Shirt,Denim,blue,299.0,1
269,Female,XL,Fair,blue,Daily,Kids,Ethnic,Silk,coral,4999.0,0
269,Female,XL,Fair,blue,Daily,Women,Salwar,Denim,burgundy,2999.0,1
270,Female,M,Medium,lavender,Casual,Newborn,Set,Georgette,teal,699.0,0
270,Female,M,Medium,lavender,Casual,Women,Kurti,Silk,magenta,699.0,1
270,Female,M,Medium,lavender,Casual,Kids,Ethnic,Silk,burgundy,999.0,1
270,Female,M,Medium,lavender,Casual,Women,Salwar,Cotton,magenta,299.0,0
270,Female,M,Medium,lavender,Casual,Kids,Ethnic,Wool,teal,499.0,1
270,Female,M,Medium,lavender,Casual,Kids,T-Shirt,Rayon,olive,999.0,0
270,Female,M,Medium,lavender,Casual,Newborn,Set,Silk,gold,299.0,0
270,Female,M,Medium,lavender,Casual,Men,Kurta,Silk,red,4999.0,0
270,Female,M,Medium,lavender,Casual,Newborn,Onesie,Linen,burgundy,999.0,1
270,Female,M,Medium,lavender,Casual,Women,Saree,Denim,burgundy,499.0,1
270,Female,M,Medium,lavender,Casual,Kids,T-Shirt,Denim,burgundy,1299.0,1
270,Female,M,Medium,lavender,Casual,Women,Top,Rayon,magenta,699.0,1
270,Female,M,Medium,lavender,Casual,Men,Shirt,Cotton,blue,299.0,0
270,Female,M,Medium,lavender,Casual,Newborn,Romper,Cotton,pink,999.0,0
270,Female,M,Medium,lavender,Casual,Newborn,Romper,Linen,peach,4999.0,0
270,Female,M,Medium,lavender,Casual,Newborn,Set,Denim,royal blue,999.0,0
270,Female,M,Medium,lavender,Casual,Kids,T-Shirt,Denim,blue,299.0,0
270,Female,M,Medium,lavender,Casual,Men,Trousers,Cotton,royal blue,1999.0,0
270,Female,M,Medium,lavender,Casual,Women,Salwar,Denim,magenta,4999.0,0
270,Female,M,Medium,lavender,Casual,Women,Salwar,Wool,navy,4999.0,0
270,Female,M,Medium,lavender,Casual,Men,Trousers,Rayon,navy,1999.0,0
270,Female,M,Medium,lavender,Casual,Newborn,Onesie,Cotton,yellow,2999.0,0
270,Female,M,Medium,lavender,Casual,Newborn,Onesie,Cotton,yellow,1999.0,1
270,Female,M,Medium,lavender,Casual,Women,Kurti,Silk,burgundy,4999.0,1
270,Female,M,Medium,lavender,Casual,Women,Saree,Denim,peach,1999.0,1
271,Male,XL,Medium,magenta,Party,Kids,T-Shirt,Silk,olive,499.0,1
271,Male,XL,Medium,magenta,Party,Kids,Ethnic,Rayon,royal blue,4999.0,0
271,Male,XL,Medium,magenta,Party,Women,Top,Silk,gold,4999.0,0
271,Male,XL,Medium,magenta,Party,Women,Kurti,Linen,yellow,299.0,0
271,Male,XL,Medium,magenta,Party,Newborn,Romper,Silk,lavender,1999.0,0
271,Male,XL,Medium,magenta,Party,Women,Kurti,Silk,burgundy,4999.0,1
271,Male,XL,Medium,magenta,Party,Newborn,Romper,Wool,burgundy,299.0,0
271,Male,XL,Medium,magenta,Party,Women,Saree,Cotton,cream,999.0,0
271,Male,XL,Medium,magenta,Party,Women,Saree,Denim,peach,1999.0,0
271,Male,XL,Medium,magenta,Party,Men,T-Shirt,Linen,red,499.0,1
271,Male,XL,Medium,magenta,Party,Newborn,Romper,Linen,coral,2999.0,0
271,Male,XL,Medium,magenta,Party,Newborn,Romper,Wool,coral,1999.0,0
271,Male,XL,Medium,magenta,Party,Kids,T-Shirt,Denim,burgundy,1299.0,0
271,Male,XL,Medium,magenta,Party,Men,Blazer,Rayon,red,1299.0,1
271,Male,XL,Medium,magenta,Party,Men,T-Shirt,Rayon,coral,999.0,1
271,Male,XL,Medium,magenta,Party,Women,Salwar,Cotton,magenta,299.0,1
271,Male,XL,Medium,magenta,Party,Men,Trousers,Denim,lavender,1299.0,1
271,Male,XL,Medium,magenta,Party,Women,Salwar,Cotton,coral,1999.0,1
271,Male,XL,Medium,magenta,Party,Newborn,Onesie,Denim,royal blue,699.0,0
271,Male,XL,Medium,magenta,Party,Women,Salwar,Silk,red,1999.0,0
271,Male,XL,Medium,magenta,Party,Newborn,Onesie,Denim,yellow,4999.0,0
271,Male,XL,Medium,magenta,Party,Women,Lehenga,Denim,pink,299.0,0
271,Male,XL,Medium,magenta,Party,Women,Salwar,Rayon,gold,4999.0,0
271,Male,XL,Medium,magenta,Party,Women,Top,Georgette,peach,999.0,0
271,Male,XL,Medium,magenta,Party,Women,Salwar,Wool,navy,4999.0,0
272,Female,S,Fair,white,Daily,Women,Top,Rayon,teal,1999.0,1
272,Female,S,Fair,white,Daily,Kids,T-Shirt,Georgette,gold,4999.0,0
272,Female,S,Fair,white,Daily,Kids,Ethnic,Wool,teal,499.0,0
272,Female,S,Fair,white,Daily,Newborn,Onesie,Silk,blue,299.0,0
272,Female,S,Fair,white,Daily,Men,Shirt,Georgette,olive,499.0,0
272,Female,S,Fair,white,Daily,Kids,Ethnic,Rayon,royal blue,4999.0,0
272,Female,S,Fair,white,Daily,Newborn,Romper,Linen,peach,4999.0,1
272,Female,S,Fair,white,Daily,Newborn,Romper,Wool,burgundy,999.0,0
272,Female,S,Fair,white,Daily,Newborn,Set,Silk,gold,299.0,0
272,Female,S,Fair,white,Daily,Women,Top,Silk,gold,4999.0,0
272,Female,S,Fair,white,Daily,Newborn,Onesie,Denim,royal blue,699.0,0
272,Female,S,Fair,white,Daily,Women,Dress,Linen,yellow,1999.0,1
272,Female,S,Fair,white,Daily,Kids,T-Shirt,Denim,blue,299.0,0
272,Female,S,Fair,white,Daily,Women,Kurti,Silk,burgundy,4999.0,0
272,Female,S,Fair,white,Daily,Newborn,Romper,Wool,burgundy,299.0,0
272,Female,S,Fair,white,Daily,Women,Salwar,Denim,magenta,4999.0,0
272,Female,S,Fair,white,Daily,Women,Kurti,Rayon,red,499.0,0
272,Female,S,Fair,white,Daily,Newborn,Onesie,Cotton,yellow,1999.0,0
272,Female,S,Fair,white,Daily,Men,Blazer,Georgette,burgundy,1299.0,0
272,Female,S,Fair,white,Daily,Kids,Frock,Wool,burgundy,999.0,0
272,Female,S,Fair,white,Daily,Women,Saree,Denim,burgundy,499.0,1
272,Female,S,Fair,white,Daily,Kids,Frock,Cotton,lavender,499.0,1
272,Female,S,Fair,white,Daily,Newborn,Set,Rayon,burgundy,4999.0,0
272,Female,S,Fair,white,Daily,Newborn,Onesie,Denim,cream,499.0,1
272,Female,S,Fair,white,Daily,Newborn,Set,Denim,royal blue,999.0,0
273,Male,L,Dark,magenta,Office,Kids,Shorts,Silk,gold,499.0,0
273,Male,L,Dark,magenta,Office,Men,Blazer,Linen,teal,999.0,1
273,Male,L,Dark,magenta,Office,Women,Dress,Silk,black,1299.0,0
273,Male,L,Dark,magenta,Office,Women,Dress,Cotton,black,1999.0,0
273,Male,L,Dark,magenta,Office,Women,Dress,Georgette,green,299.0,0
273,Male,L,Dark,magenta,Office,Newborn,Set,Georgette,teal,2999.0,0
273,Male,L,Dark,magenta,Office,Men,Blazer,Rayon,red,1299.0,1
273,Male,L,Dark,magenta,Office,Newborn,Set,Wool,yellow,2999.0,0
273,Male,L,Dark,magenta,Office,Men,Shirt,Linen,blue,1299.0,1
273,Male,L,Dark,magenta,Office,Women,Kurti,Denim,white,699.0,1
273,Male,L,Dark,magenta,Office,Newborn,Set,Silk,gold,299.0,0
273,Male,L,Dark,magenta,Office,Newborn,Set,Rayon,white,2999.0,0
273,Male,L,Dark,magenta,Office,Men,T-Shirt,Linen,red,499.0,1
273,Male,L,Dark,magenta,Office,Women,Dress,Linen,yellow,1999.0,1
273,Male,L,Dark,magenta,Office,Men,Blazer,Linen,teal,1299.0,1
273,Male,L,Dark,magenta,Office,Kids,Frock,Cotton,peach,1299.0,0
273,Male,L,Dark,magenta,Office,Newborn,Romper,Wool,burgundy,999.0,0
273,Male,L,Dark,magenta,Office,Newborn,Onesie,Denim,yellow,4999.0,0
273,Male,L,Dark,magenta,Office,Women,Lehenga,Rayon,black,699.0,0
273,Male,L,Dark,magenta,Office,Women,Kurti,Linen,yellow,299.0,0
273,Male,L,Dark,magenta,Office,Men,Kurta,Silk,navy,299.0,0
273,Male,L,Dark,magenta,Office,Newborn,Romper,Wool,coral,1999.0,1
273,Male,L,Dark,magenta,Office,Women,Saree,Denim,peach,1999.0,0
273,Male,L,Dark,magenta,Office,Kids,Frock,Silk,cream,1999.0,0
273,Male,L,Dark,magenta,Office,Newborn,Romper,Cotton,pink,999.0,0
274,Male,M,Medium,lavender,Wedding,Kids,Ethnic,Silk,coral,4999.0,0
274,Male,M,Medium,lavender,Wedding,Men,Trousers,Rayon,olive,499.0,1
274,Male,M,Medium,lavender,Wedding,Women,Dress,Rayon,mustard,999.0,0
274,Male,M,Medium,lavender,Wedding,Newborn,Set,Silk,gold,299.0,0
274,Male,M,Medium,lavender,Wedding,Women,Top,Silk,gold,4999.0,0
274,Male,M,Medium,lavender,Wedding,Newborn,Onesie,Cotton,yellow,1999.0,0
274,Male,M,Medium,lavender,Wedding,Men,Kurta,Silk,red,4999.0,1
274,Male,M,Medium,lavender,Wedding,Men,Kurta,Cotton,green,499.0,1
274,Male,M,Medium,lavender,Wedding,Women,Salwar,Silk,red,1999.0,0
274,Male,M,Medium,lavender,Wedding,Men,Blazer,Georgette,burgundy,1299.0,1
274,Male,M,Medium,lavender,Wedding,Women,Salwar,Cotton,coral,1999.0,1
274,Male,M,Medium,lavender,Wedding,Newborn,Onesie,Denim,cream,499.0,0
274,Male,M,Medium,lavender,Wedding,Men,T-Shirt,Rayon,green,2999.0,0
274,Male,M,Medium,lavender,Wedding,Kids,Ethnic,Cotton,olive,1999.0,1
274,Male,M,Medium,lavender,Wedding,Men,Shirt,Georgette,olive,499.0,1
274,Male,M,Medium,lavender,Wedding,Women,Lehenga,Wool,white,999.0,0
274,Male,M,Medium,lavender,Wedding,Kids,T-Shirt,Denim,navy,1999.0,0
274,Male,M,Medium,lavender,Wedding,Newborn,Onesie,Linen,burgundy,999.0,1
274,Male,M,Medium,lavender,Wedding,Women,Dress,Georgette,green,299.0,0
274,Male,M,Medium,lavender,Wedding,Kids,Frock,Silk,cream,1999.0,0
274,Male,M,Medium,lavender,Wedding,Newborn,Set,Rayon,burgundy,999.0,1
274,Male,M,Medium,lavender,Wedding,Women,Salwar,Denim,magenta,4999.0,0
274,Male,M,Medium,lavender,Wedding,Women,Kurti,Cotton,cream,999.0,0
274,Male,M,Medium,lavender,Wedding,Kids,Ethnic,Cotton,red,1999.0,0
274,Male,M,Medium,lavender,Wedding,Newborn,Romper,Linen,peach,4999.0,0
275,Female,XXL,Warm,yellow,Casual,Kids,Frock,Silk,cream,1999.0,0
275,Female,XXL,Warm,yellow,Casual,Newborn,Romper,Rayon,gold,699.0,0
275,Female,XXL,Warm,yellow,Casual,Newborn,Romper,Wool,burgundy,299.0,0
275,Female,XXL,Warm,yellow,Casual,Women,Salwar,Cotton,cream,999.0,1
275,Female,XXL,Warm,yellow,Casual,Men,Blazer,Linen,cream,299.0,0
275,Female,XXL,Warm,yellow,Casual,Newborn,Set,Silk,gold,299.0,0
275,Female,XXL,Warm,yellow,Casual,Women,Salwar,Cotton,coral,1999.0,1
275,Female,XXL,Warm,yellow,Casual,Newborn,Set,Georgette,pink,4999.0,0
275,Female,XXL,Warm,yellow,Casual,Women,Lehenga,Rayon,black,699.0,0
275,Female,XXL,Warm,yellow,Casual,Newborn,Romper,Wool,coral,1999.0,0
275,Female,XXL,Warm,yellow,Casual,Newborn,Romper,Cotton,pink,999.0,0
275,Female,XXL,Warm,yellow,Casual,Women,Kurti,Cotton,cream,999.0,0
275,Female,XXL,Warm,yellow,Casual,Kids,Ethnic,Silk,coral,4999.0,0
275,Female,XXL,Warm,yellow,Casual,Newborn,Onesie,Denim,yellow,4999.0,1
275,Female,XXL,Warm,yellow,Casual,Newborn,Set,Georgette,teal,699.0,0
275,Female,XXL,Warm,yellow,Casual,Men,T-Shirt,Rayon,peach,1999.0,0
275,Female,XXL,Warm,yellow,Casual,Kids,Frock,Linen,peach,699.0,0
275,Female,XXL,Warm,yellow,Casual,Kids,Shorts,Silk,gold,499.0,0
275,Female,XXL,Warm,yellow,Casual,Newborn,Romper,Denim,navy,1299.0,0
275,Female,XXL,Warm,yellow,Casual,Kids,Ethnic,Rayon,burgundy,1999.0,1
275,Female,XXL,Warm,yellow,Casual,Kids,T-Shirt,Denim,burgundy,1299.0,1
275,Female,XXL,Warm,yellow,Casual,Kids,Shorts,Georgette,cream,1999.0,0
275,Female,XXL,Warm,yellow,Casual,Men,Trousers,Cotton,royal blue,1999.0,0
275,Female,XXL,Warm,yellow,Casual,Kids,T-Shirt,Rayon,olive,999.0,0
275,Female,XXL,Warm,yellow,Casual,Newborn,Onesie,Linen,burgundy,999.0,1
276,Male,Free Size,Fair,lavender,Wedding,Newborn,Set,Rayon,burgundy,999.0,0
276,Male,Free Size,Fair,lavender,Wedding,Women,Salwar,Denim,burgundy,699.0,0
276,Male,Free Size,Fair,lavender,Wedding,Men,T-Shirt,Rayon,peach,1999.0,1
276,Male,Free Size,Fair,lavender,Wedding,Kids,Frock,Rayon,lavender,499.0,1
276,Male,Free Size,Fair,lavender,Wedding,Men,Shirt,Georgette,olive,499.0,1
276,Male,Free Size,Fair,lavender,Wedding,Men,Shirt,Linen,green,1299.0,1
276,Male,Free Size,Fair,lavender,Wedding,Women,Kurti,Rayon,red,499.0,0
276,Male,Free Size,Fair,lavender,Wedding,Newborn,Onesie,Denim,yellow,4999.0,0
276,Male,Free Size,Fair,lavender,Wedding,Newborn,Onesie,Denim,royal blue,699.0,0
276,Male,Free Size,Fair,lavender,Wedding,Newborn,Set,Georgette,pink,4999.0,0
276,Male,Free Size,Fair,lavender,Wedding,Newborn,Onesie,Linen,burgundy,999.0,0
276,Male,Free Size,Fair,lavender,Wedding,Newborn,Set,Rayon,blue,999.0,0
276,Male,Free Size,Fair,lavender,Wedding,Newborn,Romper,Rayon,gold,699.0,0
276,Male,Free Size,Fair,lavender,Wedding,Kids,Shorts,Georgette,cream,1999.0,0
276,Male,Free Size,Fair,lavender,Wedding,Kids,Frock,Linen,peach,699.0,0
276,Male,Free Size,Fair,lavender,Wedding,Men,Trousers,Denim,lavender,1299.0,1
276,Male,Free Size,Fair,lavender,Wedding,Newborn,Set,Rayon,white,2999.0,0
276,Male,Free Size,Fair,lavender,Wedding,Men,Trousers,Rayon,olive,499.0,1
276,Male,Free Size,Fair,lavender,Wedding,Women,Lehenga,Wool,white,999.0,1
276,Male,Free Size,Fair,lavender,Wedding,Kids,Frock,Georgette,black,499.0,0
276,Male,Free Size,Fair,lavender,Wedding,Women,Salwar,Denim,magenta,4999.0,0
276,Male,Free Size,Fair,lavender,Wedding,Kids,T-Shirt,Denim,navy,1999.0,0
276,Male,Free Size,Fair,lavender,Wedding,Newborn,Romper,Silk,black,499.0,0
276,Male,Free Size,Fair,lavender,Wedding,Kids,T-Shirt,Denim,blue,299.0,0
276,Male,Free Size,Fair,lavender,Wedding,Newborn,Onesie,Silk,blue,299.0,0
277,Female,XS,Deep,olive,Daily,Women,Kurti,Silk,burgundy,4999.0,0
277,Female,XS,Deep,olive,Daily,Newborn,Set,Denim,royal blue,999.0,0
277,Female,XS,Deep,olive,Daily,Women,Dress,Denim,pink,1299.0,0
277,Female,XS,Deep,olive,Daily,Women,Dress,Cotton,black,1999.0,1
277,Female,XS,Deep,olive,Daily,Women,Kurti,Cotton,cream,999.0,0
277,Female,XS,Deep,olive,Daily,Women,Top,Rayon,magenta,699.0,1
277,Female,XS,Deep,olive,Daily,Women,Kurti,Denim,white,699.0,1
277,Female,XS,Deep,olive,Daily,Kids,T-Shirt,Cotton,black,499.0,0
277,Female,XS,Deep,olive,Daily,Newborn,Set,Rayon,burgundy,999.0,0
277,Female,XS,Deep,olive,Daily,Women,Salwar,Denim,burgundy,2999.0,0
277,Female,XS,Deep,olive,Daily,Kids,Frock,Rayon,lavender,499.0,0
277,Female,XS,Deep,olive,Daily,Newborn,Onesie,Denim,royal blue,699.0,1
277,Female,XS,Deep,olive,Daily,Men,Kurta,Silk,red,4999.0,0
277,Female,XS,Deep,olive,Daily,Kids,T-Shirt,Denim,blue,299.0,0
277,Female,XS,Deep,olive,Daily,Women,Salwar,Cotton,coral,1999.0,0
277,Female,XS,Deep,olive,Daily,Women,Kurti,Rayon,red,499.0,0
277,Female,XS,Deep,olive,Daily,Men,T-Shirt,Linen,red,499.0,0
277,Female,XS,Deep,olive,Daily,Men,Blazer,Linen,teal,999.0,0
277,Female,XS,Deep,olive,Daily,Men,Blazer,Linen,teal,1299.0,0
277,Female,XS,Deep,olive,Daily,Men,Blazer,Rayon,red,1299.0,0
277,Female,XS,Deep,olive,Daily,Kids,Frock,Wool,burgundy,999.0,1
277,Female,XS,Deep,olive,Daily,Women,Lehenga,Denim,pink,299.0,0
277,Female,XS,Deep,olive,Daily,Newborn,Onesie,Denim,yellow,4999.0,1
277,Female,XS,Deep,olive,Daily,Women,Dress,Linen,yellow,1999.0,1
277,Female,XS,Deep,olive,Daily,Men,Shirt,Rayon,gold,999.0,1
278,Female,XXL,Fair,burgundy,Office,Newborn,Onesie,Denim,coral,699.0,0
278,Female,XXL,Fair,burgundy,Office,Newborn,Onesie,Denim,royal blue,699.0,0
278,Female,XXL,Fair,burgundy,Office,Men,Blazer,Linen,teal,999.0,0
278,Female,XXL,Fair,burgundy,Office,Women,Dress,Cotton,black,1999.0,0
278,Female,XXL,Fair,burgundy,Office,Kids,T-Shirt,Georgette,gold,4999.0,0
278,Female,XXL,Fair,burgundy,Office,Kids,Ethnic,Cotton,olive,1999.0,0
278,Female,XXL,Fair,burgundy,Office,Kids,T-Shirt,Rayon,olive,999.0,0
278,Female,XXL,Fair,burgundy,Office,Women,Top,Silk,gold,4999.0,0
278,Female,XXL,Fair,burgundy,Office,Newborn,Romper,Wool,burgundy,999.0,1
278,Female,XXL,Fair,burgundy,Office,Kids,Shorts,Georgette,cream,1999.0,0
278,Female,XXL,Fair,burgundy,Office,Men,Trousers,Denim,lavender,1299.0,1
278,Female,XXL,Fair,burgundy,Office,Men,Kurta,Cotton,green,499.0,0
278,Female,XXL,Fair,burgundy,Office,Men,Shirt,Wool,peach,1999.0,0
278,Female,XXL,Fair,burgundy,Office,Kids,Shorts,Silk,gold,499.0,1
278,Female,XXL,Fair,burgundy,Office,Women,Dress,Denim,pink,1299.0,1
278,Female,XXL,Fair,burgundy,Office,Women,Kurti,Silk,burgundy,4999.0,1
278,Female,XXL,Fair,burgundy,Office,Men,Blazer,Wool,white,499.0,0
278,Female,XXL,Fair,burgundy,Office,Men,Blazer,Linen,cream,299.0,1
278,Female,XXL,Fair,burgundy,Office,Newborn,Romper,Linen,peach,4999.0,0
278,Female,XXL,Fair,burgundy,Office,Kids,T-Shirt,Denim,burgundy,1299.0,1
278,Female,XXL,Fair,burgundy,Office,Kids,Ethnic,Cotton,red,1999.0,0
278,Female,XXL,Fair,burgundy,Office,Newborn,Set,Rayon,burgundy,4999.0,0
278,Female,XXL,Fair,burgundy,Office,Women,Lehenga,Rayon,black,699.0,0
278,Female,XXL,Fair,burgundy,Office,Women,Salwar,Wool,navy,4999.0,0
278,Female,XXL,Fair,burgundy,Office,Newborn,Onesie,Linen,burgundy,999.0,1
279,Female,M,Light,green,Party,Men,Trousers,Rayon,navy,1999.0,0
279,Female,M,Light,green,Party,Women,Lehenga,Rayon,black,699.0,0
279,Female,M,Light,green,Party,Men,Blazer,Georgette,burgundy,1299.0,0
279,Female,M,Light,green,Party,Newborn,Onesie,Cotton,yellow,1999.0,0
279,Female,M,Light,green,Party,Men,Kurta,Silk,teal,1299.0,0
279,Female,M,Light,green,Party,Women,Salwar,Cotton,coral,1999.0,1
279,Female,M,Light,green,Party,Women,Top,Silk,gold,4999.0,1
279,Female,M,Light,green,Party,Kids,Ethnic,Cotton,olive,1999.0,0
279,Female,M,Light,green,Party,Kids,Frock,Wool,burgundy,999.0,0
279,Female,M,Light,green,Party,Men,Shirt,Linen,blue,1299.0,1
279,Female,M,Light,green,Party,Newborn,Onesie,Denim,coral,699.0,0
279,Female,M,Light,green,Party,Men,T-Shirt,Rayon,peach,1999.0,1
279,Female,M,Light,green,Party,Women,Salwar,Cotton,cream,999.0,1
279,Female,M,Light,green,Party,Women,Top,Georgette,peach,999.0,1
279,Female,M,Light,green,Party,Newborn,Romper,Linen,coral,2999.0,0
279,Female,M,Light,green,Party,Men,Trousers,Linen,magenta,699.0,0
279,Female,M,Light,green,Party,Women,Kurti,Denim,mustard,4999.0,0
279,Female,M,Light,green,Party,Women,Kurti,Silk,magenta,699.0,0
279,Female,M,Light,green,Party,Men,Kurta,Silk,navy,299.0,0
279,Female,M,Light,green,Party,Women,Salwar,Silk,red,1999.0,1
279,Female,M,Light,green,Party,Kids,Ethnic,Wool,white,1299.0,1
279,Female,M,Light,green,Party,Women,Dress,Rayon,mustard,999.0,1
279,Female,M,Light,green,Party,Kids,Ethnic,Wool,teal,499.0,0
279,Female,M,Light,green,Party,Men,Kurta,Cotton,green,499.0,1
279,Female,M,Light,green,Party,Women,Dress,Georgette,green,299.0,1
280,Male,XS,Light,blue,Wedding,Kids,Frock,Cotton,peach,1299.0,1
280,Male,XS,Light,blue,Wedding,Newborn,Set,Rayon,burgundy,4999.0,0
280,Male,XS,Light,blue,Wedding,Women,Saree,Cotton,cream,999.0,1
280,Male,XS,Light,blue,Wedding,Women,Dress,Denim,pink,1299.0,1
280,Male,XS,Light,blue,Wedding,Men,Blazer,Linen,cream,299.0,1
280,Male,XS,Light,blue,Wedding,Men,Blazer,Rayon,red,1299.0,1
280,Male,XS,Light,blue,Wedding,Newborn,Set,Rayon,burgundy,999.0,0
280,Male,XS,Light,blue,Wedding,Kids,Frock,Rayon,lavender,499.0,0
280,Male,XS,Light,blue,Wedding,Newborn,Romper,Rayon,mustard,4999.0,0
280,Male,XS,Light,blue,Wedding,Newborn,Onesie,Silk,blue,299.0,1
280,Male,XS,Light,blue,Wedding,Kids,T-Shirt,Rayon,olive,999.0,0
280,Male,XS,Light,blue,Wedding,Men,Shirt,Wool,peach,1999.0,1
280,Male,XS,Light,blue,Wedding,Women,Saree,Denim,burgundy,499.0,0
280,Male,XS,Light,blue,Wedding,Men,T-Shirt,Rayon,green,2999.0,1
280,Male,XS,Light,blue,Wedding,Women,Kurti,Rayon,red,499.0,0
280,Male,XS,Light,blue,Wedding,Kids,T-Shirt,Georgette,gold,4999.0,0
280,Male,XS,Light,blue,Wedding,Kids,Frock,Cotton,lavender,499.0,0
280,Male,XS,Light,blue,Wedding,Men,Kurta,Silk,red,4999.0,1
280,Male,XS,Light,blue,Wedding,Kids,Shorts,Silk,gold,499.0,0
280,Male,XS,Light,blue,Wedding,Women,Top,Cotton,green,2999.0,1
280,Male,XS,Light,blue,Wedding,Men,Kurta,Cotton,green,499.0,1
280,Male,XS,Light,blue,Wedding,Men,Blazer,Georgette,burgundy,1299.0,1
280,Male,XS,Light,blue,Wedding,Kids,Ethnic,Rayon,burgundy,1999.0,0
280,Male,XS,Light,blue,Wedding,Women,Dress,Linen,olive,499.0,0
280,Male,XS,Light,blue,Wedding,Women,Salwar,Cotton,cream,999.0,0
281,Female,XS,Medium,burgundy,Office,Newborn,Onesie,Linen,burgundy,999.0,1
281,Female,XS,Medium,burgundy,Office,Women,Salwar,Denim,magenta,4999.0,1
281,Female,XS,Medium,burgundy,Office,Women,Top,Cotton,green,2999.0,0
281,Female,XS,Medium,burgundy,Office,Men,Trousers,Linen,lavender,1299.0,0
281,Female,XS,Medium,burgundy,Office,Newborn,Set,Silk,gold,299.0,0
281,Female,XS,Medium,burgundy,Office,Kids,Shorts,Georgette,cream,1999.0,1
281,Female,XS,Medium,burgundy,Office,Kids,Shorts,Silk,gold,499.0,0
281,Female,XS,Medium,burgundy,Office,Kids,Ethnic,Wool,white,1299.0,0
281,Female,XS,Medium,burgundy,Office,Women,Lehenga,Denim,pink,299.0,0
281,Female,XS,Medium,burgundy,Office,Kids,Frock,Rayon,lavender,499.0,0
281,Female,XS,Medium,burgundy,Office,Women,Top,Silk,gold,4999.0,0
281,Female,XS,Medium,burgundy,Office,Kids,Frock,Linen,peach,699.0,0
281,Female,XS,Medium,burgundy,Office,Newborn,Onesie,Denim,cream,499.0,0
281,Female,XS,Medium,burgundy,Office,Kids,T-Shirt,Georgette,gold,4999.0,0
281,Female,XS,Medium,burgundy,Office,Women,Salwar,Silk,red,1999.0,1
281,Female,XS,Medium,burgundy,Office,Newborn,Set,Rayon,burgundy,999.0,1
281,Female,XS,Medium,burgundy,Office,Newborn,Romper,Wool,burgundy,299.0,1
281,Female,XS,Medium,burgundy,Office,Kids,Ethnic,Cotton,red,1999.0,1
281,Female,XS,Medium,burgundy,Office,Men,Blazer,Linen,cream,299.0,0
281,Female,XS,Medium,burgundy,Office,Newborn,Onesie,Denim,coral,699.0,1
281,Female,XS,Medium,burgundy,Office,Men,Kurta,Silk,teal,1299.0,1
281,Female,XS,Medium,burgundy,Office,Newborn,Romper,Silk,black,499.0,0
281,Female,XS,Medium,burgundy,Office,Women,Salwar,Cotton,coral,1999.0,0
281,Female,XS,Medium,burgundy,Office,Men,Blazer,Linen,teal,1299.0,0
281,Female,XS,Medium,burgundy,Office,Kids,T-Shirt,Denim,blue,299.0,0
282,Female,L,Dark,blue,Office,Kids,Shorts,Georgette,cream,1999.0,0
282,Female,L,Dark,blue,Office,Kids,Ethnic,Rayon,royal blue,4999.0,1
282,Female,L,Dark,blue,Office,Newborn,Onesie,Denim,yellow,4999.0,0
282,Female,L,Dark,blue,Office,Newborn,Set,Wool,yellow,2999.0,0
282,Female,L,Dark,blue,Office,Newborn,Onesie,Silk,blue,299.0,1
282,Female,L,Dark,blue,Office,Kids,T-Shirt,Silk,white,999.0,0
282,Female,L,Dark,blue,Office,Men,Trousers,Linen,lavender,1299.0,0
282,Female,L,Dark,blue,Office,Women,Kurti,Silk,burgundy,4999.0,0
282,Female,L,Dark,blue,Office,Kids,T-Shirt,Rayon,olive,999.0,0
282,Female,L,Dark,blue,Office,Men,Shirt,Linen,green,1299.0,0
282,Female,L,Dark,blue,Office,Newborn,Set,Rayon,blue,999.0,1
282,Female,L,Dark,blue,Office,Newborn,Onesie,Cotton,yellow,2999.0,0
282,Female,L,Dark,blue,Office,Kids,Frock,Cotton,lavender,499.0,0
282,Female,L,Dark,blue,Office,Kids,T-Shirt,Denim,burgundy,1299.0,0
282,Female,L,Dark,blue,Office,Newborn,Romper,Silk,black,499.0,0
282,Female,L,Dark,blue,Office,Women,Salwar,Denim,magenta,4999.0,0
282,Female,L,Dark,blue,Office,Men,T-Shirt,Rayon,coral,999.0,1
282,Female,L,Dark,blue,Office,Men,Kurta,Silk,navy,299.0,0
282,Female,L,Dark,blue,Office,Kids,Shorts,Silk,gold,499.0,0
282,Female,L,Dark,blue,Office,Newborn,Onesie,Linen,burgundy,999.0,0
282,Female,L,Dark,blue,Office,Women,Salwar,Denim,burgundy,699.0,1
282,Female,L,Dark,blue,Office,Newborn,Romper,Rayon,mustard,4999.0,0
282,Female,L,Dark,blue,Office,Men,Kurta,Silk,teal,1299.0,0
282,Female,L,Dark,blue,Office,Kids,Ethnic,Cotton,red,1999.0,1
282,Female,L,Dark,blue,Office,Women,Salwar,Cotton,magenta,299.0,1
283,Male,XS,Medium,magenta,Daily,Newborn,Onesie,Cotton,yellow,1999.0,0
283,Male,XS,Medium,magenta,Daily,Women,Lehenga,Wool,white,999.0,0
283,Male,XS,Medium,magenta,Daily,Newborn,Onesie,Denim,royal blue,699.0,1
283,Male,XS,Medium,magenta,Daily,Kids,Ethnic,Wool,white,1299.0,0
283,Male,XS,Medium,magenta,Daily,Kids,T-Shirt,Silk,olive,499.0,1
283,Male,XS,Medium,magenta,Daily,Newborn,Set,Georgette,teal,2999.0,0
283,Male,XS,Medium,magenta,Daily,Kids,Frock,Rayon,lavender,499.0,0
283,Male,XS,Medium,magenta,Daily,Men,Kurta,Silk,teal,1299.0,1
283,Male,XS,Medium,magenta,Daily,Men,Shirt,Wool,peach,1999.0,1
283,Male,XS,Medium,magenta,Daily,Men,Trousers,Linen,magenta,699.0,1
283,Male,XS,Medium,magenta,Daily,Men,T-Shirt,Rayon,green,2999.0,0
283,Male,XS,Medium,magenta,Daily,Men,Blazer,Wool,white,499.0,1
283,Male,XS,Medium,magenta,Daily,Newborn,Set,Rayon,blue,999.0,0
283,Male,XS,Medium,magenta,Daily,Women,Kurti,Silk,magenta,699.0,1
283,Male,XS,Medium,magenta,Daily,Women,Top,Georgette,peach,999.0,0
283,Male,XS,Medium,magenta,Daily,Women,Dress,Silk,black,1299.0,0
283,Male,XS,Medium,magenta,Daily,Men,Shirt,Georgette,olive,499.0,1
283,Male,XS,Medium,magenta,Daily,Kids,Ethnic,Georgette,black,1299.0,0
283,Male,XS,Medium,magenta,Daily,Newborn,Onesie,Silk,blue,299.0,0
283,Male,XS,Medium,magenta,Daily,Newborn,Romper,Linen,peach,4999.0,0
283,Male,XS,Medium,magenta,Daily,Women,Salwar,Cotton,coral,1999.0,1
283,Male,XS,Medium,magenta,Daily,Newborn,Romper,Wool,coral,1999.0,1
283,Male,XS,Medium,magenta,Daily,Kids,Ethnic,Rayon,burgundy,1999.0,0
283,Male,XS,Medium,magenta,Daily,Newborn,Onesie,Denim,yellow,4999.0,0
283,Male,XS,Medium,magenta,Daily,Men,Blazer,Georgette,burgundy,1299.0,1
284,Female,XL,Warm,peach,Office,Men,T-Shirt,Rayon,coral,999.0,1
284,Female,XL,Warm,peach,Office,Men,Kurta,Silk,teal,1299.0,0
284,Female,XL,Warm,peach,Office,Newborn,Set,Wool,yellow,2999.0,0
284,Female,XL,Warm,peach,Office,Men,Trousers,Rayon,navy,1999.0,0
284,Female,XL,Warm,peach,Office,Kids,Frock,Linen,peach,699.0,1
284,Female,XL,Warm,peach,Office,Women,Saree,Cotton,cream,999.0,1
284,Female,XL,Warm,peach,Office,Kids,Ethnic,Rayon,burgundy,1999.0,0
284,Female,XL,Warm,peach,Office,Men,Trousers,Linen,magenta,699.0,0
284,Female,XL,Warm,peach,Office,Kids,Frock,Cotton,lavender,499.0,0
284,Female,XL,Warm,peach,Office,Women,Dress,Cotton,black,1999.0,0
284,Female,XL,Warm,peach,Office,Kids,Ethnic,Silk,burgundy,999.0,1
284,Female,XL,Warm,peach,Office,Women,Salwar,Rayon,gold,4999.0,1
284,Female,XL,Warm,peach,Office,Newborn,Onesie,Denim,cream,499.0,0
284,Female,XL,Warm,peach,Office,Men,Trousers,Silk,green,4999.0,0
284,Female,XL,Warm,peach,Office,Kids,T-Shirt,Georgette,gold,4999.0,0
284,Female,XL,Warm,peach,Office,Women,Top,Rayon,teal,1999.0,1
284,Female,XL,Warm,peach,Office,Newborn,Romper,Cotton,pink,999.0,0
284,Female,XL,Warm,peach,Office,Women,Salwar,Cotton,coral,1999.0,1
284,Female,XL,Warm,peach,Office,Newborn,Romper,Denim,navy,1299.0,0
284,Female,XL,Warm,peach,Office,Newborn,Set,Georgette,teal,699.0,0
284,Female,XL,Warm,peach,Office,Newborn,Onesie,Linen,burgundy,999.0,0
284,Female,XL,Warm,peach,Office,Women,Kurti,Denim,mustard,4999.0,1
284,Female,XL,Warm,peach,Office,Men,Blazer,Georgette,black,2999.0,0
284,Female,XL,Warm,peach,Office,Women,Salwar,Wool,navy,4999.0,1
284,Female,XL,Warm,peach,Office,Men,Blazer,Wool,white,499.0,0
285,Male,S,Medium,pink,Festival,Men,Kurta,Cotton,green,499.0,1
285,Male,S,Medium,pink,Festival,Men,Kurta,Silk,navy,299.0,0
285,Male,S,Medium,pink,Festival,Newborn,Romper,Denim,navy,1299.0,0
285,Male,S,Medium,pink,Festival,Newborn,Romper,Linen,peach,4999.0,0
285,Male,S,Medium,pink,Festival,Men,T-Shirt,Rayon,green,2999.0,0
285,Male,S,Medium,pink,Festival,Men,Shirt,Linen,blue,1299.0,1
285,Male,S,Medium,pink,Festival,Kids,Ethnic,Rayon,burgundy,1999.0,1
285,Male,S,Medium,pink,Festival,Women,Dress,Linen,olive,499.0,1
285,Male,S,Medium,pink,Festival,Women,Kurti,Cotton,cream,999.0,0
285,Male,S,Medium,pink,Festival,Men,Shirt,Georgette,olive,499.0,1
285,Male,S,Medium,pink,Festival,Kids,Ethnic,Cotton,olive,1999.0,1
285,Male,S,Medium,pink,Festival,Women,Lehenga,Denim,pink,299.0,1
285,Male,S,Medium,pink,Festival,Kids,Frock,Cotton,lavender,499.0,0
285,Male,S,Medium,pink,Festival,Newborn,Set,Georgette,teal,699.0,0
285,Male,S,Medium,pink,Festival,Newborn,Onesie,Cotton,yellow,1999.0,0
285,Male,S,Medium,pink,Festival,Women,Dress,Rayon,mustard,999.0,0
285,Male,S,Medium,pink,Festival,Men,Blazer,Linen,teal,1299.0,1
285,Male,S,Medium,pink,Festival,Women,Kurti,Denim,mustard,4999.0,0
285,Male,S,Medium,pink,Festival,Newborn,Romper,Rayon,mustard,4999.0,0
285,Male,S,Medium,pink,Festival,Women,Salwar,Cotton,coral,1999.0,0
285,Male,S,Medium,pink,Festival,Women,Lehenga,Rayon,black,699.0,0
285,Male,S,Medium,pink,Festival,Women,Salwar,Denim,burgundy,2999.0,0
285,Male,S,Medium,pink,Festival,Men,Shirt,Wool,peach,1999.0,0
285,Male,S,Medium,pink,Festival,Newborn,Set,Wool,yellow,2999.0,0
285,Male,S,Medium,pink,Festival,Newborn,Onesie,Cotton,yellow,2999.0,0
286,Female,XXL,Dark,royal blue,Wedding,Kids,Frock,Cotton,peach,1299.0,0
286,Female,XXL,Dark,royal blue,Wedding,Kids,Ethnic,Wool,teal,499.0,0
286,Female,XXL,Dark,royal blue,Wedding,Women,Salwar,Rayon,gold,4999.0,1
286,Female,XXL,Dark,royal blue,Wedding,Men,Shirt,Cotton,blue,299.0,0
286,Female,XXL,Dark,royal blue,Wedding,Kids,T-Shirt,Rayon,olive,999.0,0
286,Female,XXL,Dark,royal blue,Wedding,Newborn,Romper,Linen,coral,2999.0,1
286,Female,XXL,Dark,royal blue,Wedding,Men,Shirt,Linen,blue,1299.0,0
286,Female,XXL,Dark,royal blue,Wedding,Women,Dress,Denim,pink,1299.0,0
286,Female,XXL,Dark,royal blue,Wedding,Newborn,Set,Denim,royal blue,999.0,1
286,Female,XXL,Dark,royal blue,Wedding,Women,Dress,Cotton,black,1999.0,0
286,Female,XXL,Dark,royal blue,Wedding,Men,Trousers,Cotton,royal blue,1999.0,1
286,Female,XXL,Dark,royal blue,Wedding,Women,Top,Cotton,green,2999.0,0
286,Female,XXL,Dark,royal blue,Wedding,Kids,Ethnic,Silk,burgundy,999.0,0
286,Female,XXL,Dark,royal blue,Wedding,Men,Kurta,Silk,teal,1299.0,0
286,Female,XXL,Dark,royal blue,Wedding,Kids,Shorts,Georgette,cream,1999.0,0
286,Female,XXL,Dark,royal blue,Wedding,Men,Blazer,Wool,white,499.0,1
286,Female,XXL,Dark,royal blue,Wedding,Women,Kurti,Denim,white,699.0,1
286,Female,XXL,Dark,royal blue,Wedding,Men,Shirt,Wool,peach,1999.0,0
286,Female,XXL,Dark,royal blue,Wedding,Women,Kurti,Silk,burgundy,4999.0,0
286,Female,XXL,Dark,royal blue,Wedding,Men,T-Shirt,Rayon,coral,999.0,1
286,Female,XXL,Dark,royal blue,Wedding,Kids,Frock,Wool,burgundy,999.0,0
286,Female,XXL,Dark,royal blue,Wedding,Women,Top,Georgette,peach,999.0,0
286,Female,XXL,Dark,royal blue,Wedding,Women,Saree,Denim,peach,1999.0,1
286,Female,XXL,Dark,royal blue,Wedding,Women,Lehenga,Wool,white,999.0,1
286,Female,XXL,Dark,royal blue,Wedding,Women,Top,Rayon,teal,1999.0,0
287,Male,Free Size,Light,peach,Office,Men,T-Shirt,Rayon,peach,1999.0,1
287,Male,Free Size,Light,peach,Office,Kids,Frock,Silk,cream,1999.0,1
287,Male,Free Size,Light,peach,Office,Newborn,Romper,Rayon,mustard,4999.0,0
287,Male,Free Size,Light,peach,Office,Women,Top,Silk,gold,4999.0,0
287,Male,Free Size,Light,peach,Office,Men,Trousers,Rayon,olive,499.0,0
287,Male,Free Size,Light,peach,Office,Men,Trousers,Silk,green,4999.0,1
287,Male,Free Size,Light,peach,Office,Kids,Ethnic,Wool,white,1299.0,1
287,Male,Free Size,Light,peach,Office,Kids,T-Shirt,Denim,blue,299.0,0
287,Male,Free Size,Light,peach,Office,Women,Lehenga,Wool,white,999.0,0
287,Male,Free Size,Light,peach,Office,Women,Salwar,Cotton,coral,1999.0,1
287,Male,Free Size,Light,peach,Office,Women,Salwar,Cotton,magenta,299.0,0
287,Male,Free Size,Light,peach,Office,Newborn,Onesie,Denim,cream,499.0,1
287,Male,Free Size,Light,peach,Office,Men,Blazer,Wool,white,499.0,1
287,Male,Free Size,Light,peach,Office,Newborn,Onesie,Denim,royal blue,699.0,0
287,Male,Free Size,Light,peach,Office,Men,Blazer,Linen,cream,299.0,1
287,Male,Free Size,Light,peach,Office,Newborn,Romper,Linen,coral,2999.0,0
287,Male,Free Size,Light,peach,Office,Women,Kurti,Silk,burgundy,4999.0,0
287,Male,Free Size,Light,peach,Office,Newborn,Set,Rayon,burgundy,4999.0,0
287,Male,Free Size,Light,peach,Office,Men,Kurta,Silk,red,4999.0,0
287,Male,Free Size,Light,peach,Office,Men,Trousers,Cotton,royal blue,1999.0,1
287,Male,Free Size,Light,peach,Office,Kids,Ethnic,Rayon,burgundy,1999.0,0
287,Male,Free Size,Light,peach,Office,Men,Blazer,Denim,pink,699.0,1
287,Male,Free Size,Light,peach,Office,Men,T-Shirt,Rayon,coral,999.0,1
287,Male,Free Size,Light,peach,Office,Kids,T-Shirt,Cotton,black,499.0,0
287,Male,Free Size,Light,peach,Office,Kids,T-Shirt,Silk,white,999.0,0
288,Male,Free Size,Fair,teal,Wedding,Women,Dress,Rayon,mustard,999.0,0
288,Male,Free Size,Fair,teal,Wedding,Kids,Shorts,Georgette,cream,1999.0,0
288,Male,Free Size,Fair,teal,Wedding,Women,Salwar,Cotton,cream,999.0,0
288,Male,Free Size,Fair,teal,Wedding,Newborn,Set,Rayon,burgundy,999.0,0
288,Male,Free Size,Fair,teal,Wedding,Newborn,Set,Silk,gold,299.0,0
288,Male,Free Size,Fair,teal,Wedding,Kids,Frock,Rayon,lavender,499.0,1
288,Male,Free Size,Fair,teal,Wedding,Women,Kurti,Silk,magenta,699.0,0
288,Male,Free Size,Fair,teal,Wedding,Newborn,Romper,Wool,burgundy,299.0,0
288,Male,Free Size,Fair,teal,Wedding,Women,Lehenga,Rayon,black,699.0,0
288,Male,Free Size,Fair,teal,Wedding,Newborn,Onesie,Denim,cream,499.0,0
288,Male,Free Size,Fair,teal,Wedding,Women,Lehenga,Denim,pink,299.0,0
288,Male,Free Size,Fair,teal,Wedding,Newborn,Romper,Cotton,pink,999.0,1
288,Male,Free Size,Fair,teal,Wedding,Women,Dress,Linen,yellow,1999.0,0
288,Male,Free Size,Fair,teal,Wedding,Women,Top,Georgette,peach,999.0,0
288,Male,Free Size,Fair,teal,Wedding,Newborn,Romper,Denim,navy,1299.0,0
288,Male,Free Size,Fair,teal,Wedding,Men,Kurta,Silk,navy,299.0,0
288,Male,Free Size,Fair,teal,Wedding,Kids,Ethnic,Rayon,burgundy,1999.0,0
288,Male,Free Size,Fair,teal,Wedding,Men,Blazer,Linen,cream,299.0,0
288,Male,Free Size,Fair,teal,Wedding,Women,Salwar,Denim,burgundy,2999.0,0
288,Male,Free Size,Fair,teal,Wedding,Kids,T-Shirt,Denim,burgundy,1299.0,0
288,Male,Free Size,Fair,teal,Wedding,Women,Kurti,Linen,yellow,299.0,0
288,Male,Free Size,Fair,teal,Wedding,Kids,Ethnic,Rayon,royal blue,4999.0,0
288,Male,Free Size,Fair,teal,Wedding,Kids,T-Shirt,Georgette,gold,4999.0,0
288,Male,Free Size,Fair,teal,Wedding,Newborn,Romper,Wool,burgundy,999.0,0
288,Male,Free Size,Fair,teal,Wedding,Kids,T-Shirt,Rayon,olive,999.0,0
289,Female,S,Light,olive,Daily,Kids,Shorts,Georgette,cream,1999.0,1
289,Female,S,Light,olive,Daily,Newborn,Romper,Cotton,pink,999.0,0
289,Female,S,Light,olive,Daily,Women,Salwar,Wool,navy,4999.0,0
289,Female,S,Light,olive,Daily,Men,Blazer,Wool,white,499.0,1
289,Female,S,Light,olive,Daily,Men,Shirt,Cotton,blue,299.0,0
289,Female,S,Light,olive,Daily,Women,Kurti,Denim,mustard,4999.0,1
289,Female,S,Light,olive,Daily,Women,Top,Georgette,peach,999.0,1
289,Female,S,Light,olive,Daily,Newborn,Romper,Linen,coral,2999.0,1
289,Female,S,Light,olive,Daily,Newborn,Onesie,Denim,royal blue,699.0,0
289,Female,S,Light,olive,Daily,Men,Trousers,Silk,green,4999.0,0
289,Female,S,Light,olive,Daily,Kids,Frock,Cotton,lavender,499.0,0
289,Female,S,Light,olive,Daily,Women,Kurti,Silk,magenta,699.0,1
289,Female,S,Light,olive,Daily,Newborn,Set,Silk,gold,299.0,0
289,Female,S,Light,olive,Daily,Men,Shirt,Wool,peach,1999.0,1
289,Female,S,Light,olive,Daily,Newborn,Romper,Rayon,gold,699.0,0
289,Female,S,Light,olive,Daily,Newborn,Onesie,Denim,cream,499.0,1
289,Female,S,Light,olive,Daily,Men,Kurta,Silk,teal,1299.0,0
289,Female,S,Light,olive,Daily,Women,Dress,Cotton,black,1999.0,1
289,Female,S,Light,olive,Daily,Women,Salwar,Cotton,coral,1999.0,1
289,Female,S,Light,olive,Daily,Men,Shirt,Linen,green,1299.0,0
289,Female,S,Light,olive,Daily,Men,Kurta,Silk,red,4999.0,0
289,Female,S,Light,olive,Daily,Women,Lehenga,Denim,pink,299.0,1
289,Female,S,Light,olive,Daily,Women,Kurti,Denim,white,699.0,1
289,Female,S,Light,olive,Daily,Men,Shirt,Georgette,olive,499.0,1
289,Female,S,Light,olive,Daily,Women,Top,Silk,gold,4999.0,0
290,Male,M,Dark,coral,Casual,Newborn,Set,Georgette,teal,699.0,0
290,Male,M,Dark,coral,Casual,Kids,Frock,Linen,peach,699.0,0
290,Male,M,Dark,coral,Casual,Men,Kurta,Silk,teal,1299.0,1
290,Male,M,Dark,coral,Casual,Newborn,Romper,Silk,lavender,1999.0,0
290,Male,M,Dark,coral,Casual,Kids,T-Shirt,Georgette,gold,4999.0,0
290,Male,M,Dark,coral,Casual,Newborn,Set,Georgette,pink,4999.0,0
290,Male,M,Dark,coral,Casual,Newborn,Romper,Wool,coral,1999.0,1
290,Male,M,Dark,coral,Casual,Newborn,Romper,Rayon,mustard,4999.0,0
290,Male,M,Dark,coral,Casual,Newborn,Romper,Linen,coral,2999.0,1
290,Male,M,Dark,coral,Casual,Women,Dress,Linen,yellow,1999.0,0
290,Male,M,Dark,coral,Casual,Men,Blazer,Linen,teal,999.0,1
290,Male,M,Dark,coral,Casual,Kids,Frock,Wool,burgundy,999.0,0
290,Male,M,Dark,coral,Casual,Kids,Ethnic,Silk,burgundy,999.0,0
290,Male,M,Dark,coral,Casual,Kids,T-Shirt,Silk,olive,499.0,0
290,Male,M,Dark,coral,Casual,Men,Shirt,Georgette,olive,499.0,1
290,Male,M,Dark,coral,Casual,Men,Shirt,Cotton,blue,299.0,0
290,Male,M,Dark,coral,Casual,Men,Trousers,Linen,lavender,1299.0,0
290,Male,M,Dark,coral,Casual,Newborn,Onesie,Silk,blue,299.0,0
290,Male,M,Dark,coral,Casual,Women,Dress,Georgette,green,299.0,0
290,Male,M,Dark,coral,Casual,Kids,Ethnic,Georgette,black,1299.0,0
290,Male,M,Dark,coral,Casual,Kids,T-Shirt,Denim,navy,1999.0,0
290,Male,M,Dark,coral,Casual,Kids,Frock,Georgette,black,499.0,0
290,Male,M,Dark,coral,Casual,Men,Blazer,Linen,teal,1299.0,1
290,Male,M,Dark,coral,Casual,Kids,T-Shirt,Denim,blue,299.0,0
290,Male,M,Dark,coral,Casual,Newborn,Onesie,Denim,royal blue,699.0,1
291,Female,S,Deep,burgundy,Party,Kids,Shorts,Georgette,cream,1999.0,0
291,Female,S,Deep,burgundy,Party,Newborn,Onesie,Denim,cream,499.0,0
291,Female,S,Deep,burgundy,Party,Kids,Ethnic,Rayon,royal blue,4999.0,1
291,Female,S,Deep,burgundy,Party,Kids,Frock,Rayon,lavender,499.0,0
291,Female,S,Deep,burgundy,Party,Women,Salwar,Denim,burgundy,2999.0,1
291,Female,S,Deep,burgundy,Party,Newborn,Onesie,Silk,blue,299.0,0
291,Female,S,Deep,burgundy,Party,Men,T-Shirt,Linen,red,499.0,0
291,Female,S,Deep,burgundy,Party,Kids,T-Shirt,Rayon,olive,999.0,0
291,Female,S,Deep,burgundy,Party,Men,Blazer,Linen,cream,299.0,0
291,Female,S,Deep,burgundy,Party,Newborn,Romper,Rayon,gold,699.0,1
291,Female,S,Deep,burgundy,Party,Men,Trousers,Rayon,olive,499.0,0
291,Female,S,Deep,burgundy,Party,Newborn,Set,Wool,yellow,2999.0,0
291,Female,S,Deep,burgundy,Party,Newborn,Romper,Wool,coral,1999.0,0
291,Female,S,Deep,burgundy,Party,Newborn,Onesie,Linen,pink,1299.0,0
291,Female,S,Deep,burgundy,Party,Women,Top,Rayon,teal,1999.0,1
291,Female,S,Deep,burgundy,Party,Men,Shirt,Georgette,olive,499.0,0
291,Female,S,Deep,burgundy,Party,Women,Dress,Cotton,black,1999.0,0
291,Female,S,Deep,burgundy,Party,Newborn,Set,Rayon,white,2999.0,0
291,Female,S,Deep,burgundy,Party,Men,Kurta,Silk,red,4999.0,0
291,Female,S,Deep,burgundy,Party,Newborn,Set,Georgette,teal,699.0,0
291,Female,S,Deep,burgundy,Party,Kids,Ethnic,Rayon,burgundy,1999.0,1
291,Female,S,Deep,burgundy,Party,Women,Salwar,Rayon,gold,4999.0,1
291,Female,S,Deep,burgundy,Party,Women,Salwar,Wool,navy,4999.0,0
291,Female,S,Deep,burgundy,Party,Kids,Frock,Linen,peach,699.0,0
291,Female,S,Deep,burgundy,Party,Women,Kurti,Linen,yellow,299.0,1
292,Male,XXL,Medium,burgundy,Casual,Men,Trousers,Linen,lavender,1299.0,0
292,Male,XXL,Medium,burgundy,Casual,Women,Salwar,Denim,burgundy,699.0,1
292,Male,XXL,Medium,burgundy,Casual,Kids,Ethnic,Georgette,black,1299.0,0
292,Male,XXL,Medium,burgundy,Casual,Kids,T-Shirt,Denim,burgundy,1299.0,1
292,Male,XXL,Medium,burgundy,Casual,Men,Kurta,Silk,navy,299.0,0
292,Male,XXL,Medium,burgundy,Casual,Men,Shirt,Linen,green,1299.0,0
292,Male,XXL,Medium,burgundy,Casual,Women,Salwar,Cotton,coral,1999.0,1
292,Male,XXL,Medium,burgundy,Casual,Kids,Frock,Cotton,peach,1299.0,0
292,Male,XXL,Medium,burgundy,Casual,Men,Trousers,Denim,lavender,1299.0,1
292,Male,XXL,Medium,burgundy,Casual,Newborn,Romper,Cotton,pink,999.0,0
292,Male,XXL,Medium,burgundy,Casual,Women,Salwar,Cotton,magenta,299.0,0
292,Male,XXL,Medium,burgundy,Casual,Kids,Ethnic,Cotton,olive,1999.0,0
292,Male,XXL,Medium,burgundy,Casual,Men,Blazer,Georgette,burgundy,1299.0,0
292,Male,XXL,Medium,burgundy,Casual,Women,Kurti,Silk,magenta,699.0,0
292,Male,XXL,Medium,burgundy,Casual,Men,Shirt,Cotton,blue,299.0,0
292,Male,XXL,Medium,burgundy,Casual,Men,Kurta,Silk,teal,1299.0,1
292,Male,XXL,Medium,burgundy,Casual,Men,Blazer,Linen,teal,999.0,1
292,Male,XXL,Medium,burgundy,Casual,Kids,Ethnic,Rayon,burgundy,1999.0,1
292,Male,XXL,Medium,burgundy,Casual,Kids,T-Shirt,Denim,navy,1999.0,0
292,Male,XXL,Medium,burgundy,Casual,Men,Trousers,Rayon,navy,1999.0,1
292,Male,XXL,Medium,burgundy,Casual,Kids,Ethnic,Rayon,royal blue,4999.0,1
292,Male,XXL,Medium,burgundy,Casual,Newborn,Romper,Silk,lavender,1999.0,0
292,Male,XXL,Medium,burgundy,Casual,Women,Dress,Linen,yellow,1999.0,0
292,Male,XXL,Medium,burgundy,Casual,Women,Kurti,Denim,white,699.0,0
292,Male,XXL,Medium,burgundy,Casual,Newborn,Set,Georgette,teal,699.0,1
293,Male,XL,Dark,blue,Wedding,Newborn,Romper,Wool,burgundy,299.0,0
293,Male,XL,Dark,blue,Wedding,Women,Salwar,Denim,burgundy,2999.0,0
293,Male,XL,Dark,blue,Wedding,Women,Top,Rayon,magenta,699.0,0
293,Male,XL,Dark,blue,Wedding,Women,Salwar,Cotton,magenta,299.0,1
293,Male,XL,Dark,blue,Wedding,Men,Trousers,Cotton,royal blue,1999.0,1
293,Male,XL,Dark,blue,Wedding,Men,Blazer,Georgette,burgundy,1299.0,1
293,Male,XL,Dark,blue,Wedding,Kids,Frock,Linen,peach,699.0,0
293,Male,XL,Dark,blue,Wedding,Women,Top,Silk,gold,4999.0,0
293,Male,XL,Dark,blue,Wedding,Men,Trousers,Rayon,navy,1999.0,0
293,Male,XL,Dark,blue,Wedding,Women,Salwar,Denim,magenta,4999.0,0
293,Male,XL,Dark,blue,Wedding,Kids,T-Shirt,Cotton,black,499.0,0
293,Male,XL,Dark,blue,Wedding,Women,Dress,Silk,black,1299.0,0
293,Male,XL,Dark,blue,Wedding,Kids,T-Shirt,Denim,navy,1999.0,0
293,Male,XL,Dark,blue,Wedding,Kids,Ethnic,Wool,teal,499.0,0
293,Male,XL,Dark,blue,Wedding,Women,Salwar,Cotton,coral,1999.0,0
293,Male,XL,Dark,blue,Wedding,Men,Shirt,Georgette,olive,499.0,1
293,Male,XL,Dark,blue,Wedding,Newborn,Set,Georgette,teal,699.0,0
293,Male,XL,Dark,blue,Wedding,Newborn,Set,Rayon,burgundy,4999.0,0
293,Male,XL,Dark,blue,Wedding,Women,Salwar,Wool,navy,4999.0,0
293,Male,XL,Dark,blue,Wedding,Kids,Frock,Rayon,lavender,499.0,0
293,Male,XL,Dark,blue,Wedding,Newborn,Romper,Silk,lavender,1999.0,0
293,Male,XL,Dark,blue,Wedding,Newborn,Romper,Rayon,gold,699.0,0
293,Male,XL,Dark,blue,Wedding,Newborn,Onesie,Silk,blue,299.0,1
293,Male,XL,Dark,blue,Wedding,Kids,Ethnic,Rayon,royal blue,4999.0,1
293,Male,XL,Dark,blue,Wedding,Kids,Frock,Wool,burgundy,999.0,0
294,Female,Free Size,Dark,cream,Casual,Kids,T-Shirt,Silk,white,999.0,1
294,Female,Free Size,Dark,cream,Casual,Newborn,Set,Denim,royal blue,999.0,0
294,Female,Free Size,Dark,cream,Casual,Women,Salwar,Denim,burgundy,699.0,0
294,Female,Free Size,Dark,cream,Casual,Kids,Ethnic,Wool,teal,499.0,0
294,Female,Free Size,Dark,cream,Casual,Women,Salwar,Silk,red,1999.0,1
294,Female,Free Size,Dark,cream,Casual,Kids,T-Shirt,Cotton,black,499.0,0
294,Female,Free Size,Dark,cream,Casual,Men,Trousers,Linen,lavender,1299.0,0
294,Female,Free Size,Dark,cream,Casual,Newborn,Set,Rayon,white,2999.0,0
294,Female,Free Size,Dark,cream,Casual,Women,Lehenga,Rayon,black,699.0,1
294,Female,Free Size,Dark,cream,Casual,Women,Dress,Silk,black,1299.0,1
294,Female,Free Size,Dark,cream,Casual,Men,Blazer,Rayon,red,1299.0,0
294,Female,Free Size,Dark,cream,Casual,Women,Lehenga,Wool,white,999.0,1
294,Female,Free Size,Dark,cream,Casual,Men,Blazer,Denim,pink,699.0,0
294,Female,Free Size,Dark,cream,Casual,Newborn,Onesie,Silk,blue,299.0,0
294,Female,Free Size,Dark,cream,Casual,Women,Top,Rayon,teal,1999.0,1
294,Female,Free Size,Dark,cream,Casual,Women,Dress,Rayon,mustard,999.0,0
294,Female,Free Size,Dark,cream,Casual,Men,Trousers,Rayon,navy,1999.0,0
294,Female,Free Size,Dark,cream,Casual,Kids,Frock,Cotton,lavender,499.0,0
294,Female,Free Size,Dark,cream,Casual,Men,Shirt,Linen,blue,1299.0,0
294,Female,Free Size,Dark,cream,Casual,Newborn,Set,Georgette,teal,699.0,0
294,Female,Free Size,Dark,cream,Casual,Men,Blazer,Linen,cream,299.0,0
294,Female,Free Size,Dark,cream,Casual,Newborn,Romper,Wool,burgundy,299.0,0
294,Female,Free Size,Dark,cream,Casual,Newborn,Romper,Denim,navy,1299.0,0
294,Female,Free Size,Dark,cream,Casual,Kids,Frock,Linen,peach,699.0,0
294,Female,Free Size,Dark,cream,Casual,Men,Trousers,Linen,magenta,699.0,1
295,Male,XS,Deep,navy,Party,Kids,Ethnic,Rayon,royal blue,4999.0,1
295,Male,XS,Deep,navy,Party,Newborn,Onesie,Cotton,yellow,1999.0,0
295,Male,XS,Deep,navy,Party,Women,Lehenga,Wool,white,999.0,1
295,Male,XS,Deep,navy,Party,Kids,Ethnic,Silk,burgundy,999.0,0
295,Male,XS,Deep,navy,Party,Newborn,Set,Wool,yellow,2999.0,1
295,Male,XS,Deep,navy,Party,Newborn,Onesie,Silk,blue,299.0,0
295,Male,XS,Deep,navy,Party,Newborn,Romper,Silk,black,499.0,0
295,Male,XS,Deep,navy,Party,Kids,Ethnic,Rayon,burgundy,1999.0,0
295,Male,XS,Deep,navy,Party,Kids,Frock,Cotton,peach,1299.0,0
295,Male,XS,Deep,navy,Party,Men,T-Shirt,Rayon,green,2999.0,0
295,Male,XS,Deep,navy,Party,Kids,T-Shirt,Silk,white,999.0,0
295,Male,XS,Deep,navy,Party,Men,T-Shirt,Rayon,peach,1999.0,0
295,Male,XS,Deep,navy,Party,Newborn,Onesie,Denim,coral,699.0,0
295,Male,XS,Deep,navy,Party,Kids,Frock,Cotton,lavender,499.0,0
295,Male,XS,Deep,navy,Party,Newborn,Set,Georgette,pink,4999.0,0
295,Male,XS,Deep,navy,Party,Newborn,Romper,Cotton,pink,999.0,0
295,Male,XS,Deep,navy,Party,Men,Trousers,Cotton,royal blue,1999.0,1
295,Male,XS,Deep,navy,Party,Women,Salwar,Cotton,cream,999.0,0
295,Male,XS,Deep,navy,Party,Women,Salwar,Wool,navy,4999.0,0
295,Male,XS,Deep,navy,Party,Newborn,Set,Rayon,blue,999.0,1
295,Male,XS,Deep,navy,Party,Men,Shirt,Georgette,olive,499.0,0
295,Male,XS,Deep,navy,Party,Kids,Frock,Rayon,lavender,499.0,0
295,Male,XS,Deep,navy,Party,Newborn,Set,Rayon,burgundy,4999.0,0
295,Male,XS,Deep,navy,Party,Women,Top,Silk,gold,4999.0,0
295,Male,XS,Deep,navy,Party,Men,Shirt,Linen,green,1299.0,0
296,Male,Free Size,Dark,peach,Office,Kids,Ethnic,Rayon,burgundy,1999.0,0
296,Male,Free Size,Dark,peach,Office,Newborn,Onesie,Cotton,yellow,2999.0,0
296,Male,Free Size,Dark,peach,Office,Kids,Frock,Georgette,black,499.0,0
296,Male,Free Size,Dark,peach,Office,Women,Top,Cotton,green,2999.0,0
296,Male,Free Size,Dark,peach,Office,Newborn,Romper,Rayon,mustard,4999.0,0
296,Male,Free Size,Dark,peach,Office,Newborn,Onesie,Denim,coral,699.0,0
296,Male,Free Size,Dark,peach,Office,Newborn,Romper,Linen,coral,2999.0,0
296,Male,Free Size,Dark,peach,Office,Newborn,Onesie,Cotton,yellow,1999.0,1
296,Male,Free Size,Dark,peach,Office,Kids,T-Shirt,Cotton,black,499.0,0
296,Male,Free Size,Dark,peach,Office,Women,Lehenga,Rayon,black,699.0,0
296,Male,Free Size,Dark,peach,Office,Men,Shirt,Cotton,blue,299.0,1
296,Male,Free Size,Dark,peach,Office,Kids,Ethnic,Wool,white,1299.0,0
296,Male,Free Size,Dark,peach,Office,Women,Dress,Cotton,black,1999.0,0
296,Male,Free Size,Dark,peach,Office,Newborn,Onesie,Linen,burgundy,999.0,0
296,Male,Free Size,Dark,peach,Office,Men,Blazer,Georgette,burgundy,1299.0,0
296,Male,Free Size,Dark,peach,Office,Men,Shirt,Linen,green,1299.0,1
296,Male,Free Size,Dark,peach,Office,Kids,T-Shirt,Denim,blue,299.0,0
296,Male,Free Size,Dark,peach,Office,Women,Kurti,Cotton,cream,999.0,0
296,Male,Free Size,Dark,peach,Office,Men,T-Shirt,Linen,red,499.0,1
296,Male,Free Size,Dark,peach,Office,Women,Salwar,Denim,burgundy,699.0,0
296,Male,Free Size,Dark,peach,Office,Men,Kurta,Silk,teal,1299.0,0
296,Male,Free Size,Dark,peach,Office,Newborn,Romper,Linen,peach,4999.0,0
296,Male,Free Size,Dark,peach,Office,Women,Kurti,Silk,magenta,699.0,1
296,Male,Free Size,Dark,peach,Office,Women,Salwar,Silk,red,1999.0,0
296,Male,Free Size,Dark,peach,Office,Newborn,Set,Georgette,teal,2999.0,0
297,Male,L,Deep,burgundy,Party,Men,T-Shirt,Rayon,coral,999.0,1
297,Male,L,Deep,burgundy,Party,Men,Trousers,Silk,green,4999.0,0
297,Male,L,Deep,burgundy,Party,Women,Salwar,Wool,navy,4999.0,0
297,Male,L,Deep,burgundy,Party,Men,Shirt,Rayon,peach,1999.0,1
297,Male,L,Deep,burgundy,Party,Newborn,Set,Georgette,teal,2999.0,0
297,Male,L,Deep,burgundy,Party,Kids,T-Shirt,Denim,blue,299.0,0
297,Male,L,Deep,burgundy,Party,Kids,Ethnic,Wool,white,1299.0,1
297,Male,L,Deep,burgundy,Party,Women,Kurti,Denim,mustard,4999.0,0
297,Male,L,Deep,burgundy,Party,Men,Trousers,Linen,magenta,699.0,1
297,Male,L,Deep,burgundy,Party,Kids,T-Shirt,Denim,navy,1999.0,0
297,Male,L,Deep,burgundy,Party,Women,Dress,Linen,olive,499.0,0
297,Male,L,Deep,burgundy,Party,Kids,T-Shirt,Cotton,black,499.0,0
297,Male,L,Deep,burgundy,Party,Men,Blazer,Linen,cream,299.0,1
297,Male,L,Deep,burgundy,Party,Men,Blazer,Linen,teal,999.0,1
297,Male,L,Deep,burgundy,Party,Women,Salwar,Denim,magenta,4999.0,0
297,Male,L,Deep,burgundy,Party,Kids,Shorts,Silk,gold,499.0,0
297,Male,L,Deep,burgundy,Party,Men,T-Shirt,Rayon,green,2999.0,0
297,Male,L,Deep,burgundy,Party,Newborn,Romper,Linen,coral,2999.0,0
297,Male,L,Deep,burgundy,Party,Newborn,Romper,Silk,black,499.0,0
297,Male,L,Deep,burgundy,Party,Men,Kurta,Cotton,green,499.0,1
297,Male,L,Deep,burgundy,Party,Newborn,Set,Rayon,burgundy,4999.0,1
297,Male,L,Deep,burgundy,Party,Women,Salwar,Denim,burgundy,699.0,1
297,Male,L,Deep,burgundy,Party,Kids,Shorts,Georgette,cream,1999.0,0
297,Male,L,Deep,burgundy,Party,Men,Trousers,Cotton,royal blue,1999.0,1
297,Male,L,Deep,burgundy,Party,Kids,Frock,Cotton,lavender,499.0,0
298,Female,L,Light,magenta,Party,Women,Dress,Linen,yellow,1999.0,1
298,Female,L,Light,magenta,Party,Women,Saree,Denim,burgundy,499.0,1
298,Female,L,Light,magenta,Party,Newborn,Romper,Wool,burgundy,999.0,0
298,Female,L,Light,magenta,Party,Women,Lehenga,Rayon,black,699.0,1
298,Female,L,Light,magenta,Party,Women,Salwar,Wool,navy,4999.0,0
298,Female,L,Light,magenta,Party,Women,Salwar,Rayon,gold,4999.0,0
298,Female,L,Light,magenta,Party,Men,Blazer,Linen,cream,299.0,1
298,Female,L,Light,magenta,Party,Kids,T-Shirt,Rayon,olive,999.0,0
298,Female,L,Light,magenta,Party,Kids,Ethnic,Wool,teal,499.0,1
298,Female,L,Light,magenta,Party,Men,Blazer,Denim,pink,699.0,1
298,Female,L,Light,magenta,Party,Newborn,Romper,Silk,black,499.0,0
298,Female,L,Light,magenta,Party,Newborn,Set,Georgette,pink,4999.0,0
298,Female,L,Light,magenta,Party,Women,Salwar,Denim,magenta,4999.0,1
298,Female,L,Light,magenta,Party,Women,Top,Silk,gold,4999.0,0
298,Female,L,Light,magenta,Party,Women,Saree,Denim,peach,1999.0,1
298,Female,L,Light,magenta,Party,Men,Blazer,Linen,teal,1299.0,1
298,Female,L,Light,magenta,Party,Men,Trousers,Linen,magenta,699.0,1
298,Female,L,Light,magenta,Party,Women,Dress,Rayon,mustard,999.0,1
298,Female,L,Light,magenta,Party,Newborn,Romper,Cotton,pink,999.0,0
298,Female,L,Light,magenta,Party,Kids,T-Shirt,Silk,white,999.0,1
298,Female,L,Light,magenta,Party,Newborn,Set,Rayon,blue,999.0,1
298,Female,L,Light,magenta,Party,Newborn,Romper,Denim,navy,1299.0,0
298,Female,L,Light,magenta,Party,Kids,Ethnic,Wool,white,1299.0,1
298,Female,L,Light,magenta,Party,Kids,Ethnic,Rayon,burgundy,1999.0,0
298,Female,L,Light,magenta,Party,Kids,T-Shirt,Silk,olive,499.0,0
299,Female,XS,Deep,cream,Wedding,Newborn,Set,Silk,gold,299.0,1
299,Female,XS,Deep,cream,Wedding,Newborn,Romper,Linen,peach,4999.0,0
299,Female,XS,Deep,cream,Wedding,Newborn,Set,Georgette,pink,4999.0,0
299,Female,XS,Deep,cream,Wedding,Men,Shirt,Linen,green,1299.0,0
299,Female,XS,Deep,cream,Wedding,Kids,T-Shirt,Cotton,black,499.0,0
299,Female,XS,Deep,cream,Wedding,Women,Salwar,Denim,burgundy,699.0,0
299,Female,XS,Deep,cream,Wedding,Kids,Frock,Cotton,peach,1299.0,0
299,Female,XS,Deep,cream,Wedding,Women,Kurti,Denim,mustard,4999.0,0
299,Female,XS,Deep,cream,Wedding,Women,Dress,Rayon,mustard,999.0,0
299,Female,XS,Deep,cream,Wedding,Newborn,Romper,Silk,lavender,1999.0,0
299,Female,XS,Deep,cream,Wedding,Newborn,Romper,Wool,burgundy,999.0,1
299,Female,XS,Deep,cream,Wedding,Women,Top,Silk,gold,4999.0,1
299,Female,XS,Deep,cream,Wedding,Men,Trousers,Silk,green,4999.0,0
299,Female,XS,Deep,cream,Wedding,Kids,Ethnic,Wool,teal,499.0,0
299,Female,XS,Deep,cream,Wedding,Newborn,Onesie,Linen,burgundy,999.0,1
299,Female,XS,Deep,cream,Wedding,Women,Dress,Linen,yellow,1999.0,1
299,Female,XS,Deep,cream,Wedding,Newborn,Romper,Linen,coral,2999.0,0
299,Female,XS,Deep,cream,Wedding,Men,Kurta,Cotton,green,499.0,0
299,Female,XS,Deep,cream,Wedding,Women,Saree,Denim,peach,1999.0,1
299,Female,XS,Deep,cream,Wedding,Women,Kurti,Rayon,red,499.0,1
299,Female,XS,Deep,cream,Wedding,Women,Top,Cotton,green,2999.0,0
299,Female,XS,Deep,cream,Wedding,Newborn,Set,Rayon,white,2999.0,0
299,Female,XS,Deep,cream,Wedding,Men,Shirt,Georgette,olive,499.0,0
299,Female,XS,Deep,cream,Wedding,Kids,Frock,Georgette,black,499.0,0
299,Female,XS,Deep,cream,Wedding,Newborn,Romper,Rayon,mustard,4999.0,0
300,Female,L,Warm,lavender,Wedding,Men,Shirt,Georgette,olive,499.0,1
300,Female,L,Warm,lavender,Wedding,Newborn,Romper,Rayon,gold,699.0,1
300,Female,L,Warm,lavender,Wedding,Women,Dress,Linen,olive,499.0,1
300,Female,L,Warm,lavender,Wedding,Newborn,Onesie,Cotton,yellow,2999.0,0
300,Female,L,Warm,lavender,Wedding,Newborn,Set,Denim,royal blue,999.0,0
300,Female,L,Warm,lavender,Wedding,Men,Kurta,Cotton,green,499.0,0
300,Female,L,Warm,lavender,Wedding,Women,Salwar,Cotton,magenta,299.0,0
300,Female,L,Warm,lavender,Wedding,Women,Salwar,Wool,navy,4999.0,0
300,Female,L,Warm,lavender,Wedding,Men,Trousers,Silk,green,4999.0,0
300,Female,L,Warm,lavender,Wedding,Men,T-Shirt,Rayon,coral,999.0,1
300,Female,L,Warm,lavender,Wedding,Kids,T-Shirt,Silk,white,999.0,0
300,Female,L,Warm,lavender,Wedding,Newborn,Set,Rayon,burgundy,4999.0,0
300,Female,L,Warm,lavender,Wedding,Newborn,Set,Wool,yellow,2999.0,0
300,Female,L,Warm,lavender,Wedding,Newborn,Romper,Denim,navy,1299.0,0
300,Female,L,Warm,lavender,Wedding,Newborn,Romper,Silk,black,499.0,0
300,Female,L,Warm,lavender,Wedding,Women,Salwar,Cotton,cream,999.0,0
300,Female,L,Warm,lavender,Wedding,Women,Kurti,Cotton,cream,999.0,0
300,Female,L,Warm,lavender,Wedding,Kids,Frock,Cotton,lavender,499.0,1
300,Female,L,Warm,lavender,Wedding,Kids,T-Shirt,Rayon,olive,999.0,0
300,Female,L,Warm,lavender,Wedding,Kids,Ethnic,Wool,white,1299.0,0
300,Female,L,Warm,lavender,Wedding,Kids,T-Shirt,Georgette,gold,4999.0,0
300,Female,L,Warm,lavender,Wedding,Men,Shirt,Rayon,peach,1999.0,0
300,Female,L,Warm,lavender,Wedding,Men,Blazer,Linen,teal,1299.0,0
300,Female,L,Warm,lavender,Wedding,Men,Blazer,Linen,cream,299.0,0
300,Female,L,Warm,lavender,Wedding,Newborn,Onesie,Denim,royal blue,699.0,0
301,Female,XL,Light,olive,Daily,Women,Top,Rayon,teal,1999.0,0
301,Female,XL,Light,olive,Daily,Newborn,Set,Denim,royal blue,999.0,0
301,Female,XL,Light,olive,Daily,Newborn,Romper,Wool,burgundy,999.0,1
301,Female,XL,Light,olive,Daily,Kids,Ethnic,Silk,burgundy,999.0,0
301,Female,XL,Light,olive,Daily,Women,Dress,Cotton,black,1999.0,1
301,Female,XL,Light,olive,Daily,Kids,Frock,Rayon,lavender,499.0,0
301,Female,XL,Light,olive,Daily,Women,Kurti,Silk,burgundy,4999.0,1
301,Female,XL,Light,olive,Daily,Women,Kurti,Linen,yellow,299.0,1
301,Female,XL,Light,olive,Daily,Newborn,Set,Rayon,blue,999.0,0
301,Female,XL,Light,olive,Daily,Women,Top,Rayon,magenta,699.0,1
301,Female,XL,Light,olive,Daily,Men,Kurta,Silk,red,4999.0,0
301,Female,XL,Light,olive,Daily,Kids,Frock,Cotton,peach,1299.0,1
301,Female,XL,Light,olive,Daily,Kids,Ethnic,Wool,white,1299.0,0
301,Female,XL,Light,olive,Daily,Women,Top,Georgette,peach,999.0,1
301,Female,XL,Light,olive,Daily,Men,Kurta,Silk,navy,299.0,0
301,Female,XL,Light,olive,Daily,Newborn,Set,Silk,gold,299.0,0
301,Female,XL,Light,olive,Daily,Women,Lehenga,Wool,white,999.0,0
301,Female,XL,Light,olive,Daily,Women,Salwar,Cotton,coral,1999.0,1
301,Female,XL,Light,olive,Daily,Kids,T-Shirt,Silk,olive,499.0,1
301,Female,XL,Light,olive,Daily,Kids,T-Shirt,Silk,white,999.0,0
301,Female,XL,Light,olive,Daily,Newborn,Set,Georgette,pink,4999.0,0
301,Female,XL,Light,olive,Daily,Men,Trousers,Denim,lavender,1299.0,0
301,Female,XL,Light,olive,Daily,Women,Salwar,Cotton,magenta,299.0,1
301,Female,XL,Light,olive,Daily,Men,Kurta,Cotton,green,499.0,1
301,Female,XL,Light,olive,Daily,Women,Kurti,Cotton,cream,999.0,1
302,Female,XXL,Medium,magenta,Wedding,Newborn,Onesie,Cotton,yellow,1999.0,0
302,Female,XXL,Medium,magenta,Wedding,Men,Shirt,Rayon,gold,999.0,0
302,Female,XXL,Medium,magenta,Wedding,Men,Trousers,Linen,lavender,1299.0,0
302,Female,XXL,Medium,magenta,Wedding,Kids,Frock,Linen,peach,699.0,0
302,Female,XXL,Medium,magenta,Wedding,Women,Salwar,Cotton,magenta,299.0,1
302,Female,XXL,Medium,magenta,Wedding,Women,Dress,Rayon,mustard,999.0,1
302,Female,XXL,Medium,magenta,Wedding,Women,Salwar,Wool,navy,4999.0,1
302,Female,XXL,Medium,magenta,Wedding,Men,Shirt,Cotton,blue,299.0,0
302,Female,XXL,Medium,magenta,Wedding,Women,Salwar,Cotton,cream,999.0,1
302,Female,XXL,Medium,magenta,Wedding,Women,Lehenga,Rayon,black,699.0,1
302,Female,XXL,Medium,magenta,Wedding,Newborn,Set,Denim,royal blue,999.0,0
302,Female,XXL,Medium,magenta,Wedding,Men,Blazer,Denim,pink,699.0,1
302,Female,XXL,Medium,magenta,Wedding,Men,Blazer,Georgette,burgundy,1299.0,1
302,Female,XXL,Medium,magenta,Wedding,Men,Blazer,Linen,teal,1299.0,1
302,Female,XXL,Medium,magenta,Wedding,Men,T-Shirt,Rayon,coral,999.0,1
302,Female,XXL,Medium,magenta,Wedding,Newborn,Onesie,Linen,pink,1299.0,0
302,Female,XXL,Medium,magenta,Wedding,Women,Salwar,Cotton,coral,1999.0,1
302,Female,XXL,Medium,magenta,Wedding,Kids,Frock,Silk,cream,1999.0,0
302,Female,XXL,Medium,magenta,Wedding,Women,Salwar,Silk,red,1999.0,1
302,Female,XXL,Medium,magenta,Wedding,Kids,Ethnic,Wool,teal,499.0,1
302,Female,XXL,Medium,magenta,Wedding,Newborn,Set,Rayon,burgundy,4999.0,0
302,Female,XXL,Medium,magenta,Wedding,Newborn,Onesie,Cotton,yellow,2999.0,0
302,Female,XXL,Medium,magenta,Wedding,Men,Blazer,Georgette,black,2999.0,0
302,Female,XXL,Medium,magenta,Wedding,Kids,Ethnic,Silk,coral,4999.0,0
302,Female,XXL,Medium,magenta,Wedding,Kids,Ethnic,Wool,white,1299.0,1
303,Female,XL,Dark,red,Party,Newborn,Onesie,Cotton,yellow,1999.0,0
303,Female,XL,Dark,red,Party,Kids,Ethnic,Silk,burgundy,999.0,1
303,Female,XL,Dark,red,Party,Men,T-Shirt,Rayon,green,2999.0,0
303,Female,XL,Dark,red,Party,Kids,Ethnic,Wool,teal,499.0,0
303,Female,XL,Dark,red,Party,Kids,Shorts,Georgette,cream,1999.0,0
303,Female,XL,Dark,red,Party,Women,Top,Rayon,teal,1999.0,1
303,Female,XL,Dark,red,Party,Women,Top,Georgette,peach,999.0,1
303,Female,XL,Dark,red,Party,Newborn,Onesie,Silk,blue,299.0,0
303,Female,XL,Dark,red,Party,Kids,Frock,Wool,burgundy,999.0,0
303,Female,XL,Dark,red,Party,Kids,Frock,Linen,peach,699.0,0
303,Female,XL,Dark,red,Party,Women,Salwar,Cotton,cream,999.0,1
303,Female,XL,Dark,red,Party,Women,Kurti,Linen,yellow,299.0,0
303,Female,XL,Dark,red,Party,Women,Saree,Denim,burgundy,499.0,1
303,Female,XL,Dark,red,Party,Men,Trousers,Denim,lavender,1299.0,0
303,Female,XL,Dark,red,Party,Women,Top,Cotton,green,2999.0,1
303,Female,XL,Dark,red,Party,Men,Blazer,Wool,white,499.0,1
303,Female,XL,Dark,red,Party,Men,Shirt,Cotton,blue,299.0,0
303,Female,XL,Dark,red,Party,Women,Dress,Georgette,green,299.0,0
303,Female,XL,Dark,red,Party,Newborn,Romper,Cotton,pink,999.0,0
303,Female,XL,Dark,red,Party,Newborn,Set,Wool,yellow,2999.0,0
303,Female,XL,Dark,red,Party,Men,Shirt,Linen,blue,1299.0,0
303,Female,XL,Dark,red,Party,Kids,T-Shirt,Silk,white,999.0,0
303,Female,XL,Dark,red,Party,Women,Kurti,Denim,white,699.0,1
303,Female,XL,Dark,red,Party,Women,Salwar,Cotton,magenta,299.0,1
303,Female,XL,Dark,red,Party,Kids,Ethnic,Cotton,red,1999.0,1
304,Male,L,Fair,gold,Festival,Newborn,Set,Rayon,burgundy,999.0,0
304,Male,L,Fair,gold,Festival,Kids,Frock,Georgette,black,499.0,0
304,Male,L,Fair,gold,Festival,Men,Trousers,Rayon,navy,1999.0,1
304,Male,L,Fair,gold,Festival,Kids,Frock,Linen,peach,699.0,0
304,Male,L,Fair,gold,Festival,Kids,Ethnic,Silk,burgundy,999.0,0
304,Male,L,Fair,gold,Festival,Newborn,Romper,Wool,burgundy,999.0,0
304,Male,L,Fair,gold,Festival,Women,Dress,Denim,pink,1299.0,1
304,Male,L,Fair,gold,Festival,Women,Lehenga,Denim,pink,299.0,1
304,Male,L,Fair,gold,Festival,Kids,T-Shirt,Silk,olive,499.0,0
304,Male,L,Fair,gold,Festival,Men,Trousers,Linen,lavender,1299.0,1
304,Male,L,Fair,gold,Festival,Kids,Ethnic,Georgette,black,1299.0,0
304,Male,L,Fair,gold,Festival,Men,Blazer,Linen,cream,299.0,1
304,Male,L,Fair,gold,Festival,Women,Salwar,Silk,red,1999.0,0
304,Male,L,Fair,gold,Festival,Newborn,Romper,Linen,coral,2999.0,0
304,Male,L,Fair,gold,Festival,Women,Dress,Silk,black,1299.0,0
304,Male,L,Fair,gold,Festival,Men,Trousers,Linen,magenta,699.0,1
304,Male,L,Fair,gold,Festival,Women,Saree,Denim,burgundy,499.0,1
304,Male,L,Fair,gold,Festival,Women,Saree,Denim,peach,1999.0,1
304,Male,L,Fair,gold,Festival,Women,Salwar,Denim,burgundy,2999.0,0
304,Male,L,Fair,gold,Festival,Newborn,Onesie,Linen,burgundy,999.0,0
304,Male,L,Fair,gold,Festival,Women,Kurti,Rayon,red,499.0,0
304,Male,L,Fair,gold,Festival,Men,Blazer,Linen,teal,1299.0,1
304,Male,L,Fair,gold,Festival,Men,T-Shirt,Linen,red,499.0,1
304,Male,L,Fair,gold,Festival,Newborn,Set,Georgette,teal,699.0,0
304,Male,L,Fair,gold,Festival,Men,Kurta,Silk,navy,299.0,1
305,Male,S,Fair,cream,Party,Women,Top,Rayon,teal,1999.0,0
305,Male,S,Fair,cream,Party,Men,Shirt,Wool,peach,1999.0,1
305,Male,S,Fair,cream,Party,Men,Kurta,Silk,teal,1299.0,1
305,Male,S,Fair,cream,Party,Newborn,Onesie,Linen,burgundy,999.0,1
305,Male,S,Fair,cream,Party,Women,Dress,Georgette,green,299.0,0
305,Male,S,Fair,cream,Party,Men,Blazer,Linen,teal,1299.0,1
305,Male,S,Fair,cream,Party,Newborn,Romper,Rayon,gold,699.0,0
305,Male,S,Fair,cream,Party,Men,Blazer,Rayon,red,1299.0,0
305,Male,S,Fair,cream,Party,Women,Dress,Linen,olive,499.0,0
305,Male,S,Fair,cream,Party,Men,Kurta,Silk,red,4999.0,1
305,Male,S,Fair,cream,Party,Newborn,Set,Georgette,pink,4999.0,0
305,Male,S,Fair,cream,Party,Kids,Ethnic,Rayon,royal blue,4999.0,0
305,Male,S,Fair,cream,Party,Kids,Frock,Wool,burgundy,999.0,0
305,Male,S,Fair,cream,Party,Kids,T-Shirt,Denim,navy,1999.0,0
305,Male,S,Fair,cream,Party,Newborn,Romper,Linen,peach,4999.0,0
305,Male,S,Fair,cream,Party,Men,Blazer,Wool,white,499.0,1
305,Male,S,Fair,cream,Party,Kids,Frock,Silk,cream,1999.0,1
305,Male,S,Fair,cream,Party,Newborn,Set,Georgette,teal,699.0,0
305,Male,S,Fair,cream,Party,Newborn,Onesie,Cotton,yellow,2999.0,0
305,Male,S,Fair,cream,Party,Women,Salwar,Silk,red,1999.0,0
305,Male,S,Fair,cream,Party,Men,Blazer,Linen,teal,999.0,1
305,Male,S,Fair,cream,Party,Newborn,Romper,Rayon,mustard,4999.0,0
305,Male,S,Fair,cream,Party,Women,Top,Rayon,magenta,699.0,0
305,Male,S,Fair,cream,Party,Men,Trousers,Linen,magenta,699.0,0
305,Male,S,Fair,cream,Party,Women,Saree,Denim,peach,1999.0,1
306,Female,Free Size,Dark,peach,Wedding,Women,Kurti,Linen,yellow,299.0,1
306,Female,Free Size,Dark,peach,Wedding,Men,Trousers,Denim,lavender,1299.0,0
306,Female,Free Size,Dark,peach,Wedding,Newborn,Set,Rayon,burgundy,4999.0,0
306,Female,Free Size,Dark,peach,Wedding,Newborn,Set,Wool,yellow,2999.0,1
306,Female,Free Size,Dark,peach,Wedding,Women,Salwar,Denim,magenta,4999.0,1
306,Female,Free Size,Dark,peach,Wedding,Women,Lehenga,Wool,white,999.0,1
306,Female,Free Size,Dark,peach,Wedding,Women,Saree,Cotton,cream,999.0,0
306,Female,Free Size,Dark,peach,Wedding,Kids,Ethnic,Silk,burgundy,999.0,0
306,Female,Free Size,Dark,peach,Wedding,Kids,T-Shirt,Cotton,black,499.0,0
306,Female,Free Size,Dark,peach,Wedding,Kids,Ethnic,Georgette,black,1299.0,1
306,Female,Free Size,Dark,peach,Wedding,Men,Blazer,Georgette,black,2999.0,0
306,Female,Free Size,Dark,peach,Wedding,Men,Blazer,Denim,pink,699.0,0
306,Female,Free Size,Dark,peach,Wedding,Women,Saree,Denim,burgundy,499.0,1
306,Female,Free Size,Dark,peach,Wedding,Kids,T-Shirt,Denim,blue,299.0,1
306,Female,Free Size,Dark,peach,Wedding,Kids,Ethnic,Wool,teal,499.0,0
306,Female,Free Size,Dark,peach,Wedding,Kids,T-Shirt,Silk,white,999.0,1
306,Female,Free Size,Dark,peach,Wedding,Men,Kurta,Silk,navy,299.0,0
306,Female,Free Size,Dark,peach,Wedding,Women,Salwar,Cotton,cream,999.0,1
306,Female,Free Size,Dark,peach,Wedding,Women,Kurti,Rayon,red,499.0,1
306,Female,Free Size,Dark,peach,Wedding,Kids,T-Shirt,Rayon,olive,999.0,0
306,Female,Free Size,Dark,peach,Wedding,Newborn,Onesie,Cotton,yellow,1999.0,1
306,Female,Free Size,Dark,peach,Wedding,Women,Top,Georgette,peach,999.0,1
306,Female,Free Size,Dark,peach,Wedding,Newborn,Set,Silk,gold,299.0,0
306,Female,Free Size,Dark,peach,Wedding,Women,Top,Cotton,green,2999.0,0
306,Female,Free Size,Dark,peach,Wedding,Women,Top,Rayon,teal,1999.0,0
307,Male,Free Size,Medium,navy,Daily,Men,Blazer,Linen,teal,999.0,1
307,Male,Free Size,Medium,navy,Daily,Men,Blazer,Linen,teal,1299.0,1
307,Male,Free Size,Medium,navy,Daily,Women,Kurti,Denim,mustard,4999.0,0
307,Male,Free Size,Medium,navy,Daily,Kids,Ethnic,Cotton,olive,1999.0,0
307,Male,Free Size,Medium,navy,Daily,Men,Blazer,Linen,cream,299.0,0
307,Male,Free Size,Medium,navy,Daily,Kids,Ethnic,Wool,white,1299.0,0
307,Male,Free Size,Medium,navy,Daily,Women,Salwar,Silk,red,1999.0,0
307,Male,Free Size,Medium,navy,Daily,Women,Salwar,Denim,burgundy,699.0,0
307,Male,Free Size,Medium,navy,Daily,Newborn,Romper,Wool,coral,1999.0,1
307,Male,Free Size,Medium,navy,Daily,Newborn,Onesie,Denim,royal blue,699.0,0
307,Male,Free Size,Medium,navy,Daily,Men,Shirt,Linen,blue,1299.0,0
307,Male,Free Size,Medium,navy,Daily,Men,Trousers,Cotton,royal blue,1999.0,1
307,Male,Free Size,Medium,navy,Daily,Kids,T-Shirt,Silk,olive,499.0,1
307,Male,Free Size,Medium,navy,Daily,Men,Shirt,Rayon,peach,1999.0,1
307,Male,Free Size,Medium,navy,Daily,Kids,T-Shirt,Cotton,black,499.0,0
307,Male,Free Size,Medium,navy,Daily,Kids,T-Shirt,Rayon,olive,999.0,0
307,Male,Free Size,Medium,navy,Daily,Women,Kurti,Silk,burgundy,4999.0,0
307,Male,Free Size,Medium,navy,Daily,Newborn,Set,Rayon,blue,999.0,0
307,Male,Free Size,Medium,navy,Daily,Men,Shirt,Linen,green,1299.0,1
307,Male,Free Size,Medium,navy,Daily,Newborn,Onesie,Cotton,yellow,2999.0,0
307,Male,Free Size,Medium,navy,Daily,Newborn,Set,Rayon,burgundy,999.0,0
307,Male,Free Size,Medium,navy,Daily,Kids,T-Shirt,Denim,navy,1999.0,1
307,Male,Free Size,Medium,navy,Daily,Men,T-Shirt,Rayon,peach,1999.0,1
307,Male,Free Size,Medium,navy,Daily,Men,Shirt,Rayon,gold,999.0,1
307,Male,Free Size,Medium,navy,Daily,Women,Saree,Denim,peach,1999.0,0
308,Female,S,Light,mustard,Office,Women,Dress,Cotton,black,1999.0,1
308,Female,S,Light,mustard,Office,Kids,Ethnic,Georgette,black,1299.0,0
308,Female,S,Light,mustard,Office,Men,Blazer,Wool,white,499.0,0
308,Female,S,Light,mustard,Office,Men,Shirt,Georgette,olive,499.0,0
308,Female,S,Light,mustard,Office,Women,Top,Cotton,green,2999.0,1
308,Female,S,Light,mustard,Office,Men,Shirt,Linen,green,1299.0,1
308,Female,S,Light,mustard,Office,Women,Saree,Denim,burgundy,499.0,0
308,Female,S,Light,mustard,Office,Kids,Frock,Silk,cream,1999.0,0
308,Female,S,Light,mustard,Office,Men,Shirt,Linen,blue,1299.0,0
308,Female,S,Light,mustard,Office,Men,T-Shirt,Rayon,peach,1999.0,1
308,Female,S,Light,mustard,Office,Kids,T-Shirt,Denim,blue,299.0,1
308,Female,S,Light,mustard,Office,Men,T-Shirt,Rayon,green,2999.0,0
308,Female,S,Light,mustard,Office,Kids,Ethnic,Silk,burgundy,999.0,0
308,Female,S,Light,mustard,Office,Women,Lehenga,Denim,pink,299.0,1
308,Female,S,Light,mustard,Office,Newborn,Romper,Wool,burgundy,299.0,0
308,Female,S,Light,mustard,Office,Men,Kurta,Silk,teal,1299.0,0
308,Female,S,Light,mustard,Office,Newborn,Onesie,Denim,cream,499.0,0
308,Female,S,Light,mustard,Office,Men,Trousers,Rayon,navy,1999.0,0
308,Female,S,Light,mustard,Office,Women,Saree,Denim,peach,1999.0,1
308,Female,S,Light,mustard,Office,Kids,Frock,Georgette,black,499.0,0
308,Female,S,Light,mustard,Office,Women,Salwar,Wool,navy,4999.0,0
308,Female,S,Light,mustard,Office,Kids,Ethnic,Cotton,olive,1999.0,0
308,Female,S,Light,mustard,Office,Men,T-Shirt,Linen,red,499.0,0
308,Female,S,Light,mustard,Office,Newborn,Set,Georgette,teal,699.0,0
308,Female,S,Light,mustard,Office,Women,Salwar,Denim,magenta,4999.0,1
309,Female,L,Medium,mustard,Casual,Kids,Ethnic,Silk,burgundy,999.0,1
309,Female,L,Medium,mustard,Casual,Women,Lehenga,Rayon,black,699.0,0
309,Female,L,Medium,mustard,Casual,Women,Salwar,Wool,navy,4999.0,1
309,Female,L,Medium,mustard,Casual,Men,T-Shirt,Rayon,peach,1999.0,0
309,Female,L,Medium,mustard,Casual,Kids,Frock,Silk,cream,1999.0,0
309,Female,L,Medium,mustard,Casual,Men,Kurta,Silk,teal,1299.0,1
309,Female,L,Medium,mustard,Casual,Women,Kurti,Silk,magenta,699.0,1
309,Female,L,Medium,mustard,Casual,Newborn,Set,Georgette,teal,2999.0,0
309,Female,L,Medium,mustard,Casual,Newborn,Romper,Silk,black,499.0,0
309,Female,L,Medium,mustard,Casual,Kids,T-Shirt,Denim,navy,1999.0,0
309,Female,L,Medium,mustard,Casual,Women,Top,Silk,gold,4999.0,0
309,Female,L,Medium,mustard,Casual,Newborn,Set,Georgette,teal,699.0,1
309,Female,L,Medium,mustard,Casual,Kids,Frock,Wool,burgundy,999.0,1
309,Female,L,Medium,mustard,Casual,Newborn,Romper,Wool,burgundy,299.0,1
309,Female,L,Medium,mustard,Casual,Women,Kurti,Denim,white,699.0,1
309,Female,L,Medium,mustard,Casual,Women,Salwar,Cotton,coral,1999.0,1
309,Female,L,Medium,mustard,Casual,Women,Saree,Denim,peach,1999.0,0
309,Female,L,Medium,mustard,Casual,Men,Blazer,Georgette,burgundy,1299.0,1
309,Female,L,Medium,mustard,Casual,Newborn,Romper,Linen,peach,4999.0,0
309,Female,L,Medium,mustard,Casual,Kids,T-Shirt,Georgette,gold,4999.0,0
309,Female,L,Medium,mustard,Casual,Women,Lehenga,Denim,pink,299.0,1
309,Female,L,Medium,mustard,Casual,Newborn,Set,Wool,yellow,2999.0,0
309,Female,L,Medium,mustard,Casual,Kids,Ethnic,Wool,white,1299.0,0
309,Female,L,Medium,mustard,Casual,Kids,Frock,Cotton,lavender,499.0,0
309,Female,L,Medium,mustard,Casual,Women,Dress,Silk,black,1299.0,0
310,Male,L,Dark,lavender,Wedding,Men,Shirt,Linen,blue,1299.0,1
310,Male,L,Dark,lavender,Wedding,Women,Dress,Denim,pink,1299.0,0
310,Male,L,Dark,lavender,Wedding,Kids,Ethnic,Rayon,burgundy,1999.0,0
310,Male,L,Dark,lavender,Wedding,Newborn,Romper,Silk,lavender,1999.0,1
310,Male,L,Dark,lavender,Wedding,Newborn,Onesie,Silk,blue,299.0,0
310,Male,L,Dark,lavender,Wedding,Men,Kurta,Cotton,green,499.0,1
310,Male,L,Dark,lavender,Wedding,Kids,T-Shirt,Silk,olive,499.0,0
310,Male,L,Dark,lavender,Wedding,Men,Blazer,Rayon,red,1299.0,1
310,Male,L,Dark,lavender,Wedding,Women,Dress,Silk,black,1299.0,0
310,Male,L,Dark,lavender,Wedding,Newborn,Onesie,Cotton,yellow,2999.0,1
310,Male,L,Dark,lavender,Wedding,Kids,Ethnic,Cotton,red,1999.0,1
310,Male,L,Dark,lavender,Wedding,Men,Trousers,Denim,lavender,1299.0,1
310,Male,L,Dark,lavender,Wedding,Newborn,Romper,Denim,navy,1299.0,0
310,Male,L,Dark,lavender,Wedding,Kids,T-Shirt,Rayon,olive,999.0,0
310,Male,L,Dark,lavender,Wedding,Kids,Ethnic,Silk,burgundy,999.0,0
310,Male,L,Dark,lavender,Wedding,Newborn,Set,Denim,royal blue,999.0,1
310,Male,L,Dark,lavender,Wedding,Kids,Ethnic,Cotton,olive,1999.0,0
310,Male,L,Dark,lavender,Wedding,Men,Trousers,Rayon,navy,1999.0,1
310,Male,L,Dark,lavender,Wedding,Newborn,Set,Georgette,teal,699.0,0
310,Male,L,Dark,lavender,Wedding,Women,Lehenga,Rayon,black,699.0,0
310,Male,L,Dark,lavender,Wedding,Men,Kurta,Silk,teal,1299.0,1
310,Male,L,Dark,lavender,Wedding,Men,T-Shirt,Rayon,peach,1999.0,1
310,Male,L,Dark,lavender,Wedding,Newborn,Set,Rayon,white,2999.0,0
310,Male,L,Dark,lavender,Wedding,Women,Kurti,Silk,burgundy,4999.0,0
310,Male,L,Dark,lavender,Wedding,Men,Trousers,Silk,green,4999.0,0
311,Male,XL,Medium,cream,Casual,Men,Shirt,Linen,blue,1299.0,0
311,Male,XL,Medium,cream,Casual,Kids,Frock,Cotton,lavender,499.0,0
311,Male,XL,Medium,cream,Casual,Men,Kurta,Silk,navy,299.0,1
311,Male,XL,Medium,cream,Casual,Men,Kurta,Silk,teal,1299.0,1
311,Male,XL,Medium,cream,Casual,Women,Lehenga,Rayon,black,699.0,0
311,Male,XL,Medium,cream,Casual,Kids,T-Shirt,Georgette,gold,4999.0,0
311,Male,XL,Medium,cream,Casual,Newborn,Onesie,Denim,coral,699.0,1
311,Male,XL,Medium,cream,Casual,Women,Dress,Linen,olive,499.0,1
311,Male,XL,Medium,cream,Casual,Women,Salwar,Denim,magenta,4999.0,0
311,Male,XL,Medium,cream,Casual,Newborn,Onesie,Linen,burgundy,999.0,0
311,Male,XL,Medium,cream,Casual,Men,Trousers,Rayon,olive,499.0,1
311,Male,XL,Medium,cream,Casual,Kids,Frock,Georgette,black,499.0,0
311,Male,XL,Medium,cream,Casual,Newborn,Romper,Rayon,gold,699.0,0
311,Male,XL,Medium,cream,Casual,Kids,Frock,Wool,burgundy,999.0,0
311,Male,XL,Medium,cream,Casual,Men,Trousers,Denim,lavender,1299.0,0
311,Male,XL,Medium,cream,Casual,Women,Lehenga,Denim,pink,299.0,0
311,Male,XL,Medium,cream,Casual,Kids,T-Shirt,Denim,navy,1999.0,0
311,Male,XL,Medium,cream,Casual,Kids,T-Shirt,Denim,burgundy,1299.0,1
311,Male,XL,Medium,cream,Casual,Kids,Ethnic,Rayon,royal blue,4999.0,0
311,Male,XL,Medium,cream,Casual,Women,Salwar,Denim,burgundy,2999.0,0
311,Male,XL,Medium,cream,Casual,Kids,Ethnic,Rayon,burgundy,1999.0,0
311,Male,XL,Medium,cream,Casual,Kids,T-Shirt,Denim,blue,299.0,0
311,Male,XL,Medium,cream,Casual,Men,Blazer,Linen,teal,999.0,1
311,Male,XL,Medium,cream,Casual,Men,T-Shirt,Rayon,coral,999.0,1
311,Male,XL,Medium,cream,Casual,Men,Shirt,Rayon,gold,999.0,0
312,Female,L,Dark,mustard,Party,Men,T-Shirt,Linen,red,499.0,1
312,Female,L,Dark,mustard,Party,Men,T-Shirt,Rayon,coral,999.0,1
312,Female,L,Dark,mustard,Party,Men,Shirt,Cotton,blue,299.0,0
312,Female,L,Dark,mustard,Party,Men,Trousers,Denim,lavender,1299.0,0
312,Female,L,Dark,mustard,Party,Women,Kurti,Linen,yellow,299.0,1
312,Female,L,Dark,mustard,Party,Newborn,Romper,Wool,coral,1999.0,0
312,Female,L,Dark,mustard,Party,Men,Blazer,Denim,pink,699.0,0
312,Female,L,Dark,mustard,Party,Men,Trousers,Linen,magenta,699.0,0
312,Female,L,Dark,mustard,Party,Men,Kurta,Silk,teal,1299.0,0
312,Female,L,Dark,mustard,Party,Men,Shirt,Wool,peach,1999.0,0
312,Female,L,Dark,mustard,Party,Newborn,Onesie,Denim,royal blue,699.0,0
312,Female,L,Dark,mustard,Party,Men,Shirt,Rayon,peach,1999.0,0
312,Female,L,Dark,mustard,Party,Women,Lehenga,Wool,white,999.0,1
312,Female,L,Dark,mustard,Party,Kids,Frock,Wool,burgundy,999.0,0
312,Female,L,Dark,mustard,Party,Kids,Ethnic,Wool,teal,499.0,0
312,Female,L,Dark,mustard,Party,Women,Top,Rayon,teal,1999.0,1
312,Female,L,Dark,mustard,Party,Newborn,Onesie,Linen,burgundy,999.0,0
312,Female,L,Dark,mustard,Party,Women,Top,Cotton,green,2999.0,0
312,Female,L,Dark,mustard,Party,Women,Saree,Denim,burgundy,499.0,1
312,Female,L,Dark,mustard,Party,Kids,Shorts,Georgette,cream,1999.0,0
312,Female,L,Dark,mustard,Party,Kids,Shorts,Silk,gold,499.0,0
312,Female,L,Dark,mustard,Party,Women,Top,Georgette,peach,999.0,1
312,Female,L,Dark,mustard,Party,Women,Dress,Silk,black,1299.0,1
312,Female,L,Dark,mustard,Party,Newborn,Romper,Rayon,mustard,4999.0,1
312,Female,L,Dark,mustard,Party,Women,Salwar,Cotton,cream,999.0,1
313,Male,Free Size,Fair,peach,Wedding,Men,Kurta,Silk,navy,299.0,1
313,Male,Free Size,Fair,peach,Wedding,Newborn,Set,Georgette,teal,2999.0,0
313,Male,Free Size,Fair,peach,Wedding,Kids,Ethnic,Cotton,olive,1999.0,0
313,Male,Free Size,Fair,peach,Wedding,Kids,Ethnic,Rayon,burgundy,1999.0,0
313,Male,Free Size,Fair,peach,Wedding,Kids,Ethnic,Silk,coral,4999.0,0
313,Male,Free Size,Fair,peach,Wedding,Newborn,Romper,Wool,burgundy,299.0,0
313,Male,Free Size,Fair,peach,Wedding,Women,Salwar,Cotton,magenta,299.0,0
313,Male,Free Size,Fair,peach,Wedding,Kids,Ethnic,Rayon,royal blue,4999.0,0
313,Male,Free Size,Fair,peach,Wedding,Women,Salwar,Silk,red,1999.0,1
313,Male,Free Size,Fair,peach,Wedding,Newborn,Set,Rayon,burgundy,999.0,0
313,Male,Free Size,Fair,peach,Wedding,Men,Shirt,Rayon,gold,999.0,0
313,Male,Free Size,Fair,peach,Wedding,Men,Shirt,Rayon,peach,1999.0,1
313,Male,Free Size,Fair,peach,Wedding,Men,T-Shirt,Rayon,peach,1999.0,1
313,Male,Free Size,Fair,peach,Wedding,Newborn,Onesie,Linen,pink,1299.0,1
313,Male,Free Size,Fair,peach,Wedding,Kids,Ethnic,Georgette,black,1299.0,0
313,Male,Free Size,Fair,peach,Wedding,Men,Blazer,Georgette,black,2999.0,1
313,Male,Free Size,Fair,peach,Wedding,Women,Top,Georgette,peach,999.0,1
313,Male,Free Size,Fair,peach,Wedding,Women,Top,Rayon,magenta,699.0,0
313,Male,Free Size,Fair,peach,Wedding,Newborn,Onesie,Silk,blue,299.0,0
313,Male,Free Size,Fair,peach,Wedding,Women,Salwar,Denim,burgundy,2999.0,0
313,Male,Free Size,Fair,peach,Wedding,Kids,Frock,Silk,cream,1999.0,0
313,Male,Free Size,Fair,peach,Wedding,Men,Blazer,Linen,teal,999.0,1
313,Male,Free Size,Fair,peach,Wedding,Kids,T-Shirt,Silk,olive,499.0,0
313,Male,Free Size,Fair,peach,Wedding,Kids,T-Shirt,Silk,white,999.0,0
313,Male,Free Size,Fair,peach,Wedding,Kids,Frock,Wool,burgundy,999.0,1
314,Female,XXL,Medium,magenta,Party,Women,Top,Georgette,peach,999.0,1
314,Female,XXL,Medium,magenta,Party,Newborn,Onesie,Silk,blue,299.0,1
314,Female,XXL,Medium,magenta,Party,Men,Trousers,Cotton,royal blue,1999.0,0
314,Female,XXL,Medium,magenta,Party,Kids,T-Shirt,Denim,navy,1999.0,0
314,Female,XXL,Medium,magenta,Party,Newborn,Romper,Wool,coral,1999.0,0
314,Female,XXL,Medium,magenta,Party,Kids,Frock,Cotton,peach,1299.0,0
314,Female,XXL,Medium,magenta,Party,Newborn,Set,Rayon,blue,999.0,0
314,Female,XXL,Medium,magenta,Party,Men,Blazer,Wool,white,499.0,1
314,Female,XXL,Medium,magenta,Party,Kids,Frock,Georgette,black,499.0,0
314,Female,XXL,Medium,magenta,Party,Men,Trousers,Linen,lavender,1299.0,0
314,Female,XXL,Medium,magenta,Party,Women,Salwar,Denim,burgundy,699.0,0
314,Female,XXL,Medium,magenta,Party,Men,T-Shirt,Rayon,green,2999.0,0
314,Female,XXL,Medium,magenta,Party,Kids,T-Shirt,Cotton,black,499.0,0
314,Female,XXL,Medium,magenta,Party,Men,T-Shirt,Rayon,coral,999.0,0
314,Female,XXL,Medium,magenta,Party,Women,Dress,Linen,olive,499.0,1
314,Female,XXL,Medium,magenta,Party,Women,Kurti,Silk,magenta,699.0,1
314,Female,XXL,Medium,magenta,Party,Newborn,Romper,Cotton,pink,999.0,0
314,Female,XXL,Medium,magenta,Party,Newborn,Romper,Rayon,gold,699.0,0
314,Female,XXL,Medium,magenta,Party,Newborn,Set,Denim,royal blue,999.0,0
314,Female,XXL,Medium,magenta,Party,Women,Kurti,Denim,mustard,4999.0,1
314,Female,XXL,Medium,magenta,Party,Women,Kurti,Cotton,cream,999.0,1
314,Female,XXL,Medium,magenta,Party,Women,Top,Rayon,teal,1999.0,1
314,Female,XXL,Medium,magenta,Party,Kids,Frock,Wool,burgundy,999.0,1
314,Female,XXL,Medium,magenta,Party,Kids,T-Shirt,Silk,white,999.0,0
314,Female,XXL,Medium,magenta,Party,Newborn,Onesie,Linen,pink,1299.0,0
315,Male,L,Fair,navy,Office,Women,Dress,Silk,black,1299.0,0
315,Male,L,Fair,navy,Office,Newborn,Onesie,Linen,burgundy,999.0,0
315,Male,L,Fair,navy,Office,Men,Shirt,Georgette,olive,499.0,0
315,Male,L,Fair,navy,Office,Kids,Frock,Cotton,lavender,499.0,1
315,Male,L,Fair,navy,Office,Newborn,Onesie,Silk,blue,299.0,0
315,Male,L,Fair,navy,Office,Newborn,Set,Georgette,teal,699.0,0
315,Male,L,Fair,navy,Office,Kids,Ethnic,Wool,white,1299.0,0
315,Male,L,Fair,navy,Office,Men,Trousers,Silk,green,4999.0,1
315,Male,L,Fair,navy,Office,Women,Dress,Rayon,mustard,999.0,0
315,Male,L,Fair,navy,Office,Kids,Ethnic,Wool,teal,499.0,0
315,Male,L,Fair,navy,Office,Newborn,Set,Rayon,blue,999.0,0
315,Male,L,Fair,navy,Office,Kids,Frock,Silk,cream,1999.0,1
315,Male,L,Fair,navy,Office,Women,Kurti,Silk,burgundy,4999.0,0
315,Male,L,Fair,navy,Office,Men,Shirt,Linen,green,1299.0,1
315,Male,L,Fair,navy,Office,Newborn,Onesie,Denim,royal blue,699.0,0
315,Male,L,Fair,navy,Office,Women,Saree,Denim,burgundy,499.0,0
315,Male,L,Fair,navy,Office,Kids,T-Shirt,Denim,burgundy,1299.0,0
315,Male,L,Fair,navy,Office,Kids,Frock,Linen,peach,699.0,1
315,Male,L,Fair,navy,Office,Newborn,Set,Rayon,burgundy,999.0,0
315,Male,L,Fair,navy,Office,Men,Blazer,Georgette,black,2999.0,0
315,Male,L,Fair,navy,Office,Women,Kurti,Denim,mustard,4999.0,0
315,Male,L,Fair,navy,Office,Kids,T-Shirt,Rayon,olive,999.0,0
315,Male,L,Fair,navy,Office,Kids,Ethnic,Rayon,royal blue,4999.0,0
315,Male,L,Fair,navy,Office,Women,Salwar,Denim,burgundy,2999.0,0
315,Male,L,Fair,navy,Office,Women,Salwar,Silk,red,1999.0,0
316,Male,M,Dark,coral,Casual,Men,Blazer,Linen,cream,299.0,1
316,Male,M,Dark,coral,Casual,Kids,Frock,Georgette,black,499.0,0
316,Male,M,Dark,coral,Casual,Newborn,Onesie,Denim,yellow,4999.0,0
316,Male,M,Dark,coral,Casual,Newborn,Romper,Wool,burgundy,299.0,0
316,Male,M,Dark,coral,Casual,Men,Trousers,Silk,green,4999.0,0
316,Male,M,Dark,coral,Casual,Women,Saree,Denim,burgundy,499.0,0
316,Male,M,Dark,coral,Casual,Women,Kurti,Denim,white,699.0,1
316,Male,M,Dark,coral,Casual,Men,Trousers,Denim,lavender,1299.0,1
316,Male,M,Dark,coral,Casual,Newborn,Set,Georgette,teal,699.0,0
316,Male,M,Dark,coral,Casual,Women,Salwar,Cotton,magenta,299.0,0
316,Male,M,Dark,coral,Casual,Newborn,Set,Rayon,burgundy,999.0,0
316,Male,M,Dark,coral,Casual,Men,Trousers,Linen,magenta,699.0,1
316,Male,M,Dark,coral,Casual,Men,T-Shirt,Rayon,peach,1999.0,1
316,Male,M,Dark,coral,Casual,Kids,T-Shirt,Denim,burgundy,1299.0,0
316,Male,M,Dark,coral,Casual,Newborn,Onesie,Denim,cream,499.0,0
316,Male,M,Dark,coral,Casual,Men,Trousers,Rayon,navy,1999.0,0
316,Male,M,Dark,coral,Casual,Men,Shirt,Wool,peach,1999.0,1
316,Male,M,Dark,coral,Casual,Women,Dress,Georgette,green,299.0,0
316,Male,M,Dark,coral,Casual,Kids,T-Shirt,Silk,white,999.0,0
316,Male,M,Dark,coral,Casual,Kids,Ethnic,Wool,teal,499.0,0
316,Male,M,Dark,coral,Casual,Men,Blazer,Linen,teal,1299.0,1
316,Male,M,Dark,coral,Casual,Women,Dress,Silk,black,1299.0,0
316,Male,M,Dark,coral,Casual,Men,Kurta,Silk,teal,1299.0,0
316,Male,M,Dark,coral,Casual,Men,T-Shirt,Linen,red,499.0,0
316,Male,M,Dark,coral,Casual,Women,Dress,Linen,olive,499.0,0
317,Female,XL,Warm,burgundy,Party,Kids,T-Shirt,Silk,white,999.0,0
317,Female,XL,Warm,burgundy,Party,Men,T-Shirt,Linen,red,499.0,1
317,Female,XL,Warm,burgundy,Party,Women,Salwar,Cotton,cream,999.0,0
317,Female,XL,Warm,burgundy,Party,Women,Saree,Cotton,cream,999.0,1
317,Female,XL,Warm,burgundy,Party,Men,Trousers,Rayon,navy,1999.0,0
317,Female,XL,Warm,burgundy,Party,Newborn,Set,Georgette,teal,699.0,0
317,Female,XL,Warm,burgundy,Party,Newborn,Romper,Linen,peach,4999.0,0
317,Female,XL,Warm,burgundy,Party,Newborn,Onesie,Silk,blue,299.0,0
317,Female,XL,Warm,burgundy,Party,Kids,Ethnic,Silk,coral,4999.0,1
317,Female,XL,Warm,burgundy,Party,Men,Shirt,Georgette,olive,499.0,0
317,Female,XL,Warm,burgundy,Party,Women,Dress,Silk,black,1299.0,1
317,Female,XL,Warm,burgundy,Party,Kids,Frock,Silk,cream,1999.0,0
317,Female,XL,Warm,burgundy,Party,Kids,Ethnic,Wool,teal,499.0,1
317,Female,XL,Warm,burgundy,Party,Women,Dress,Linen,olive,499.0,1
317,Female,XL,Warm,burgundy,Party,Men,Blazer,Denim,pink,699.0,0
317,Female,XL,Warm,burgundy,Party,Men,Blazer,Georgette,burgundy,1299.0,1
317,Female,XL,Warm,burgundy,Party,Men,Blazer,Linen,cream,299.0,0
317,Female,XL,Warm,burgundy,Party,Newborn,Set,Rayon,burgundy,999.0,1
317,Female,XL,Warm,burgundy,Party,Women,Salwar,Denim,burgundy,2999.0,1
317,Female,XL,Warm,burgundy,Party,Kids,T-Shirt,Silk,olive,499.0,1
317,Female,XL,Warm,burgundy,Party,Kids,Frock,Cotton,peach,1299.0,0
317,Female,XL,Warm,burgundy,Party,Newborn,Romper,Wool,coral,1999.0,0
317,Female,XL,Warm,burgundy,Party,Men,T-Shirt,Rayon,peach,1999.0,0
317,Female,XL,Warm,burgundy,Party,Kids,T-Shirt,Denim,burgundy,1299.0,1
317,Female,XL,Warm,burgundy,Party,Kids,Shorts,Silk,gold,499.0,1
318,Male,S,Fair,magenta,Party,Kids,T-Shirt,Denim,burgundy,1299.0,0
318,Male,S,Fair,magenta,Party,Men,Blazer,Linen,cream,299.0,1
318,Male,S,Fair,magenta,Party,Newborn,Set,Rayon,burgundy,4999.0,0
318,Male,S,Fair,magenta,Party,Newborn,Onesie,Denim,royal blue,699.0,0
318,Male,S,Fair,magenta,Party,Men,Trousers,Rayon,navy,1999.0,1
318,Male,S,Fair,magenta,Party,Kids,Ethnic,Rayon,burgundy,1999.0,0
318,Male,S,Fair,magenta,Party,Newborn,Onesie,Denim,coral,699.0,0
318,Male,S,Fair,magenta,Party,Women,Salwar,Denim,burgundy,2999.0,0
318,Male,S,Fair,magenta,Party,Men,Kurta,Silk,red,4999.0,1
318,Male,S,Fair,magenta,Party,Women,Salwar,Denim,burgundy,699.0,1
318,Male,S,Fair,magenta,Party,Women,Kurti,Silk,burgundy,4999.0,1
318,Male,S,Fair,magenta,Party,Women,Dress,Linen,olive,499.0,0
318,Male,S,Fair,magenta,Party,Kids,T-Shirt,Denim,blue,299.0,0
318,Male,S,Fair,magenta,Party,Women,Salwar,Cotton,cream,999.0,1
318,Male,S,Fair,magenta,Party,Men,T-Shirt,Rayon,coral,999.0,1
318,Male,S,Fair,magenta,Party,Women,Dress,Cotton,black,1999.0,0
318,Male,S,Fair,magenta,Party,Newborn,Romper,Cotton,pink,999.0,1
318,Male,S,Fair,magenta,Party,Women,Lehenga,Rayon,black,699.0,0
318,Male,S,Fair,magenta,Party,Kids,Ethnic,Wool,white,1299.0,1
318,Male,S,Fair,magenta,Party,Newborn,Set,Rayon,white,2999.0,0
318,Male,S,Fair,magenta,Party,Newborn,Romper,Linen,coral,2999.0,0
318,Male,S,Fair,magenta,Party,Men,T-Shirt,Rayon,green,2999.0,0
318,Male,S,Fair,magenta,Party,Men,Trousers,Denim,lavender,1299.0,1
318,Male,S,Fair,magenta,Party,Women,Top,Cotton,green,2999.0,0
318,Male,S,Fair,magenta,Party,Men,T-Shirt,Rayon,peach,1999.0,1
319,Female,XL,Medium,blue,Wedding,Women,Salwar,Cotton,cream,999.0,0
319,Female,XL,Medium,blue,Wedding,Women,Kurti,Linen,yellow,299.0,0
319,Female,XL,Medium,blue,Wedding,Women,Saree,Denim,peach,1999.0,1
319,Female,XL,Medium,blue,Wedding,Kids,Ethnic,Cotton,olive,1999.0,1
319,Female,XL,Medium,blue,Wedding,Men,Shirt,Georgette,olive,499.0,1
319,Female,XL,Medium,blue,Wedding,Women,Salwar,Wool,navy,4999.0,0
319,Female,XL,Medium,blue,Wedding,Kids,Shorts,Georgette,cream,1999.0,0
319,Female,XL,Medium,blue,Wedding,Newborn,Onesie,Denim,coral,699.0,1
319,Female,XL,Medium,blue,Wedding,Men,Kurta,Silk,navy,299.0,0
319,Female,XL,Medium,blue,Wedding,Newborn,Onesie,Denim,yellow,4999.0,0
319,Female,XL,Medium,blue,Wedding,Men,Shirt,Linen,green,1299.0,0
319,Female,XL,Medium,blue,Wedding,Men,Blazer,Georgette,black,2999.0,0
319,Female,XL,Medium,blue,Wedding,Kids,Ethnic,Georgette,black,1299.0,0
319,Female,XL,Medium,blue,Wedding,Men,Trousers,Silk,green,4999.0,0
319,Female,XL,Medium,blue,Wedding,Kids,Ethnic,Silk,burgundy,999.0,1
319,Female,XL,Medium,blue,Wedding,Newborn,Onesie,Denim,cream,499.0,0
319,Female,XL,Medium,blue,Wedding,Newborn,Set,Georgette,teal,2999.0,0
319,Female,XL,Medium,blue,Wedding,Men,Trousers,Denim,lavender,1299.0,0
319,Female,XL,Medium,blue,Wedding,Men,Blazer,Linen,teal,999.0,1
319,Female,XL,Medium,blue,Wedding,Newborn,Onesie,Silk,blue,299.0,1
319,Female,XL,Medium,blue,Wedding,Newborn,Romper,Wool,burgundy,299.0,0
319,Female,XL,Medium,blue,Wedding,Kids,T-Shirt,Denim,navy,1999.0,0
319,Female,XL,Medium,blue,Wedding,Newborn,Set,Rayon,blue,999.0,1
319,Female,XL,Medium,blue,Wedding,Women,Top,Rayon,teal,1999.0,1
319,Female,XL,Medium,blue,Wedding,Men,Shirt,Wool,peach,1999.0,0
320,Female,XL,Fair,cream,Casual,Kids,Shorts,Silk,gold,499.0,0
320,Female,XL,Fair,cream,Casual,Newborn,Set,Georgette,teal,699.0,0
320,Female,XL,Fair,cream,Casual,Women,Dress,Linen,yellow,1999.0,0
320,Female,XL,Fair,cream,Casual,Newborn,Romper,Cotton,pink,999.0,1
320,Female,XL,Fair,cream,Casual,Men,Shirt,Rayon,gold,999.0,0
320,Female,XL,Fair,cream,Casual,Women,Top,Cotton,green,2999.0,0
320,Female,XL,Fair,cream,Casual,Women,Lehenga,Rayon,black,699.0,0
320,Female,XL,Fair,cream,Casual,Women,Kurti,Rayon,red,499.0,0
320,Female,XL,Fair,cream,Casual,Women,Lehenga,Denim,pink,299.0,1
320,Female,XL,Fair,cream,Casual,Newborn,Onesie,Linen,pink,1299.0,1
320,Female,XL,Fair,cream,Casual,Kids,Ethnic,Silk,coral,4999.0,0
320,Female,XL,Fair,cream,Casual,Men,Kurta,Silk,navy,299.0,0
320,Female,XL,Fair,cream,Casual,Newborn,Set,Silk,gold,299.0,0
320,Female,XL,Fair,cream,Casual,Men,Trousers,Linen,lavender,1299.0,0
320,Female,XL,Fair,cream,Casual,Kids,Ethnic,Rayon,burgundy,1999.0,0
320,Female,XL,Fair,cream,Casual,Kids,T-Shirt,Denim,navy,1999.0,0
320,Female,XL,Fair,cream,Casual,Newborn,Set,Rayon,blue,999.0,0
320,Female,XL,Fair,cream,Casual,Newborn,Onesie,Denim,coral,699.0,0
320,Female,XL,Fair,cream,Casual,Kids,Frock,Cotton,lavender,499.0,1
320,Female,XL,Fair,cream,Casual,Men,Shirt,Georgette,olive,499.0,0
320,Female,XL,Fair,cream,Casual,Kids,Ethnic,Georgette,black,1299.0,0
320,Female,XL,Fair,cream,Casual,Women,Kurti,Denim,white,699.0,1
320,Female,XL,Fair,cream,Casual,Women,Top,Silk,gold,4999.0,0
320,Female,XL,Fair,cream,Casual,Newborn,Romper,Rayon,mustard,4999.0,0
320,Female,XL,Fair,cream,Casual,Men,Shirt,Wool,peach,1999.0,1
321,Male,XXL,Medium,mustard,Office,Newborn,Set,Silk,gold,299.0,0
321,Male,XXL,Medium,mustard,Office,Men,Shirt,Wool,peach,1999.0,0
321,Male,XXL,Medium,mustard,Office,Women,Top,Cotton,green,2999.0,0
321,Male,XXL,Medium,mustard,Office,Newborn,Onesie,Silk,blue,299.0,0
321,Male,XXL,Medium,mustard,Office,Men,Shirt,Georgette,olive,499.0,1
321,Male,XXL,Medium,mustard,Office,Kids,Frock,Georgette,black,499.0,0
321,Male,XXL,Medium,mustard,Office,Kids,Frock,Silk,cream,1999.0,0
321,Male,XXL,Medium,mustard,Office,Newborn,Onesie,Cotton,yellow,1999.0,0
321,Male,XXL,Medium,mustard,Office,Women,Kurti,Rayon,red,499.0,1
321,Male,XXL,Medium,mustard,Office,Men,Blazer,Rayon,red,1299.0,1
321,Male,XXL,Medium,mustard,Office,Women,Lehenga,Rayon,black,699.0,0
321,Male,XXL,Medium,mustard,Office,Men,Kurta,Silk,red,4999.0,0
321,Male,XXL,Medium,mustard,Office,Newborn,Romper,Cotton,pink,999.0,0
321,Male,XXL,Medium,mustard,Office,Newborn,Romper,Wool,burgundy,999.0,1
321,Male,XXL,Medium,mustard,Office,Women,Dress,Linen,olive,499.0,1
321,Male,XXL,Medium,mustard,Office,Women,Lehenga,Wool,white,999.0,0
321,Male,XXL,Medium,mustard,Office,Newborn,Romper,Rayon,gold,699.0,0
321,Male,XXL,Medium,mustard,Office,Kids,Ethnic,Silk,coral,4999.0,0
321,Male,XXL,Medium,mustard,Office,Newborn,Onesie,Linen,pink,1299.0,0
321,Male,XXL,Medium,mustard,Office,Women,Salwar,Denim,magenta,4999.0,0
321,Male,XXL,Medium,mustard,Office,Newborn,Set,Wool,yellow,2999.0,0
321,Male,XXL,Medium,mustard,Office,Kids,T-Shirt,Cotton,black,499.0,0
321,Male,XXL,Medium,mustard,Office,Newborn,Set,Georgette,teal,699.0,0
321,Male,XXL,Medium,mustard,Office,Women,Salwar,Cotton,magenta,299.0,0
321,Male,XXL,Medium,mustard,Office,Women,Dress,Linen,yellow,1999.0,0
322,Female,S,Dark,teal,Wedding,Men,Blazer,Rayon,red,1299.0,1
322,Female,S,Dark,teal,Wedding,Kids,Frock,Georgette,black,499.0,0
322,Female,S,Dark,teal,Wedding,Men,Shirt,Georgette,olive,499.0,0
322,Female,S,Dark,teal,Wedding,Men,T-Shirt,Rayon,coral,999.0,0
322,Female,S,Dark,teal,Wedding,Men,Trousers,Rayon,navy,1999.0,0
322,Female,S,Dark,teal,Wedding,Women,Salwar,Denim,magenta,4999.0,1
322,Female,S,Dark,teal,Wedding,Kids,T-Shirt,Rayon,olive,999.0,0
322,Female,S,Dark,teal,Wedding,Men,Blazer,Linen,cream,299.0,0
322,Female,S,Dark,teal,Wedding,Newborn,Romper,Cotton,pink,999.0,0
322,Female,S,Dark,teal,Wedding,Women,Lehenga,Rayon,black,699.0,1
322,Female,S,Dark,teal,Wedding,Women,Lehenga,Denim,pink,299.0,1
322,Female,S,Dark,teal,Wedding,Women,Dress,Silk,black,1299.0,0
322,Female,S,Dark,teal,Wedding,Kids,Ethnic,Wool,white,1299.0,1
322,Female,S,Dark,teal,Wedding,Newborn,Romper,Wool,burgundy,999.0,0
322,Female,S,Dark,teal,Wedding,Men,Kurta,Cotton,green,499.0,0
322,Female,S,Dark,teal,Wedding,Kids,Frock,Cotton,lavender,499.0,0
322,Female,S,Dark,teal,Wedding,Newborn,Onesie,Cotton,yellow,2999.0,0
322,Female,S,Dark,teal,Wedding,Women,Kurti,Silk,magenta,699.0,1
322,Female,S,Dark,teal,Wedding,Men,Blazer,Georgette,black,2999.0,0
322,Female,S,Dark,teal,Wedding,Kids,T-Shirt,Denim,blue,299.0,0
322,Female,S,Dark,teal,Wedding,Men,Blazer,Denim,pink,699.0,1
322,Female,S,Dark,teal,Wedding,Kids,Frock,Linen,peach,699.0,0
322,Female,S,Dark,teal,Wedding,Women,Saree,Cotton,cream,999.0,1
322,Female,S,Dark,teal,Wedding,Women,Salwar,Denim,burgundy,2999.0,0
322,Female,S,Dark,teal,Wedding,Women,Top,Cotton,green,2999.0,0
323,Female,XL,Medium,green,Festival,Kids,T-Shirt,Silk,olive,499.0,0
323,Female,XL,Medium,green,Festival,Men,Shirt,Rayon,peach,1999.0,0
323,Female,XL,Medium,green,Festival,Women,Kurti,Rayon,red,499.0,1
323,Female,XL,Medium,green,Festival,Kids,Shorts,Silk,gold,499.0,0
323,Female,XL,Medium,green,Festival,Women,Salwar,Cotton,magenta,299.0,0
323,Female,XL,Medium,green,Festival,Kids,T-Shirt,Georgette,gold,4999.0,0
323,Female,XL,Medium,green,Festival,Men,Blazer,Linen,teal,1299.0,1
323,Female,XL,Medium,green,Festival,Newborn,Set,Georgette,teal,699.0,1
323,Female,XL,Medium,green,Festival,Women,Kurti,Linen,yellow,299.0,0
323,Female,XL,Medium,green,Festival,Newborn,Set,Rayon,white,2999.0,0
323,Female,XL,Medium,green,Festival,Men,Kurta,Silk,teal,1299.0,1
323,Female,XL,Medium,green,Festival,Kids,Ethnic,Wool,white,1299.0,1
323,Female,XL,Medium,green,Festival,Kids,T-Shirt,Denim,blue,299.0,0
323,Female,XL,Medium,green,Festival,Women,Salwar,Silk,red,1999.0,1
323,Female,XL,Medium,green,Festival,Women,Top,Rayon,magenta,699.0,0
323,Female,XL,Medium,green,Festival,Kids,Frock,Cotton,peach,1299.0,0
323,Female,XL,Medium,green,Festival,Women,Saree,Cotton,cream,999.0,1
323,Female,XL,Medium,green,Festival,Newborn,Romper,Denim,navy,1299.0,0
323,Female,XL,Medium,green,Festival,Kids,Frock,Cotton,lavender,499.0,0
323,Female,XL,Medium,green,Festival,Men,Trousers,Linen,lavender,1299.0,0
323,Female,XL,Medium,green,Festival,Newborn,Set,Wool,yellow,2999.0,0
323,Female,XL,Medium,green,Festival,Kids,T-Shirt,Denim,burgundy,1299.0,1
323,Female,XL,Medium,green,Festival,Kids,Shorts,Georgette,cream,1999.0,0
323,Female,XL,Medium,green,Festival,Newborn,Onesie,Denim,coral,699.0,1
323,Female,XL,Medium,green,Festival,Women,Kurti,Denim,white,699.0,0
324,Female,XL,Medium,teal,Office,Newborn,Romper,Wool,burgundy,299.0,1
324,Female,XL,Medium,teal,Office,Men,Shirt,Wool,peach,1999.0,0
324,Female,XL,Medium,teal,Office,Newborn,Romper,Linen,coral,2999.0,1
324,Female,XL,Medium,teal,Office,Men,Kurta,Silk,red,4999.0,0
324,Female,XL,Medium,teal,Office,Women,Kurti,Silk,magenta,699.0,0
324,Female,XL,Medium,teal,Office,Kids,Frock,Cotton,lavender,499.0,0
324,Female,XL,Medium,teal,Office,Kids,Ethnic,Cotton,red,1999.0,0
324,Female,XL,Medium,teal,Office,Men,Blazer,Linen,teal,1299.0,1
324,Female,XL,Medium,teal,Office,Men,Trousers,Cotton,royal blue,1999.0,0
324,Female,XL,Medium,teal,Office,Men,T-Shirt,Linen,red,499.0,0
324,Female,XL,Medium,teal,Office,Newborn,Romper,Cotton,pink,999.0,0
324,Female,XL,Medium,teal,Office,Men,Blazer,Linen,cream,299.0,0
324,Female,XL,Medium,teal,Office,Men,Shirt,Cotton,blue,299.0,0
324,Female,XL,Medium,teal,Office,Women,Salwar,Wool,navy,4999.0,0
324,Female,XL,Medium,teal,Office,Kids,Frock,Cotton,peach,1299.0,0
324,Female,XL,Medium,teal,Office,Kids,Frock,Rayon,lavender,499.0,0
324,Female,XL,Medium,teal,Office,Kids,Ethnic,Rayon,royal blue,4999.0,0
324,Female,XL,Medium,teal,Office,Kids,T-Shirt,Silk,white,999.0,0
324,Female,XL,Medium,teal,Office,Women,Kurti,Linen,yellow,299.0,0
324,Female,XL,Medium,teal,Office,Kids,T-Shirt,Rayon,olive,999.0,1
324,Female,XL,Medium,teal,Office,Women,Lehenga,Rayon,black,699.0,1
324,Female,XL,Medium,teal,Office,Men,Kurta,Silk,teal,1299.0,1
324,Female,XL,Medium,teal,Office,Kids,Ethnic,Georgette,black,1299.0,0
324,Female,XL,Medium,teal,Office,Newborn,Onesie,Silk,blue,299.0,0
324,Female,XL,Medium,teal,Office,Men,Trousers,Rayon,olive,499.0,0
325,Female,XXL,Dark,coral,Festival,Men,Blazer,Georgette,black,2999.0,0
325,Female,XXL,Dark,coral,Festival,Newborn,Romper,Wool,burgundy,999.0,0
325,Female,XXL,Dark,coral,Festival,Newborn,Set,Georgette,teal,699.0,0
325,Female,XXL,Dark,coral,Festival,Newborn,Romper,Cotton,pink,999.0,0
325,Female,XXL,Dark,coral,Festival,Newborn,Set,Denim,royal blue,999.0,1
325,Female,XXL,Dark,coral,Festival,Kids,Frock,Wool,burgundy,999.0,0
325,Female,XXL,Dark,coral,Festival,Newborn,Onesie,Denim,coral,699.0,1
325,Female,XXL,Dark,coral,Festival,Men,Blazer,Rayon,red,1299.0,1
325,Female,XXL,Dark,coral,Festival,Kids,T-Shirt,Rayon,olive,999.0,0
325,Female,XXL,Dark,coral,Festival,Men,Trousers,Rayon,olive,499.0,0
325,Female,XXL,Dark,coral,Festival,Men,Kurta,Cotton,green,499.0,0
325,Female,XXL,Dark,coral,Festival,Kids,Ethnic,Cotton,red,1999.0,1
325,Female,XXL,Dark,coral,Festival,Women,Dress,Cotton,black,1999.0,0
325,Female,XXL,Dark,coral,Festival,Women,Dress,Georgette,green,299.0,0
325,Female,XXL,Dark,coral,Festival,Kids,Shorts,Georgette,cream,1999.0,1
325,Female,XXL,Dark,coral,Festival,Kids,Ethnic,Wool,teal,499.0,0
325,Female,XXL,Dark,coral,Festival,Newborn,Onesie,Denim,cream,499.0,0
325,Female,XXL,Dark,coral,Festival,Newborn,Set,Rayon,blue,999.0,0
325,Female,XXL,Dark,coral,Festival,Men,Blazer,Linen,teal,1299.0,0
325,Female,XXL,Dark,coral,Festival,Kids,Ethnic,Rayon,burgundy,1999.0,0
325,Female,XXL,Dark,coral,Festival,Men,Trousers,Rayon,navy,1999.0,0
325,Female,XXL,Dark,coral,Festival,Kids,Frock,Silk,cream,1999.0,0
325,Female,XXL,Dark,coral,Festival,Women,Saree,Cotton,cream,999.0,1
325,Female,XXL,Dark,coral,Festival,Newborn,Onesie,Cotton,yellow,2999.0,0
325,Female,XXL,Dark,coral,Festival,Newborn,Set,Wool,yellow,2999.0,0
326,Male,M,Medium,red,Festival,Women,Kurti,Denim,mustard,4999.0,0
326,Male,M,Medium,red,Festival,Women,Kurti,Linen,yellow,299.0,0
326,Male,M,Medium,red,Festival,Newborn,Set,Georgette,teal,2999.0,1
326,Male,M,Medium,red,Festival,Men,Shirt,Wool,peach,1999.0,0
326,Male,M,Medium,red,Festival,Newborn,Onesie,Linen,pink,1299.0,0
326,Male,M,Medium,red,Festival,Kids,Ethnic,Wool,white,1299.0,0
326,Male,M,Medium,red,Festival,Women,Top,Silk,gold,4999.0,0
326,Male,M,Medium,red,Festival,Newborn,Set,Wool,yellow,2999.0,0
326,Male,M,Medium,red,Festival,Kids,T-Shirt,Rayon,olive,999.0,0
326,Male,M,Medium,red,Festival,Newborn,Onesie,Silk,blue,299.0,0
326,Male,M,Medium,red,Festival,Kids,T-Shirt,Georgette,gold,4999.0,0
326,Male,M,Medium,red,Festival,Newborn,Set,Denim,royal blue,999.0,0
326,Male,M,Medium,red,Festival,Kids,Ethnic,Georgette,black,1299.0,0
326,Male,M,Medium,red,Festival,Newborn,Romper,Rayon,gold,699.0,0
326,Male,M,Medium,red,Festival,Kids,Frock,Wool,burgundy,999.0,1
326,Male,M,Medium,red,Festival,Newborn,Set,Silk,gold,299.0,0
326,Male,M,Medium,red,Festival,Kids,T-Shirt,Denim,navy,1999.0,0
326,Male,M,Medium,red,Festival,Kids,Frock,Georgette,black,499.0,0
326,Male,M,Medium,red,Festival,Men,Shirt,Linen,green,1299.0,0
326,Male,M,Medium,red,Festival,Kids,Ethnic,Silk,coral,4999.0,1
326,Male,M,Medium,red,Festival,Kids,Frock,Silk,cream,1999.0,0
326,Male,M,Medium,red,Festival,Men,T-Shirt,Rayon,green,2999.0,0
326,Male,M,Medium,red,Festival,Kids,Frock,Linen,peach,699.0,0
326,Male,M,Medium,red,Festival,Women,Dress,Denim,pink,1299.0,0
326,Male,M,Medium,red,Festival,Newborn,Set,Rayon,blue,999.0,0
327,Female,Free Size,Deep,white,Office,Kids,Frock,Cotton,lavender,499.0,0
327,Female,Free Size,Deep,white,Office,Newborn,Onesie,Denim,royal blue,699.0,0
327,Female,Free Size,Deep,white,Office,Newborn,Set,Wool,yellow,2999.0,0
327,Female,Free Size,Deep,white,Office,Women,Kurti,Linen,yellow,299.0,1
327,Female,Free Size,Deep,white,Office,Men,Kurta,Silk,teal,1299.0,0
327,Female,Free Size,Deep,white,Office,Men,Shirt,Georgette,olive,499.0,0
327,Female,Free Size,Deep,white,Office,Kids,T-Shirt,Cotton,black,499.0,0
327,Female,Free Size,Deep,white,Office,Newborn,Romper,Rayon,gold,699.0,1
327,Female,Free Size,Deep,white,Office,Men,Shirt,Linen,blue,1299.0,0
327,Female,Free Size,Deep,white,Office,Kids,T-Shirt,Silk,olive,499.0,0
327,Female,Free Size,Deep,white,Office,Newborn,Romper,Cotton,pink,999.0,0
327,Female,Free Size,Deep,white,Office,Women,Kurti,Silk,burgundy,4999.0,0
327,Female,Free Size,Deep,white,Office,Kids,Ethnic,Silk,burgundy,999.0,0
327,Female,Free Size,Deep,white,Office,Kids,T-Shirt,Georgette,gold,4999.0,0
327,Female,Free Size,Deep,white,Office,Men,Shirt,Wool,peach,1999.0,0
327,Female,Free Size,Deep,white,Office,Newborn,Set,Denim,royal blue,999.0,1
327,Female,Free Size,Deep,white,Office,Men,T-Shirt,Rayon,green,2999.0,0
327,Female,Free Size,Deep,white,Office,Women,Dress,Cotton,black,1999.0,0
327,Female,Free Size,Deep,white,Office,Newborn,Romper,Denim,navy,1299.0,0
327,Female,Free Size,Deep,white,Office,Kids,Frock,Rayon,lavender,499.0,0
327,Female,Free Size,Deep,white,Office,Newborn,Onesie,Denim,cream,499.0,0
327,Female,Free Size,Deep,white,Office,Newborn,Set,Georgette,teal,699.0,0
327,Female,Free Size,Deep,white,Office,Women,Lehenga,Rayon,black,699.0,0
327,Female,Free Size,Deep,white,Office,Kids,Ethnic,Georgette,black,1299.0,0
327,Female,Free Size,Deep,white,Office,Kids,Ethnic,Cotton,red,1999.0,0
328,Female,M,Deep,navy,Office,Newborn,Onesie,Linen,burgundy,999.0,0
328,Female,M,Deep,navy,Office,Men,Shirt,Linen,blue,1299.0,0
328,Female,M,Deep,navy,Office,Women,Dress,Georgette,green,299.0,0
328,Female,M,Deep,navy,Office,Kids,Frock,Cotton,lavender,499.0,0
328,Female,M,Deep,navy,Office,Kids,Ethnic,Silk,burgundy,999.0,0
328,Female,M,Deep,navy,Office,Newborn,Onesie,Denim,cream,499.0,0
328,Female,M,Deep,navy,Office,Newborn,Set,Georgette,pink,4999.0,0
328,Female,M,Deep,navy,Office,Women,Kurti,Silk,burgundy,4999.0,1
328,Female,M,Deep,navy,Office,Men,T-Shirt,Rayon,coral,999.0,0
328,Female,M,Deep,navy,Office,Men,T-Shirt,Rayon,peach,1999.0,0
328,Female,M,Deep,navy,Office,Women,Kurti,Silk,magenta,699.0,1
328,Female,M,Deep,navy,Office,Men,Trousers,Linen,magenta,699.0,0
328,Female,M,Deep,navy,Office,Kids,Ethnic,Rayon,royal blue,4999.0,0
328,Female,M,Deep,navy,Office,Women,Dress,Silk,black,1299.0,0
328,Female,M,Deep,navy,Office,Newborn,Set,Silk,gold,299.0,0
328,Female,M,Deep,navy,Office,Kids,T-Shirt,Denim,burgundy,1299.0,0
328,Female,M,Deep,navy,Office,Newborn,Set,Rayon,blue,999.0,0
328,Female,M,Deep,navy,Office,Men,Shirt,Linen,green,1299.0,0
328,Female,M,Deep,navy,Office,Kids,Shorts,Silk,gold,499.0,0
328,Female,M,Deep,navy,Office,Kids,Ethnic,Cotton,olive,1999.0,0
328,Female,M,Deep,navy,Office,Kids,T-Shirt,Silk,olive,499.0,0
328,Female,M,Deep,navy,Office,Men,Kurta,Cotton,green,499.0,0
328,Female,M,Deep,navy,Office,Men,Kurta,Silk,navy,299.0,0
328,Female,M,Deep,navy,Office,Newborn,Onesie,Denim,yellow,4999.0,1
328,Female,M,Deep,navy,Office,Women,Lehenga,Rayon,black,699.0,1
329,Male,XXL,Fair,navy,Festival,Kids,Shorts,Silk,gold,499.0,0
329,Male,XXL,Fair,navy,Festival,Newborn,Set,Georgette,pink,4999.0,0
329,Male,XXL,Fair,navy,Festival,Women,Kurti,Denim,white,699.0,1
329,Male,XXL,Fair,navy,Festival,Newborn,Romper,Linen,peach,4999.0,0
329,Male,XXL,Fair,navy,Festival,Men,Trousers,Linen,magenta,699.0,1
329,Male,XXL,Fair,navy,Festival,Women,Dress,Denim,pink,1299.0,1
329,Male,XXL,Fair,navy,Festival,Newborn,Romper,Wool,burgundy,299.0,0
329,Male,XXL,Fair,navy,Festival,Women,Top,Rayon,teal,1999.0,0
329,Male,XXL,Fair,navy,Festival,Men,Shirt,Linen,blue,1299.0,1
329,Male,XXL,Fair,navy,Festival,Men,T-Shirt,Rayon,peach,1999.0,1
329,Male,XXL,Fair,navy,Festival,Women,Dress,Cotton,black,1999.0,0
329,Male,XXL,Fair,navy,Festival,Newborn,Onesie,Cotton,yellow,2999.0,0
329,Male,XXL,Fair,navy,Festival,Women,Lehenga,Denim,pink,299.0,1
329,Male,XXL,Fair,navy,Festival,Women,Salwar,Cotton,magenta,299.0,0
329,Male,XXL,Fair,navy,Festival,Newborn,Onesie,Linen,burgundy,999.0,0
329,Male,XXL,Fair,navy,Festival,Newborn,Romper,Rayon,gold,699.0,0
329,Male,XXL,Fair,navy,Festival,Women,Top,Silk,gold,4999.0,0
329,Male,XXL,Fair,navy,Festival,Newborn,Set,Denim,royal blue,999.0,0
329,Male,XXL,Fair,navy,Festival,Women,Top,Rayon,magenta,699.0,0
329,Male,XXL,Fair,navy,Festival,Women,Saree,Cotton,cream,999.0,1
329,Male,XXL,Fair,navy,Festival,Kids,Ethnic,Cotton,olive,1999.0,0
329,Male,XXL,Fair,navy,Festival,Men,Kurta,Cotton,green,499.0,1
329,Male,XXL,Fair,navy,Festival,Women,Salwar,Cotton,coral,1999.0,0
329,Male,XXL,Fair,navy,Festival,Newborn,Set,Rayon,white,2999.0,0
329,Male,XXL,Fair,navy,Festival,Men,Kurta,Silk,teal,1299.0,1
330,Male,XL,Deep,magenta,Wedding,Women,Top,Rayon,magenta,699.0,1
330,Male,XL,Deep,magenta,Wedding,Women,Kurti,Silk,magenta,699.0,1
330,Male,XL,Deep,magenta,Wedding,Newborn,Onesie,Denim,royal blue,699.0,1
330,Male,XL,Deep,magenta,Wedding,Women,Dress,Silk,black,1299.0,0
330,Male,XL,Deep,magenta,Wedding,Kids,T-Shirt,Silk,white,999.0,1
330,Male,XL,Deep,magenta,Wedding,Women,Top,Silk,gold,4999.0,0
330,Male,XL,Deep,magenta,Wedding,Men,Shirt,Rayon,peach,1999.0,1
330,Male,XL,Deep,magenta,Wedding,Men,Kurta,Silk,red,4999.0,1
330,Male,XL,Deep,magenta,Wedding,Newborn,Onesie,Cotton,yellow,1999.0,0
330,Male,XL,Deep,magenta,Wedding,Newborn,Onesie,Linen,burgundy,999.0,0
330,Male,XL,Deep,magenta,Wedding,Kids,T-Shirt,Georgette,gold,4999.0,0
330,Male,XL,Deep,magenta,Wedding,Kids,Frock,Linen,peach,699.0,0
330,Male,XL,Deep,magenta,Wedding,Men,Kurta,Cotton,green,499.0,1
330,Male,XL,Deep,magenta,Wedding,Women,Kurti,Linen,yellow,299.0,0
330,Male,XL,Deep,magenta,Wedding,Men,T-Shirt,Rayon,coral,999.0,0
330,Male,XL,Deep,magenta,Wedding,Women,Top,Rayon,teal,1999.0,0
330,Male,XL,Deep,magenta,Wedding,Men,Shirt,Rayon,gold,999.0,1
330,Male,XL,Deep,magenta,Wedding,Men,Blazer,Denim,pink,699.0,1
330,Male,XL,Deep,magenta,Wedding,Kids,T-Shirt,Rayon,olive,999.0,1
330,Male,XL,Deep,magenta,Wedding,Newborn,Onesie,Denim,cream,499.0,0
330,Male,XL,Deep,magenta,Wedding,Kids,Frock,Wool,burgundy,999.0,0
330,Male,XL,Deep,magenta,Wedding,Women,Dress,Cotton,black,1999.0,0
330,Male,XL,Deep,magenta,Wedding,Women,Lehenga,Denim,pink,299.0,0
330,Male,XL,Deep,magenta,Wedding,Women,Salwar,Cotton,cream,999.0,0
330,Male,XL,Deep,magenta,Wedding,Kids,Ethnic,Rayon,royal blue,4999.0,1
331,Male,XS,Dark,red,Wedding,Women,Saree,Denim,burgundy,499.0,1
331,Male,XS,Dark,red,Wedding,Men,Blazer,Linen,teal,1299.0,1
331,Male,XS,Dark,red,Wedding,Newborn,Onesie,Denim,yellow,4999.0,0
331,Male,XS,Dark,red,Wedding,Women,Kurti,Linen,yellow,299.0,0
331,Male,XS,Dark,red,Wedding,Women,Top,Silk,gold,4999.0,0
331,Male,XS,Dark,red,Wedding,Women,Salwar,Cotton,magenta,299.0,0
331,Male,XS,Dark,red,Wedding,Men,Shirt,Linen,green,1299.0,1
331,Male,XS,Dark,red,Wedding,Men,Blazer,Denim,pink,699.0,1
331,Male,XS,Dark,red,Wedding,Women,Dress,Silk,black,1299.0,0
331,Male,XS,Dark,red,Wedding,Newborn,Romper,Linen,peach,4999.0,0
331,Male,XS,Dark,red,Wedding,Women,Dress,Linen,olive,499.0,0
331,Male,XS,Dark,red,Wedding,Men,T-Shirt,Linen,red,499.0,1
331,Male,XS,Dark,red,Wedding,Newborn,Set,Rayon,burgundy,999.0,0
331,Male,XS,Dark,red,Wedding,Newborn,Set,Georgette,pink,4999.0,0
331,Male,XS,Dark,red,Wedding,Kids,Ethnic,Cotton,red,1999.0,1
331,Male,XS,Dark,red,Wedding,Newborn,Onesie,Cotton,yellow,1999.0,0
331,Male,XS,Dark,red,Wedding,Newborn,Onesie,Silk,blue,299.0,0
331,Male,XS,Dark,red,Wedding,Men,Blazer,Linen,cream,299.0,0
331,Male,XS,Dark,red,Wedding,Newborn,Set,Rayon,burgundy,4999.0,0
331,Male,XS,Dark,red,Wedding,Newborn,Set,Wool,yellow,2999.0,0
331,Male,XS,Dark,red,Wedding,Men,Kurta,Silk,navy,299.0,1
331,Male,XS,Dark,red,Wedding,Men,Blazer,Georgette,burgundy,1299.0,1
331,Male,XS,Dark,red,Wedding,Kids,Ethnic,Wool,teal,499.0,0
331,Male,XS,Dark,red,Wedding,Newborn,Romper,Linen,coral,2999.0,1
331,Male,XS,Dark,red,Wedding,Women,Lehenga,Wool,white,999.0,1
332,Male,L,Medium,peach,Wedding,Men,Kurta,Cotton,green,499.0,1
332,Male,L,Medium,peach,Wedding,Women,Salwar,Denim,magenta,4999.0,0
332,Male,L,Medium,peach,Wedding,Men,T-Shirt,Rayon,coral,999.0,1
332,Male,L,Medium,peach,Wedding,Women,Kurti,Rayon,red,499.0,0
332,Male,L,Medium,peach,Wedding,Men,Blazer,Linen,teal,1299.0,1
332,Male,L,Medium,peach,Wedding,Men,Trousers,Silk,green,4999.0,0
332,Male,L,Medium,peach,Wedding,Men,Blazer,Georgette,burgundy,1299.0,1
332,Male,L,Medium,peach,Wedding,Kids,Frock,Rayon,lavender,499.0,0
332,Male,L,Medium,peach,Wedding,Women,Salwar,Cotton,cream,999.0,0
332,Male,L,Medium,peach,Wedding,Newborn,Onesie,Denim,cream,499.0,0
332,Male,L,Medium,peach,Wedding,Women,Salwar,Wool,navy,4999.0,0
332,Male,L,Medium,peach,Wedding,Men,Trousers,Linen,lavender,1299.0,0
332,Male,L,Medium,peach,Wedding,Newborn,Romper,Linen,peach,4999.0,1
332,Male,L,Medium,peach,Wedding,Women,Lehenga,Denim,pink,299.0,0
332,Male,L,Medium,peach,Wedding,Newborn,Set,Georgette,teal,699.0,0
332,Male,L,Medium,peach,Wedding,Men,Trousers,Cotton,royal blue,1999.0,1
332,Male,L,Medium,peach,Wedding,Women,Top,Cotton,green,2999.0,0
332,Male,L,Medium,peach,Wedding,Women,Salwar,Cotton,coral,1999.0,0
332,Male,L,Medium,peach,Wedding,Newborn,Romper,Denim,navy,1299.0,0
332,Male,L,Medium,peach,Wedding,Kids,Ethnic,Rayon,burgundy,1999.0,1
332,Male,L,Medium,peach,Wedding,Kids,T-Shirt,Silk,white,999.0,0
332,Male,L,Medium,peach,Wedding,Women,Dress,Silk,black,1299.0,0
332,Male,L,Medium,peach,Wedding,Men,Shirt,Cotton,blue,299.0,0
332,Male,L,Medium,peach,Wedding,Men,Kurta,Silk,red,4999.0,1
332,Male,L,Medium,peach,Wedding,Women,Salwar,Cotton,magenta,299.0,1
333,Female,XXL,Light,peach,Office,Men,Blazer,Linen,teal,1299.0,0
333,Female,XXL,Light,peach,Office,Newborn,Onesie,Silk,blue,299.0,0
333,Female,XXL,Light,peach,Office,Kids,Ethnic,Rayon,burgundy,1999.0,0
333,Female,XXL,Light,peach,Office,Women,Saree,Denim,peach,1999.0,1
333,Female,XXL,Light,peach,Office,Men,Blazer,Georgette,burgundy,1299.0,0
333,Female,XXL,Light,peach,Office,Women,Saree,Cotton,cream,999.0,1
333,Female,XXL,Light,peach,Office,Women,Kurti,Linen,yellow,299.0,0
333,Female,XXL,Light,peach,Office,Men,Trousers,Linen,lavender,1299.0,0
333,Female,XXL,Light,peach,Office,Kids,Ethnic,Wool,teal,499.0,0
333,Female,XXL,Light,peach,Office,Newborn,Romper,Wool,burgundy,999.0,0
333,Female,XXL,Light,peach,Office,Kids,Frock,Cotton,peach,1299.0,1
333,Female,XXL,Light,peach,Office,Men,Shirt,Georgette,olive,499.0,1
333,Female,XXL,Light,peach,Office,Newborn,Onesie,Denim,coral,699.0,0
333,Female,XXL,Light,peach,Office,Kids,T-Shirt,Denim,navy,1999.0,0
333,Female,XXL,Light,peach,Office,Women,Salwar,Wool,navy,4999.0,0
333,Female,XXL,Light,peach,Office,Men,Trousers,Rayon,olive,499.0,1
333,Female,XXL,Light,peach,Office,Women,Kurti,Rayon,red,499.0,0
333,Female,XXL,Light,peach,Office,Newborn,Romper,Silk,black,499.0,0
333,Female,XXL,Light,peach,Office,Men,T-Shirt,Linen,red,499.0,0
333,Female,XXL,Light,peach,Office,Women,Kurti,Denim,white,699.0,1
333,Female,XXL,Light,peach,Office,Women,Salwar,Denim,magenta,4999.0,0
333,Female,XXL,Light,peach,Office,Women,Dress,Linen,olive,499.0,0
333,Female,XXL,Light,peach,Office,Newborn,Set,Rayon,burgundy,999.0,0
333,Female,XXL,Light,peach,Office,Men,Blazer,Georgette,black,2999.0,0
333,Female,XXL,Light,peach,Office,Kids,T-Shirt,Silk,white,999.0,0
334,Female,Free Size,Deep,cream,Daily,Newborn,Romper,Rayon,gold,699.0,1
334,Female,Free Size,Deep,cream,Daily,Newborn,Onesie,Cotton,yellow,2999.0,0
334,Female,Free Size,Deep,cream,Daily,Women,Salwar,Rayon,gold,4999.0,0
334,Female,Free Size,Deep,cream,Daily,Kids,Ethnic,Georgette,black,1299.0,0
334,Female,Free Size,Deep,cream,Daily,Newborn,Set,Georgette,pink,4999.0,0
334,Female,Free Size,Deep,cream,Daily,Newborn,Set,Rayon,burgundy,999.0,0
334,Female,Free Size,Deep,cream,Daily,Newborn,Onesie,Linen,pink,1299.0,0
334,Female,Free Size,Deep,cream,Daily,Men,Kurta,Cotton,green,499.0,0
334,Female,Free Size,Deep,cream,Daily,Newborn,Romper,Wool,burgundy,999.0,0
334,Female,Free Size,Deep,cream,Daily,Men,Trousers,Rayon,olive,499.0,0
334,Female,Free Size,Deep,cream,Daily,Men,Trousers,Silk,green,4999.0,0
334,Female,Free Size,Deep,cream,Daily,Newborn,Romper,Linen,coral,2999.0,0
334,Female,Free Size,Deep,cream,Daily,Men,Trousers,Linen,magenta,699.0,0
334,Female,Free Size,Deep,cream,Daily,Men,Trousers,Linen,lavender,1299.0,0
334,Female,Free Size,Deep,cream,Daily,Women,Kurti,Cotton,cream,999.0,0
334,Female,Free Size,Deep,cream,Daily,Kids,Frock,Linen,peach,699.0,0
334,Female,Free Size,Deep,cream,Daily,Men,Shirt,Georgette,olive,499.0,0
334,Female,Free Size,Deep,cream,Daily,Women,Salwar,Cotton,cream,999.0,1
334,Female,Free Size,Deep,cream,Daily,Newborn,Romper,Denim,navy,1299.0,0
334,Female,Free Size,Deep,cream,Daily,Women,Dress,Linen,yellow,1999.0,1
334,Female,Free Size,Deep,cream,Daily,Men,Shirt,Rayon,peach,1999.0,0
334,Female,Free Size,Deep,cream,Daily,Women,Kurti,Denim,mustard,4999.0,0
334,Female,Free Size,Deep,cream,Daily,Newborn,Onesie,Denim,coral,699.0,0
334,Female,Free Size,Deep,cream,Daily,Women,Salwar,Cotton,coral,1999.0,0
334,Female,Free Size,Deep,cream,Daily,Kids,Ethnic,Wool,white,1299.0,1
335,Male,XL,Light,burgundy,Party,Women,Saree,Denim,peach,1999.0,1
335,Male,XL,Light,burgundy,Party,Kids,Frock,Silk,cream,1999.0,1
335,Male,XL,Light,burgundy,Party,Men,Blazer,Georgette,burgundy,1299.0,1
335,Male,XL,Light,burgundy,Party,Women,Salwar,Rayon,gold,4999.0,0
335,Male,XL,Light,burgundy,Party,Kids,Frock,Wool,burgundy,999.0,1
335,Male,XL,Light,burgundy,Party,Men,Blazer,Linen,teal,999.0,1
335,Male,XL,Light,burgundy,Party,Kids,Frock,Georgette,black,499.0,0
335,Male,XL,Light,burgundy,Party,Kids,T-Shirt,Denim,burgundy,1299.0,1
335,Male,XL,Light,burgundy,Party,Kids,Frock,Cotton,peach,1299.0,0
335,Male,XL,Light,burgundy,Party,Women,Dress,Rayon,mustard,999.0,0
335,Male,XL,Light,burgundy,Party,Newborn,Romper,Linen,peach,4999.0,1
335,Male,XL,Light,burgundy,Party,Newborn,Onesie,Denim,cream,499.0,1
335,Male,XL,Light,burgundy,Party,Newborn,Onesie,Denim,yellow,4999.0,0
335,Male,XL,Light,burgundy,Party,Newborn,Romper,Silk,lavender,1999.0,0
335,Male,XL,Light,burgundy,Party,Newborn,Set,Denim,royal blue,999.0,1
335,Male,XL,Light,burgundy,Party,Newborn,Romper,Cotton,pink,999.0,1
335,Male,XL,Light,burgundy,Party,Women,Lehenga,Wool,white,999.0,1
335,Male,XL,Light,burgundy,Party,Newborn,Set,Wool,yellow,2999.0,0
335,Male,XL,Light,burgundy,Party,Newborn,Set,Rayon,burgundy,999.0,1
335,Male,XL,Light,burgundy,Party,Kids,Shorts,Georgette,cream,1999.0,0
335,Male,XL,Light,burgundy,Party,Kids,Ethnic,Silk,burgundy,999.0,0
335,Male,XL,Light,burgundy,Party,Kids,T-Shirt,Cotton,black,499.0,0
335,Male,XL,Light,burgundy,Party,Men,Shirt,Georgette,olive,499.0,1
335,Male,XL,Light,burgundy,Party,Newborn,Onesie,Denim,coral,699.0,0
335,Male,XL,Light,burgundy,Party,Men,Blazer,Linen,cream,299.0,1
336,Female,XL,Warm,olive,Wedding,Women,Dress,Cotton,black,1999.0,0
336,Female,XL,Warm,olive,Wedding,Women,Lehenga,Rayon,black,699.0,1
336,Female,XL,Warm,olive,Wedding,Women,Top,Rayon,magenta,699.0,0
336,Female,XL,Warm,olive,Wedding,Men,Trousers,Cotton,royal blue,1999.0,0
336,Female,XL,Warm,olive,Wedding,Newborn,Romper,Rayon,mustard,4999.0,0
336,Female,XL,Warm,olive,Wedding,Women,Saree,Denim,burgundy,499.0,1
336,Female,XL,Warm,olive,Wedding,Kids,Ethnic,Silk,burgundy,999.0,1
336,Female,XL,Warm,olive,Wedding,Women,Salwar,Cotton,magenta,299.0,0
336,Female,XL,Warm,olive,Wedding,Newborn,Romper,Wool,burgundy,299.0,0
336,Female,XL,Warm,olive,Wedding,Women,Kurti,Silk,burgundy,4999.0,1
336,Female,XL,Warm,olive,Wedding,Newborn,Onesie,Linen,burgundy,999.0,1
336,Female,XL,Warm,olive,Wedding,Kids,T-Shirt,Silk,olive,499.0,0
336,Female,XL,Warm,olive,Wedding,Newborn,Onesie,Denim,yellow,4999.0,0
336,Female,XL,Warm,olive,Wedding,Newborn,Onesie,Linen,pink,1299.0,0
336,Female,XL,Warm,olive,Wedding,Women,Dress,Denim,pink,1299.0,0
336,Female,XL,Warm,olive,Wedding,Men,Blazer,Georgette,black,2999.0,0
336,Female,XL,Warm,olive,Wedding,Men,Shirt,Georgette,olive,499.0,1
336,Female,XL,Warm,olive,Wedding,Men,Shirt,Cotton,blue,299.0,0
336,Female,XL,Warm,olive,Wedding,Kids,Ethnic,Wool,white,1299.0,0
336,Female,XL,Warm,olive,Wedding,Men,Shirt,Rayon,gold,999.0,1
336,Female,XL,Warm,olive,Wedding,Men,Kurta,Silk,navy,299.0,0
336,Female,XL,Warm,olive,Wedding,Newborn,Onesie,Denim,cream,499.0,1
336,Female,XL,Warm,olive,Wedding,Kids,T-Shirt,Cotton,black,499.0,0
336,Female,XL,Warm,olive,Wedding,Kids,T-Shirt,Denim,navy,1999.0,0
336,Female,XL,Warm,olive,Wedding,Kids,T-Shirt,Denim,blue,299.0,0
337,Female,XL,Medium,burgundy,Party,Women,Salwar,Denim,burgundy,2999.0,1
337,Female,XL,Medium,burgundy,Party,Men,Blazer,Linen,teal,1299.0,1
337,Female,XL,Medium,burgundy,Party,Newborn,Set,Rayon,white,2999.0,0
337,Female,XL,Medium,burgundy,Party,Women,Salwar,Cotton,magenta,299.0,0
337,Female,XL,Medium,burgundy,Party,Men,Shirt,Linen,green,1299.0,0
337,Female,XL,Medium,burgundy,Party,Women,Dress,Linen,yellow,1999.0,1
337,Female,XL,Medium,burgundy,Party,Kids,T-Shirt,Georgette,gold,4999.0,0
337,Female,XL,Medium,burgundy,Party,Women,Salwar,Silk,red,1999.0,1
337,Female,XL,Medium,burgundy,Party,Kids,Ethnic,Cotton,red,1999.0,0
337,Female,XL,Medium,burgundy,Party,Men,Trousers,Rayon,olive,499.0,0
337,Female,XL,Medium,burgundy,Party,Men,Shirt,Georgette,olive,499.0,1
337,Female,XL,Medium,burgundy,Party,Kids,Frock,Wool,burgundy,999.0,1
337,Female,XL,Medium,burgundy,Party,Newborn,Romper,Linen,coral,2999.0,0
337,Female,XL,Medium,burgundy,Party,Newborn,Set,Georgette,pink,4999.0,0
337,Female,XL,Medium,burgundy,Party,Men,Kurta,Silk,red,4999.0,0
337,Female,XL,Medium,burgundy,Party,Men,Trousers,Linen,magenta,699.0,0
337,Female,XL,Medium,burgundy,Party,Men,Shirt,Cotton,blue,299.0,0
337,Female,XL,Medium,burgundy,Party,Men,Shirt,Wool,peach,1999.0,0
337,Female,XL,Medium,burgundy,Party,Newborn,Onesie,Cotton,yellow,1999.0,0
337,Female,XL,Medium,burgundy,Party,Women,Top,Rayon,teal,1999.0,1
337,Female,XL,Medium,burgundy,Party,Men,Blazer,Wool,white,499.0,0
337,Female,XL,Medium,burgundy,Party,Men,Blazer,Georgette,burgundy,1299.0,1
337,Female,XL,Medium,burgundy,Party,Kids,Ethnic,Wool,white,1299.0,0
337,Female,XL,Medium,burgundy,Party,Men,Blazer,Denim,pink,699.0,1
337,Female,XL,Medium,burgundy,Party,Kids,Shorts,Silk,gold,499.0,1
338,Female,XL,Warm,yellow,Wedding,Women,Top,Georgette,peach,999.0,1
338,Female,XL,Warm,yellow,Wedding,Men,Blazer,Georgette,burgundy,1299.0,1
338,Female,XL,Warm,yellow,Wedding,Kids,T-Shirt,Denim,blue,299.0,0
338,Female,XL,Warm,yellow,Wedding,Men,Blazer,Rayon,red,1299.0,1
338,Female,XL,Warm,yellow,Wedding,Women,Top,Rayon,teal,1999.0,1
338,Female,XL,Warm,yellow,Wedding,Women,Kurti,Cotton,cream,999.0,0
338,Female,XL,Warm,yellow,Wedding,Women,Top,Silk,gold,4999.0,1
338,Female,XL,Warm,yellow,Wedding,Men,Kurta,Silk,navy,299.0,0
338,Female,XL,Warm,yellow,Wedding,Newborn,Onesie,Denim,royal blue,699.0,0
338,Female,XL,Warm,yellow,Wedding,Women,Salwar,Denim,magenta,4999.0,0
338,Female,XL,Warm,yellow,Wedding,Men,Blazer,Linen,teal,1299.0,1
338,Female,XL,Warm,yellow,Wedding,Men,Blazer,Linen,cream,299.0,0
338,Female,XL,Warm,yellow,Wedding,Newborn,Set,Georgette,teal,2999.0,0
338,Female,XL,Warm,yellow,Wedding,Newborn,Set,Rayon,burgundy,4999.0,0
338,Female,XL,Warm,yellow,Wedding,Women,Salwar,Cotton,cream,999.0,0
338,Female,XL,Warm,yellow,Wedding,Kids,Frock,Georgette,black,499.0,0
338,Female,XL,Warm,yellow,Wedding,Men,Trousers,Cotton,royal blue,1999.0,1
338,Female,XL,Warm,yellow,Wedding,Kids,T-Shirt,Georgette,gold,4999.0,0
338,Female,XL,Warm,yellow,Wedding,Kids,Frock,Silk,cream,1999.0,0
338,Female,XL,Warm,yellow,Wedding,Kids,T-Shirt,Rayon,olive,999.0,1
338,Female,XL,Warm,yellow,Wedding,Men,Blazer,Linen,teal,999.0,0
338,Female,XL,Warm,yellow,Wedding,Men,Blazer,Georgette,black,2999.0,0
338,Female,XL,Warm,yellow,Wedding,Newborn,Romper,Wool,coral,1999.0,1
338,Female,XL,Warm,yellow,Wedding,Women,Saree,Denim,burgundy,499.0,1
338,Female,XL,Warm,yellow,Wedding,Men,Shirt,Wool,peach,1999.0,0
339,Female,XL,Medium,black,Party,Men,T-Shirt,Linen,red,499.0,0
339,Female,XL,Medium,black,Party,Men,Trousers,Linen,lavender,1299.0,0
339,Female,XL,Medium,black,Party,Kids,Shorts,Georgette,cream,1999.0,0
339,Female,XL,Medium,black,Party,Men,Shirt,Linen,blue,1299.0,0
339,Female,XL,Medium,black,Party,Men,Blazer,Georgette,burgundy,1299.0,1
339,Female,XL,Medium,black,Party,Women,Kurti,Cotton,cream,999.0,1
339,Female,XL,Medium,black,Party,Women,Top,Cotton,green,2999.0,0
339,Female,XL,Medium,black,Party,Women,Kurti,Silk,magenta,699.0,0
339,Female,XL,Medium,black,Party,Kids,Ethnic,Silk,burgundy,999.0,1
339,Female,XL,Medium,black,Party,Kids,T-Shirt,Denim,blue,299.0,0
339,Female,XL,Medium,black,Party,Men,Kurta,Silk,teal,1299.0,1
339,Female,XL,Medium,black,Party,Newborn,Romper,Silk,lavender,1999.0,0
339,Female,XL,Medium,black,Party,Men,Blazer,Linen,cream,299.0,0
339,Female,XL,Medium,black,Party,Men,Kurta,Cotton,green,499.0,0
339,Female,XL,Medium,black,Party,Newborn,Set,Silk,gold,299.0,0
339,Female,XL,Medium,black,Party,Kids,Frock,Cotton,lavender,499.0,0
339,Female,XL,Medium,black,Party,Women,Top,Rayon,magenta,699.0,0
339,Female,XL,Medium,black,Party,Women,Kurti,Linen,yellow,299.0,0
339,Female,XL,Medium,black,Party,Newborn,Set,Denim,royal blue,999.0,0
339,Female,XL,Medium,black,Party,Women,Salwar,Denim,magenta,4999.0,0
339,Female,XL,Medium,black,Party,Women,Dress,Cotton,black,1999.0,1
339,Female,XL,Medium,black,Party,Kids,Frock,Silk,cream,1999.0,0
339,Female,XL,Medium,black,Party,Men,Kurta,Silk,red,4999.0,0
339,Female,XL,Medium,black,Party,Men,Blazer,Linen,teal,1299.0,1
339,Female,XL,Medium,black,Party,Men,Kurta,Silk,navy,299.0,0
340,Female,XXL,Light,mustard,Party,Kids,Frock,Silk,cream,1999.0,0
340,Female,XXL,Light,mustard,Party,Kids,Ethnic,Cotton,olive,1999.0,0
340,Female,XXL,Light,mustard,Party,Kids,T-Shirt,Denim,burgundy,1299.0,0
340,Female,XXL,Light,mustard,Party,Women,Dress,Linen,olive,499.0,0
340,Female,XXL,Light,mustard,Party,Men,T-Shirt,Linen,red,499.0,0
340,Female,XXL,Light,mustard,Party,Newborn,Onesie,Linen,burgundy,999.0,0
340,Female,XXL,Light,mustard,Party,Newborn,Set,Silk,gold,299.0,0
340,Female,XXL,Light,mustard,Party,Men,Blazer,Linen,teal,999.0,0
340,Female,XXL,Light,mustard,Party,Men,Kurta,Silk,navy,299.0,0
340,Female,XXL,Light,mustard,Party,Kids,T-Shirt,Rayon,olive,999.0,0
340,Female,XXL,Light,mustard,Party,Newborn,Romper,Denim,navy,1299.0,0
340,Female,XXL,Light,mustard,Party,Kids,T-Shirt,Denim,navy,1999.0,0
340,Female,XXL,Light,mustard,Party,Newborn,Set,Denim,royal blue,999.0,0
340,Female,XXL,Light,mustard,Party,Men,Shirt,Linen,blue,1299.0,1
340,Female,XXL,Light,mustard,Party,Women,Saree,Denim,burgundy,499.0,1
340,Female,XXL,Light,mustard,Party,Newborn,Set,Rayon,white,2999.0,0
340,Female,XXL,Light,mustard,Party,Newborn,Set,Rayon,blue,999.0,1
340,Female,XXL,Light,mustard,Party,Newborn,Set,Rayon,burgundy,4999.0,0
340,Female,XXL,Light,mustard,Party,Women,Lehenga,Rayon,black,699.0,1
340,Female,XXL,Light,mustard,Party,Men,Kurta,Silk,red,4999.0,0
340,Female,XXL,Light,mustard,Party,Women,Top,Rayon,teal,1999.0,1
340,Female,XXL,Light,mustard,Party,Men,Shirt,Cotton,blue,299.0,1
340,Female,XXL,Light,mustard,Party,Women,Saree,Cotton,cream,999.0,1
340,Female,XXL,Light,mustard,Party,Men,T-Shirt,Rayon,peach,1999.0,1
340,Female,XXL,Light,mustard,Party,Men,Blazer,Georgette,burgundy,1299.0,0
341,Female,M,Dark,gold,Party,Women,Dress,Silk,black,1299.0,0
341,Female,M,Dark,gold,Party,Newborn,Onesie,Linen,burgundy,999.0,0
341,Female,M,Dark,gold,Party,Women,Saree,Denim,burgundy,499.0,0
341,Female,M,Dark,gold,Party,Women,Dress,Rayon,mustard,999.0,1
341,Female,M,Dark,gold,Party,Newborn,Romper,Linen,peach,4999.0,0
341,Female,M,Dark,gold,Party,Men,Shirt,Georgette,olive,499.0,0
341,Female,M,Dark,gold,Party,Women,Saree,Cotton,cream,999.0,1
341,Female,M,Dark,gold,Party,Kids,Frock,Cotton,lavender,499.0,0
341,Female,M,Dark,gold,Party,Women,Lehenga,Wool,white,999.0,1
341,Female,M,Dark,gold,Party,Newborn,Set,Wool,yellow,2999.0,0
341,Female,M,Dark,gold,Party,Women,Salwar,Denim,magenta,4999.0,1
341,Female,M,Dark,gold,Party,Women,Dress,Denim,pink,1299.0,1
341,Female,M,Dark,gold,Party,Newborn,Set,Georgette,pink,4999.0,0
341,Female,M,Dark,gold,Party,Kids,Shorts,Georgette,cream,1999.0,0
341,Female,M,Dark,gold,Party,Women,Kurti,Linen,yellow,299.0,1
341,Female,M,Dark,gold,Party,Kids,T-Shirt,Silk,olive,499.0,0
341,Female,M,Dark,gold,Party,Newborn,Set,Rayon,burgundy,999.0,0
341,Female,M,Dark,gold,Party,Kids,Frock,Wool,burgundy,999.0,0
341,Female,M,Dark,gold,Party,Men,Blazer,Linen,teal,999.0,0
341,Female,M,Dark,gold,Party,Men,Trousers,Denim,lavender,1299.0,1
341,Female,M,Dark,gold,Party,Kids,Ethnic,Wool,white,1299.0,1
341,Female,M,Dark,gold,Party,Women,Saree,Denim,peach,1999.0,1
341,Female,M,Dark,gold,Party,Men,Shirt,Rayon,gold,999.0,1
341,Female,M,Dark,gold,Party,Men,Trousers,Linen,magenta,699.0,1
341,Female,M,Dark,gold,Party,Kids,Frock,Cotton,peach,1299.0,0
342,Male,XL,Deep,burgundy,Festival,Men,Trousers,Rayon,olive,499.0,0
342,Male,XL,Deep,burgundy,Festival,Kids,Frock,Rayon,lavender,499.0,0
342,Male,XL,Deep,burgundy,Festival,Women,Kurti,Silk,magenta,699.0,1
342,Male,XL,Deep,burgundy,Festival,Men,T-Shirt,Rayon,peach,1999.0,0
342,Male,XL,Deep,burgundy,Festival,Women,Kurti,Linen,yellow,299.0,0
342,Male,XL,Deep,burgundy,Festival,Kids,Ethnic,Silk,coral,4999.0,0
342,Male,XL,Deep,burgundy,Festival,Men,Shirt,Cotton,blue,299.0,0
342,Male,XL,Deep,burgundy,Festival,Women,Dress,Rayon,mustard,999.0,0
342,Male,XL,Deep,burgundy,Festival,Women,Salwar,Denim,burgundy,2999.0,0
342,Male,XL,Deep,burgundy,Festival,Men,Blazer,Georgette,black,2999.0,1
342,Male,XL,Deep,burgundy,Festival,Newborn,Onesie,Denim,cream,499.0,0
342,Male,XL,Deep,burgundy,Festival,Newborn,Set,Georgette,pink,4999.0,0
342,Male,XL,Deep,burgundy,Festival,Men,Blazer,Wool,white,499.0,1
342,Male,XL,Deep,burgundy,Festival,Kids,T-Shirt,Rayon,olive,999.0,0
342,Male,XL,Deep,burgundy,Festival,Newborn,Onesie,Denim,coral,699.0,0
342,Male,XL,Deep,burgundy,Festival,Newborn,Set,Rayon,blue,999.0,0
342,Male,XL,Deep,burgundy,Festival,Kids,Frock,Silk,cream,1999.0,0
342,Male,XL,Deep,burgundy,Festival,Women,Salwar,Cotton,coral,1999.0,0
342,Male,XL,Deep,burgundy,Festival,Newborn,Onesie,Cotton,yellow,1999.0,1
342,Male,XL,Deep,burgundy,Festival,Women,Dress,Cotton,black,1999.0,0
342,Male,XL,Deep,burgundy,Festival,Newborn,Romper,Silk,lavender,1999.0,1
342,Male,XL,Deep,burgundy,Festival,Men,Kurta,Silk,navy,299.0,1
342,Male,XL,Deep,burgundy,Festival,Newborn,Onesie,Silk,blue,299.0,0
342,Male,XL,Deep,burgundy,Festival,Women,Dress,Linen,olive,499.0,0
342,Male,XL,Deep,burgundy,Festival,Men,Shirt,Linen,green,1299.0,0
343,Female,Free Size,Medium,blue,Party,Men,Blazer,Georgette,black,2999.0,0
343,Female,Free Size,Medium,blue,Party,Women,Dress,Silk,black,1299.0,0
343,Female,Free Size,Medium,blue,Party,Women,Dress,Linen,olive,499.0,1
343,Female,Free Size,Medium,blue,Party,Women,Top,Rayon,magenta,699.0,1
343,Female,Free Size,Medium,blue,Party,Women,Top,Georgette,peach,999.0,1
343,Female,Free Size,Medium,blue,Party,Kids,Frock,Georgette,black,499.0,0
343,Female,Free Size,Medium,blue,Party,Newborn,Onesie,Silk,blue,299.0,0
343,Female,Free Size,Medium,blue,Party,Kids,Ethnic,Georgette,black,1299.0,0
343,Female,Free Size,Medium,blue,Party,Men,Shirt,Linen,green,1299.0,0
343,Female,Free Size,Medium,blue,Party,Women,Saree,Denim,peach,1999.0,1
343,Female,Free Size,Medium,blue,Party,Newborn,Set,Rayon,burgundy,4999.0,0
343,Female,Free Size,Medium,blue,Party,Women,Kurti,Denim,mustard,4999.0,1
343,Female,Free Size,Medium,blue,Party,Kids,Ethnic,Cotton,red,1999.0,0
343,Female,Free Size,Medium,blue,Party,Women,Top,Cotton,green,2999.0,0
343,Female,Free Size,Medium,blue,Party,Newborn,Onesie,Denim,cream,499.0,0
343,Female,Free Size,Medium,blue,Party,Women,Salwar,Rayon,gold,4999.0,0
343,Female,Free Size,Medium,blue,Party,Men,T-Shirt,Rayon,peach,1999.0,0
343,Female,Free Size,Medium,blue,Party,Women,Kurti,Silk,magenta,699.0,0
343,Female,Free Size,Medium,blue,Party,Men,Kurta,Cotton,green,499.0,0
343,Female,Free Size,Medium,blue,Party,Kids,Ethnic,Wool,white,1299.0,0
343,Female,Free Size,Medium,blue,Party,Newborn,Romper,Silk,black,499.0,0
343,Female,Free Size,Medium,blue,Party,Kids,T-Shirt,Silk,white,999.0,0
343,Female,Free Size,Medium,blue,Party,Newborn,Set,Rayon,white,2999.0,0
343,Female,Free Size,Medium,blue,Party,Women,Lehenga,Denim,pink,299.0,0
343,Female,Free Size,Medium,blue,Party,Kids,Ethnic,Cotton,olive,1999.0,1
344,Male,M,Deep,pink,Party,Women,Lehenga,Wool,white,999.0,1
344,Male,M,Deep,pink,Party,Men,Shirt,Cotton,blue,299.0,1
344,Male,M,Deep,pink,Party,Women,Salwar,Cotton,magenta,299.0,1
344,Male,M,Deep,pink,Party,Newborn,Set,Wool,yellow,2999.0,0
344,Male,M,Deep,pink,Party,Men,T-Shirt,Rayon,coral,999.0,0
344,Male,M,Deep,pink,Party,Kids,Ethnic,Cotton,olive,1999.0,0
344,Male,M,Deep,pink,Party,Women,Dress,Rayon,mustard,999.0,0
344,Male,M,Deep,pink,Party,Men,Shirt,Linen,blue,1299.0,1
344,Male,M,Deep,pink,Party,Kids,T-Shirt,Silk,white,999.0,0
344,Male,M,Deep,pink,Party,Newborn,Onesie,Linen,burgundy,999.0,0
344,Male,M,Deep,pink,Party,Women,Kurti,Silk,magenta,699.0,1
344,Male,M,Deep,pink,Party,Women,Saree,Denim,peach,1999.0,0
344,Male,M,Deep,pink,Party,Women,Salwar,Cotton,cream,999.0,0
344,Male,M,Deep,pink,Party,Men,Blazer,Rayon,red,1299.0,1
344,Male,M,Deep,pink,Party,Kids,Ethnic,Georgette,black,1299.0,0
344,Male,M,Deep,pink,Party,Women,Salwar,Rayon,gold,4999.0,0
344,Male,M,Deep,pink,Party,Men,Trousers,Linen,magenta,699.0,1
344,Male,M,Deep,pink,Party,Newborn,Onesie,Denim,yellow,4999.0,0
344,Male,M,Deep,pink,Party,Kids,T-Shirt,Silk,olive,499.0,0
344,Male,M,Deep,pink,Party,Women,Salwar,Denim,burgundy,2999.0,0
344,Male,M,Deep,pink,Party,Men,Blazer,Georgette,burgundy,1299.0,1
344,Male,M,Deep,pink,Party,Newborn,Set,Georgette,teal,2999.0,0
344,Male,M,Deep,pink,Party,Newborn,Onesie,Silk,blue,299.0,0
344,Male,M,Deep,pink,Party,Kids,T-Shirt,Rayon,olive,999.0,0
344,Male,M,Deep,pink,Party,Women,Dress,Cotton,black,1999.0,0
345,Female,XXL,Medium,mustard,Wedding,Newborn,Set,Rayon,white,2999.0,0
345,Female,XXL,Medium,mustard,Wedding,Newborn,Romper,Cotton,pink,999.0,0
345,Female,XXL,Medium,mustard,Wedding,Newborn,Onesie,Linen,burgundy,999.0,1
345,Female,XXL,Medium,mustard,Wedding,Kids,Ethnic,Rayon,burgundy,1999.0,1
345,Female,XXL,Medium,mustard,Wedding,Women,Dress,Linen,yellow,1999.0,1
345,Female,XXL,Medium,mustard,Wedding,Men,Trousers,Denim,lavender,1299.0,0
345,Female,XXL,Medium,mustard,Wedding,Men,Trousers,Linen,magenta,699.0,0
345,Female,XXL,Medium,mustard,Wedding,Newborn,Romper,Silk,black,499.0,0
345,Female,XXL,Medium,mustard,Wedding,Newborn,Set,Georgette,pink,4999.0,0
345,Female,XXL,Medium,mustard,Wedding,Newborn,Romper,Rayon,gold,699.0,0
345,Female,XXL,Medium,mustard,Wedding,Men,Blazer,Denim,pink,699.0,0
345,Female,XXL,Medium,mustard,Wedding,Newborn,Set,Georgette,teal,2999.0,0
345,Female,XXL,Medium,mustard,Wedding,Kids,Ethnic,Cotton,olive,1999.0,1
345,Female,XXL,Medium,mustard,Wedding,Kids,T-Shirt,Denim,blue,299.0,0
345,Female,XXL,Medium,mustard,Wedding,Men,Kurta,Cotton,green,499.0,0
345,Female,XXL,Medium,mustard,Wedding,Women,Salwar,Cotton,cream,999.0,0
345,Female,XXL,Medium,mustard,Wedding,Men,Trousers,Silk,green,4999.0,0
345,Female,XXL,Medium,mustard,Wedding,Newborn,Romper,Linen,coral,2999.0,0
345,Female,XXL,Medium,mustard,Wedding,Newborn,Set,Rayon,blue,999.0,0
345,Female,XXL,Medium,mustard,Wedding,Women,Top,Georgette,peach,999.0,1
345,Female,XXL,Medium,mustard,Wedding,Men,Trousers,Linen,lavender,1299.0,0
345,Female,XXL,Medium,mustard,Wedding,Kids,Shorts,Georgette,cream,1999.0,0
345,Female,XXL,Medium,mustard,Wedding,Men,T-Shirt,Rayon,peach,1999.0,0
345,Female,XXL,Medium,mustard,Wedding,Kids,Frock,Cotton,lavender,499.0,0
345,Female,XXL,Medium,mustard,Wedding,Newborn,Onesie,Cotton,yellow,2999.0,0
346,Male,Free Size,Dark,gold,Office,Newborn,Onesie,Denim,cream,499.0,0
346,Male,Free Size,Dark,gold,Office,Newborn,Set,Georgette,teal,699.0,0
346,Male,Free Size,Dark,gold,Office,Men,Trousers,Denim,lavender,1299.0,0
346,Male,Free Size,Dark,gold,Office,Women,Kurti,Linen,yellow,299.0,0
346,Male,Free Size,Dark,gold,Office,Women,Lehenga,Wool,white,999.0,1
346,Male,Free Size,Dark,gold,Office,Women,Dress,Linen,olive,499.0,0
346,Male,Free Size,Dark,gold,Office,Men,T-Shirt,Linen,red,499.0,1
346,Male,Free Size,Dark,gold,Office,Women,Salwar,Wool,navy,4999.0,0
346,Male,Free Size,Dark,gold,Office,Men,Blazer,Wool,white,499.0,1
346,Male,Free Size,Dark,gold,Office,Women,Salwar,Denim,burgundy,699.0,0
346,Male,Free Size,Dark,gold,Office,Kids,Frock,Georgette,black,499.0,0
346,Male,Free Size,Dark,gold,Office,Women,Lehenga,Rayon,black,699.0,0
346,Male,Free Size,Dark,gold,Office,Newborn,Onesie,Denim,royal blue,699.0,1
346,Male,Free Size,Dark,gold,Office,Women,Salwar,Rayon,gold,4999.0,1
346,Male,Free Size,Dark,gold,Office,Women,Lehenga,Denim,pink,299.0,0
346,Male,Free Size,Dark,gold,Office,Kids,Frock,Wool,burgundy,999.0,0
346,Male,Free Size,Dark,gold,Office,Women,Salwar,Denim,magenta,4999.0,0
346,Male,Free Size,Dark,gold,Office,Newborn,Romper,Linen,peach,4999.0,0
346,Male,Free Size,Dark,gold,Office,Newborn,Set,Rayon,white,2999.0,0
346,Male,Free Size,Dark,gold,Office,Men,T-Shirt,Rayon,coral,999.0,1
346,Male,Free Size,Dark,gold,Office,Women,Dress,Denim,pink,1299.0,0
346,Male,Free Size,Dark,gold,Office,Women,Dress,Silk,black,1299.0,0
346,Male,Free Size,Dark,gold,Office,Women,Dress,Rayon,mustard,999.0,0
346,Male,Free Size,Dark,gold,Office,Newborn,Set,Rayon,burgundy,4999.0,0
346,Male,Free Size,Dark,gold,Office,Men,Shirt,Wool,peach,1999.0,0
347,Female,S,Fair,navy,Wedding,Women,Lehenga,Denim,pink,299.0,1
347,Female,S,Fair,navy,Wedding,Men,Trousers,Cotton,royal blue,1999.0,0
347,Female,S,Fair,navy,Wedding,Women,Kurti,Denim,white,699.0,1
347,Female,S,Fair,navy,Wedding,Women,Top,Georgette,peach,999.0,1
347,Female,S,Fair,navy,Wedding,Men,Trousers,Denim,lavender,1299.0,1
347,Female,S,Fair,navy,Wedding,Women,Lehenga,Wool,white,999.0,1
347,Female,S,Fair,navy,Wedding,Men,Blazer,Linen,teal,1299.0,0
347,Female,S,Fair,navy,Wedding,Men,Trousers,Linen,magenta,699.0,0
347,Female,S,Fair,navy,Wedding,Men,Shirt,Georgette,olive,499.0,0
347,Female,S,Fair,navy,Wedding,Women,Kurti,Denim,mustard,4999.0,1
347,Female,S,Fair,navy,Wedding,Newborn,Onesie,Denim,royal blue,699.0,0
347,Female,S,Fair,navy,Wedding,Women,Salwar,Wool,navy,4999.0,1
347,Female,S,Fair,navy,Wedding,Women,Salwar,Denim,magenta,4999.0,0
347,Female,S,Fair,navy,Wedding,Newborn,Set,Rayon,burgundy,4999.0,0
347,Female,S,Fair,navy,Wedding,Newborn,Set,Rayon,burgundy,999.0,0
347,Female,S,Fair,navy,Wedding,Kids,Ethnic,Silk,burgundy,999.0,0
347,Female,S,Fair,navy,Wedding,Men,Blazer,Wool,white,499.0,1
347,Female,S,Fair,navy,Wedding,Newborn,Onesie,Linen,burgundy,999.0,0
347,Female,S,Fair,navy,Wedding,Kids,T-Shirt,Silk,olive,499.0,0
347,Female,S,Fair,navy,Wedding,Kids,Frock,Linen,peach,699.0,1
347,Female,S,Fair,navy,Wedding,Kids,T-Shirt,Cotton,black,499.0,0
347,Female,S,Fair,navy,Wedding,Newborn,Onesie,Denim,yellow,4999.0,0
347,Female,S,Fair,navy,Wedding,Women,Salwar,Silk,red,1999.0,1
347,Female,S,Fair,navy,Wedding,Kids,Shorts,Georgette,cream,1999.0,1
347,Female,S,Fair,navy,Wedding,Women,Kurti,Cotton,cream,999.0,1
348,Male,XS,Deep,teal,Wedding,Men,Kurta,Silk,teal,1299.0,1
348,Male,XS,Deep,teal,Wedding,Kids,T-Shirt,Denim,burgundy,1299.0,0
348,Male,XS,Deep,teal,Wedding,Newborn,Onesie,Denim,yellow,4999.0,0
348,Male,XS,Deep,teal,Wedding,Women,Dress,Cotton,black,1999.0,0
348,Male,XS,Deep,teal,Wedding,Women,Kurti,Denim,mustard,4999.0,0
348,Male,XS,Deep,teal,Wedding,Women,Lehenga,Rayon,black,699.0,0
348,Male,XS,Deep,teal,Wedding,Kids,Ethnic,Rayon,royal blue,4999.0,1
348,Male,XS,Deep,teal,Wedding,Men,Trousers,Cotton,royal blue,1999.0,1
348,Male,XS,Deep,teal,Wedding,Women,Salwar,Wool,navy,4999.0,0
348,Male,XS,Deep,teal,Wedding,Men,Trousers,Rayon,navy,1999.0,1
348,Male,XS,Deep,teal,Wedding,Kids,Frock,Cotton,peach,1299.0,0
348,Male,XS,Deep,teal,Wedding,Newborn,Set,Rayon,burgundy,4999.0,0
348,Male,XS,Deep,teal,Wedding,Kids,Frock,Rayon,lavender,499.0,0
348,Male,XS,Deep,teal,Wedding,Kids,Ethnic,Silk,coral,4999.0,0
348,Male,XS,Deep,teal,Wedding,Women,Lehenga,Wool,white,999.0,1
348,Male,XS,Deep,teal,Wedding,Kids,T-Shirt,Georgette,gold,4999.0,0
348,Male,XS,Deep,teal,Wedding,Newborn,Romper,Silk,lavender,1999.0,0
348,Male,XS,Deep,teal,Wedding,Kids,Ethnic,Cotton,red,1999.0,0
348,Male,XS,Deep,teal,Wedding,Newborn,Romper,Cotton,pink,999.0,0
348,Male,XS,Deep,teal,Wedding,Newborn,Onesie,Cotton,yellow,2999.0,0
348,Male,XS,Deep,teal,Wedding,Women,Dress,Denim,pink,1299.0,0
348,Male,XS,Deep,teal,Wedding,Kids,Shorts,Georgette,cream,1999.0,0
348,Male,XS,Deep,teal,Wedding,Men,Shirt,Wool,peach,1999.0,1
348,Male,XS,Deep,teal,Wedding,Newborn,Onesie,Denim,royal blue,699.0,0
348,Male,XS,Deep,teal,Wedding,Men,Blazer,Denim,pink,699.0,1
349,Male,XS,Fair,peach,Party,Women,Salwar,Cotton,coral,1999.0,0
349,Male,XS,Fair,peach,Party,Men,Shirt,Linen,blue,1299.0,0
349,Male,XS,Fair,peach,Party,Newborn,Onesie,Linen,pink,1299.0,0
349,Male,XS,Fair,peach,Party,Newborn,Set,Georgette,pink,4999.0,0
349,Male,XS,Fair,peach,Party,Kids,Frock,Silk,cream,1999.0,1
349,Male,XS,Fair,peach,Party,Men,Shirt,Georgette,olive,499.0,1
349,Male,XS,Fair,peach,Party,Women,Salwar,Denim,burgundy,2999.0,0
349,Male,XS,Fair,peach,Party,Newborn,Set,Rayon,burgundy,4999.0,0
349,Male,XS,Fair,peach,Party,Men,Blazer,Georgette,black,2999.0,1
349,Male,XS,Fair,peach,Party,Women,Salwar,Cotton,cream,999.0,1
349,Male,XS,Fair,peach,Party,Kids,T-Shirt,Georgette,gold,4999.0,0
349,Male,XS,Fair,peach,Party,Newborn,Romper,Silk,lavender,1999.0,0
349,Male,XS,Fair,peach,Party,Women,Dress,Cotton,black,1999.0,0
349,Male,XS,Fair,peach,Party,Newborn,Romper,Rayon,gold,699.0,0
349,Male,XS,Fair,peach,Party,Newborn,Set,Rayon,burgundy,999.0,0
349,Male,XS,Fair,peach,Party,Women,Salwar,Denim,magenta,4999.0,0
349,Male,XS,Fair,peach,Party,Women,Saree,Denim,burgundy,499.0,0
349,Male,XS,Fair,peach,Party,Women,Salwar,Rayon,gold,4999.0,0
349,Male,XS,Fair,peach,Party,Women,Lehenga,Denim,pink,299.0,1
349,Male,XS,Fair,peach,Party,Women,Top,Rayon,teal,1999.0,0
349,Male,XS,Fair,peach,Party,Men,Blazer,Denim,pink,699.0,1
349,Male,XS,Fair,peach,Party,Women,Dress,Linen,yellow,1999.0,0
349,Male,XS,Fair,peach,Party,Men,Blazer,Linen,cream,299.0,1
349,Male,XS,Fair,peach,Party,Men,Trousers,Linen,magenta,699.0,1
349,Male,XS,Fair,peach,Party,Women,Kurti,Silk,magenta,699.0,0
350,Female,XS,Deep,blue,Casual,Men,T-Shirt,Rayon,peach,1999.0,0
350,Female,XS,Deep,blue,Casual,Men,Shirt,Rayon,gold,999.0,0
350,Female,XS,Deep,blue,Casual,Men,Kurta,Silk,red,4999.0,0
350,Female,XS,Deep,blue,Casual,Men,Trousers,Rayon,navy,1999.0,0
350,Female,XS,Deep,blue,Casual,Newborn,Set,Georgette,teal,2999.0,0
350,Female,XS,Deep,blue,Casual,Kids,Ethnic,Georgette,black,1299.0,0
350,Female,XS,Deep,blue,Casual,Women,Saree,Cotton,cream,999.0,1
350,Female,XS,Deep,blue,Casual,Newborn,Onesie,Linen,pink,1299.0,0
350,Female,XS,Deep,blue,Casual,Women,Lehenga,Denim,pink,299.0,0
350,Female,XS,Deep,blue,Casual,Men,Trousers,Linen,magenta,699.0,1
350,Female,XS,Deep,blue,Casual,Men,Trousers,Cotton,royal blue,1999.0,1
350,Female,XS,Deep,blue,Casual,Kids,Ethnic,Silk,coral,4999.0,0
350,Female,XS,Deep,blue,Casual,Kids,Ethnic,Rayon,royal blue,4999.0,0
350,Female,XS,Deep,blue,Casual,Women,Salwar,Silk,red,1999.0,0
350,Female,XS,Deep,blue,Casual,Women,Salwar,Denim,burgundy,699.0,1
350,Female,XS,Deep,blue,Casual,Kids,Ethnic,Wool,teal,499.0,0
350,Female,XS,Deep,blue,Casual,Men,Blazer,Wool,white,499.0,1
350,Female,XS,Deep,blue,Casual,Men,Trousers,Rayon,olive,499.0,0
350,Female,XS,Deep,blue,Casual,Women,Salwar,Cotton,magenta,299.0,1
350,Female,XS,Deep,blue,Casual,Men,Blazer,Linen,teal,999.0,0
350,Female,XS,Deep,blue,Casual,Kids,T-Shirt,Denim,blue,299.0,0
350,Female,XS,Deep,blue,Casual,Kids,T-Shirt,Denim,burgundy,1299.0,0
350,Female,XS,Deep,blue,Casual,Kids,Frock,Wool,burgundy,999.0,0
350,Female,XS,Deep,blue,Casual,Newborn,Romper,Wool,burgundy,299.0,0
350,Female,XS,Deep,blue,Casual,Newborn,Set,Denim,royal blue,999.0,1
351,Male,L,Deep,mustard,Festival,Kids,Ethnic,Wool,white,1299.0,1
351,Male,L,Deep,mustard,Festival,Women,Dress,Linen,yellow,1999.0,1
351,Male,L,Deep,mustard,Festival,Women,Salwar,Denim,burgundy,2999.0,1
351,Male,L,Deep,mustard,Festival,Kids,Frock,Rayon,lavender,499.0,0
351,Male,L,Deep,mustard,Festival,Men,Shirt,Georgette,olive,499.0,1
351,Male,L,Deep,mustard,Festival,Kids,Frock,Georgette,black,499.0,0
351,Male,L,Deep,mustard,Festival,Women,Top,Cotton,green,2999.0,0
351,Male,L,Deep,mustard,Festival,Newborn,Romper,Wool,burgundy,999.0,0
351,Male,L,Deep,mustard,Festival,Newborn,Onesie,Linen,burgundy,999.0,0
351,Male,L,Deep,mustard,Festival,Newborn,Set,Georgette,teal,2999.0,0
351,Male,L,Deep,mustard,Festival,Newborn,Onesie,Cotton,yellow,1999.0,0
351,Male,L,Deep,mustard,Festival,Newborn,Onesie,Denim,coral,699.0,0
351,Male,L,Deep,mustard,Festival,Men,Shirt,Linen,blue,1299.0,1
351,Male,L,Deep,mustard,Festival,Newborn,Romper,Silk,black,499.0,0
351,Male,L,Deep,mustard,Festival,Newborn,Set,Georgette,teal,699.0,0
351,Male,L,Deep,mustard,Festival,Newborn,Romper,Rayon,gold,699.0,0
351,Male,L,Deep,mustard,Festival,Women,Kurti,Denim,white,699.0,0
351,Male,L,Deep,mustard,Festival,Women,Dress,Cotton,black,1999.0,0
351,Male,L,Deep,mustard,Festival,Women,Salwar,Wool,navy,4999.0,0
351,Male,L,Deep,mustard,Festival,Kids,Ethnic,Wool,teal,499.0,0
351,Male,L,Deep,mustard,Festival,Newborn,Onesie,Denim,cream,499.0,0
351,Male,L,Deep,mustard,Festival,Newborn,Romper,Silk,lavender,1999.0,0
351,Male,L,Deep,mustard,Festival,Kids,Ethnic,Silk,burgundy,999.0,0
351,Male,L,Deep,mustard,Festival,Newborn,Onesie,Denim,yellow,4999.0,0
351,Male,L,Deep,mustard,Festival,Kids,Ethnic,Cotton,olive,1999.0,0
352,Male,Free Size,Medium,olive,Party,Men,Blazer,Georgette,black,2999.0,1
352,Male,Free Size,Medium,olive,Party,Kids,Ethnic,Rayon,royal blue,4999.0,0
352,Male,Free Size,Medium,olive,Party,Men,Blazer,Denim,pink,699.0,1
352,Male,Free Size,Medium,olive,Party,Kids,Ethnic,Rayon,burgundy,1999.0,0
352,Male,Free Size,Medium,olive,Party,Women,Top,Georgette,peach,999.0,0
352,Male,Free Size,Medium,olive,Party,Newborn,Onesie,Denim,cream,499.0,0
352,Male,Free Size,Medium,olive,Party,Newborn,Romper,Rayon,gold,699.0,0
352,Male,Free Size,Medium,olive,Party,Men,Kurta,Silk,navy,299.0,1
352,Male,Free Size,Medium,olive,Party,Women,Salwar,Silk,red,1999.0,0
352,Male,Free Size,Medium,olive,Party,Men,Shirt,Rayon,peach,1999.0,1
352,Male,Free Size,Medium,olive,Party,Newborn,Romper,Cotton,pink,999.0,0
352,Male,Free Size,Medium,olive,Party,Newborn,Set,Silk,gold,299.0,0
352,Male,Free Size,Medium,olive,Party,Newborn,Onesie,Cotton,yellow,1999.0,0
352,Male,Free Size,Medium,olive,Party,Kids,T-Shirt,Silk,white,999.0,0
352,Male,Free Size,Medium,olive,Party,Men,Shirt,Rayon,gold,999.0,1
352,Male,Free Size,Medium,olive,Party,Newborn,Set,Rayon,blue,999.0,0
352,Male,Free Size,Medium,olive,Party,Kids,T-Shirt,Rayon,olive,999.0,0
352,Male,Free Size,Medium,olive,Party,Women,Top,Rayon,teal,1999.0,1
352,Male,Free Size,Medium,olive,Party,Women,Kurti,Rayon,red,499.0,0
352,Male,Free Size,Medium,olive,Party,Men,Shirt,Wool,peach,1999.0,0
352,Male,Free Size,Medium,olive,Party,Men,T-Shirt,Rayon,green,2999.0,0
352,Male,Free Size,Medium,olive,Party,Newborn,Set,Rayon,burgundy,4999.0,1
352,Male,Free Size,Medium,olive,Party,Men,Shirt,Linen,blue,1299.0,1
352,Male,Free Size,Medium,olive,Party,Newborn,Romper,Wool,burgundy,999.0,0
352,Male,Free Size,Medium,olive,Party,Kids,Ethnic,Cotton,olive,1999.0,1
353,Male,Free Size,Fair,navy,Wedding,Kids,Frock,Cotton,lavender,499.0,1
353,Male,Free Size,Fair,navy,Wedding,Women,Salwar,Cotton,coral,1999.0,0
353,Male,Free Size,Fair,navy,Wedding,Women,Top,Cotton,green,2999.0,0
353,Male,Free Size,Fair,navy,Wedding,Women,Dress,Linen,yellow,1999.0,0
353,Male,Free Size,Fair,navy,Wedding,Women,Salwar,Cotton,cream,999.0,1
353,Male,Free Size,Fair,navy,Wedding,Newborn,Set,Georgette,pink,4999.0,1
353,Male,Free Size,Fair,navy,Wedding,Women,Saree,Denim,peach,1999.0,1
353,Male,Free Size,Fair,navy,Wedding,Newborn,Onesie,Linen,pink,1299.0,0
353,Male,Free Size,Fair,navy,Wedding,Newborn,Onesie,Cotton,yellow,2999.0,1
353,Male,Free Size,Fair,navy,Wedding,Newborn,Romper,Wool,coral,1999.0,0
353,Male,Free Size,Fair,navy,Wedding,Newborn,Set,Rayon,burgundy,999.0,0
353,Male,Free Size,Fair,navy,Wedding,Women,Lehenga,Wool,white,999.0,1
353,Male,Free Size,Fair,navy,Wedding,Newborn,Set,Georgette,teal,2999.0,0
353,Male,Free Size,Fair,navy,Wedding,Men,Kurta,Silk,red,4999.0,1
353,Male,Free Size,Fair,navy,Wedding,Men,Shirt,Linen,green,1299.0,0
353,Male,Free Size,Fair,navy,Wedding,Men,Kurta,Cotton,green,499.0,1
353,Male,Free Size,Fair,navy,Wedding,Men,Shirt,Wool,peach,1999.0,1
353,Male,Free Size,Fair,navy,Wedding,Newborn,Onesie,Linen,burgundy,999.0,0
353,Male,Free Size,Fair,navy,Wedding,Women,Kurti,Silk,burgundy,4999.0,0
353,Male,Free Size,Fair,navy,Wedding,Men,Blazer,Wool,white,499.0,1
353,Male,Free Size,Fair,navy,Wedding,Women,Salwar,Silk,red,1999.0,1
353,Male,Free Size,Fair,navy,Wedding,Newborn,Set,Wool,yellow,2999.0,0
353,Male,Free Size,Fair,navy,Wedding,Women,Kurti,Denim,mustard,4999.0,0
353,Male,Free Size,Fair,navy,Wedding,Men,T-Shirt,Rayon,green,2999.0,0
353,Male,Free Size,Fair,navy,Wedding,Newborn,Romper,Wool,burgundy,999.0,0
354,Male,S,Warm,green,Casual,Women,Kurti,Rayon,red,499.0,0
354,Male,S,Warm,green,Casual,Newborn,Onesie,Linen,burgundy,999.0,1
354,Male,S,Warm,green,Casual,Men,Trousers,Rayon,navy,1999.0,0
354,Male,S,Warm,green,Casual,Women,Saree,Denim,burgundy,499.0,0
354,Male,S,Warm,green,Casual,Men,Blazer,Rayon,red,1299.0,1
354,Male,S,Warm,green,Casual,Men,Kurta,Cotton,green,499.0,1
354,Male,S,Warm,green,Casual,Newborn,Romper,Wool,burgundy,299.0,0
354,Male,S,Warm,green,Casual,Women,Dress,Georgette,green,299.0,1
354,Male,S,Warm,green,Casual,Kids,T-Shirt,Denim,navy,1999.0,0
354,Male,S,Warm,green,Casual,Newborn,Romper,Cotton,pink,999.0,0
354,Male,S,Warm,green,Casual,Women,Salwar,Cotton,coral,1999.0,1
354,Male,S,Warm,green,Casual,Newborn,Romper,Silk,black,499.0,0
354,Male,S,Warm,green,Casual,Kids,Ethnic,Wool,teal,499.0,0
354,Male,S,Warm,green,Casual,Kids,Ethnic,Cotton,olive,1999.0,0
354,Male,S,Warm,green,Casual,Women,Kurti,Silk,burgundy,4999.0,0
354,Male,S,Warm,green,Casual,Newborn,Romper,Linen,coral,2999.0,1
354,Male,S,Warm,green,Casual,Kids,Frock,Georgette,black,499.0,0
354,Male,S,Warm,green,Casual,Women,Kurti,Denim,white,699.0,0
354,Male,S,Warm,green,Casual,Women,Salwar,Cotton,magenta,299.0,0
354,Male,S,Warm,green,Casual,Men,Shirt,Georgette,olive,499.0,1
354,Male,S,Warm,green,Casual,Men,Blazer,Linen,teal,1299.0,0
354,Male,S,Warm,green,Casual,Women,Saree,Denim,peach,1999.0,0
354,Male,S,Warm,green,Casual,Kids,Ethnic,Cotton,red,1999.0,1
354,Male,S,Warm,green,Casual,Men,Kurta,Silk,teal,1299.0,0
354,Male,S,Warm,green,Casual,Women,Top,Silk,gold,4999.0,0
355,Female,Free Size,Warm,green,Daily,Newborn,Romper,Denim,navy,1299.0,0
355,Female,Free Size,Warm,green,Daily,Newborn,Romper,Silk,black,499.0,0
355,Female,Free Size,Warm,green,Daily,Men,Kurta,Silk,teal,1299.0,0
355,Female,Free Size,Warm,green,Daily,Newborn,Romper,Linen,coral,2999.0,1
355,Female,Free Size,Warm,green,Daily,Kids,Ethnic,Cotton,olive,1999.0,1
355,Female,Free Size,Warm,green,Daily,Newborn,Set,Rayon,burgundy,999.0,0
355,Female,Free Size,Warm,green,Daily,Newborn,Set,Rayon,blue,999.0,0
355,Female,Free Size,Warm,green,Daily,Newborn,Romper,Rayon,gold,699.0,1
355,Female,Free Size,Warm,green,Daily,Men,Shirt,Rayon,gold,999.0,1
355,Female,Free Size,Warm,green,Daily,Kids,Frock,Linen,peach,699.0,0
355,Female,Free Size,Warm,green,Daily,Women,Top,Rayon,teal,1999.0,1
355,Female,Free Size,Warm,green,Daily,Newborn,Romper,Silk,lavender,1999.0,0
355,Female,Free Size,Warm,green,Daily,Women,Top,Cotton,green,2999.0,0
355,Female,Free Size,Warm,green,Daily,Women,Lehenga,Rayon,black,699.0,0
355,Female,Free Size,Warm,green,Daily,Men,Trousers,Linen,magenta,699.0,0
355,Female,Free Size,Warm,green,Daily,Women,Salwar,Denim,burgundy,2999.0,1
355,Female,Free Size,Warm,green,Daily,Women,Dress,Cotton,black,1999.0,0
355,Female,Free Size,Warm,green,Daily,Newborn,Romper,Linen,peach,4999.0,0
355,Female,Free Size,Warm,green,Daily,Women,Lehenga,Denim,pink,299.0,0
355,Female,Free Size,Warm,green,Daily,Kids,Frock,Cotton,peach,1299.0,0
355,Female,Free Size,Warm,green,Daily,Men,Blazer,Rayon,red,1299.0,1
355,Female,Free Size,Warm,green,Daily,Kids,Ethnic,Rayon,burgundy,1999.0,1
355,Female,Free Size,Warm,green,Daily,Kids,Ethnic,Wool,white,1299.0,0
355,Female,Free Size,Warm,green,Daily,Men,Kurta,Silk,red,4999.0,0
355,Female,Free Size,Warm,green,Daily,Men,Shirt,Wool,peach,1999.0,0
356,Female,XS,Fair,coral,Office,Kids,Ethnic,Wool,teal,499.0,0
356,Female,XS,Fair,coral,Office,Newborn,Set,Rayon,blue,999.0,0
356,Female,XS,Fair,coral,Office,Women,Salwar,Denim,burgundy,2999.0,0
356,Female,XS,Fair,coral,Office,Men,T-Shirt,Rayon,green,2999.0,0
356,Female,XS,Fair,coral,Office,Kids,Frock,Rayon,lavender,499.0,0
356,Female,XS,Fair,coral,Office,Kids,Shorts,Georgette,cream,1999.0,0
356,Female,XS,Fair,coral,Office,Kids,Frock,Silk,cream,1999.0,1
356,Female,XS,Fair,coral,Office,Kids,T-Shirt,Denim,navy,1999.0,0
356,Female,XS,Fair,coral,Office,Newborn,Romper,Linen,coral,2999.0,0
356,Female,XS,Fair,coral,Office,Newborn,Onesie,Cotton,yellow,2999.0,1
356,Female,XS,Fair,coral,Office,Kids,Ethnic,Silk,burgundy,999.0,0
356,Female,XS,Fair,coral,Office,Newborn,Romper,Linen,peach,4999.0,0
356,Female,XS,Fair,coral,Office,Kids,Ethnic,Cotton,red,1999.0,0
356,Female,XS,Fair,coral,Office,Men,Blazer,Georgette,burgundy,1299.0,0
356,Female,XS,Fair,coral,Office,Women,Top,Rayon,magenta,699.0,1
356,Female,XS,Fair,coral,Office,Newborn,Set,Georgette,pink,4999.0,0
356,Female,XS,Fair,coral,Office,Newborn,Romper,Silk,black,499.0,0
356,Female,XS,Fair,coral,Office,Men,Blazer,Rayon,red,1299.0,0
356,Female,XS,Fair,coral,Office,Men,Shirt,Wool,peach,1999.0,0
356,Female,XS,Fair,coral,Office,Newborn,Romper,Cotton,pink,999.0,0
356,Female,XS,Fair,coral,Office,Newborn,Set,Silk,gold,299.0,0
356,Female,XS,Fair,coral,Office,Newborn,Set,Wool,yellow,2999.0,0
356,Female,XS,Fair,coral,Office,Women,Dress,Linen,yellow,1999.0,0
356,Female,XS,Fair,coral,Office,Women,Kurti,Denim,white,699.0,0
356,Female,XS,Fair,coral,Office,Women,Salwar,Denim,burgundy,699.0,0
357,Male,M,Medium,lavender,Daily,Kids,Ethnic,Wool,teal,499.0,0
357,Male,M,Medium,lavender,Daily,Men,Shirt,Linen,blue,1299.0,0
357,Male,M,Medium,lavender,Daily,Newborn,Onesie,Cotton,yellow,2999.0,0
357,Male,M,Medium,lavender,Daily,Men,Kurta,Silk,navy,299.0,0
357,Male,M,Medium,lavender,Daily,Men,Shirt,Rayon,gold,999.0,0
357,Male,M,Medium,lavender,Daily,Men,Blazer,Linen,cream,299.0,0
357,Male,M,Medium,lavender,Daily,Kids,T-Shirt,Silk,white,999.0,0
357,Male,M,Medium,lavender,Daily,Men,Shirt,Wool,peach,1999.0,1
357,Male,M,Medium,lavender,Daily,Newborn,Onesie,Linen,pink,1299.0,0
357,Male,M,Medium,lavender,Daily,Kids,T-Shirt,Silk,olive,499.0,1
357,Male,M,Medium,lavender,Daily,Women,Dress,Denim,pink,1299.0,1
357,Male,M,Medium,lavender,Daily,Women,Top,Georgette,peach,999.0,0
357,Male,M,Medium,lavender,Daily,Newborn,Set,Georgette,teal,699.0,1
357,Male,M,Medium,lavender,Daily,Newborn,Set,Rayon,burgundy,4999.0,0
357,Male,M,Medium,lavender,Daily,Newborn,Romper,Silk,black,499.0,0
357,Male,M,Medium,lavender,Daily,Newborn,Onesie,Linen,burgundy,999.0,0
357,Male,M,Medium,lavender,Daily,Newborn,Romper,Wool,burgundy,299.0,1
357,Male,M,Medium,lavender,Daily,Men,Blazer,Georgette,burgundy,1299.0,1
357,Male,M,Medium,lavender,Daily,Men,Trousers,Rayon,navy,1999.0,1
357,Male,M,Medium,lavender,Daily,Men,Kurta,Silk,teal,1299.0,1
357,Male,M,Medium,lavender,Daily,Women,Top,Silk,gold,4999.0,0
357,Male,M,Medium,lavender,Daily,Newborn,Onesie,Silk,blue,299.0,0
357,Male,M,Medium,lavender,Daily,Women,Salwar,Cotton,coral,1999.0,1
357,Male,M,Medium,lavender,Daily,Men,T-Shirt,Rayon,peach,1999.0,0
357,Male,M,Medium,lavender,Daily,Newborn,Onesie,Denim,coral,699.0,1
358,Female,S,Dark,lavender,Party,Women,Dress,Georgette,green,299.0,1
358,Female,S,Dark,lavender,Party,Kids,T-Shirt,Silk,olive,499.0,0
358,Female,S,Dark,lavender,Party,Newborn,Romper,Silk,black,499.0,0
358,Female,S,Dark,lavender,Party,Women,Kurti,Linen,yellow,299.0,1
358,Female,S,Dark,lavender,Party,Women,Dress,Linen,yellow,1999.0,1
358,Female,S,Dark,lavender,Party,Men,Blazer,Georgette,black,2999.0,0
358,Female,S,Dark,lavender,Party,Women,Salwar,Wool,navy,4999.0,0
358,Female,S,Dark,lavender,Party,Men,Shirt,Rayon,gold,999.0,0
358,Female,S,Dark,lavender,Party,Women,Top,Cotton,green,2999.0,1
358,Female,S,Dark,lavender,Party,Men,Blazer,Rayon,red,1299.0,1
358,Female,S,Dark,lavender,Party,Men,Shirt,Rayon,peach,1999.0,0
358,Female,S,Dark,lavender,Party,Women,Salwar,Cotton,cream,999.0,1
358,Female,S,Dark,lavender,Party,Men,Shirt,Cotton,blue,299.0,0
358,Female,S,Dark,lavender,Party,Men,Trousers,Silk,green,4999.0,0
358,Female,S,Dark,lavender,Party,Women,Lehenga,Wool,white,999.0,1
358,Female,S,Dark,lavender,Party,Kids,Ethnic,Wool,white,1299.0,0
358,Female,S,Dark,lavender,Party,Newborn,Romper,Wool,burgundy,299.0,0
358,Female,S,Dark,lavender,Party,Newborn,Set,Silk,gold,299.0,0
358,Female,S,Dark,lavender,Party,Men,Blazer,Linen,cream,299.0,0
358,Female,S,Dark,lavender,Party,Newborn,Romper,Wool,coral,1999.0,1
358,Female,S,Dark,lavender,Party,Men,Blazer,Denim,pink,699.0,0
358,Female,S,Dark,lavender,Party,Kids,Frock,Linen,peach,699.0,0
358,Female,S,Dark,lavender,Party,Women,Lehenga,Denim,pink,299.0,1
358,Female,S,Dark,lavender,Party,Women,Dress,Denim,pink,1299.0,1
358,Female,S,Dark,lavender,Party,Women,Dress,Rayon,mustard,999.0,0
359,Male,Free Size,Fair,olive,Wedding,Kids,Frock,Rayon,lavender,499.0,0
359,Male,Free Size,Fair,olive,Wedding,Women,Salwar,Cotton,magenta,299.0,0
359,Male,Free Size,Fair,olive,Wedding,Men,Trousers,Linen,magenta,699.0,1
359,Male,Free Size,Fair,olive,Wedding,Newborn,Onesie,Denim,royal blue,699.0,0
359,Male,Free Size,Fair,olive,Wedding,Women,Lehenga,Wool,white,999.0,1
359,Male,Free Size,Fair,olive,Wedding,Kids,Ethnic,Silk,coral,4999.0,0
359,Male,Free Size,Fair,olive,Wedding,Newborn,Set,Georgette,teal,699.0,0
359,Male,Free Size,Fair,olive,Wedding,Men,Trousers,Silk,green,4999.0,0
359,Male,Free Size,Fair,olive,Wedding,Newborn,Romper,Linen,coral,2999.0,0
359,Male,Free Size,Fair,olive,Wedding,Kids,Shorts,Georgette,cream,1999.0,0
359,Male,Free Size,Fair,olive,Wedding,Newborn,Onesie,Silk,blue,299.0,0
359,Male,Free Size,Fair,olive,Wedding,Newborn,Romper,Linen,peach,4999.0,0
359,Male,Free Size,Fair,olive,Wedding,Men,Shirt,Rayon,peach,1999.0,1
359,Male,Free Size,Fair,olive,Wedding,Women,Salwar,Denim,burgundy,699.0,0
359,Male,Free Size,Fair,olive,Wedding,Men,Blazer,Denim,pink,699.0,1
359,Male,Free Size,Fair,olive,Wedding,Kids,Shorts,Silk,gold,499.0,0
359,Male,Free Size,Fair,olive,Wedding,Kids,T-Shirt,Rayon,olive,999.0,1
359,Male,Free Size,Fair,olive,Wedding,Kids,T-Shirt,Cotton,black,499.0,0
359,Male,Free Size,Fair,olive,Wedding,Newborn,Onesie,Denim,cream,499.0,0
359,Male,Free Size,Fair,olive,Wedding,Kids,T-Shirt,Silk,olive,499.0,1
359,Male,Free Size,Fair,olive,Wedding,Newborn,Romper,Rayon,mustard,4999.0,0
359,Male,Free Size,Fair,olive,Wedding,Men,Blazer,Georgette,burgundy,1299.0,1
359,Male,Free Size,Fair,olive,Wedding,Women,Dress,Denim,pink,1299.0,0
359,Male,Free Size,Fair,olive,Wedding,Newborn,Romper,Wool,coral,1999.0,0
359,Male,Free Size,Fair,olive,Wedding,Women,Salwar,Silk,red,1999.0,0
360,Female,XXL,Medium,green,Casual,Kids,Ethnic,Georgette,black,1299.0,0
360,Female,XXL,Medium,green,Casual,Men,Kurta,Cotton,green,499.0,0
360,Female,XXL,Medium,green,Casual,Women,Salwar,Cotton,coral,1999.0,0
360,Female,XXL,Medium,green,Casual,Newborn,Onesie,Denim,royal blue,699.0,0
360,Female,XXL,Medium,green,Casual,Women,Salwar,Cotton,magenta,299.0,0
360,Female,XXL,Medium,green,Casual,Men,Blazer,Georgette,black,2999.0,0
360,Female,XXL,Medium,green,Casual,Kids,T-Shirt,Denim,blue,299.0,0
360,Female,XXL,Medium,green,Casual,Newborn,Onesie,Linen,burgundy,999.0,1
360,Female,XXL,Medium,green,Casual,Women,Salwar,Cotton,cream,999.0,0
360,Female,XXL,Medium,green,Casual,Men,Trousers,Cotton,royal blue,1999.0,0
360,Female,XXL,Medium,green,Casual,Newborn,Romper,Denim,navy,1299.0,0
360,Female,XXL,Medium,green,Casual,Men,Blazer,Wool,white,499.0,0
360,Female,XXL,Medium,green,Casual,Women,Salwar,Wool,navy,4999.0,0
360,Female,XXL,Medium,green,Casual,Newborn,Set,Silk,gold,299.0,0
360,Female,XXL,Medium,green,Casual,Kids,Frock,Rayon,lavender,499.0,0
360,Female,XXL,Medium,green,Casual,Newborn,Set,Georgette,pink,4999.0,0
360,Female,XXL,Medium,green,Casual,Kids,Frock,Silk,cream,1999.0,0
360,Female,XXL,Medium,green,Casual,Women,Dress,Linen,olive,499.0,1
360,Female,XXL,Medium,green,Casual,Men,Trousers,Linen,magenta,699.0,0
360,Female,XXL,Medium,green,Casual,Newborn,Onesie,Silk,blue,299.0,1
360,Female,XXL,Medium,green,Casual,Men,Shirt,Georgette,olive,499.0,0
360,Female,XXL,Medium,green,Casual,Women,Kurti,Denim,white,699.0,1
360,Female,XXL,Medium,green,Casual,Newborn,Romper,Linen,coral,2999.0,1
360,Female,XXL,Medium,green,Casual,Newborn,Set,Georgette,teal,699.0,1
360,Female,XXL,Medium,green,Casual,Women,Top,Rayon,teal,1999.0,1
361,Female,Free Size,Medium,navy,Daily,Kids,Shorts,Silk,gold,499.0,0
361,Female,Free Size,Medium,navy,Daily,Men,Shirt,Wool,peach,1999.0,0
361,Female,Free Size,Medium,navy,Daily,Men,Trousers,Cotton,royal blue,1999.0,0
361,Female,Free Size,Medium,navy,Daily,Men,Shirt,Linen,blue,1299.0,0
361,Female,Free Size,Medium,navy,Daily,Kids,T-Shirt,Silk,olive,499.0,1
361,Female,Free Size,Medium,navy,Daily,Women,Saree,Cotton,cream,999.0,1
361,Female,Free Size,Medium,navy,Daily,Kids,T-Shirt,Georgette,gold,4999.0,0
361,Female,Free Size,Medium,navy,Daily,Men,Blazer,Wool,white,499.0,0
361,Female,Free Size,Medium,navy,Daily,Men,Trousers,Linen,lavender,1299.0,0
361,Female,Free Size,Medium,navy,Daily,Newborn,Onesie,Denim,royal blue,699.0,0
361,Female,Free Size,Medium,navy,Daily,Kids,Ethnic,Georgette,black,1299.0,0
361,Female,Free Size,Medium,navy,Daily,Newborn,Onesie,Denim,yellow,4999.0,0
361,Female,Free Size,Medium,navy,Daily,Newborn,Set,Rayon,burgundy,4999.0,0
361,Female,Free Size,Medium,navy,Daily,Kids,Ethnic,Cotton,red,1999.0,0
361,Female,Free Size,Medium,navy,Daily,Women,Salwar,Silk,red,1999.0,0
361,Female,Free Size,Medium,navy,Daily,Newborn,Set,Georgette,pink,4999.0,0
361,Female,Free Size,Medium,navy,Daily,Kids,Ethnic,Rayon,burgundy,1999.0,0
361,Female,Free Size,Medium,navy,Daily,Women,Dress,Denim,pink,1299.0,0
361,Female,Free Size,Medium,navy,Daily,Women,Kurti,Rayon,red,499.0,0
361,Female,Free Size,Medium,navy,Daily,Men,Kurta,Silk,navy,299.0,0
361,Female,Free Size,Medium,navy,Daily,Women,Kurti,Denim,mustard,4999.0,1
361,Female,Free Size,Medium,navy,Daily,Men,Trousers,Rayon,navy,1999.0,1
361,Female,Free Size,Medium,navy,Daily,Men,Blazer,Linen,cream,299.0,0
361,Female,Free Size,Medium,navy,Daily,Newborn,Onesie,Silk,blue,299.0,0
361,Female,Free Size,Medium,navy,Daily,Newborn,Onesie,Cotton,yellow,2999.0,0
362,Male,S,Dark,magenta,Festival,Newborn,Onesie,Denim,royal blue,699.0,0
362,Male,S,Dark,magenta,Festival,Newborn,Onesie,Denim,cream,499.0,0
362,Male,S,Dark,magenta,Festival,Newborn,Onesie,Linen,pink,1299.0,0
362,Male,S,Dark,magenta,Festival,Men,Shirt,Wool,peach,1999.0,0
362,Male,S,Dark,magenta,Festival,Newborn,Set,Georgette,pink,4999.0,0
362,Male,S,Dark,magenta,Festival,Women,Lehenga,Wool,white,999.0,1
362,Male,S,Dark,magenta,Festival,Men,Kurta,Silk,navy,299.0,1
362,Male,S,Dark,magenta,Festival,Men,Blazer,Georgette,burgundy,1299.0,1
362,Male,S,Dark,magenta,Festival,Men,Shirt,Rayon,peach,1999.0,0
362,Male,S,Dark,magenta,Festival,Kids,Shorts,Georgette,cream,1999.0,0
362,Male,S,Dark,magenta,Festival,Men,Blazer,Rayon,red,1299.0,1
362,Male,S,Dark,magenta,Festival,Kids,Shorts,Silk,gold,499.0,0
362,Male,S,Dark,magenta,Festival,Kids,T-Shirt,Georgette,gold,4999.0,0
362,Male,S,Dark,magenta,Festival,Women,Kurti,Rayon,red,499.0,0
362,Male,S,Dark,magenta,Festival,Women,Salwar,Silk,red,1999.0,1
362,Male,S,Dark,magenta,Festival,Men,Blazer,Linen,teal,1299.0,1
362,Male,S,Dark,magenta,Festival,Kids,Frock,Rayon,lavender,499.0,0
362,Male,S,Dark,magenta,Festival,Women,Dress,Linen,olive,499.0,0
362,Male,S,Dark,magenta,Festival,Newborn,Set,Wool,yellow,2999.0,1
362,Male,S,Dark,magenta,Festival,Women,Dress,Denim,pink,1299.0,0
362,Male,S,Dark,magenta,Festival,Men,Shirt,Cotton,blue,299.0,0
362,Male,S,Dark,magenta,Festival,Kids,Frock,Silk,cream,1999.0,1
362,Male,S,Dark,magenta,Festival,Newborn,Romper,Silk,lavender,1999.0,0
362,Male,S,Dark,magenta,Festival,Kids,T-Shirt,Denim,burgundy,1299.0,1
362,Male,S,Dark,magenta,Festival,Women,Salwar,Denim,burgundy,699.0,1
363,Female,XS,Warm,red,Wedding,Women,Kurti,Silk,burgundy,4999.0,1
363,Female,XS,Warm,red,Wedding,Women,Kurti,Linen,yellow,299.0,1
363,Female,XS,Warm,red,Wedding,Kids,Ethnic,Silk,coral,4999.0,1
363,Female,XS,Warm,red,Wedding,Newborn,Onesie,Denim,coral,699.0,1
363,Female,XS,Warm,red,Wedding,Kids,Ethnic,Georgette,black,1299.0,0
363,Female,XS,Warm,red,Wedding,Men,Kurta,Cotton,green,499.0,0
363,Female,XS,Warm,red,Wedding,Men,Trousers,Denim,lavender,1299.0,0
363,Female,XS,Warm,red,Wedding,Men,Blazer,Denim,pink,699.0,1
363,Female,XS,Warm,red,Wedding,Newborn,Onesie,Cotton,yellow,1999.0,0
363,Female,XS,Warm,red,Wedding,Newborn,Onesie,Silk,blue,299.0,0
363,Female,XS,Warm,red,Wedding,Men,T-Shirt,Rayon,peach,1999.0,0
363,Female,XS,Warm,red,Wedding,Men,Trousers,Cotton,royal blue,1999.0,0
363,Female,XS,Warm,red,Wedding,Kids,Frock,Silk,cream,1999.0,0
363,Female,XS,Warm,red,Wedding,Women,Dress,Rayon,mustard,999.0,1
363,Female,XS,Warm,red,Wedding,Kids,T-Shirt,Denim,blue,299.0,0
363,Female,XS,Warm,red,Wedding,Newborn,Set,Georgette,teal,699.0,0
363,Female,XS,Warm,red,Wedding,Kids,T-Shirt,Denim,burgundy,1299.0,0
363,Female,XS,Warm,red,Wedding,Newborn,Onesie,Linen,pink,1299.0,0
363,Female,XS,Warm,red,Wedding,Newborn,Onesie,Denim,yellow,4999.0,0
363,Female,XS,Warm,red,Wedding,Newborn,Romper,Wool,burgundy,299.0,0
363,Female,XS,Warm,red,Wedding,Newborn,Set,Georgette,teal,2999.0,0
363,Female,XS,Warm,red,Wedding,Women,Top,Rayon,teal,1999.0,0
363,Female,XS,Warm,red,Wedding,Women,Salwar,Rayon,gold,4999.0,1
363,Female,XS,Warm,red,Wedding,Women,Salwar,Denim,magenta,4999.0,0
363,Female,XS,Warm,red,Wedding,Newborn,Set,Wool,yellow,2999.0,0
364,Male,L,Medium,black,Casual,Kids,T-Shirt,Rayon,olive,999.0,1
364,Male,L,Medium,black,Casual,Women,Dress,Rayon,mustard,999.0,1
364,Male,L,Medium,black,Casual,Newborn,Set,Rayon,blue,999.0,0
364,Male,L,Medium,black,Casual,Newborn,Onesie,Denim,cream,499.0,0
364,Male,L,Medium,black,Casual,Women,Saree,Cotton,cream,999.0,0
364,Male,L,Medium,black,Casual,Women,Saree,Denim,burgundy,499.0,0
364,Male,L,Medium,black,Casual,Women,Kurti,Rayon,red,499.0,0
364,Male,L,Medium,black,Casual,Men,Blazer,Georgette,burgundy,1299.0,0
364,Male,L,Medium,black,Casual,Kids,Shorts,Georgette,cream,1999.0,0
364,Male,L,Medium,black,Casual,Kids,Ethnic,Rayon,burgundy,1999.0,1
364,Male,L,Medium,black,Casual,Men,Shirt,Wool,peach,1999.0,0
364,Male,L,Medium,black,Casual,Women,Salwar,Denim,magenta,4999.0,0
364,Male,L,Medium,black,Casual,Men,Trousers,Cotton,royal blue,1999.0,0
364,Male,L,Medium,black,Casual,Kids,T-Shirt,Cotton,black,499.0,0
364,Male,L,Medium,black,Casual,Women,Dress,Cotton,black,1999.0,1
364,Male,L,Medium,black,Casual,Men,Kurta,Silk,red,4999.0,0
364,Male,L,Medium,black,Casual,Men,Shirt,Linen,blue,1299.0,1
364,Male,L,Medium,black,Casual,Kids,T-Shirt,Silk,olive,499.0,1
364,Male,L,Medium,black,Casual,Men,Blazer,Linen,cream,299.0,0
364,Male,L,Medium,black,Casual,Men,Trousers,Rayon,olive,499.0,1
364,Male,L,Medium,black,Casual,Kids,Frock,Linen,peach,699.0,0
364,Male,L,Medium,black,Casual,Women,Kurti,Cotton,cream,999.0,0
364,Male,L,Medium,black,Casual,Newborn,Romper,Silk,lavender,1999.0,0
364,Male,L,Medium,black,Casual,Men,T-Shirt,Rayon,coral,999.0,1
364,Male,L,Medium,black,Casual,Kids,Frock,Rayon,lavender,499.0,0
365,Female,L,Light,lavender,Party,Newborn,Onesie,Denim,cream,499.0,1
365,Female,L,Light,lavender,Party,Men,Blazer,Rayon,red,1299.0,0
365,Female,L,Light,lavender,Party,Men,Shirt,Linen,green,1299.0,0
365,Female,L,Light,lavender,Party,Kids,T-Shirt,Rayon,olive,999.0,0
365,Female,L,Light,lavender,Party,Newborn,Set,Silk,gold,299.0,0
365,Female,L,Light,lavender,Party,Newborn,Romper,Linen,coral,2999.0,0
365,Female,L,Light,lavender,Party,Men,Trousers,Rayon,navy,1999.0,0
365,Female,L,Light,lavender,Party,Women,Salwar,Silk,red,1999.0,1
365,Female,L,Light,lavender,Party,Newborn,Set,Rayon,white,2999.0,0
365,Female,L,Light,lavender,Party,Men,Shirt,Rayon,peach,1999.0,0
365,Female,L,Light,lavender,Party,Women,Dress,Denim,pink,1299.0,1
365,Female,L,Light,lavender,Party,Kids,T-Shirt,Denim,blue,299.0,0
365,Female,L,Light,lavender,Party,Women,Salwar,Denim,burgundy,2999.0,0
365,Female,L,Light,lavender,Party,Women,Dress,Linen,olive,499.0,0
365,Female,L,Light,lavender,Party,Women,Kurti,Denim,white,699.0,1
365,Female,L,Light,lavender,Party,Men,Shirt,Georgette,olive,499.0,0
365,Female,L,Light,lavender,Party,Women,Kurti,Linen,yellow,299.0,0
365,Female,L,Light,lavender,Party,Newborn,Set,Georgette,teal,2999.0,0
365,Female,L,Light,lavender,Party,Newborn,Set,Denim,royal blue,999.0,0
365,Female,L,Light,lavender,Party,Kids,Shorts,Silk,gold,499.0,0
365,Female,L,Light,lavender,Party,Men,Kurta,Silk,navy,299.0,0
365,Female,L,Light,lavender,Party,Men,T-Shirt,Rayon,peach,1999.0,0
365,Female,L,Light,lavender,Party,Men,Kurta,Silk,teal,1299.0,0
365,Female,L,Light,lavender,Party,Women,Dress,Georgette,green,299.0,1
365,Female,L,Light,lavender,Party,Men,Shirt,Rayon,gold,999.0,0
366,Female,M,Dark,navy,Casual,Newborn,Romper,Silk,lavender,1999.0,0
366,Female,M,Dark,navy,Casual,Women,Dress,Georgette,green,299.0,1
366,Female,M,Dark,navy,Casual,Newborn,Set,Silk,gold,299.0,0
366,Female,M,Dark,navy,Casual,Kids,Ethnic,Cotton,red,1999.0,1
366,Female,M,Dark,navy,Casual,Men,Trousers,Rayon,navy,1999.0,1
366,Female,M,Dark,navy,Casual,Kids,Ethnic,Georgette,black,1299.0,0
366,Female,M,Dark,navy,Casual,Men,Blazer,Linen,teal,999.0,0
366,Female,M,Dark,navy,Casual,Kids,T-Shirt,Cotton,black,499.0,1
366,Female,M,Dark,navy,Casual,Kids,Ethnic,Silk,coral,4999.0,0
366,Female,M,Dark,navy,Casual,Kids,Ethnic,Wool,white,1299.0,0
366,Female,M,Dark,navy,Casual,Men,T-Shirt,Rayon,coral,999.0,0
366,Female,M,Dark,navy,Casual,Men,Kurta,Silk,red,4999.0,0
366,Female,M,Dark,navy,Casual,Men,Shirt,Rayon,peach,1999.0,0
366,Female,M,Dark,navy,Casual,Men,Trousers,Silk,green,4999.0,0
366,Female,M,Dark,navy,Casual,Women,Dress,Linen,olive,499.0,0
366,Female,M,Dark,navy,Casual,Men,Blazer,Wool,white,499.0,1
366,Female,M,Dark,navy,Casual,Newborn,Romper,Rayon,gold,699.0,0
366,Female,M,Dark,navy,Casual,Men,Trousers,Linen,lavender,1299.0,0
366,Female,M,Dark,navy,Casual,Men,Trousers,Denim,lavender,1299.0,0
366,Female,M,Dark,navy,Casual,Men,Shirt,Rayon,gold,999.0,0
366,Female,M,Dark,navy,Casual,Women,Top,Silk,gold,4999.0,0
366,Female,M,Dark,navy,Casual,Women,Kurti,Rayon,red,499.0,1
366,Female,M,Dark,navy,Casual,Newborn,Romper,Wool,coral,1999.0,0
366,Female,M,Dark,navy,Casual,Women,Kurti,Silk,burgundy,4999.0,0
366,Female,M,Dark,navy,Casual,Women,Lehenga,Wool,white,999.0,1
367,Female,XXL,Medium,black,Casual,Men,Shirt,Linen,blue,1299.0,0
367,Female,XXL,Medium,black,Casual,Women,Lehenga,Rayon,black,699.0,1
367,Female,XXL,Medium,black,Casual,Women,Salwar,Denim,magenta,4999.0,0
367,Female,XXL,Medium,black,Casual,Women,Saree,Cotton,cream,999.0,1
367,Female,XXL,Medium,black,Casual,Men,Kurta,Cotton,green,499.0,0
367,Female,XXL,Medium,black,Casual,Men,Blazer,Rayon,red,1299.0,0
367,Female,XXL,Medium,black,Casual,Women,Salwar,Cotton,magenta,299.0,1
367,Female,XXL,Medium,black,Casual,Kids,T-Shirt,Denim,blue,299.0,0
367,Female,XXL,Medium,black,Casual,Women,Salwar,Cotton,coral,1999.0,1
367,Female,XXL,Medium,black,Casual,Women,Top,Silk,gold,4999.0,0
367,Female,XXL,Medium,black,Casual,Men,T-Shirt,Rayon,peach,1999.0,0
367,Female,XXL,Medium,black,Casual,Women,Lehenga,Wool,white,999.0,0
367,Female,XXL,Medium,black,Casual,Kids,Frock,Linen,peach,699.0,0
367,Female,XXL,Medium,black,Casual,Newborn,Romper,Rayon,mustard,4999.0,1
367,Female,XXL,Medium,black,Casual,Kids,Frock,Wool,burgundy,999.0,1
367,Female,XXL,Medium,black,Casual,Men,T-Shirt,Rayon,green,2999.0,0
367,Female,XXL,Medium,black,Casual,Women,Dress,Georgette,green,299.0,0
367,Female,XXL,Medium,black,Casual,Kids,Ethnic,Silk,burgundy,999.0,0
367,Female,XXL,Medium,black,Casual,Newborn,Onesie,Denim,coral,699.0,0
367,Female,XXL,Medium,black,Casual,Men,Kurta,Silk,red,4999.0,0
367,Female,XXL,Medium,black,Casual,Newborn,Onesie,Denim,cream,499.0,0
367,Female,XXL,Medium,black,Casual,Kids,Frock,Cotton,peach,1299.0,0
367,Female,XXL,Medium,black,Casual,Men,Blazer,Denim,pink,699.0,0
367,Female,XXL,Medium,black,Casual,Newborn,Set,Georgette,pink,4999.0,0
367,Female,XXL,Medium,black,Casual,Newborn,Set,Georgette,teal,2999.0,0
368,Male,L,Medium,green,Festival,Newborn,Romper,Cotton,pink,999.0,1
368,Male,L,Medium,green,Festival,Men,T-Shirt,Rayon,green,2999.0,1
368,Male,L,Medium,green,Festival,Newborn,Romper,Rayon,mustard,4999.0,0
368,Male,L,Medium,green,Festival,Kids,Ethnic,Silk,burgundy,999.0,1
368,Male,L,Medium,green,Festival,Newborn,Onesie,Denim,royal blue,699.0,1
368,Male,L,Medium,green,Festival,Newborn,Romper,Wool,burgundy,299.0,0
368,Male,L,Medium,green,Festival,Newborn,Set,Georgette,teal,2999.0,0
368,Male,L,Medium,green,Festival,Men,Shirt,Wool,peach,1999.0,1
368,Male,L,Medium,green,Festival,Newborn,Onesie,Cotton,yellow,1999.0,0
368,Male,L,Medium,green,Festival,Men,Blazer,Wool,white,499.0,1
368,Male,L,Medium,green,Festival,Newborn,Onesie,Linen,pink,1299.0,0
368,Male,L,Medium,green,Festival,Newborn,Set,Georgette,pink,4999.0,0
368,Male,L,Medium,green,Festival,Women,Lehenga,Rayon,black,699.0,0
368,Male,L,Medium,green,Festival,Newborn,Onesie,Denim,cream,499.0,0
368,Male,L,Medium,green,Festival,Newborn,Romper,Rayon,gold,699.0,1
368,Male,L,Medium,green,Festival,Women,Dress,Rayon,mustard,999.0,0
368,Male,L,Medium,green,Festival,Men,Kurta,Silk,navy,299.0,1
368,Male,L,Medium,green,Festival,Kids,T-Shirt,Cotton,black,499.0,0
368,Male,L,Medium,green,Festival,Women,Saree,Denim,burgundy,499.0,1
368,Male,L,Medium,green,Festival,Newborn,Set,Wool,yellow,2999.0,0
368,Male,L,Medium,green,Festival,Kids,Ethnic,Rayon,burgundy,1999.0,1
368,Male,L,Medium,green,Festival,Women,Lehenga,Denim,pink,299.0,0
368,Male,L,Medium,green,Festival,Men,T-Shirt,Linen,red,499.0,0
368,Male,L,Medium,green,Festival,Kids,Ethnic,Georgette,black,1299.0,0
368,Male,L,Medium,green,Festival,Newborn,Set,Georgette,teal,699.0,1
369,Female,XXL,Fair,coral,Party,Women,Saree,Denim,peach,1999.0,1
369,Female,XXL,Fair,coral,Party,Men,Blazer,Linen,teal,1299.0,1
369,Female,XXL,Fair,coral,Party,Kids,Frock,Rayon,lavender,499.0,1
369,Female,XXL,Fair,coral,Party,Newborn,Onesie,Linen,burgundy,999.0,0
369,Female,XXL,Fair,coral,Party,Women,Salwar,Denim,magenta,4999.0,1
369,Female,XXL,Fair,coral,Party,Newborn,Romper,Wool,burgundy,299.0,0
369,Female,XXL,Fair,coral,Party,Kids,Frock,Silk,cream,1999.0,1
369,Female,XXL,Fair,coral,Party,Newborn,Set,Wool,yellow,2999.0,0
369,Female,XXL,Fair,coral,Party,Men,Blazer,Rayon,red,1299.0,0
369,Female,XXL,Fair,coral,Party,Women,Kurti,Silk,magenta,699.0,0
369,Female,XXL,Fair,coral,Party,Women,Dress,Linen,yellow,1999.0,0
369,Female,XXL,Fair,coral,Party,Men,Blazer,Wool,white,499.0,0
369,Female,XXL,Fair,coral,Party,Newborn,Set,Silk,gold,299.0,0
369,Female,XXL,Fair,coral,Party,Women,Saree,Denim,burgundy,499.0,1
369,Female,XXL,Fair,coral,Party,Women,Salwar,Wool,navy,4999.0,1
369,Female,XXL,Fair,coral,Party,Women,Salwar,Silk,red,1999.0,0
369,Female,XXL,Fair,coral,Party,Men,Blazer,Linen,cream,299.0,1
369,Female,XXL,Fair,coral,Party,Newborn,Romper,Silk,lavender,1999.0,1
369,Female,XXL,Fair,coral,Party,Men,Blazer,Denim,pink,699.0,1
369,Female,XXL,Fair,coral,Party,Men,T-Shirt,Rayon,peach,1999.0,0
369,Female,XXL,Fair,coral,Party,Women,Salwar,Cotton,coral,1999.0,1
369,Female,XXL,Fair,coral,Party,Women,Kurti,Denim,white,699.0,1
369,Female,XXL,Fair,coral,Party,Kids,Shorts,Georgette,cream,1999.0,0
369,Female,XXL,Fair,coral,Party,Women,Dress,Linen,olive,499.0,1
369,Female,XXL,Fair,coral,Party,Women,Dress,Denim,pink,1299.0,1
370,Male,S,Light,mustard,Wedding,Women,Saree,Cotton,cream,999.0,1
370,Male,S,Light,mustard,Wedding,Newborn,Set,Wool,yellow,2999.0,0
370,Male,S,Light,mustard,Wedding,Women,Dress,Silk,black,1299.0,0
370,Male,S,Light,mustard,Wedding,Women,Top,Georgette,peach,999.0,1
370,Male,S,Light,mustard,Wedding,Men,Blazer,Denim,pink,699.0,1
370,Male,S,Light,mustard,Wedding,Kids,T-Shirt,Silk,olive,499.0,0
370,Male,S,Light,mustard,Wedding,Women,Salwar,Cotton,magenta,299.0,0
370,Male,S,Light,mustard,Wedding,Men,Trousers,Linen,magenta,699.0,1
370,Male,S,Light,mustard,Wedding,Newborn,Romper,Silk,black,499.0,0
370,Male,S,Light,mustard,Wedding,Kids,Frock,Silk,cream,1999.0,0
370,Male,S,Light,mustard,Wedding,Kids,T-Shirt,Georgette,gold,4999.0,0
370,Male,S,Light,mustard,Wedding,Kids,T-Shirt,Denim,burgundy,1299.0,0
370,Male,S,Light,mustard,Wedding,Kids,T-Shirt,Denim,blue,299.0,0
370,Male,S,Light,mustard,Wedding,Kids,Frock,Cotton,lavender,499.0,0
370,Male,S,Light,mustard,Wedding,Newborn,Romper,Rayon,gold,699.0,0
370,Male,S,Light,mustard,Wedding,Women,Top,Rayon,magenta,699.0,0
370,Male,S,Light,mustard,Wedding,Women,Salwar,Cotton,cream,999.0,0
370,Male,S,Light,mustard,Wedding,Newborn,Set,Georgette,pink,4999.0,0
370,Male,S,Light,mustard,Wedding,Kids,T-Shirt,Rayon,olive,999.0,0
370,Male,S,Light,mustard,Wedding,Kids,Ethnic,Rayon,burgundy,1999.0,0
370,Male,S,Light,mustard,Wedding,Women,Kurti,Denim,white,699.0,1
370,Male,S,Light,mustard,Wedding,Kids,Frock,Rayon,lavender,499.0,0
370,Male,S,Light,mustard,Wedding,Women,Lehenga,Denim,pink,299.0,1
370,Male,S,Light,mustard,Wedding,Women,Dress,Denim,pink,1299.0,1
370,Male,S,Light,mustard,Wedding,Women,Kurti,Denim,mustard,4999.0,0
371,Female,XXL,Dark,royal blue,Festival,Newborn,Onesie,Denim,yellow,4999.0,0
371,Female,XXL,Dark,royal blue,Festival,Women,Saree,Denim,peach,1999.0,1
371,Female,XXL,Dark,royal blue,Festival,Kids,T-Shirt,Silk,white,999.0,0
371,Female,XXL,Dark,royal blue,Festival,Newborn,Romper,Wool,burgundy,299.0,0
371,Female,XXL,Dark,royal blue,Festival,Kids,T-Shirt,Denim,burgundy,1299.0,0
371,Female,XXL,Dark,royal blue,Festival,Women,Saree,Denim,burgundy,499.0,1
371,Female,XXL,Dark,royal blue,Festival,Men,Kurta,Silk,teal,1299.0,0
371,Female,XXL,Dark,royal blue,Festival,Men,Blazer,Georgette,burgundy,1299.0,0
371,Female,XXL,Dark,royal blue,Festival,Men,Trousers,Rayon,navy,1999.0,0
371,Female,XXL,Dark,royal blue,Festival,Men,T-Shirt,Rayon,green,2999.0,0
371,Female,XXL,Dark,royal blue,Festival,Women,Top,Georgette,peach,999.0,1
371,Female,XXL,Dark,royal blue,Festival,Men,Blazer,Linen,teal,1299.0,0
371,Female,XXL,Dark,royal blue,Festival,Newborn,Set,Rayon,white,2999.0,0
371,Female,XXL,Dark,royal blue,Festival,Men,T-Shirt,Linen,red,499.0,0
371,Female,XXL,Dark,royal blue,Festival,Newborn,Set,Silk,gold,299.0,0
371,Female,XXL,Dark,royal blue,Festival,Kids,Ethnic,Silk,coral,4999.0,1
371,Female,XXL,Dark,royal blue,Festival,Kids,T-Shirt,Georgette,gold,4999.0,0
371,Female,XXL,Dark,royal blue,Festival,Newborn,Onesie,Cotton,yellow,2999.0,0
371,Female,XXL,Dark,royal blue,Festival,Kids,T-Shirt,Rayon,olive,999.0,0
371,Female,XXL,Dark,royal blue,Festival,Kids,Ethnic,Rayon,royal blue,4999.0,1
371,Female,XXL,Dark,royal blue,Festival,Kids,T-Shirt,Denim,blue,299.0,0
371,Female,XXL,Dark,royal blue,Festival,Men,Trousers,Linen,lavender,1299.0,0
371,Female,XXL,Dark,royal blue,Festival,Newborn,Romper,Silk,lavender,1999.0,0
371,Female,XXL,Dark,royal blue,Festival,Women,Kurti,Cotton,cream,999.0,1
371,Female,XXL,Dark,royal blue,Festival,Newborn,Onesie,Linen,pink,1299.0,0
372,Female,Free Size,Dark,yellow,Wedding,Newborn,Romper,Denim,navy,1299.0,0
372,Female,Free Size,Dark,yellow,Wedding,Newborn,Romper,Rayon,gold,699.0,0
372,Female,Free Size,Dark,yellow,Wedding,Women,Dress,Georgette,green,299.0,0
372,Female,Free Size,Dark,yellow,Wedding,Newborn,Set,Rayon,white,2999.0,0
372,Female,Free Size,Dark,yellow,Wedding,Kids,Frock,Linen,peach,699.0,0
372,Female,Free Size,Dark,yellow,Wedding,Men,Blazer,Georgette,black,2999.0,0
372,Female,Free Size,Dark,yellow,Wedding,Women,Dress,Linen,olive,499.0,0
372,Female,Free Size,Dark,yellow,Wedding,Kids,T-Shirt,Cotton,black,499.0,1
372,Female,Free Size,Dark,yellow,Wedding,Women,Top,Cotton,green,2999.0,1
372,Female,Free Size,Dark,yellow,Wedding,Men,Blazer,Linen,teal,999.0,0
372,Female,Free Size,Dark,yellow,Wedding,Women,Dress,Rayon,mustard,999.0,1
372,Female,Free Size,Dark,yellow,Wedding,Men,Blazer,Linen,cream,299.0,0
372,Female,Free Size,Dark,yellow,Wedding,Men,Blazer,Wool,white,499.0,1
372,Female,Free Size,Dark,yellow,Wedding,Men,Shirt,Cotton,blue,299.0,0
372,Female,Free Size,Dark,yellow,Wedding,Newborn,Set,Denim,royal blue,999.0,1
372,Female,Free Size,Dark,yellow,Wedding,Women,Saree,Denim,burgundy,499.0,1
372,Female,Free Size,Dark,yellow,Wedding,Women,Salwar,Denim,burgundy,699.0,1
372,Female,Free Size,Dark,yellow,Wedding,Kids,Frock,Cotton,peach,1299.0,0
372,Female,Free Size,Dark,yellow,Wedding,Women,Salwar,Cotton,cream,999.0,0
372,Female,Free Size,Dark,yellow,Wedding,Newborn,Onesie,Cotton,yellow,1999.0,1
372,Female,Free Size,Dark,yellow,Wedding,Newborn,Onesie,Denim,yellow,4999.0,1
372,Female,Free Size,Dark,yellow,Wedding,Newborn,Set,Wool,yellow,2999.0,1
372,Female,Free Size,Dark,yellow,Wedding,Women,Saree,Cotton,cream,999.0,1
372,Female,Free Size,Dark,yellow,Wedding,Men,Kurta,Cotton,green,499.0,1
372,Female,Free Size,Dark,yellow,Wedding,Men,Blazer,Georgette,burgundy,1299.0,1
373,Male,XL,Warm,teal,Daily,Women,Kurti,Silk,burgundy,4999.0,0
373,Male,XL,Warm,teal,Daily,Kids,Ethnic,Cotton,red,1999.0,1
373,Male,XL,Warm,teal,Daily,Kids,T-Shirt,Denim,blue,299.0,1
373,Male,XL,Warm,teal,Daily,Men,T-Shirt,Rayon,peach,1999.0,1
373,Male,XL,Warm,teal,Daily,Men,Trousers,Rayon,navy,1999.0,0
373,Male,XL,Warm,teal,Daily,Kids,T-Shirt,Denim,burgundy,1299.0,1
373,Male,XL,Warm,teal,Daily,Kids,Ethnic,Georgette,black,1299.0,0
373,Male,XL,Warm,teal,Daily,Newborn,Onesie,Denim,cream,499.0,0
373,Male,XL,Warm,teal,Daily,Men,Blazer,Linen,cream,299.0,0
373,Male,XL,Warm,teal,Daily,Men,Blazer,Georgette,black,2999.0,0
373,Male,XL,Warm,teal,Daily,Newborn,Romper,Linen,coral,2999.0,0
373,Male,XL,Warm,teal,Daily,Newborn,Set,Georgette,teal,699.0,1
373,Male,XL,Warm,teal,Daily,Newborn,Set,Rayon,burgundy,4999.0,0
373,Male,XL,Warm,teal,Daily,Women,Saree,Denim,burgundy,499.0,0
373,Male,XL,Warm,teal,Daily,Newborn,Onesie,Silk,blue,299.0,0
373,Male,XL,Warm,teal,Daily,Men,Kurta,Silk,teal,1299.0,1
373,Male,XL,Warm,teal,Daily,Women,Salwar,Wool,navy,4999.0,0
373,Male,XL,Warm,teal,Daily,Kids,Ethnic,Rayon,royal blue,4999.0,0
373,Male,XL,Warm,teal,Daily,Men,Blazer,Wool,white,499.0,0
373,Male,XL,Warm,teal,Daily,Women,Lehenga,Wool,white,999.0,0
373,Male,XL,Warm,teal,Daily,Men,T-Shirt,Rayon,green,2999.0,0
373,Male,XL,Warm,teal,Daily,Men,Kurta,Cotton,green,499.0,0
373,Male,XL,Warm,teal,Daily,Men,Trousers,Linen,magenta,699.0,1
373,Male,XL,Warm,teal,Daily,Kids,Ethnic,Silk,burgundy,999.0,1
373,Male,XL,Warm,teal,Daily,Kids,T-Shirt,Silk,white,999.0,0
374,Female,XS,Dark,red,Casual,Newborn,Romper,Wool,coral,1999.0,1
374,Female,XS,Dark,red,Casual,Women,Kurti,Silk,burgundy,4999.0,0
374,Female,XS,Dark,red,Casual,Newborn,Romper,Linen,coral,2999.0,0
374,Female,XS,Dark,red,Casual,Women,Salwar,Cotton,cream,999.0,1
374,Female,XS,Dark,red,Casual,Women,Saree,Cotton,cream,999.0,1
374,Female,XS,Dark,red,Casual,Newborn,Romper,Rayon,mustard,4999.0,0
374,Female,XS,Dark,red,Casual,Women,Dress,Cotton,black,1999.0,1
374,Female,XS,Dark,red,Casual,Kids,T-Shirt,Denim,burgundy,1299.0,0
374,Female,XS,Dark,red,Casual,Women,Salwar,Rayon,gold,4999.0,1
374,Female,XS,Dark,red,Casual,Kids,T-Shirt,Silk,white,999.0,0
374,Female,XS,Dark,red,Casual,Newborn,Set,Rayon,burgundy,999.0,0
374,Female,XS,Dark,red,Casual,Newborn,Set,Georgette,pink,4999.0,0
374,Female,XS,Dark,red,Casual,Newborn,Romper,Silk,black,499.0,0
374,Female,XS,Dark,red,Casual,Kids,Ethnic,Cotton,red,1999.0,1
374,Female,XS,Dark,red,Casual,Newborn,Onesie,Denim,royal blue,699.0,0
374,Female,XS,Dark,red,Casual,Newborn,Onesie,Linen,burgundy,999.0,0
374,Female,XS,Dark,red,Casual,Newborn,Romper,Wool,burgundy,299.0,0
374,Female,XS,Dark,red,Casual,Women,Top,Silk,gold,4999.0,0
374,Female,XS,Dark,red,Casual,Newborn,Romper,Denim,navy,1299.0,0
374,Female,XS,Dark,red,Casual,Women,Kurti,Silk,magenta,699.0,0
374,Female,XS,Dark,red,Casual,Kids,Frock,Linen,peach,699.0,0
374,Female,XS,Dark,red,Casual,Men,Shirt,Rayon,peach,1999.0,0
374,Female,XS,Dark,red,Casual,Women,Kurti,Cotton,cream,999.0,1
374,Female,XS,Dark,red,Casual,Men,Shirt,Wool,peach,1999.0,0
374,Female,XS,Dark,red,Casual,Men,T-Shirt,Rayon,coral,999.0,0
375,Male,XL,Dark,blue,Wedding,Women,Salwar,Denim,burgundy,699.0,1
375,Male,XL,Dark,blue,Wedding,Men,Shirt,Georgette,olive,499.0,1
375,Male,XL,Dark,blue,Wedding,Kids,T-Shirt,Denim,navy,1999.0,0
375,Male,XL,Dark,blue,Wedding,Men,Kurta,Silk,red,4999.0,1
375,Male,XL,Dark,blue,Wedding,Men,T-Shirt,Rayon,coral,999.0,1
375,Male,XL,Dark,blue,Wedding,Kids,Ethnic,Wool,teal,499.0,0
375,Male,XL,Dark,blue,Wedding,Kids,T-Shirt,Georgette,gold,4999.0,0
375,Male,XL,Dark,blue,Wedding,Newborn,Romper,Silk,black,499.0,0
375,Male,XL,Dark,blue,Wedding,Men,Blazer,Rayon,red,1299.0,1
375,Male,XL,Dark,blue,Wedding,Kids,Ethnic,Cotton,olive,1999.0,0
375,Male,XL,Dark,blue,Wedding,Newborn,Set,Rayon,blue,999.0,1
375,Male,XL,Dark,blue,Wedding,Newborn,Onesie,Cotton,yellow,1999.0,1
375,Male,XL,Dark,blue,Wedding,Newborn,Onesie,Denim,yellow,4999.0,0
375,Male,XL,Dark,blue,Wedding,Men,Blazer,Linen,teal,1299.0,1
375,Male,XL,Dark,blue,Wedding,Kids,Ethnic,Wool,white,1299.0,1
375,Male,XL,Dark,blue,Wedding,Women,Salwar,Rayon,gold,4999.0,0
375,Male,XL,Dark,blue,Wedding,Kids,Ethnic,Silk,burgundy,999.0,0
375,Male,XL,Dark,blue,Wedding,Women,Kurti,Rayon,red,499.0,1
375,Male,XL,Dark,blue,Wedding,Newborn,Romper,Linen,coral,2999.0,0
375,Male,XL,Dark,blue,Wedding,Men,Trousers,Linen,magenta,699.0,1
375,Male,XL,Dark,blue,Wedding,Kids,Frock,Wool,burgundy,999.0,0
375,Male,XL,Dark,blue,Wedding,Men,Trousers,Rayon,olive,499.0,0
375,Male,XL,Dark,blue,Wedding,Men,Trousers,Linen,lavender,1299.0,0
375,Male,XL,Dark,blue,Wedding,Women,Salwar,Cotton,coral,1999.0,0
375,Male,XL,Dark,blue,Wedding,Kids,T-Shirt,Denim,blue,299.0,0
376,Female,Free Size,Dark,lavender,Casual,Newborn,Onesie,Denim,yellow,4999.0,1
376,Female,Free Size,Dark,lavender,Casual,Newborn,Onesie,Linen,pink,1299.0,0
376,Female,Free Size,Dark,lavender,Casual,Women,Kurti,Rayon,red,499.0,1
376,Female,Free Size,Dark,lavender,Casual,Kids,T-Shirt,Rayon,olive,999.0,0
376,Female,Free Size,Dark,lavender,Casual,Men,Trousers,Linen,magenta,699.0,1
376,Female,Free Size,Dark,lavender,Casual,Kids,T-Shirt,Denim,burgundy,1299.0,0
376,Female,Free Size,Dark,lavender,Casual,Women,Salwar,Cotton,coral,1999.0,1
376,Female,Free Size,Dark,lavender,Casual,Women,Dress,Silk,black,1299.0,1
376,Female,Free Size,Dark,lavender,Casual,Women,Dress,Linen,olive,499.0,0
376,Female,Free Size,Dark,lavender,Casual,Women,Top,Cotton,green,2999.0,1
376,Female,Free Size,Dark,lavender,Casual,Kids,Ethnic,Cotton,red,1999.0,1
376,Female,Free Size,Dark,lavender,Casual,Women,Dress,Denim,pink,1299.0,1
376,Female,Free Size,Dark,lavender,Casual,Newborn,Onesie,Denim,coral,699.0,1
376,Female,Free Size,Dark,lavender,Casual,Kids,T-Shirt,Denim,navy,1999.0,0
376,Female,Free Size,Dark,lavender,Casual,Newborn,Romper,Rayon,gold,699.0,0
376,Female,Free Size,Dark,lavender,Casual,Newborn,Set,Rayon,burgundy,999.0,0
376,Female,Free Size,Dark,lavender,Casual,Kids,T-Shirt,Georgette,gold,4999.0,0
376,Female,Free Size,Dark,lavender,Casual,Men,Blazer,Georgette,burgundy,1299.0,0
376,Female,Free Size,Dark,lavender,Casual,Kids,Shorts,Georgette,cream,1999.0,0
376,Female,Free Size,Dark,lavender,Casual,Newborn,Set,Georgette,pink,4999.0,0
376,Female,Free Size,Dark,lavender,Casual,Kids,Frock,Cotton,peach,1299.0,0
376,Female,Free Size,Dark,lavender,Casual,Newborn,Romper,Wool,burgundy,299.0,0
376,Female,Free Size,Dark,lavender,Casual,Men,Trousers,Rayon,navy,1999.0,0
376,Female,Free Size,Dark,lavender,Casual,Newborn,Romper,Rayon,mustard,4999.0,0
376,Female,Free Size,Dark,lavender,Casual,Newborn,Onesie,Cotton,yellow,2999.0,0
377,Male,XXL,Dark,mustard,Casual,Newborn,Onesie,Denim,cream,499.0,0
377,Male,XXL,Dark,mustard,Casual,Newborn,Set,Wool,yellow,2999.0,0
377,Male,XXL,Dark,mustard,Casual,Women,Salwar,Cotton,cream,999.0,0
377,Male,XXL,Dark,mustard,Casual,Women,Salwar,Wool,navy,4999.0,0
377,Male,XXL,Dark,mustard,Casual,Kids,T-Shirt,Georgette,gold,4999.0,0
377,Male,XXL,Dark,mustard,Casual,Men,Blazer,Rayon,red,1299.0,1
377,Male,XXL,Dark,mustard,Casual,Men,Blazer,Linen,cream,299.0,0
377,Male,XXL,Dark,mustard,Casual,Men,T-Shirt,Rayon,coral,999.0,1
377,Male,XXL,Dark,mustard,Casual,Newborn,Romper,Wool,burgundy,999.0,0
377,Male,XXL,Dark,mustard,Casual,Women,Kurti,Linen,yellow,299.0,0
377,Male,XXL,Dark,mustard,Casual,Newborn,Romper,Rayon,gold,699.0,0
377,Male,XXL,Dark,mustard,Casual,Men,Kurta,Cotton,green,499.0,0
377,Male,XXL,Dark,mustard,Casual,Men,Blazer,Georgette,black,2999.0,1
377,Male,XXL,Dark,mustard,Casual,Men,Shirt,Linen,blue,1299.0,1
377,Male,XXL,Dark,mustard,Casual,Women,Lehenga,Wool,white,999.0,1
377,Male,XXL,Dark,mustard,Casual,Women,Saree,Denim,burgundy,499.0,0
377,Male,XXL,Dark,mustard,Casual,Newborn,Onesie,Cotton,yellow,1999.0,1
377,Male,XXL,Dark,mustard,Casual,Men,Shirt,Cotton,blue,299.0,0
377,Male,XXL,Dark,mustard,Casual,Kids,Frock,Silk,cream,1999.0,0
377,Male,XXL,Dark,mustard,Casual,Women,Dress,Rayon,mustard,999.0,1
377,Male,XXL,Dark,mustard,Casual,Kids,Ethnic,Wool,white,1299.0,1
377,Male,XXL,Dark,mustard,Casual,Women,Kurti,Rayon,red,499.0,0
377,Male,XXL,Dark,mustard,Casual,Men,Kurta,Silk,teal,1299.0,1
377,Male,XXL,Dark,mustard,Casual,Kids,Ethnic,Rayon,burgundy,1999.0,0
377,Male,XXL,Dark,mustard,Casual,Women,Kurti,Silk,burgundy,4999.0,0
378,Female,Free Size,Fair,lavender,Wedding,Newborn,Onesie,Denim,cream,499.0,1
378,Female,Free Size,Fair,lavender,Wedding,Women,Dress,Georgette,green,299.0,0
378,Female,Free Size,Fair,lavender,Wedding,Women,Kurti,Linen,yellow,299.0,0
378,Female,Free Size,Fair,lavender,Wedding,Men,Blazer,Linen,cream,299.0,1
378,Female,Free Size,Fair,lavender,Wedding,Kids,Ethnic,Wool,teal,499.0,0
378,Female,Free Size,Fair,lavender,Wedding,Newborn,Onesie,Denim,yellow,4999.0,0
378,Female,Free Size,Fair,lavender,Wedding,Men,Trousers,Linen,lavender,1299.0,1
378,Female,Free Size,Fair,lavender,Wedding,Women,Salwar,Cotton,coral,1999.0,1
378,Female,Free Size,Fair,lavender,Wedding,Women,Kurti,Cotton,cream,999.0,1
378,Female,Free Size,Fair,lavender,Wedding,Newborn,Set,Silk,gold,299.0,0
378,Female,Free Size,Fair,lavender,Wedding,Women,Dress,Linen,yellow,1999.0,0
378,Female,Free Size,Fair,lavender,Wedding,Men,Shirt,Georgette,olive,499.0,0
378,Female,Free Size,Fair,lavender,Wedding,Women,Top,Georgette,peach,999.0,1
378,Female,Free Size,Fair,lavender,Wedding,Kids,Shorts,Georgette,cream,1999.0,1
378,Female,Free Size,Fair,lavender,Wedding,Newborn,Romper,Cotton,pink,999.0,1
378,Female,Free Size,Fair,lavender,Wedding,Women,Salwar,Denim,burgundy,2999.0,0
378,Female,Free Size,Fair,lavender,Wedding,Newborn,Set,Georgette,pink,4999.0,1
378,Female,Free Size,Fair,lavender,Wedding,Newborn,Romper,Denim,navy,1299.0,0
378,Female,Free Size,Fair,lavender,Wedding,Newborn,Onesie,Cotton,yellow,1999.0,1
378,Female,Free Size,Fair,lavender,Wedding,Women,Dress,Silk,black,1299.0,0
378,Female,Free Size,Fair,lavender,Wedding,Men,Shirt,Rayon,peach,1999.0,1
378,Female,Free Size,Fair,lavender,Wedding,Men,Kurta,Silk,red,4999.0,0
378,Female,Free Size,Fair,lavender,Wedding,Women,Salwar,Cotton,magenta,299.0,0
378,Female,Free Size,Fair,lavender,Wedding,Newborn,Set,Rayon,blue,999.0,0
378,Female,Free Size,Fair,lavender,Wedding,Newborn,Set,Rayon,white,2999.0,1
379,Female,L,Dark,cream,Office,Men,Shirt,Cotton,blue,299.0,0
379,Female,L,Dark,cream,Office,Women,Dress,Linen,olive,499.0,0
379,Female,L,Dark,cream,Office,Women,Top,Cotton,green,2999.0,0
379,Female,L,Dark,cream,Office,Men,Blazer,Wool,white,499.0,0
379,Female,L,Dark,cream,Office,Newborn,Romper,Rayon,gold,699.0,0
379,Female,L,Dark,cream,Office,Newborn,Romper,Linen,peach,4999.0,0
379,Female,L,Dark,cream,Office,Kids,Frock,Rayon,lavender,499.0,0
379,Female,L,Dark,cream,Office,Women,Dress,Linen,yellow,1999.0,1
379,Female,L,Dark,cream,Office,Women,Kurti,Denim,mustard,4999.0,1
379,Female,L,Dark,cream,Office,Men,Blazer,Rayon,red,1299.0,0
379,Female,L,Dark,cream,Office,Kids,T-Shirt,Rayon,olive,999.0,1
379,Female,L,Dark,cream,Office,Kids,Shorts,Silk,gold,499.0,0
379,Female,L,Dark,cream,Office,Men,Shirt,Rayon,peach,1999.0,0
379,Female,L,Dark,cream,Office,Women,Salwar,Denim,burgundy,2999.0,0
379,Female,L,Dark,cream,Office,Men,Blazer,Georgette,black,2999.0,0
379,Female,L,Dark,cream,Office,Newborn,Romper,Silk,lavender,1999.0,0
379,Female,L,Dark,cream,Office,Men,Shirt,Georgette,olive,499.0,0
379,Female,L,Dark,cream,Office,Kids,Frock,Georgette,black,499.0,0
379,Female,L,Dark,cream,Office,Women,Lehenga,Denim,pink,299.0,0
379,Female,L,Dark,cream,Office,Kids,T-Shirt,Georgette,gold,4999.0,0
379,Female,L,Dark,cream,Office,Men,Shirt,Wool,peach,1999.0,0
379,Female,L,Dark,cream,Office,Kids,Frock,Cotton,peach,1299.0,1
379,Female,L,Dark,cream,Office,Men,T-Shirt,Rayon,green,2999.0,0
379,Female,L,Dark,cream,Office,Newborn,Romper,Denim,navy,1299.0,0
379,Female,L,Dark,cream,Office,Newborn,Set,Silk,gold,299.0,0
380,Female,XXL,Medium,white,Festival,Newborn,Set,Rayon,blue,999.0,0
380,Female,XXL,Medium,white,Festival,Kids,Frock,Cotton,lavender,499.0,0
380,Female,XXL,Medium,white,Festival,Women,Lehenga,Wool,white,999.0,1
380,Female,XXL,Medium,white,Festival,Men,Trousers,Denim,lavender,1299.0,0
380,Female,XXL,Medium,white,Festival,Kids,Frock,Linen,peach,699.0,0
380,Female,XXL,Medium,white,Festival,Kids,Frock,Rayon,lavender,499.0,0
380,Female,XXL,Medium,white,Festival,Women,Kurti,Denim,mustard,4999.0,1
380,Female,XXL,Medium,white,Festival,Kids,Frock,Wool,burgundy,999.0,1
380,Female,XXL,Medium,white,Festival,Newborn,Romper,Rayon,gold,699.0,0
380,Female,XXL,Medium,white,Festival,Kids,Ethnic,Cotton,red,1999.0,0
380,Female,XXL,Medium,white,Festival,Women,Saree,Cotton,cream,999.0,1
380,Female,XXL,Medium,white,Festival,Kids,Ethnic,Rayon,burgundy,1999.0,1
380,Female,XXL,Medium,white,Festival,Men,T-Shirt,Linen,red,499.0,0
380,Female,XXL,Medium,white,Festival,Newborn,Set,Rayon,white,2999.0,0
380,Female,XXL,Medium,white,Festival,Men,Kurta,Silk,navy,299.0,0
380,Female,XXL,Medium,white,Festival,Men,Trousers,Cotton,royal blue,1999.0,0
380,Female,XXL,Medium,white,Festival,Women,Saree,Denim,burgundy,499.0,1
380,Female,XXL,Medium,white,Festival,Men,Blazer,Georgette,burgundy,1299.0,1
380,Female,XXL,Medium,white,Festival,Women,Kurti,Rayon,red,499.0,0
380,Female,XXL,Medium,white,Festival,Women,Lehenga,Denim,pink,299.0,1
380,Female,XXL,Medium,white,Festival,Women,Top,Georgette,peach,999.0,1
380,Female,XXL,Medium,white,Festival,Newborn,Set,Rayon,burgundy,4999.0,0
380,Female,XXL,Medium,white,Festival,Women,Top,Cotton,green,2999.0,1
380,Female,XXL,Medium,white,Festival,Newborn,Set,Denim,royal blue,999.0,0
380,Female,XXL,Medium,white,Festival,Women,Lehenga,Rayon,black,699.0,1
381,Female,Free Size,Fair,yellow,Office,Kids,Frock,Silk,cream,1999.0,1
381,Female,Free Size,Fair,yellow,Office,Women,Dress,Linen,yellow,1999.0,1
381,Female,Free Size,Fair,yellow,Office,Women,Kurti,Linen,yellow,299.0,1
381,Female,Free Size,Fair,yellow,Office,Kids,Ethnic,Silk,coral,4999.0,1
381,Female,Free Size,Fair,yellow,Office,Kids,T-Shirt,Denim,navy,1999.0,0
381,Female,Free Size,Fair,yellow,Office,Kids,Frock,Rayon,lavender,499.0,1
381,Female,Free Size,Fair,yellow,Office,Women,Kurti,Denim,mustard,4999.0,0
381,Female,Free Size,Fair,yellow,Office,Women,Dress,Linen,olive,499.0,1
381,Female,Free Size,Fair,yellow,Office,Newborn,Romper,Rayon,gold,699.0,0
381,Female,Free Size,Fair,yellow,Office,Newborn,Romper,Wool,burgundy,299.0,0
381,Female,Free Size,Fair,yellow,Office,Women,Kurti,Silk,magenta,699.0,0
381,Female,Free Size,Fair,yellow,Office,Women,Dress,Rayon,mustard,999.0,1
381,Female,Free Size,Fair,yellow,Office,Newborn,Set,Georgette,teal,699.0,0
381,Female,Free Size,Fair,yellow,Office,Men,Kurta,Silk,red,4999.0,0
381,Female,Free Size,Fair,yellow,Office,Kids,Ethnic,Cotton,olive,1999.0,0
381,Female,Free Size,Fair,yellow,Office,Men,Shirt,Linen,green,1299.0,0
381,Female,Free Size,Fair,yellow,Office,Kids,T-Shirt,Rayon,olive,999.0,0
381,Female,Free Size,Fair,yellow,Office,Newborn,Set,Denim,royal blue,999.0,0
381,Female,Free Size,Fair,yellow,Office,Newborn,Set,Rayon,blue,999.0,0
381,Female,Free Size,Fair,yellow,Office,Men,Shirt,Cotton,blue,299.0,1
381,Female,Free Size,Fair,yellow,Office,Kids,T-Shirt,Georgette,gold,4999.0,0
381,Female,Free Size,Fair,yellow,Office,Kids,Shorts,Georgette,cream,1999.0,0
381,Female,Free Size,Fair,yellow,Office,Kids,Frock,Linen,peach,699.0,1
381,Female,Free Size,Fair,yellow,Office,Women,Dress,Cotton,black,1999.0,1
381,Female,Free Size,Fair,yellow,Office,Men,Blazer,Linen,teal,1299.0,0
382,Male,XS,Warm,royal blue,Daily,Kids,Ethnic,Wool,teal,499.0,0
382,Male,XS,Warm,royal blue,Daily,Men,Kurta,Silk,navy,299.0,0
382,Male,XS,Warm,royal blue,Daily,Newborn,Romper,Silk,black,499.0,0
382,Male,XS,Warm,royal blue,Daily,Kids,Frock,Linen,peach,699.0,0
382,Male,XS,Warm,royal blue,Daily,Men,Shirt,Rayon,gold,999.0,1
382,Male,XS,Warm,royal blue,Daily,Women,Salwar,Denim,magenta,4999.0,0
382,Male,XS,Warm,royal blue,Daily,Men,Blazer,Georgette,black,2999.0,0
382,Male,XS,Warm,royal blue,Daily,Kids,Frock,Rayon,lavender,499.0,0
382,Male,XS,Warm,royal blue,Daily,Women,Top,Rayon,teal,1999.0,0
382,Male,XS,Warm,royal blue,Daily,Men,Trousers,Linen,lavender,1299.0,1
382,Male,XS,Warm,royal blue,Daily,Newborn,Set,Rayon,blue,999.0,1
382,Male,XS,Warm,royal blue,Daily,Men,Trousers,Silk,green,4999.0,0
382,Male,XS,Warm,royal blue,Daily,Men,Blazer,Denim,pink,699.0,1
382,Male,XS,Warm,royal blue,Daily,Men,T-Shirt,Linen,red,499.0,1
382,Male,XS,Warm,royal blue,Daily,Men,Shirt,Rayon,peach,1999.0,1
382,Male,XS,Warm,royal blue,Daily,Women,Salwar,Denim,burgundy,2999.0,1
382,Male,XS,Warm,royal blue,Daily,Kids,Frock,Cotton,lavender,499.0,0
382,Male,XS,Warm,royal blue,Daily,Men,Trousers,Linen,magenta,699.0,0
382,Male,XS,Warm,royal blue,Daily,Men,Trousers,Rayon,navy,1999.0,0
382,Male,XS,Warm,royal blue,Daily,Men,Shirt,Cotton,blue,299.0,1
382,Male,XS,Warm,royal blue,Daily,Men,T-Shirt,Rayon,peach,1999.0,0
382,Male,XS,Warm,royal blue,Daily,Kids,Ethnic,Wool,white,1299.0,0
382,Male,XS,Warm,royal blue,Daily,Kids,Frock,Georgette,black,499.0,0
382,Male,XS,Warm,royal blue,Daily,Kids,Frock,Wool,burgundy,999.0,1
382,Male,XS,Warm,royal blue,Daily,Kids,T-Shirt,Silk,white,999.0,0
383,Male,XL,Fair,pink,Festival,Women,Saree,Denim,peach,1999.0,1
383,Male,XL,Fair,pink,Festival,Newborn,Romper,Linen,peach,4999.0,0
383,Male,XL,Fair,pink,Festival,Men,Kurta,Silk,navy,299.0,1
383,Male,XL,Fair,pink,Festival,Men,Trousers,Rayon,olive,499.0,0
383,Male,XL,Fair,pink,Festival,Newborn,Romper,Wool,burgundy,999.0,1
383,Male,XL,Fair,pink,Festival,Newborn,Romper,Rayon,mustard,4999.0,0
383,Male,XL,Fair,pink,Festival,Men,Blazer,Linen,teal,1299.0,1
383,Male,XL,Fair,pink,Festival,Newborn,Set,Wool,yellow,2999.0,0
383,Male,XL,Fair,pink,Festival,Men,Shirt,Georgette,olive,499.0,0
383,Male,XL,Fair,pink,Festival,Women,Top,Cotton,green,2999.0,0
383,Male,XL,Fair,pink,Festival,Women,Kurti,Denim,white,699.0,0
383,Male,XL,Fair,pink,Festival,Women,Top,Rayon,teal,1999.0,0
383,Male,XL,Fair,pink,Festival,Men,Trousers,Silk,green,4999.0,1
383,Male,XL,Fair,pink,Festival,Men,T-Shirt,Rayon,green,2999.0,0
383,Male,XL,Fair,pink,Festival,Women,Kurti,Linen,yellow,299.0,0
383,Male,XL,Fair,pink,Festival,Men,Blazer,Denim,pink,699.0,1
383,Male,XL,Fair,pink,Festival,Newborn,Set,Georgette,teal,2999.0,0
383,Male,XL,Fair,pink,Festival,Kids,Ethnic,Georgette,black,1299.0,0
383,Male,XL,Fair,pink,Festival,Women,Top,Rayon,magenta,699.0,0
383,Male,XL,Fair,pink,Festival,Newborn,Set,Georgette,teal,699.0,0
383,Male,XL,Fair,pink,Festival,Men,Trousers,Linen,magenta,699.0,0
383,Male,XL,Fair,pink,Festival,Women,Kurti,Denim,mustard,4999.0,0
383,Male,XL,Fair,pink,Festival,Kids,Ethnic,Rayon,burgundy,1999.0,0
383,Male,XL,Fair,pink,Festival,Men,Trousers,Denim,lavender,1299.0,1
383,Male,XL,Fair,pink,Festival,Newborn,Romper,Linen,coral,2999.0,0
384,Male,M,Warm,green,Wedding,Women,Salwar,Denim,burgundy,2999.0,0
384,Male,M,Warm,green,Wedding,Newborn,Onesie,Denim,royal blue,699.0,0
384,Male,M,Warm,green,Wedding,Women,Top,Cotton,green,2999.0,1
384,Male,M,Warm,green,Wedding,Newborn,Romper,Wool,burgundy,999.0,1
384,Male,M,Warm,green,Wedding,Men,T-Shirt,Rayon,peach,1999.0,0
384,Male,M,Warm,green,Wedding,Kids,T-Shirt,Cotton,black,499.0,0
384,Male,M,Warm,green,Wedding,Newborn,Onesie,Cotton,yellow,2999.0,1
384,Male,M,Warm,green,Wedding,Women,Kurti,Silk,magenta,699.0,0
384,Male,M,Warm,green,Wedding,Newborn,Set,Denim,royal blue,999.0,0
384,Male,M,Warm,green,Wedding,Newborn,Romper,Silk,black,499.0,1
384,Male,M,Warm,green,Wedding,Women,Salwar,Cotton,magenta,299.0,0
384,Male,M,Warm,green,Wedding,Women,Dress,Linen,yellow,1999.0,0
384,Male,M,Warm,green,Wedding,Women,Saree,Cotton,cream,999.0,0
384,Male,M,Warm,green,Wedding,Men,Shirt,Linen,green,1299.0,1
384,Male,M,Warm,green,Wedding,Kids,Frock,Rayon,lavender,499.0,0
384,Male,M,Warm,green,Wedding,Newborn,Set,Rayon,burgundy,999.0,1
384,Male,M,Warm,green,Wedding,Newborn,Onesie,Denim,coral,699.0,1
384,Male,M,Warm,green,Wedding,Men,Trousers,Silk,green,4999.0,1
384,Male,M,Warm,green,Wedding,Men,Blazer,Linen,teal,999.0,1
384,Male,M,Warm,green,Wedding,Men,Kurta,Silk,teal,1299.0,1
384,Male,M,Warm,green,Wedding,Newborn,Set,Rayon,burgundy,4999.0,1
384,Male,M,Warm,green,Wedding,Women,Salwar,Cotton,coral,1999.0,1
384,Male,M,Warm,green,Wedding,Kids,Frock,Cotton,peach,1299.0,1
384,Male,M,Warm,green,Wedding,Newborn,Onesie,Linen,burgundy,999.0,0
384,Male,M,Warm,green,Wedding,Women,Saree,Denim,burgundy,499.0,1
385,Female,M,Warm,lavender,Festival,Newborn,Romper,Wool,coral,1999.0,1
385,Female,M,Warm,lavender,Festival,Newborn,Onesie,Denim,yellow,4999.0,0
385,Female,M,Warm,lavender,Festival,Kids,Shorts,Silk,gold,499.0,0
385,Female,M,Warm,lavender,Festival,Women,Dress,Cotton,black,1999.0,0
385,Female,M,Warm,lavender,Festival,Men,T-Shirt,Rayon,coral,999.0,0
385,Female,M,Warm,lavender,Festival,Women,Kurti,Cotton,cream,999.0,1
385,Female,M,Warm,lavender,Festival,Women,Top,Georgette,peach,999.0,1
385,Female,M,Warm,lavender,Festival,Newborn,Set,Rayon,burgundy,4999.0,0
385,Female,M,Warm,lavender,Festival,Men,Blazer,Georgette,black,2999.0,0
385,Female,M,Warm,lavender,Festival,Women,Lehenga,Denim,pink,299.0,1
385,Female,M,Warm,lavender,Festival,Women,Salwar,Denim,burgundy,699.0,1
385,Female,M,Warm,lavender,Festival,Newborn,Romper,Rayon,gold,699.0,1
385,Female,M,Warm,lavender,Festival,Newborn,Set,Rayon,burgundy,999.0,0
385,Female,M,Warm,lavender,Festival,Men,T-Shirt,Rayon,peach,1999.0,0
385,Female,M,Warm,lavender,Festival,Men,Trousers,Rayon,navy,1999.0,0
385,Female,M,Warm,lavender,Festival,Women,Lehenga,Wool,white,999.0,0
385,Female,M,Warm,lavender,Festival,Newborn,Romper,Wool,burgundy,299.0,1
385,Female,M,Warm,lavender,Festival,Newborn,Romper,Silk,lavender,1999.0,0
385,Female,M,Warm,lavender,Festival,Newborn,Set,Silk,gold,299.0,1
385,Female,M,Warm,lavender,Festival,Men,Shirt,Wool,peach,1999.0,0
385,Female,M,Warm,lavender,Festival,Kids,T-Shirt,Denim,navy,1999.0,0
385,Female,M,Warm,lavender,Festival,Women,Top,Rayon,teal,1999.0,1
385,Female,M,Warm,lavender,Festival,Men,Blazer,Wool,white,499.0,1
385,Female,M,Warm,lavender,Festival,Newborn,Onesie,Denim,cream,499.0,0
385,Female,M,Warm,lavender,Festival,Newborn,Set,Rayon,white,2999.0,0
386,Female,XS,Deep,burgundy,Wedding,Men,Trousers,Linen,lavender,1299.0,0
386,Female,XS,Deep,burgundy,Wedding,Women,Dress,Denim,pink,1299.0,1
386,Female,XS,Deep,burgundy,Wedding,Men,Blazer,Rayon,red,1299.0,0
386,Female,XS,Deep,burgundy,Wedding,Women,Top,Cotton,green,2999.0,0
386,Female,XS,Deep,burgundy,Wedding,Newborn,Romper,Denim,navy,1299.0,0
386,Female,XS,Deep,burgundy,Wedding,Women,Kurti,Rayon,red,499.0,1
386,Female,XS,Deep,burgundy,Wedding,Women,Salwar,Denim,burgundy,699.0,1
386,Female,XS,Deep,burgundy,Wedding,Women,Lehenga,Rayon,black,699.0,1
386,Female,XS,Deep,burgundy,Wedding,Kids,Ethnic,Cotton,olive,1999.0,0
386,Female,XS,Deep,burgundy,Wedding,Newborn,Onesie,Cotton,yellow,1999.0,0
386,Female,XS,Deep,burgundy,Wedding,Women,Top,Georgette,peach,999.0,0
386,Female,XS,Deep,burgundy,Wedding,Men,Shirt,Linen,green,1299.0,0
386,Female,XS,Deep,burgundy,Wedding,Kids,T-Shirt,Denim,navy,1999.0,0
386,Female,XS,Deep,burgundy,Wedding,Men,Trousers,Rayon,navy,1999.0,1
386,Female,XS,Deep,burgundy,Wedding,Kids,Frock,Cotton,lavender,499.0,0
386,Female,XS,Deep,burgundy,Wedding,Newborn,Set,Georgette,teal,2999.0,0
386,Female,XS,Deep,burgundy,Wedding,Kids,Frock,Rayon,lavender,499.0,0
386,Female,XS,Deep,burgundy,Wedding,Women,Salwar,Cotton,cream,999.0,1
386,Female,XS,Deep,burgundy,Wedding,Kids,Frock,Cotton,peach,1299.0,0
386,Female,XS,Deep,burgundy,Wedding,Kids,Ethnic,Rayon,burgundy,1999.0,1
386,Female,XS,Deep,burgundy,Wedding,Men,Blazer,Denim,pink,699.0,0
386,Female,XS,Deep,burgundy,Wedding,Men,Blazer,Linen,teal,1299.0,1
386,Female,XS,Deep,burgundy,Wedding,Men,Kurta,Cotton,green,499.0,0
386,Female,XS,Deep,burgundy,Wedding,Women,Dress,Linen,olive,499.0,1
386,Female,XS,Deep,burgundy,Wedding,Kids,T-Shirt,Rayon,olive,999.0,0
387,Female,XS,Light,burgundy,Festival,Women,Top,Rayon,teal,1999.0,1
387,Female,XS,Light,burgundy,Festival,Newborn,Romper,Silk,black,499.0,0
387,Female,XS,Light,burgundy,Festival,Newborn,Romper,Rayon,mustard,4999.0,0
387,Female,XS,Light,burgundy,Festival,Newborn,Set,Denim,royal blue,999.0,0
387,Female,XS,Light,burgundy,Festival,Women,Lehenga,Denim,pink,299.0,1
387,Female,XS,Light,burgundy,Festival,Newborn,Romper,Linen,peach,4999.0,0
387,Female,XS,Light,burgundy,Festival,Newborn,Romper,Cotton,pink,999.0,1
387,Female,XS,Light,burgundy,Festival,Newborn,Set,Rayon,blue,999.0,0
387,Female,XS,Light,burgundy,Festival,Newborn,Onesie,Denim,royal blue,699.0,1
387,Female,XS,Light,burgundy,Festival,Men,T-Shirt,Rayon,green,2999.0,0
387,Female,XS,Light,burgundy,Festival,Women,Saree,Cotton,cream,999.0,1
387,Female,XS,Light,burgundy,Festival,Newborn,Onesie,Linen,burgundy,999.0,1
387,Female,XS,Light,burgundy,Festival,Women,Dress,Linen,yellow,1999.0,1
387,Female,XS,Light,burgundy,Festival,Kids,Ethnic,Wool,white,1299.0,1
387,Female,XS,Light,burgundy,Festival,Women,Top,Cotton,green,2999.0,1
387,Female,XS,Light,burgundy,Festival,Newborn,Romper,Linen,coral,2999.0,0
387,Female,XS,Light,burgundy,Festival,Newborn,Romper,Wool,coral,1999.0,0
387,Female,XS,Light,burgundy,Festival,Men,Shirt,Linen,green,1299.0,1
387,Female,XS,Light,burgundy,Festival,Women,Salwar,Cotton,coral,1999.0,1
387,Female,XS,Light,burgundy,Festival,Women,Kurti,Rayon,red,499.0,1
387,Female,XS,Light,burgundy,Festival,Men,Shirt,Wool,peach,1999.0,0
387,Female,XS,Light,burgundy,Festival,Kids,Ethnic,Rayon,royal blue,4999.0,0
387,Female,XS,Light,burgundy,Festival,Women,Dress,Silk,black,1299.0,1
387,Female,XS,Light,burgundy,Festival,Men,Kurta,Cotton,green,499.0,1
387,Female,XS,Light,burgundy,Festival,Women,Kurti,Silk,burgundy,4999.0,1
388,Male,XXL,Light,white,Casual,Men,T-Shirt,Rayon,green,2999.0,1
388,Male,XXL,Light,white,Casual,Men,Blazer,Linen,teal,999.0,0
388,Male,XXL,Light,white,Casual,Men,Blazer,Linen,teal,1299.0,1
388,Male,XXL,Light,white,Casual,Newborn,Romper,Denim,navy,1299.0,0
388,Male,XXL,Light,white,Casual,Newborn,Set,Rayon,white,2999.0,1
388,Male,XXL,Light,white,Casual,Men,Shirt,Wool,peach,1999.0,1
388,Male,XXL,Light,white,Casual,Women,Dress,Linen,yellow,1999.0,0
388,Male,XXL,Light,white,Casual,Men,Trousers,Linen,magenta,699.0,1
388,Male,XXL,Light,white,Casual,Men,Kurta,Cotton,green,499.0,1
388,Male,XXL,Light,white,Casual,Newborn,Romper,Wool,burgundy,999.0,0
388,Male,XXL,Light,white,Casual,Kids,T-Shirt,Silk,olive,499.0,0
388,Male,XXL,Light,white,Casual,Newborn,Romper,Rayon,mustard,4999.0,0
388,Male,XXL,Light,white,Casual,Newborn,Romper,Silk,lavender,1999.0,0
388,Male,XXL,Light,white,Casual,Men,Trousers,Silk,green,4999.0,1
388,Male,XXL,Light,white,Casual,Men,Blazer,Georgette,burgundy,1299.0,0
388,Male,XXL,Light,white,Casual,Kids,T-Shirt,Silk,white,999.0,1
388,Male,XXL,Light,white,Casual,Kids,Ethnic,Rayon,burgundy,1999.0,0
388,Male,XXL,Light,white,Casual,Newborn,Romper,Linen,peach,4999.0,1
388,Male,XXL,Light,white,Casual,Newborn,Set,Georgette,teal,2999.0,0
388,Male,XXL,Light,white,Casual,Kids,Shorts,Silk,gold,499.0,0
388,Male,XXL,Light,white,Casual,Women,Kurti,Denim,mustard,4999.0,0
388,Male,XXL,Light,white,Casual,Newborn,Set,Silk,gold,299.0,0
388,Male,XXL,Light,white,Casual,Women,Dress,Rayon,mustard,999.0,0
388,Male,XXL,Light,white,Casual,Women,Kurti,Silk,magenta,699.0,0
388,Male,XXL,Light,white,Casual,Women,Dress,Denim,pink,1299.0,1
389,Female,L,Deep,burgundy,Festival,Women,Salwar,Silk,red,1999.0,0
389,Female,L,Deep,burgundy,Festival,Men,Shirt,Rayon,gold,999.0,0
389,Female,L,Deep,burgundy,Festival,Kids,T-Shirt,Silk,olive,499.0,0
389,Female,L,Deep,burgundy,Festival,Men,T-Shirt,Rayon,coral,999.0,0
389,Female,L,Deep,burgundy,Festival,Men,Blazer,Wool,white,499.0,1
389,Female,L,Deep,burgundy,Festival,Newborn,Set,Rayon,burgundy,999.0,1
389,Female,L,Deep,burgundy,Festival,Kids,Frock,Linen,peach,699.0,0
389,Female,L,Deep,burgundy,Festival,Men,Blazer,Denim,pink,699.0,0
389,Female,L,Deep,burgundy,Festival,Women,Saree,Denim,burgundy,499.0,1
389,Female,L,Deep,burgundy,Festival,Kids,T-Shirt,Cotton,black,499.0,0
389,Female,L,Deep,burgundy,Festival,Newborn,Onesie,Cotton,yellow,2999.0,0
389,Female,L,Deep,burgundy,Festival,Kids,Frock,Georgette,black,499.0,0
389,Female,L,Deep,burgundy,Festival,Newborn,Romper,Cotton,pink,999.0,0
389,Female,L,Deep,burgundy,Festival,Women,Kurti,Linen,yellow,299.0,1
389,Female,L,Deep,burgundy,Festival,Women,Lehenga,Wool,white,999.0,1
389,Female,L,Deep,burgundy,Festival,Women,Kurti,Rayon,red,499.0,1
389,Female,L,Deep,burgundy,Festival,Newborn,Onesie,Denim,cream,499.0,1
389,Female,L,Deep,burgundy,Festival,Men,Blazer,Rayon,red,1299.0,0
389,Female,L,Deep,burgundy,Festival,Kids,Ethnic,Wool,teal,499.0,0
389,Female,L,Deep,burgundy,Festival,Men,Shirt,Linen,green,1299.0,0
389,Female,L,Deep,burgundy,Festival,Kids,Frock,Rayon,lavender,499.0,0
389,Female,L,Deep,burgundy,Festival,Women,Dress,Georgette,green,299.0,0
389,Female,L,Deep,burgundy,Festival,Newborn,Onesie,Denim,royal blue,699.0,1
389,Female,L,Deep,burgundy,Festival,Newborn,Set,Georgette,pink,4999.0,0
389,Female,L,Deep,burgundy,Festival,Women,Lehenga,Denim,pink,299.0,1
390,Female,Free Size,Light,black,Festival,Newborn,Onesie,Denim,coral,699.0,1
390,Female,Free Size,Light,black,Festival,Women,Lehenga,Denim,pink,299.0,1
390,Female,Free Size,Light,black,Festival,Men,T-Shirt,Rayon,peach,1999.0,1
390,Female,Free Size,Light,black,Festival,Women,Kurti,Linen,yellow,299.0,1
390,Female,Free Size,Light,black,Festival,Kids,T-Shirt,Denim,burgundy,1299.0,1
390,Female,Free Size,Light,black,Festival,Kids,Shorts,Silk,gold,499.0,0
390,Female,Free Size,Light,black,Festival,Men,Kurta,Silk,red,4999.0,0
390,Female,Free Size,Light,black,Festival,Women,Top,Georgette,peach,999.0,1
390,Female,Free Size,Light,black,Festival,Women,Saree,Denim,peach,1999.0,1
390,Female,Free Size,Light,black,Festival,Men,Shirt,Linen,blue,1299.0,0
390,Female,Free Size,Light,black,Festival,Women,Salwar,Cotton,magenta,299.0,0
390,Female,Free Size,Light,black,Festival,Men,Blazer,Rayon,red,1299.0,0
390,Female,Free Size,Light,black,Festival,Kids,Ethnic,Georgette,black,1299.0,1
390,Female,Free Size,Light,black,Festival,Newborn,Romper,Rayon,gold,699.0,0
390,Female,Free Size,Light,black,Festival,Women,Salwar,Rayon,gold,4999.0,0
390,Female,Free Size,Light,black,Festival,Women,Top,Cotton,green,2999.0,1
390,Female,Free Size,Light,black,Festival,Men,Blazer,Linen,cream,299.0,0
390,Female,Free Size,Light,black,Festival,Newborn,Onesie,Linen,burgundy,999.0,0
390,Female,Free Size,Light,black,Festival,Kids,Ethnic,Cotton,red,1999.0,0
390,Female,Free Size,Light,black,Festival,Men,Blazer,Linen,teal,999.0,0
390,Female,Free Size,Light,black,Festival,Newborn,Set,Rayon,white,2999.0,0
390,Female,Free Size,Light,black,Festival,Women,Kurti,Silk,burgundy,4999.0,0
390,Female,Free Size,Light,black,Festival,Women,Kurti,Silk,magenta,699.0,0
390,Female,Free Size,Light,black,Festival,Men,T-Shirt,Rayon,green,2999.0,0
390,Female,Free Size,Light,black,Festival,Women,Kurti,Rayon,red,499.0,1
391,Female,S,Medium,yellow,Daily,Men,Trousers,Linen,lavender,1299.0,0
391,Female,S,Medium,yellow,Daily,Newborn,Onesie,Linen,pink,1299.0,0
391,Female,S,Medium,yellow,Daily,Women,Salwar,Wool,navy,4999.0,1
391,Female,S,Medium,yellow,Daily,Women,Kurti,Rayon,red,499.0,1
391,Female,S,Medium,yellow,Daily,Women,Kurti,Denim,mustard,4999.0,1
391,Female,S,Medium,yellow,Daily,Men,Blazer,Linen,teal,999.0,0
391,Female,S,Medium,yellow,Daily,Men,Kurta,Silk,navy,299.0,0
391,Female,S,Medium,yellow,Daily,Women,Dress,Georgette,green,299.0,0
391,Female,S,Medium,yellow,Daily,Kids,Frock,Rayon,lavender,499.0,0
391,Female,S,Medium,yellow,Daily,Kids,Ethnic,Rayon,burgundy,1999.0,1
391,Female,S,Medium,yellow,Daily,Men,Kurta,Silk,red,4999.0,0
391,Female,S,Medium,yellow,Daily,Newborn,Romper,Silk,black,499.0,0
391,Female,S,Medium,yellow,Daily,Men,Trousers,Linen,magenta,699.0,1
391,Female,S,Medium,yellow,Daily,Kids,Ethnic,Georgette,black,1299.0,0
391,Female,S,Medium,yellow,Daily,Women,Saree,Denim,burgundy,499.0,1
391,Female,S,Medium,yellow,Daily,Men,T-Shirt,Rayon,peach,1999.0,0
391,Female,S,Medium,yellow,Daily,Women,Kurti,Silk,magenta,699.0,0
391,Female,S,Medium,yellow,Daily,Newborn,Set,Rayon,white,2999.0,0
391,Female,S,Medium,yellow,Daily,Newborn,Set,Rayon,burgundy,4999.0,0
391,Female,S,Medium,yellow,Daily,Men,Shirt,Georgette,olive,499.0,0
391,Female,S,Medium,yellow,Daily,Men,T-Shirt,Rayon,coral,999.0,0
391,Female,S,Medium,yellow,Daily,Women,Salwar,Silk,red,1999.0,1
391,Female,S,Medium,yellow,Daily,Men,Kurta,Silk,teal,1299.0,0
391,Female,S,Medium,yellow,Daily,Kids,Shorts,Silk,gold,499.0,0
391,Female,S,Medium,yellow,Daily,Men,Blazer,Linen,teal,1299.0,1
392,Male,XS,Deep,peach,Office,Women,Dress,Linen,yellow,1999.0,0
392,Male,XS,Deep,peach,Office,Newborn,Set,Wool,yellow,2999.0,0
392,Male,XS,Deep,peach,Office,Kids,T-Shirt,Georgette,gold,4999.0,0
392,Male,XS,Deep,peach,Office,Women,Salwar,Denim,burgundy,2999.0,0
392,Male,XS,Deep,peach,Office,Women,Lehenga,Denim,pink,299.0,0
392,Male,XS,Deep,peach,Office,Women,Salwar,Denim,burgundy,699.0,0
392,Male,XS,Deep,peach,Office,Newborn,Onesie,Denim,royal blue,699.0,1
392,Male,XS,Deep,peach,Office,Women,Salwar,Silk,red,1999.0,0
392,Male,XS,Deep,peach,Office,Women,Top,Georgette,peach,999.0,1
392,Male,XS,Deep,peach,Office,Women,Salwar,Cotton,magenta,299.0,0
392,Male,XS,Deep,peach,Office,Newborn,Romper,Wool,burgundy,999.0,0
392,Male,XS,Deep,peach,Office,Women,Kurti,Denim,mustard,4999.0,0
392,Male,XS,Deep,peach,Office,Men,Shirt,Wool,peach,1999.0,1
392,Male,XS,Deep,peach,Office,Men,T-Shirt,Rayon,coral,999.0,0
392,Male,XS,Deep,peach,Office,Newborn,Set,Silk,gold,299.0,0
392,Male,XS,Deep,peach,Office,Newborn,Onesie,Cotton,yellow,1999.0,1
392,Male,XS,Deep,peach,Office,Men,Shirt,Rayon,peach,1999.0,1
392,Male,XS,Deep,peach,Office,Men,T-Shirt,Rayon,green,2999.0,0
392,Male,XS,Deep,peach,Office,Newborn,Romper,Silk,lavender,1999.0,0
392,Male,XS,Deep,peach,Office,Women,Salwar,Cotton,coral,1999.0,1
392,Male,XS,Deep,peach,Office,Women,Top,Rayon,teal,1999.0,0
392,Male,XS,Deep,peach,Office,Women,Salwar,Wool,navy,4999.0,1
392,Male,XS,Deep,peach,Office,Men,Shirt,Linen,green,1299.0,0
392,Male,XS,Deep,peach,Office,Kids,Ethnic,Silk,coral,4999.0,0
392,Male,XS,Deep,peach,Office,Kids,Frock,Rayon,lavender,499.0,0
393,Male,S,Light,pink,Casual,Men,Shirt,Rayon,peach,1999.0,0
393,Male,S,Light,pink,Casual,Newborn,Romper,Cotton,pink,999.0,1
393,Male,S,Light,pink,Casual,Newborn,Set,Rayon,blue,999.0,1
393,Male,S,Light,pink,Casual,Newborn,Set,Rayon,burgundy,999.0,0
393,Male,S,Light,pink,Casual,Kids,T-Shirt,Denim,blue,299.0,0
393,Male,S,Light,pink,Casual,Men,Blazer,Georgette,black,2999.0,0
393,Male,S,Light,pink,Casual,Men,Blazer,Wool,white,499.0,1
393,Male,S,Light,pink,Casual,Kids,T-Shirt,Denim,burgundy,1299.0,0
393,Male,S,Light,pink,Casual,Newborn,Romper,Silk,lavender,1999.0,0
393,Male,S,Light,pink,Casual,Kids,Ethnic,Wool,white,1299.0,1
393,Male,S,Light,pink,Casual,Kids,Ethnic,Cotton,red,1999.0,0
393,Male,S,Light,pink,Casual,Women,Dress,Cotton,black,1999.0,0
393,Male,S,Light,pink,Casual,Kids,Shorts,Georgette,cream,1999.0,1
393,Male,S,Light,pink,Casual,Kids,Ethnic,Cotton,olive,1999.0,0
393,Male,S,Light,pink,Casual,Women,Kurti,Rayon,red,499.0,0
393,Male,S,Light,pink,Casual,Women,Dress,Denim,pink,1299.0,1
393,Male,S,Light,pink,Casual,Men,Trousers,Linen,magenta,699.0,1
393,Male,S,Light,pink,Casual,Women,Kurti,Denim,white,699.0,1
393,Male,S,Light,pink,Casual,Women,Salwar,Cotton,coral,1999.0,0
393,Male,S,Light,pink,Casual,Newborn,Onesie,Linen,burgundy,999.0,0
393,Male,S,Light,pink,Casual,Women,Dress,Rayon,mustard,999.0,1
393,Male,S,Light,pink,Casual,Kids,T-Shirt,Cotton,black,499.0,0
393,Male,S,Light,pink,Casual,Women,Dress,Linen,olive,499.0,0
393,Male,S,Light,pink,Casual,Men,Blazer,Linen,cream,299.0,1
393,Male,S,Light,pink,Casual,Men,Blazer,Denim,pink,699.0,1
394,Male,L,Dark,cream,Wedding,Kids,Ethnic,Georgette,black,1299.0,0
394,Male,L,Dark,cream,Wedding,Women,Salwar,Cotton,cream,999.0,1
394,Male,L,Dark,cream,Wedding,Men,Trousers,Cotton,royal blue,1999.0,1
394,Male,L,Dark,cream,Wedding,Newborn,Onesie,Cotton,yellow,1999.0,1
394,Male,L,Dark,cream,Wedding,Women,Saree,Denim,burgundy,499.0,1
394,Male,L,Dark,cream,Wedding,Men,Kurta,Silk,teal,1299.0,1
394,Male,L,Dark,cream,Wedding,Women,Saree,Cotton,cream,999.0,1
394,Male,L,Dark,cream,Wedding,Kids,Frock,Linen,peach,699.0,0
394,Male,L,Dark,cream,Wedding,Women,Dress,Silk,black,1299.0,0
394,Male,L,Dark,cream,Wedding,Men,Blazer,Wool,white,499.0,1
394,Male,L,Dark,cream,Wedding,Newborn,Romper,Rayon,gold,699.0,0
394,Male,L,Dark,cream,Wedding,Kids,T-Shirt,Silk,white,999.0,0
394,Male,L,Dark,cream,Wedding,Newborn,Romper,Denim,navy,1299.0,0
394,Male,L,Dark,cream,Wedding,Kids,T-Shirt,Cotton,black,499.0,0
394,Male,L,Dark,cream,Wedding,Newborn,Onesie,Denim,coral,699.0,1
394,Male,L,Dark,cream,Wedding,Women,Salwar,Silk,red,1999.0,1
394,Male,L,Dark,cream,Wedding,Men,Kurta,Cotton,green,499.0,1
394,Male,L,Dark,cream,Wedding,Kids,Ethnic,Wool,white,1299.0,1
394,Male,L,Dark,cream,Wedding,Men,Shirt,Rayon,peach,1999.0,0
394,Male,L,Dark,cream,Wedding,Newborn,Set,Rayon,burgundy,999.0,0
394,Male,L,Dark,cream,Wedding,Newborn,Romper,Silk,black,499.0,0
394,Male,L,Dark,cream,Wedding,Women,Salwar,Wool,navy,4999.0,0
394,Male,L,Dark,cream,Wedding,Kids,T-Shirt,Georgette,gold,4999.0,0
394,Male,L,Dark,cream,Wedding,Men,T-Shirt,Rayon,peach,1999.0,0
394,Male,L,Dark,cream,Wedding,Men,Blazer,Georgette,burgundy,1299.0,1
395,Male,L,Warm,black,Office,Newborn,Set,Wool,yellow,2999.0,0
395,Male,L,Warm,black,Office,Women,Kurti,Linen,yellow,299.0,0
395,Male,L,Warm,black,Office,Kids,T-Shirt,Silk,white,999.0,0
395,Male,L,Warm,black,Office,Men,Kurta,Silk,red,4999.0,0
395,Male,L,Warm,black,Office,Kids,Frock,Wool,burgundy,999.0,1
395,Male,L,Warm,black,Office,Newborn,Onesie,Denim,yellow,4999.0,0
395,Male,L,Warm,black,Office,Women,Lehenga,Wool,white,999.0,1
395,Male,L,Warm,black,Office,Kids,Ethnic,Cotton,red,1999.0,0
395,Male,L,Warm,black,Office,Kids,T-Shirt,Georgette,gold,4999.0,0
395,Male,L,Warm,black,Office,Women,Top,Rayon,magenta,699.0,0
395,Male,L,Warm,black,Office,Men,Shirt,Rayon,peach,1999.0,1
395,Male,L,Warm,black,Office,Newborn,Onesie,Denim,cream,499.0,0
395,Male,L,Warm,black,Office,Men,Blazer,Denim,pink,699.0,1
395,Male,L,Warm,black,Office,Newborn,Romper,Rayon,gold,699.0,0
395,Male,L,Warm,black,Office,Women,Salwar,Rayon,gold,4999.0,1
395,Male,L,Warm,black,Office,Kids,T-Shirt,Silk,olive,499.0,1
395,Male,L,Warm,black,Office,Men,Shirt,Linen,green,1299.0,1
395,Male,L,Warm,black,Office,Newborn,Romper,Rayon,mustard,4999.0,1
395,Male,L,Warm,black,Office,Kids,Ethnic,Wool,teal,499.0,0
395,Male,L,Warm,black,Office,Newborn,Romper,Wool,burgundy,999.0,0
395,Male,L,Warm,black,Office,Newborn,Onesie,Denim,coral,699.0,1
395,Male,L,Warm,black,Office,Women,Dress,Georgette,green,299.0,0
395,Male,L,Warm,black,Office,Newborn,Set,Rayon,blue,999.0,0
395,Male,L,Warm,black,Office,Men,Blazer,Wool,white,499.0,1
395,Male,L,Warm,black,Office,Men,Blazer,Georgette,burgundy,1299.0,1
396,Male,Free Size,Fair,blue,Office,Women,Top,Georgette,peach,999.0,1
396,Male,Free Size,Fair,blue,Office,Men,Trousers,Denim,lavender,1299.0,1
396,Male,Free Size,Fair,blue,Office,Men,Kurta,Cotton,green,499.0,0
396,Male,Free Size,Fair,blue,Office,Women,Salwar,Cotton,magenta,299.0,0
396,Male,Free Size,Fair,blue,Office,Men,Shirt,Rayon,gold,999.0,1
396,Male,Free Size,Fair,blue,Office,Kids,Frock,Rayon,lavender,499.0,1
396,Male,Free Size,Fair,blue,Office,Women,Kurti,Silk,magenta,699.0,0
396,Male,Free Size,Fair,blue,Office,Kids,Frock,Cotton,lavender,499.0,1
396,Male,Free Size,Fair,blue,Office,Newborn,Set,Rayon,white,2999.0,0
396,Male,Free Size,Fair,blue,Office,Men,Blazer,Rayon,red,1299.0,0
396,Male,Free Size,Fair,blue,Office,Kids,T-Shirt,Silk,olive,499.0,0
396,Male,Free Size,Fair,blue,Office,Newborn,Romper,Silk,lavender,1999.0,0
396,Male,Free Size,Fair,blue,Office,Women,Salwar,Denim,magenta,4999.0,0
396,Male,Free Size,Fair,blue,Office,Newborn,Romper,Rayon,gold,699.0,0
396,Male,Free Size,Fair,blue,Office,Kids,Frock,Silk,cream,1999.0,0
396,Male,Free Size,Fair,blue,Office,Kids,Frock,Georgette,black,499.0,0
396,Male,Free Size,Fair,blue,Office,Men,T-Shirt,Rayon,green,2999.0,0
396,Male,Free Size,Fair,blue,Office,Kids,Shorts,Georgette,cream,1999.0,0
396,Male,Free Size,Fair,blue,Office,Kids,Frock,Cotton,peach,1299.0,1
396,Male,Free Size,Fair,blue,Office,Newborn,Set,Georgette,teal,2999.0,0
396,Male,Free Size,Fair,blue,Office,Kids,T-Shirt,Cotton,black,499.0,0
396,Male,Free Size,Fair,blue,Office,Women,Dress,Cotton,black,1999.0,0
396,Male,Free Size,Fair,blue,Office,Women,Salwar,Cotton,cream,999.0,1
396,Male,Free Size,Fair,blue,Office,Men,Blazer,Linen,cream,299.0,1
396,Male,Free Size,Fair,blue,Office,Newborn,Onesie,Denim,coral,699.0,0
397,Female,S,Deep,navy,Party,Men,Trousers,Rayon,navy,1999.0,1
397,Female,S,Deep,navy,Party,Women,Dress,Rayon,mustard,999.0,1
397,Female,S,Deep,navy,Party,Women,Lehenga,Denim,pink,299.0,1
397,Female,S,Deep,navy,Party,Newborn,Onesie,Denim,coral,699.0,0
397,Female,S,Deep,navy,Party,Kids,Frock,Linen,peach,699.0,0
397,Female,S,Deep,navy,Party,Men,Blazer,Denim,pink,699.0,0
397,Female,S,Deep,navy,Party,Men,Blazer,Linen,cream,299.0,0
397,Female,S,Deep,navy,Party,Men,T-Shirt,Rayon,green,2999.0,0
397,Female,S,Deep,navy,Party,Newborn,Set,Rayon,blue,999.0,0
397,Female,S,Deep,navy,Party,Newborn,Set,Rayon,white,2999.0,0
397,Female,S,Deep,navy,Party,Men,Shirt,Georgette,olive,499.0,0
397,Female,S,Deep,navy,Party,Kids,Frock,Wool,burgundy,999.0,0
397,Female,S,Deep,navy,Party,Men,Shirt,Cotton,blue,299.0,0
397,Female,S,Deep,navy,Party,Men,Blazer,Georgette,black,2999.0,0
397,Female,S,Deep,navy,Party,Newborn,Romper,Silk,lavender,1999.0,0
397,Female,S,Deep,navy,Party,Newborn,Romper,Linen,coral,2999.0,0
397,Female,S,Deep,navy,Party,Kids,Ethnic,Rayon,royal blue,4999.0,1
397,Female,S,Deep,navy,Party,Newborn,Set,Georgette,pink,4999.0,0
397,Female,S,Deep,navy,Party,Kids,Ethnic,Silk,coral,4999.0,0
397,Female,S,Deep,navy,Party,Women,Salwar,Cotton,cream,999.0,0
397,Female,S,Deep,navy,Party,Women,Top,Silk,gold,4999.0,1
397,Female,S,Deep,navy,Party,Women,Top,Cotton,green,2999.0,0
397,Female,S,Deep,navy,Party,Men,Blazer,Wool,white,499.0,1
397,Female,S,Deep,navy,Party,Newborn,Romper,Linen,peach,4999.0,0
397,Female,S,Deep,navy,Party,Kids,T-Shirt,Rayon,olive,999.0,0
398,Female,S,Medium,blue,Daily,Men,Kurta,Cotton,green,499.0,1
398,Female,S,Medium,blue,Daily,Men,Blazer,Linen,cream,299.0,0
398,Female,S,Medium,blue,Daily,Women,Dress,Cotton,black,1999.0,0
398,Female,S,Medium,blue,Daily,Women,Kurti,Denim,white,699.0,0
398,Female,S,Medium,blue,Daily,Kids,Ethnic,Wool,white,1299.0,0
398,Female,S,Medium,blue,Daily,Newborn,Set,Georgette,teal,699.0,1
398,Female,S,Medium,blue,Daily,Women,Salwar,Cotton,coral,1999.0,1
398,Female,S,Medium,blue,Daily,Women,Dress,Silk,black,1299.0,0
398,Female,S,Medium,blue,Daily,Men,Kurta,Silk,red,4999.0,0
398,Female,S,Medium,blue,Daily,Newborn,Set,Wool,yellow,2999.0,0
398,Female,S,Medium,blue,Daily,Kids,Ethnic,Silk,coral,4999.0,1
398,Female,S,Medium,blue,Daily,Newborn,Romper,Cotton,pink,999.0,0
398,Female,S,Medium,blue,Daily,Newborn,Onesie,Cotton,yellow,2999.0,0
398,Female,S,Medium,blue,Daily,Men,Blazer,Wool,white,499.0,0
398,Female,S,Medium,blue,Daily,Men,Trousers,Linen,magenta,699.0,0
398,Female,S,Medium,blue,Daily,Women,Salwar,Cotton,cream,999.0,1
398,Female,S,Medium,blue,Daily,Newborn,Romper,Rayon,mustard,4999.0,0
398,Female,S,Medium,blue,Daily,Men,Shirt,Georgette,olive,499.0,1
398,Female,S,Medium,blue,Daily,Women,Salwar,Silk,red,1999.0,0
398,Female,S,Medium,blue,Daily,Women,Dress,Linen,yellow,1999.0,1
398,Female,S,Medium,blue,Daily,Women,Saree,Denim,peach,1999.0,1
398,Female,S,Medium,blue,Daily,Kids,Frock,Cotton,peach,1299.0,0
398,Female,S,Medium,blue,Daily,Women,Top,Rayon,magenta,699.0,1
398,Female,S,Medium,blue,Daily,Men,T-Shirt,Rayon,green,2999.0,0
398,Female,S,Medium,blue,Daily,Women,Salwar,Denim,burgundy,699.0,1
399,Male,L,Medium,gold,Casual,Men,Blazer,Wool,white,499.0,1
399,Male,L,Medium,gold,Casual,Men,Trousers,Rayon,navy,1999.0,0
399,Male,L,Medium,gold,Casual,Women,Dress,Rayon,mustard,999.0,1
399,Male,L,Medium,gold,Casual,Men,Kurta,Silk,navy,299.0,0
399,Male,L,Medium,gold,Casual,Kids,Frock,Wool,burgundy,999.0,1
399,Male,L,Medium,gold,Casual,Newborn,Romper,Wool,burgundy,299.0,0
399,Male,L,Medium,gold,Casual,Men,Shirt,Linen,blue,1299.0,0
399,Male,L,Medium,gold,Casual,Newborn,Set,Rayon,blue,999.0,0
399,Male,L,Medium,gold,Casual,Kids,Ethnic,Silk,coral,4999.0,1
399,Male,L,Medium,gold,Casual,Newborn,Romper,Wool,coral,1999.0,1
399,Male,L,Medium,gold,Casual,Men,Shirt,Rayon,peach,1999.0,1
399,Male,L,Medium,gold,Casual,Newborn,Onesie,Cotton,yellow,1999.0,0
399,Male,L,Medium,gold,Casual,Men,Blazer,Linen,teal,1299.0,1
399,Male,L,Medium,gold,Casual,Kids,T-Shirt,Rayon,olive,999.0,0
399,Male,L,Medium,gold,Casual,Kids,Frock,Linen,peach,699.0,0
399,Male,L,Medium,gold,Casual,Women,Dress,Silk,black,1299.0,0
399,Male,L,Medium,gold,Casual,Men,Blazer,Rayon,red,1299.0,1
399,Male,L,Medium,gold,Casual,Men,Shirt,Rayon,gold,999.0,1
399,Male,L,Medium,gold,Casual,Women,Kurti,Rayon,red,499.0,0
399,Male,L,Medium,gold,Casual,Women,Dress,Cotton,black,1999.0,0
399,Male,L,Medium,gold,Casual,Women,Top,Rayon,magenta,699.0,0
399,Male,L,Medium,gold,Casual,Newborn,Onesie,Denim,coral,699.0,1
399,Male,L,Medium,gold,Casual,Women,Saree,Denim,burgundy,499.0,1
399,Male,L,Medium,gold,Casual,Kids,Frock,Cotton,lavender,499.0,0
399,Male,L,Medium,gold,Casual,Men,Trousers,Linen,lavender,1299.0,1
