prod_category,prod_subcategory,prod_price,month,week_of_year,is_festival_week,units_sold_last_week,avg_sales_4wk,current_stock,units_sold_next_week
Newborn,Onesie,2999.0,7,28,0,1.98,1.98,3,2.35
Newborn,Onesie,2999.0,7,29,0,2.35,2.07,1,1.62
Newborn,Onesie,2999.0,7,30,0,1.62,1.98,2,2.19
Newborn,Onesie,2999.0,8,31,0,2.19,2.04,4,2.06
Newborn,Onesie,2999.0,8,32,0,2.06,2.05,4,1.65
Newborn,Onesie,2999.0,8,33,1,1.65,1.88,2,3.58
Newborn,Onesie,2999.0,8,34,0,3.58,2.37,3,1.88
Newborn,Onesie,2999.0,8,35,0,1.88,2.29,3,1.79
Newborn,Onesie,2999.0,9,36,1,1.79,2.22,2,3.19
Newborn,Onesie,2999.0,9,37,0,3.19,2.61,3,1.64
Newborn,Onesie,2999.0,9,38,0,1.64,2.12,2,1.7
Newborn,Onesie,2999.0,9,39,0,1.7,2.08,4,1.5
Newborn,Onesie,2999.0,10,40,0,1.5,2.01,2,1.72
Newborn,Onesie,2999.0,10,41,1,1.72,1.64,3,2.86
Newborn,Onesie,2999.0,10,42,0,2.86,1.95,2,1.94
Newborn,Onesie,2999.0,10,43,1,1.94,2.01,4,3.72
Newborn,Onesie,2999.0,10,44,1,3.72,2.56,5,3.7
Newborn,Onesie,2999.0,11,45,1,3.7,3.06,2,3.53
Newborn,Onesie,2999.0,11,46,0,3.53,3.22,3,1.76
Newborn,Onesie,2999.0,11,47,0,1.76,3.18,5,2.0
Newborn,Onesie,2999.0,11,48,0,2.0,2.75,3,1.49
Newborn,Onesie,2999.0,12,49,0,1.49,2.2,2,1.6
Newborn,Onesie,2999.0,12,50,0,1.6,1.71,3,2.03
Newborn,Onesie,2999.0,12,51,1,2.03,1.78,3,3.8
Newborn,Onesie,2999.0,12,52,1,3.8,2.23,4,3.59
Newborn,Onesie,2999.0,1,1,0,3.59,2.76,5,2.33
Newborn,Onesie,2999.0,1,2,1,2.33,2.94,2,4.17
Newborn,Onesie,2999.0,1,3,0,4.17,3.47,2,2.2
Newborn,Onesie,2999.0,1,4,0,2.2,3.07,4,2.5
Newborn,Onesie,2999.0,1,5,0,2.5,2.8,4,2.14
Newborn,Onesie,2999.0,2,6,0,2.14,2.75,2,2.88
Newborn,Onesie,2999.0,2,7,0,2.88,2.43,4,1.92
Newborn,Onesie,2999.0,2,8,0,1.92,2.36,2,2.67
Newborn,Onesie,2999.0,2,9,0,2.67,2.4,4,2.15
Newborn,Onesie,2999.0,3,10,1,2.15,2.4,3,5.33
Newborn,Onesie,2999.0,3,11,0,5.33,3.02,5,2.12
Newborn,Onesie,2999.0,3,12,0,2.12,3.07,4,1.89
Newborn,Onesie,2999.0,3,13,0,1.89,2.87,2,2.71
Newborn,Onesie,2999.0,4,14,0,2.71,3.01,5,2.26
Newborn,Onesie,2999.0,4,15,1,2.26,2.25,3,3.81
Newborn,Onesie,2999.0,4,16,0,3.81,2.67,3,2.72
Newborn,Onesie,2999.0,4,17,0,2.72,2.88,4,2.43
Newborn,Onesie,2999.0,5,18,0,2.43,2.8,3,2.21
Newborn,Onesie,2999.0,5,19,0,2.21,2.79,5,2.44
Newborn,Onesie,2999.0,5,20,0,2.44,2.45,3,2.22
Newborn,Onesie,2999.0,5,21,0,2.22,2.32,3,2.15
Newborn,Onesie,2999.0,5,22,0,2.15,2.26,2,2.47
Newborn,Onesie,2999.0,6,23,0,2.47,2.32,4,2.23
Newborn,Onesie,2999.0,6,24,0,2.23,2.27,2,1.88
Newborn,Onesie,2999.0,6,25,0,1.88,2.18,4,2.07
Newborn,Onesie,2999.0,6,26,0,2.07,2.16,2,2.26
Newborn,Onesie,2999.0,7,27,0,2.26,2.11,1,1.67
Newborn,Onesie,2999.0,7,28,0,1.67,1.97,2,2.28
Newborn,Onesie,2999.0,7,29,0,2.28,2.07,3,1.93
Newborn,Onesie,2999.0,7,30,0,1.93,2.04,2,1.87
Newborn,Onesie,2999.0,7,31,0,1.87,1.94,3,1.84
Newborn,Onesie,2999.0,8,32,0,1.84,1.98,2,2.19
Newborn,Onesie,2999.0,8,33,1,2.19,1.96,1,3.43
Newborn,Onesie,2999.0,8,34,0,3.43,2.33,3,1.6
Newborn,Onesie,2999.0,8,35,0,1.6,2.26,4,2.34
Newborn,Onesie,2999.0,9,36,1,2.34,2.39,3,3.2
Newborn,Onesie,2999.0,9,37,0,3.2,2.64,3,1.84
Newborn,Onesie,2999.0,9,38,0,1.84,2.24,3,1.75
Newborn,Onesie,2999.0,9,39,0,1.75,2.28,2,1.59
Newborn,Onesie,2999.0,10,40,0,1.59,2.09,3,2.12
Newborn,Onesie,2999.0,10,41,1,2.12,1.82,3,3.44
Newborn,Onesie,2999.0,10,42,0,3.44,2.22,1,1.4
Newborn,Onesie,2999.0,10,43,1,1.4,2.14,4,2.33
Newborn,Onesie,2999.0,10,44,1,2.33,2.32,2,3.59
Newborn,Onesie,2999.0,11,45,1,3.59,2.69,2,3.19
Newborn,Onesie,2999.0,11,46,0,3.19,2.63,5,1.34
Newborn,Onesie,2999.0,11,47,0,1.34,2.61,1,1.7
Newborn,Onesie,2999.0,11,48,0,1.7,2.46,3,1.95
Newborn,Onesie,2999.0,12,49,0,1.95,2.05,1,1.76
Newborn,Onesie,2999.0,12,50,0,1.76,1.69,1,1.84
Newborn,Onesie,2999.0,12,51,0,1.84,1.81,2,1.34
Newborn,Onesie,2999.0,12,52,1,1.34,1.73,2,4.26
Newborn,Onesie,2999.0,1,1,0,4.26,2.3,4,1.52
Newborn,Onesie,2999.0,1,2,1,1.52,2.24,3,3.74
Newborn,Onesie,2999.0,1,3,1,3.74,2.72,2,4.35
Newborn,Onesie,2999.0,1,4,0,4.35,3.47,3,1.89
Newborn,Onesie,2999.0,1,5,0,1.89,2.87,4,1.99
Newborn,Onesie,2999.0,2,6,0,1.99,2.99,6,1.79
Newborn,Onesie,2999.0,2,7,0,1.79,2.5,3,2.33
Newborn,Onesie,2999.0,2,8,0,2.33,2.0,3,2.39
Newborn,Onesie,2999.0,2,9,0,2.39,2.13,4,2.33
Newborn,Onesie,2999.0,3,10,1,2.33,2.21,3,3.26
Newborn,Onesie,2999.0,3,11,0,3.26,2.58,4,1.74
Newborn,Onesie,2999.0,3,12,0,1.74,2.43,1,2.7
Newborn,Onesie,2999.0,3,13,0,2.7,2.51,3,2.25
Newborn,Onesie,2999.0,4,14,0,2.25,2.49,2,3.25
Newborn,Onesie,2999.0,4,15,1,3.25,2.49,3,4.93
Newborn,Onesie,2999.0,4,16,0,4.93,3.28,5,3.06
Newborn,Onesie,2999.0,4,17,0,3.06,3.37,5,2.29
Newborn,Onesie,2999.0,4,18,0,2.29,3.38,3,2.17
Newborn,Onesie,2999.0,5,19,0,2.17,3.11,3,2.54
Newborn,Onesie,2999.0,5,20,0,2.54,2.51,4,2.67
Newborn,Onesie,2999.0,5,21,0,2.67,2.42,4,2.19
Newborn,Onesie,2999.0,5,22,0,2.19,2.39,2,2.41
Newborn,Onesie,2999.0,6,23,0,2.41,2.45,2,1.66
Newborn,Onesie,2999.0,6,24,0,1.66,2.23,3,1.85
Newborn,Onesie,2999.0,6,25,0,1.85,2.03,3,2.2
Newborn,Onesie,2999.0,6,26,0,2.2,2.03,3,1.92
Newborn,Onesie,2999.0,7,27,0,1.92,1.91,4,2.06
Newborn,Onesie,499.0,7,28,0,5.28,5.28,8,5.43
Newborn,Onesie,499.0,7,29,0,5.43,5.32,6,5.43
Newborn,Onesie,499.0,7,30,0,5.43,5.35,8,5.52
Newborn,Onesie,499.0,8,31,0,5.52,5.42,9,5.41
Newborn,Onesie,499.0,8,32,0,5.41,5.45,7,3.92
Newborn,Onesie,499.0,8,33,1,3.92,5.07,5,8.88
Newborn,Onesie,499.0,8,34,0,8.88,5.93,6,4.34
Newborn,Onesie,499.0,8,35,0,4.34,5.64,10,4.35
Newborn,Onesie,499.0,9,36,1,4.35,5.37,6,8.31
Newborn,Onesie,499.0,9,37,0,8.31,6.47,6,4.29
Newborn,Onesie,499.0,9,38,0,4.29,5.32,10,2.66
Newborn,Onesie,499.0,9,39,0,2.66,4.9,3,3.86
Newborn,Onesie,499.0,10,40,0,3.86,4.78,9,4.77
Newborn,Onesie,499.0,10,41,1,4.77,3.89,3,9.05
Newborn,Onesie,499.0,10,42,0,9.05,5.08,6,3.89
Newborn,Onesie,499.0,10,43,1,3.89,5.39,4,8.68
Newborn,Onesie,499.0,10,44,1,8.68,6.6,13,12.59
Newborn,Onesie,499.0,11,45,1,12.59,8.55,13,11.35
Newborn,Onesie,499.0,11,46,0,11.35,9.13,6,3.86
Newborn,Onesie,499.0,11,47,0,3.86,9.12,15,4.07
Newborn,Onesie,499.0,11,48,0,4.07,7.97,4,5.37
Newborn,Onesie,499.0,12,49,0,5.37,6.16,10,5.98
Newborn,Onesie,499.0,12,50,0,5.98,4.82,7,5.21
Newborn,Onesie,499.0,12,51,1,5.21,5.15,5,10.32
Newborn,Onesie,499.0,12,52,1,10.32,6.72,11,8.63
Newborn,Onesie,499.0,1,1,0,8.63,7.53,12,4.98
Newborn,Onesie,499.0,1,2,1,4.98,7.28,4,10.12
Newborn,Onesie,499.0,1,3,0,10.12,8.51,16,5.23
Newborn,Onesie,499.0,1,4,0,5.23,7.24,7,5.09
Newborn,Onesie,499.0,1,5,0,5.09,6.36,7,4.76
Newborn,Onesie,499.0,2,6,0,4.76,6.3,5,6.51
Newborn,Onesie,499.0,2,7,0,6.51,5.4,8,6.36
Newborn,Onesie,499.0,2,8,0,6.36,5.68,3,5.0
Newborn,Onesie,499.0,2,9,0,5.0,5.66,9,6.22
Newborn,Onesie,499.0,3,10,1,6.22,6.02,9,11.92
Newborn,Onesie,499.0,3,11,0,11.92,7.37,10,7.89
Newborn,Onesie,499.0,3,12,0,7.89,7.76,12,7.51
Newborn,Onesie,499.0,3,13,0,7.51,8.39,7,7.95
Newborn,Onesie,499.0,4,14,0,7.95,8.82,10,5.93
Newborn,Onesie,499.0,4,15,1,5.93,7.32,12,9.49
Newborn,Onesie,499.0,4,16,0,9.49,7.72,7,5.3
Newborn,Onesie,499.0,4,17,0,5.3,7.17,6,5.87
Newborn,Onesie,499.0,5,18,0,5.87,6.65,10,5.99
Newborn,Onesie,499.0,5,19,0,5.99,6.66,7,7.72
Newborn,Onesie,499.0,5,20,0,7.72,6.22,8,6.82
Newborn,Onesie,499.0,5,21,0,6.82,6.6,13,6.31
Newborn,Onesie,499.0,5,22,0,6.31,6.71,9,6.99
Newborn,Onesie,499.0,6,23,0,6.99,6.96,6,6.23
Newborn,Onesie,499.0,6,24,0,6.23,6.59,4,6.29
Newborn,Onesie,499.0,6,25,0,6.29,6.46,9,5.27
Newborn,Onesie,499.0,6,26,0,5.27,6.19,11,4.27
Newborn,Onesie,499.0,7,27,0,4.27,5.51,10,4.03
Newborn,Onesie,499.0,7,28,0,4.03,4.96,6,3.94
Newborn,Onesie,499.0,7,29,0,3.94,4.38,5,5.5
Newborn,Onesie,499.0,7,30,0,5.5,4.44,6,4.32
Newborn,Onesie,499.0,7,31,0,4.32,4.45,4,4.56
Newborn,Onesie,499.0,8,32,0,4.56,4.58,5,3.77
Newborn,Onesie,499.0,8,33,1,3.77,4.54,3,10.67
Newborn,Onesie,499.0,8,34,0,10.67,5.83,3,4.48
Newborn,Onesie,499.0,8,35,0,4.48,5.87,8,4.56
Newborn,Onesie,499.0,9,36,1,4.56,5.87,9,9.11
Newborn,Onesie,499.0,9,37,0,9.11,7.2,5,4.58
Newborn,Onesie,499.0,9,38,0,4.58,5.68,8,5.01
Newborn,Onesie,499.0,9,39,0,5.01,5.82,11,4.68
Newborn,Onesie,499.0,10,40,0,4.68,5.85,11,3.63
Newborn,Onesie,499.0,10,41,1,3.63,4.48,6,7.44
Newborn,Onesie,499.0,10,42,0,7.44,5.19,5,6.04
Newborn,Onesie,499.0,10,43,1,6.04,5.45,5,9.87
Newborn,Onesie,499.0,10,44,1,9.87,6.74,4,11.69
Newborn,Onesie,499.0,11,45,1,11.69,8.76,11,8.56
Newborn,Onesie,499.0,11,46,0,8.56,9.04,8,5.56
Newborn,Onesie,499.0,11,47,0,5.56,8.92,8,4.94
Newborn,Onesie,499.0,11,48,0,4.94,7.69,6,4.91
Newborn,Onesie,499.0,12,49,0,4.91,5.99,12,4.84
Newborn,Onesie,499.0,12,50,0,4.84,5.06,3,5.54
Newborn,Onesie,499.0,12,51,0,5.54,5.06,5,5.46
Newborn,Onesie,499.0,12,52,1,5.46,5.19,10,10.09
Newborn,Onesie,499.0,1,1,0,10.09,6.48,4,4.86
Newborn,Onesie,499.0,1,2,1,4.86,6.49,10,10.64
Newborn,Onesie,499.0,1,3,1,10.64,7.76,6,11.13
Newborn,Onesie,499.0,1,4,0,11.13,9.18,15,5.36
Newborn,Onesie,499.0,1,5,0,5.36,8.0,5,5.05
Newborn,Onesie,499.0,2,6,0,5.05,8.04,13,5.97
Newborn,Onesie,499.0,2,7,0,5.97,6.88,10,6.37
Newborn,Onesie,499.0,2,8,0,6.37,5.69,4,6.34
Newborn,Onesie,499.0,2,9,0,6.34,5.93,7,5.17
Newborn,Onesie,499.0,3,10,1,5.17,5.96,4,15.61
Newborn,Onesie,499.0,3,11,0,15.61,8.37,5,8.14
Newborn,Onesie,499.0,3,12,0,8.14,8.82,5,6.92
Newborn,Onesie,499.0,3,13,0,6.92,8.96,6,7.14
Newborn,Onesie,499.0,4,14,0,7.14,9.46,19,6.57
Newborn,Onesie,499.0,4,15,1,6.57,7.2,6,13.35
Newborn,Onesie,499.0,4,16,0,13.35,8.5,12,4.79
Newborn,Onesie,499.0,4,17,0,4.79,7.96,5,6.19
Newborn,Onesie,499.0,4,18,0,6.19,7.73,11,6.15
Newborn,Onesie,499.0,5,19,0,6.15,7.62,14,7.94
Newborn,Onesie,499.0,5,20,0,7.94,6.27,12,5.82
Newborn,Onesie,499.0,5,21,0,5.82,6.53,8,7.47
Newborn,Onesie,499.0,5,22,0,7.47,6.85,7,5.91
Newborn,Onesie,499.0,6,23,0,5.91,6.78,9,5.41
Newborn,Onesie,499.0,6,24,0,5.41,6.15,8,4.33
Newborn,Onesie,499.0,6,25,0,4.33,5.78,9,5.81
Newborn,Onesie,499.0,6,26,0,5.81,5.37,5,4.81
Newborn,Onesie,499.0,7,27,0,4.81,5.09,9,4.13
Newborn,Romper,699.0,7,28,0,5.28,5.28,4,5.58
Newborn,Romper,699.0,7,29,0,5.58,5.36,3,5.26
Newborn,Romper,699.0,7,30,0,5.26,5.35,6,5.2
Newborn,Romper,699.0,8,31,0,5.2,5.33,10,4.76
Newborn,Romper,699.0,8,32,0,4.76,5.2,6,4.19
Newborn,Romper,699.0,8,33,1,4.19,4.85,5,7.76
Newborn,Romper,699.0,8,34,0,7.76,5.48,3,5.46
Newborn,Romper,699.0,8,35,0,5.46,5.54,8,4.86
Newborn,Romper,699.0,9,36,1,4.86,5.57,6,9.93
Newborn,Romper,699.0,9,37,0,9.93,7.0,11,4.2
Newborn,Romper,699.0,9,38,0,4.2,6.11,7,3.76
Newborn,Romper,699.0,9,39,0,3.76,5.69,5,3.69
Newborn,Romper,699.0,10,40,0,3.69,5.39,7,4.29
Newborn,Romper,699.0,10,41,1,4.29,3.99,5,7.57
Newborn,Romper,699.0,10,42,0,7.57,4.83,7,3.19
Newborn,Romper,699.0,10,43,1,3.19,4.69,6,9.39
Newborn,Romper,699.0,10,44,1,9.39,6.11,10,10.05
Newborn,Romper,699.0,11,45,1,10.05,7.55,8,8.22
Newborn,Romper,699.0,11,46,0,8.22,7.71,14,3.53
Newborn,Romper,699.0,11,47,0,3.53,7.8,6,4.76
Newborn,Romper,699.0,11,48,0,4.76,6.64,11,4.63
Newborn,Romper,699.0,12,49,0,4.63,5.28,10,4.59
Newborn,Romper,699.0,12,50,0,4.59,4.38,3,5.3
Newborn,Romper,699.0,12,51,1,5.3,4.82,3,10.37
Newborn,Romper,699.0,12,52,1,10.37,6.22,8,11.07
Newborn,Romper,699.0,1,1,0,11.07,7.83,5,5.39
Newborn,Romper,699.0,1,2,1,5.39,8.03,8,9.72
Newborn,Romper,699.0,1,3,0,9.72,9.14,5,4.92
Newborn,Romper,699.0,1,4,0,4.92,7.77,12,5.72
Newborn,Romper,699.0,1,5,0,5.72,6.44,4,6.6
Newborn,Romper,699.0,2,6,0,6.6,6.74,12,6.01
Newborn,Romper,699.0,2,7,0,6.01,5.81,8,5.46
Newborn,Romper,699.0,2,8,0,5.46,5.95,4,6.26
Newborn,Romper,699.0,2,9,0,6.26,6.08,5,6.38
Newborn,Romper,699.0,3,10,1,6.38,6.03,6,11.14
Newborn,Romper,699.0,3,11,0,11.14,7.31,8,8.13
Newborn,Romper,699.0,3,12,0,8.13,7.98,5,7.13
Newborn,Romper,699.0,3,13,0,7.13,8.19,8,6.22
Newborn,Romper,699.0,4,14,0,6.22,8.16,12,8.11
Newborn,Romper,699.0,4,15,1,8.11,7.4,14,13.32
Newborn,Romper,699.0,4,16,0,13.32,8.7,7,6.55
Newborn,Romper,699.0,4,17,0,6.55,8.55,10,7.57
Newborn,Romper,699.0,5,18,0,7.57,8.89,17,7.01
Newborn,Romper,699.0,5,19,0,7.01,8.61,12,6.59
Newborn,Romper,699.0,5,20,0,6.59,6.93,4,5.71
Newborn,Romper,699.0,5,21,0,5.71,6.72,5,5.98
Newborn,Romper,699.0,5,22,0,5.98,6.32,6,5.74
Newborn,Romper,699.0,6,23,0,5.74,6.0,9,5.24
Newborn,Romper,699.0,6,24,0,5.24,5.67,7,7.62
Newborn,Romper,699.0,6,25,0,7.62,6.14,6,6.23
Newborn,Romper,699.0,6,26,0,6.23,6.21,8,5.24
Newborn,Romper,699.0,7,27,0,5.24,6.08,4,5.56
Newborn,Romper,699.0,7,28,0,5.56,6.16,10,5.03
Newborn,Romper,699.0,7,29,0,5.03,5.52,5,4.45
Newborn,Romper,699.0,7,30,0,4.45,5.07,5,3.64
Newborn,Romper,699.0,7,31,0,3.64,4.67,9,5.11
Newborn,Romper,699.0,8,32,0,5.11,4.56,4,4.7
Newborn,Romper,699.0,8,33,1,4.7,4.47,4,10.71
Newborn,Romper,699.0,8,34,0,10.71,6.04,12,4.14
Newborn,Romper,699.0,8,35,0,4.14,6.16,6,5.17
Newborn,Romper,699.0,9,36,1,5.17,6.18,12,10.35
Newborn,Romper,699.0,9,37,0,10.35,7.59,15,3.39
Newborn,Romper,699.0,9,38,0,3.39,5.76,8,4.89
Newborn,Romper,699.0,9,39,0,4.89,5.95,10,4.75
Newborn,Romper,699.0,10,40,0,4.75,5.84,8,4.2
Newborn,Romper,699.0,10,41,1,4.2,4.31,6,9.92
Newborn,Romper,699.0,10,42,0,9.92,5.94,6,4.87
Newborn,Romper,699.0,10,43,1,4.87,5.94,5,8.8
Newborn,Romper,699.0,10,44,1,8.8,6.95,9,6.83
Newborn,Romper,699.0,11,45,1,6.83,7.61,14,8.56
Newborn,Romper,699.0,11,46,0,8.56,7.27,5,5.19
Newborn,Romper,699.0,11,47,0,5.19,7.35,14,4.83
Newborn,Romper,699.0,11,48,0,4.83,6.35,9,4.41
Newborn,Romper,699.0,12,49,0,4.41,5.75,11,4.87
Newborn,Romper,699.0,12,50,0,4.87,4.83,9,5.03
Newborn,Romper,699.0,12,51,0,5.03,4.79,2,4.46
Newborn,Romper,699.0,12,52,1,4.46,4.7,5,9.67
Newborn,Romper,699.0,1,1,0,9.67,6.01,9,7.09
Newborn,Romper,699.0,1,2,1,7.09,6.57,6,7.0
Newborn,Romper,699.0,1,3,1,7.0,7.06,12,11.23
Newborn,Romper,699.0,1,4,0,11.23,8.75,16,6.54
Newborn,Romper,699.0,1,5,0,6.54,7.96,9,5.84
Newborn,Romper,699.0,2,6,0,5.84,7.65,9,5.42
Newborn,Romper,699.0,2,7,0,5.42,7.26,14,5.73
Newborn,Romper,699.0,2,8,0,5.73,5.88,4,7.82
Newborn,Romper,699.0,2,9,0,7.82,6.2,4,6.8
Newborn,Romper,699.0,3,10,1,6.8,6.44,7,13.62
Newborn,Romper,699.0,3,11,0,13.62,8.49,15,6.23
Newborn,Romper,699.0,3,12,0,6.23,8.62,12,6.58
Newborn,Romper,699.0,3,13,0,6.58,8.3,15,5.46
Newborn,Romper,699.0,4,14,0,5.46,7.97,14,8.22
Newborn,Romper,699.0,4,15,1,8.22,6.62,13,17.19
Newborn,Romper,699.0,4,16,0,17.19,9.36,15,7.02
Newborn,Romper,699.0,4,17,0,7.02,9.47,8,6.33
Newborn,Romper,699.0,4,18,0,6.33,9.69,11,6.41
Newborn,Romper,699.0,5,19,0,6.41,9.24,14,6.64
Newborn,Romper,699.0,5,20,0,6.64,6.6,10,5.22
Newborn,Romper,699.0,5,21,0,5.22,6.15,11,5.76
Newborn,Romper,699.0,5,22,0,5.76,6.01,12,5.08
Newborn,Romper,699.0,6,23,0,5.08,5.68,3,6.42
Newborn,Romper,699.0,6,24,0,6.42,5.62,3,4.63
Newborn,Romper,699.0,6,25,0,4.63,5.47,6,4.83
Newborn,Romper,699.0,6,26,0,4.83,5.24,10,6.12
Newborn,Romper,699.0,7,27,0,6.12,5.5,9,5.5
Women,Top,4999.0,7,28,0,4.86,4.86,9,5.93
Women,Top,4999.0,7,29,0,5.93,5.13,6,4.4
Women,Top,4999.0,7,30,0,4.4,5.01,5,4.4
Women,Top,4999.0,8,31,0,4.4,4.9,6,5.34
Women,Top,4999.0,8,32,0,5.34,5.02,5,5.01
Women,Top,4999.0,8,33,1,5.01,4.79,6,9.49
Women,Top,4999.0,8,34,0,9.49,6.06,9,3.69
Women,Top,4999.0,8,35,0,3.69,5.88,7,3.67
Women,Top,4999.0,9,36,1,3.67,5.47,9,7.94
Women,Top,4999.0,9,37,0,7.94,6.2,11,3.91
Women,Top,4999.0,9,38,0,3.91,4.8,7,1.95
Women,Top,4999.0,9,39,0,1.95,4.37,4,3.51
Women,Top,4999.0,10,40,0,3.51,4.33,5,3.72
Women,Top,4999.0,10,41,1,3.72,3.27,3,7.82
Women,Top,4999.0,10,42,0,7.82,4.25,5,4.59
Women,Top,4999.0,10,43,1,4.59,4.91,3,9.62
Women,Top,4999.0,10,44,1,9.62,6.44,4,8.92
Women,Top,4999.0,11,45,1,8.92,7.74,5,6.54
Women,Top,4999.0,11,46,0,6.54,7.42,7,4.96
Women,Top,4999.0,11,47,0,4.96,7.51,9,4.72
Women,Top,4999.0,11,48,0,4.72,6.28,9,4.97
Women,Top,4999.0,12,49,0,4.97,5.3,10,4.06
Women,Top,4999.0,12,50,0,4.06,4.68,8,5.62
Women,Top,4999.0,12,51,1,5.62,4.84,6,9.18
Women,Top,4999.0,12,52,1,9.18,5.96,4,8.64
Women,Top,4999.0,1,1,0,8.64,6.87,8,5.49
Women,Top,4999.0,1,2,1,5.49,7.23,11,10.02
Women,Top,4999.0,1,3,0,10.02,8.33,12,5.66
Women,Top,4999.0,1,4,0,5.66,7.45,12,5.0
Women,Top,4999.0,1,5,0,5.0,6.54,13,4.55
Women,Top,4999.0,2,6,0,4.55,6.31,4,5.18
Women,Top,4999.0,2,7,0,5.18,5.1,4,4.55
Women,Top,4999.0,2,8,0,4.55,4.82,4,6.22
Women,Top,4999.0,2,9,0,6.22,5.12,4,3.8
Women,Top,4999.0,3,10,1,3.8,4.94,4,13.51
Women,Top,4999.0,3,11,0,13.51,7.02,13,4.81
Women,Top,4999.0,3,12,0,4.81,7.09,4,6.72
Women,Top,4999.0,3,13,0,6.72,7.21,10,6.35
Women,Top,4999.0,4,14,0,6.35,7.85,7,4.21
Women,Top,4999.0,4,15,1,4.21,5.52,8,12.07
Women,Top,4999.0,4,16,0,12.07,7.34,5,4.72
Women,Top,4999.0,4,17,0,4.72,6.84,10,5.98
Women,Top,4999.0,5,18,0,5.98,6.75,7,5.22
Women,Top,4999.0,5,19,0,5.22,7.0,10,4.09
Women,Top,4999.0,5,20,0,4.09,5.0,5,6.02
Women,Top,4999.0,5,21,0,6.02,5.33,9,5.46
Women,Top,4999.0,5,22,0,5.46,5.2,7,5.44
Women,Top,4999.0,6,23,0,5.44,5.25,5,3.94
Women,Top,4999.0,6,24,0,3.94,5.21,3,3.79
Women,Top,4999.0,6,25,0,3.79,4.66,4,4.89
Women,Top,4999.0,6,26,0,4.89,4.52,4,5.7
Women,Top,4999.0,7,27,0,5.7,4.58,5,5.38
Women,Top,4999.0,7,28,0,5.38,4.94,4,5.08
Women,Top,4999.0,7,29,0,5.08,5.26,5,5.53
Women,Top,4999.0,7,30,0,5.53,5.42,5,4.14
Women,Top,4999.0,7,31,0,4.14,5.03,8,4.76
Women,Top,4999.0,8,32,0,4.76,4.88,9,3.32
Women,Top,4999.0,8,33,1,3.32,4.44,4,11.34
Women,Top,4999.0,8,34,0,11.34,5.89,8,3.69
Women,Top,4999.0,8,35,0,3.69,5.78,10,4.34
Women,Top,4999.0,9,36,1,4.34,5.68,10,10.06
Women,Top,4999.0,9,37,0,10.06,7.36,5,3.75
Women,Top,4999.0,9,38,0,3.75,5.46,7,4.18
Women,Top,4999.0,9,39,0,4.18,5.59,4,4.03
Women,Top,4999.0,10,40,0,4.03,5.51,4,3.67
Women,Top,4999.0,10,41,1,3.67,3.91,5,7.12
Women,Top,4999.0,10,42,0,7.12,4.75,6,3.25
Women,Top,4999.0,10,43,1,3.25,4.52,7,4.81
Women,Top,4999.0,10,44,1,4.81,4.71,3,7.88
Women,Top,4999.0,11,45,1,7.88,5.76,9,7.33
Women,Top,4999.0,11,46,0,7.33,5.82,10,2.36
Women,Top,4999.0,11,47,0,2.36,5.59,9,3.77
Women,Top,4999.0,11,48,0,3.77,5.33,6,4.74
Women,Top,4999.0,12,49,0,4.74,4.55,8,4.53
Women,Top,4999.0,12,50,0,4.53,3.85,3,5.27
Women,Top,4999.0,12,51,0,5.27,4.58,4,4.38
Women,Top,4999.0,12,52,1,4.38,4.73,4,8.0
Women,Top,4999.0,1,1,0,8.0,5.54,5,5.36
Women,Top,4999.0,1,2,1,5.36,5.75,9,11.06
Women,Top,4999.0,1,3,1,11.06,7.2,13,10.72
Women,Top,4999.0,1,4,0,10.72,8.78,6,4.63
Women,Top,4999.0,1,5,0,4.63,7.94,11,5.39
Women,Top,4999.0,2,6,0,5.39,7.95,10,4.53
Women,Top,4999.0,2,7,0,4.53,6.32,9,4.95
Women,Top,4999.0,2,8,0,4.95,4.87,8,6.63
Women,Top,4999.0,2,9,0,6.63,5.37,9,5.27
Women,Top,4999.0,3,10,1,5.27,5.34,7,13.09
Women,Top,4999.0,3,11,0,13.09,7.49,13,6.11
Women,Top,4999.0,3,12,0,6.11,7.78,5,7.3
Women,Top,4999.0,3,13,0,7.3,7.94,16,4.41
Women,Top,4999.0,4,14,0,4.41,7.73,12,6.14
Women,Top,4999.0,4,15,1,6.14,5.99,5,12.14
Women,Top,4999.0,4,16,0,12.14,7.5,10,4.5
Women,Top,4999.0,4,17,0,4.5,6.8,8,5.2
Women,Top,4999.0,4,18,0,5.2,7.0,11,5.52
Women,Top,4999.0,5,19,0,5.52,6.84,12,7.49
Women,Top,4999.0,5,20,0,7.49,5.68,7,5.09
Women,Top,4999.0,5,21,0,5.09,5.82,11,4.63
Women,Top,4999.0,5,22,0,4.63,5.68,8,4.32
Women,Top,4999.0,6,23,0,4.32,5.38,6,4.1
Women,Top,4999.0,6,24,0,4.1,4.53,3,6.92
Women,Top,4999.0,6,25,0,6.92,4.99,8,5.24
Women,Top,4999.0,6,26,0,5.24,5.14,4,4.27
Women,Top,4999.0,7,27,0,4.27,5.13,10,5.85
Kids,Frock,2999.0,7,28,0,2.88,2.88,2,3.56
Kids,Frock,2999.0,7,29,0,3.56,3.05,3,2.35
Kids,Frock,2999.0,7,30,0,2.35,2.92,4,2.48
Kids,Frock,2999.0,8,31,0,2.48,2.82,2,3.04
Kids,Frock,2999.0,8,32,0,3.04,2.86,4,2.8
Kids,Frock,2999.0,8,33,1,2.8,2.67,5,4.84
Kids,Frock,2999.0,8,34,0,4.84,3.29,4,2.87
Kids,Frock,2999.0,8,35,0,2.87,3.39,2,1.84
Kids,Frock,2999.0,9,36,1,1.84,3.09,5,2.82
Kids,Frock,2999.0,9,37,0,2.82,3.09,3,1.95
Kids,Frock,2999.0,9,38,0,1.95,2.37,2,2.07
Kids,Frock,2999.0,9,39,0,2.07,2.17,3,2.02
Kids,Frock,2999.0,10,40,0,2.02,2.22,2,1.59
Kids,Frock,2999.0,10,41,1,1.59,1.91,2,4.37
Kids,Frock,2999.0,10,42,0,4.37,2.51,1,2.53
Kids,Frock,2999.0,10,43,1,2.53,2.63,5,5.33
Kids,Frock,2999.0,10,44,1,5.33,3.45,4,5.34
Kids,Frock,2999.0,11,45,1,5.34,4.39,6,5.66
Kids,Frock,2999.0,11,46,0,5.66,4.71,8,2.64
Kids,Frock,2999.0,11,47,0,2.64,4.74,4,2.32
Kids,Frock,2999.0,11,48,0,2.32,3.99,7,1.91
Kids,Frock,2999.0,12,49,0,1.91,3.13,5,1.95
Kids,Frock,2999.0,12,50,0,1.95,2.2,4,2.76
Kids,Frock,2999.0,12,51,1,2.76,2.23,4,4.81
Kids,Frock,2999.0,12,52,1,4.81,2.86,5,5.75
Kids,Frock,2999.0,1,1,0,5.75,3.82,4,2.39
Kids,Frock,2999.0,1,2,1,2.39,3.93,2,7.12
Kids,Frock,2999.0,1,3,0,7.12,5.02,9,2.89
Kids,Frock,2999.0,1,4,0,2.89,4.54,3,2.99
Kids,Frock,2999.0,1,5,0,2.99,3.85,6,3.09
Kids,Frock,2999.0,2,6,0,3.09,4.02,5,1.82
Kids,Frock,2999.0,2,7,0,1.82,2.7,4,3.86
Kids,Frock,2999.0,2,8,0,3.86,2.94,5,2.79
Kids,Frock,2999.0,2,9,0,2.79,2.89,3,3.3
Kids,Frock,2999.0,3,10,1,3.3,2.94,4,6.85
Kids,Frock,2999.0,3,11,0,6.85,4.2,4,3.02
Kids,Frock,2999.0,3,12,0,3.02,3.99,6,3.75
Kids,Frock,2999.0,3,13,0,3.75,4.23,5,4.0
Kids,Frock,2999.0,4,14,0,4.0,4.41,7,2.55
Kids,Frock,2999.0,4,15,1,2.55,3.33,2,7.63
Kids,Frock,2999.0,4,16,0,7.63,4.49,6,2.45
Kids,Frock,2999.0,4,17,0,2.45,4.16,6,3.01
Kids,Frock,2999.0,5,18,0,3.01,3.91,8,3.1
Kids,Frock,2999.0,5,19,0,3.1,4.05,6,3.08
Kids,Frock,2999.0,5,20,0,3.08,2.91,4,3.92
Kids,Frock,2999.0,5,21,0,3.92,3.28,3,3.03
Kids,Frock,2999.0,5,22,0,3.03,3.28,6,2.97
Kids,Frock,2999.0,6,23,0,2.97,3.25,2,2.52
Kids,Frock,2999.0,6,24,0,2.52,3.11,2,3.21
Kids,Frock,2999.0,6,25,0,3.21,2.93,4,2.91
Kids,Frock,2999.0,6,26,0,2.91,2.9,3,3.15
Kids,Frock,2999.0,7,27,0,3.15,2.95,2,2.3
Kids,Frock,2999.0,7,28,0,2.3,2.89,4,3.53
Kids,Frock,2999.0,7,29,0,3.53,2.97,4,3.05
Kids,Frock,2999.0,7,30,0,3.05,3.01,4,4.1
Kids,Frock,2999.0,7,31,0,4.1,3.24,5,2.62
Kids,Frock,2999.0,8,32,0,2.62,3.32,2,2.92
Kids,Frock,2999.0,8,33,1,2.92,3.17,3,6.3
Kids,Frock,2999.0,8,34,0,6.3,3.98,7,2.56
Kids,Frock,2999.0,8,35,0,2.56,3.6,5,2.33
Kids,Frock,2999.0,9,36,1,2.33,3.53,7,4.39
Kids,Frock,2999.0,9,37,0,4.39,3.89,7,2.23
Kids,Frock,2999.0,9,38,0,2.23,2.88,3,2.38
Kids,Frock,2999.0,9,39,0,2.38,2.83,3,2.23
Kids,Frock,2999.0,10,40,0,2.23,2.81,5,2.54
Kids,Frock,2999.0,10,41,1,2.54,2.34,1,5.62
Kids,Frock,2999.0,10,42,0,5.62,3.19,3,1.92
Kids,Frock,2999.0,10,43,1,1.92,3.08,4,3.88
Kids,Frock,2999.0,10,44,1,3.88,3.49,4,4.43
Kids,Frock,2999.0,11,45,1,4.43,3.96,6,3.57
Kids,Frock,2999.0,11,46,0,3.57,3.45,3,3.07
Kids,Frock,2999.0,11,47,0,3.07,3.74,4,2.93
Kids,Frock,2999.0,11,48,0,2.93,3.5,5,2.49
Kids,Frock,2999.0,12,49,0,2.49,3.01,6,2.58
Kids,Frock,2999.0,12,50,0,2.58,2.76,4,2.83
Kids,Frock,2999.0,12,51,0,2.83,2.7,5,2.43
Kids,Frock,2999.0,12,52,1,2.43,2.58,2,5.35
Kids,Frock,2999.0,1,1,0,5.35,3.3,4,2.58
Kids,Frock,2999.0,1,2,1,2.58,3.3,5,5.97
Kids,Frock,2999.0,1,3,1,5.97,4.08,5,6.13
Kids,Frock,2999.0,1,4,0,6.13,5.01,4,3.03
Kids,Frock,2999.0,1,5,0,3.03,4.43,8,3.63
Kids,Frock,2999.0,2,6,0,3.63,4.69,3,3.16
Kids,Frock,2999.0,2,7,0,3.16,3.99,6,3.24
Kids,Frock,2999.0,2,8,0,3.24,3.26,5,2.59
Kids,Frock,2999.0,2,9,0,2.59,3.15,5,3.69
Kids,Frock,2999.0,3,10,1,3.69,3.17,5,6.95
Kids,Frock,2999.0,3,11,0,6.95,4.12,7,3.82
Kids,Frock,2999.0,3,12,0,3.82,4.26,5,3.0
Kids,Frock,2999.0,3,13,0,3.0,4.36,2,2.88
Kids,Frock,2999.0,4,14,0,2.88,4.16,3,3.33
Kids,Frock,2999.0,4,15,1,3.33,3.26,2,4.96
Kids,Frock,2999.0,4,16,0,4.96,3.54,6,4.33
Kids,Frock,2999.0,4,17,0,4.33,3.87,5,3.28
Kids,Frock,2999.0,4,18,0,3.28,3.97,3,2.2
Kids,Frock,2999.0,5,19,0,2.2,3.69,3,3.09
Kids,Frock,2999.0,5,20,0,3.09,3.22,5,3.22
Kids,Frock,2999.0,5,21,0,3.22,2.95,5,3.96
Kids,Frock,2999.0,5,22,0,3.96,3.12,4,3.22
Kids,Frock,2999.0,6,23,0,3.22,3.38,4,2.48
Kids,Frock,2999.0,6,24,0,2.48,3.22,6,3.25
Kids,Frock,2999.0,6,25,0,3.25,3.23,6,3.03
Kids,Frock,2999.0,6,26,0,3.03,3.0,3,2.85
Kids,Frock,2999.0,7,27,0,2.85,2.9,4,2.72
Women,Kurti,1999.0,7,28,0,8.1,8.1,15,8.9
Women,Kurti,1999.0,7,29,0,8.9,8.3,6,7.62
Women,Kurti,1999.0,7,30,0,7.62,8.18,10,7.37
Women,Kurti,1999.0,8,31,0,7.37,8.0,13,8.55
Women,Kurti,1999.0,8,32,0,8.55,8.11,16,7.95
Women,Kurti,1999.0,8,33,1,7.95,7.87,10,14.67
Women,Kurti,1999.0,8,34,0,14.67,9.64,17,6.12
Women,Kurti,1999.0,8,35,0,6.12,9.32,9,6.41
Women,Kurti,1999.0,9,36,1,6.41,8.79,11,13.06
Women,Kurti,1999.0,9,37,0,13.06,10.07,12,5.28
Women,Kurti,1999.0,9,38,0,5.28,7.72,12,6.02
Women,Kurti,1999.0,9,39,0,6.02,7.69,9,6.52
Women,Kurti,1999.0,10,40,0,6.52,7.72,7,7.04
Women,Kurti,1999.0,10,41,1,7.04,6.22,4,14.05
Women,Kurti,1999.0,10,42,0,14.05,8.41,6,4.94
Women,Kurti,1999.0,10,43,1,4.94,8.14,8,12.51
Women,Kurti,1999.0,10,44,1,12.51,9.63,14,11.81
Women,Kurti,1999.0,11,45,1,11.81,10.83,10,9.94
Women,Kurti,1999.0,11,46,0,9.94,9.8,17,6.8
Women,Kurti,1999.0,11,47,0,6.8,10.26,13,6.55
Women,Kurti,1999.0,11,48,0,6.55,8.77,8,7.26
Women,Kurti,1999.0,12,49,0,7.26,7.64,6,8.03
Women,Kurti,1999.0,12,50,0,8.03,7.16,10,8.01
Women,Kurti,1999.0,12,51,1,8.01,7.46,12,20.02
Women,Kurti,1999.0,12,52,1,20.02,10.83,12,16.34
Women,Kurti,1999.0,1,1,0,16.34,13.1,17,9.87
Women,Kurti,1999.0,1,2,1,9.87,13.56,15,14.06
Women,Kurti,1999.0,1,3,0,14.06,15.07,15,8.97
Women,Kurti,1999.0,1,4,0,8.97,12.31,9,7.81
Women,Kurti,1999.0,1,5,0,7.81,10.18,8,8.56
Women,Kurti,1999.0,2,6,0,8.56,9.85,8,10.19
Women,Kurti,1999.0,2,7,0,10.19,8.88,10,8.85
Women,Kurti,1999.0,2,8,0,8.85,8.85,5,10.78
Women,Kurti,1999.0,2,9,0,10.78,9.59,8,8.51
Women,Kurti,1999.0,3,10,1,8.51,9.58,9,16.0
Women,Kurti,1999.0,3,11,0,16.0,11.03,8,9.94
Women,Kurti,1999.0,3,12,0,9.94,11.31,14,10.06
Women,Kurti,1999.0,3,13,0,10.06,11.13,16,9.24
Women,Kurti,1999.0,4,14,0,9.24,11.31,10,10.62
Women,Kurti,1999.0,4,15,1,10.62,9.96,10,13.75
Women,Kurti,1999.0,4,16,0,13.75,10.92,16,8.28
Women,Kurti,1999.0,4,17,0,8.28,10.47,19,10.2
Women,Kurti,1999.0,5,18,0,10.2,10.71,15,9.19
Women,Kurti,1999.0,5,19,0,9.19,10.35,14,8.52
Women,Kurti,1999.0,5,20,0,8.52,9.04,17,9.47
Women,Kurti,1999.0,5,21,0,9.47,9.34,7,10.43
Women,Kurti,1999.0,5,22,0,10.43,9.4,10,9.45
Women,Kurti,1999.0,6,23,0,9.45,9.47,7,9.81
Women,Kurti,1999.0,6,24,0,9.81,9.79,10,9.15
Women,Kurti,1999.0,6,25,0,9.15,9.71,11,9.98
Women,Kurti,1999.0,6,26,0,9.98,9.6,6,7.64
Women,Kurti,1999.0,7,27,0,7.64,9.14,17,9.28
Women,Kurti,1999.0,7,28,0,9.28,9.01,7,6.0
Women,Kurti,1999.0,7,29,0,6.0,8.22,15,6.32
Women,Kurti,1999.0,7,30,0,6.32,7.31,13,8.16
Women,Kurti,1999.0,7,31,0,8.16,7.44,4,5.96
Women,Kurti,1999.0,8,32,0,5.96,6.61,10,6.8
Women,Kurti,1999.0,8,33,1,6.8,6.81,7,16.5
Women,Kurti,1999.0,8,34,0,16.5,9.36,5,5.76
Women,Kurti,1999.0,8,35,0,5.76,8.76,17,7.61
Women,Kurti,1999.0,9,36,1,7.61,9.17,16,12.55
Women,Kurti,1999.0,9,37,0,12.55,10.61,9,5.44
Women,Kurti,1999.0,9,38,0,5.44,7.84,8,6.51
Women,Kurti,1999.0,9,39,0,6.51,8.03,12,7.58
Women,Kurti,1999.0,10,40,0,7.58,8.02,13,5.26
Women,Kurti,1999.0,10,41,1,5.26,6.2,6,10.45
Women,Kurti,1999.0,10,42,0,10.45,7.45,13,7.08
Women,Kurti,1999.0,10,43,1,7.08,7.59,9,12.12
Women,Kurti,1999.0,10,44,1,12.12,8.73,11,17.19
Women,Kurti,1999.0,11,45,1,17.19,11.71,13,14.1
Women,Kurti,1999.0,11,46,0,14.1,12.62,19,7.88
Women,Kurti,1999.0,11,47,0,7.88,12.82,23,7.29
Women,Kurti,1999.0,11,48,0,7.29,11.61,21,5.87
Women,Kurti,1999.0,12,49,0,5.87,8.78,10,6.39
Women,Kurti,1999.0,12,50,0,6.39,6.86,11,6.69
Women,Kurti,1999.0,12,51,0,6.69,6.56,9,8.27
Women,Kurti,1999.0,12,52,1,8.27,6.8,11,15.77
Women,Kurti,1999.0,1,1,0,15.77,9.28,5,5.99
Women,Kurti,1999.0,1,2,1,5.99,9.18,8,18.26
Women,Kurti,1999.0,1,3,1,18.26,12.07,20,22.49
Women,Kurti,1999.0,1,4,0,22.49,15.63,19,7.29
Women,Kurti,1999.0,1,5,0,7.29,13.51,20,7.61
Women,Kurti,1999.0,2,6,0,7.61,13.91,23,8.14
Women,Kurti,1999.0,2,7,0,8.14,11.38,13,8.97
Women,Kurti,1999.0,2,8,0,8.97,8.0,14,7.91
Women,Kurti,1999.0,2,9,0,7.91,8.16,11,11.12
Women,Kurti,1999.0,3,10,1,11.12,9.04,13,23.62
Women,Kurti,1999.0,3,11,0,23.62,12.91,7,9.74
Women,Kurti,1999.0,3,12,0,9.74,13.1,17,9.54
Women,Kurti,1999.0,3,13,0,9.54,13.51,22,7.3
Women,Kurti,1999.0,4,14,0,7.3,12.55,16,8.02
Women,Kurti,1999.0,4,15,1,8.02,8.65,9,13.39
Women,Kurti,1999.0,4,16,0,13.39,9.56,7,8.77
Women,Kurti,1999.0,4,17,0,8.77,9.37,16,8.95
Women,Kurti,1999.0,4,18,0,8.95,9.78,8,10.31
Women,Kurti,1999.0,5,19,0,10.31,10.36,13,9.56
Women,Kurti,1999.0,5,20,0,9.56,9.4,16,8.16
Women,Kurti,1999.0,5,21,0,8.16,9.24,9,9.99
Women,Kurti,1999.0,5,22,0,9.99,9.5,13,12.18
Women,Kurti,1999.0,6,23,0,12.18,9.97,16,9.71
Women,Kurti,1999.0,6,24,0,9.71,10.01,12,7.97
Women,Kurti,1999.0,6,25,0,7.97,9.96,15,8.73
Women,Kurti,1999.0,6,26,0,8.73,9.64,7,6.99
Women,Kurti,1999.0,7,27,0,6.99,8.35,9,6.71
Men,Blazer,1299.0,7,28,0,6.0,6.0,3,7.24
Men,Blazer,1299.0,7,29,0,7.24,6.31,12,5.83
Men,Blazer,1299.0,7,30,0,5.83,6.27,3,6.31
Men,Blazer,1299.0,8,31,0,6.31,6.34,5,5.14
Men,Blazer,1299.0,8,32,0,5.14,6.13,11,4.36
Men,Blazer,1299.0,8,33,1,4.36,5.41,3,8.28
Men,Blazer,1299.0,8,34,0,8.28,6.02,10,4.37
Men,Blazer,1299.0,8,35,0,4.37,5.54,9,5.23
Men,Blazer,1299.0,9,36,1,5.23,5.56,8,7.62
Men,Blazer,1299.0,9,37,0,7.62,6.38,5,4.86
Men,Blazer,1299.0,9,38,0,4.86,5.52,11,5.17
Men,Blazer,1299.0,9,39,0,5.17,5.72,11,3.96
Men,Blazer,1299.0,10,40,0,3.96,5.4,11,5.5
Men,Blazer,1299.0,10,41,1,5.5,4.87,6,13.02
Men,Blazer,1299.0,10,42,0,13.02,6.91,6,5.46
Men,Blazer,1299.0,10,43,1,5.46,6.98,5,9.57
Men,Blazer,1299.0,10,44,1,9.57,8.39,9,8.8
Men,Blazer,1299.0,11,45,1,8.8,9.21,10,10.48
Men,Blazer,1299.0,11,46,0,10.48,8.58,7,5.32
Men,Blazer,1299.0,11,47,0,5.32,8.54,9,5.27
Men,Blazer,1299.0,11,48,0,5.27,7.47,12,5.61
Men,Blazer,1299.0,12,49,0,5.61,6.67,8,4.68
Men,Blazer,1299.0,12,50,0,4.68,5.22,7,6.18
Men,Blazer,1299.0,12,51,1,6.18,5.44,4,9.18
Men,Blazer,1299.0,12,52,1,9.18,6.41,13,9.39
Men,Blazer,1299.0,1,1,0,9.39,7.36,13,4.23
Men,Blazer,1299.0,1,2,1,4.23,7.25,12,13.36
Men,Blazer,1299.0,1,3,0,13.36,9.04,17,6.63
Men,Blazer,1299.0,1,4,0,6.63,8.4,14,6.4
Men,Blazer,1299.0,1,5,0,6.4,7.65,11,5.94
Men,Blazer,1299.0,2,6,0,5.94,8.08,8,6.21
Men,Blazer,1299.0,2,7,0,6.21,6.29,6,5.78
Men,Blazer,1299.0,2,8,0,5.78,6.08,11,7.13
Men,Blazer,1299.0,2,9,0,7.13,6.26,10,4.76
Men,Blazer,1299.0,3,10,1,4.76,5.97,4,10.34
Men,Blazer,1299.0,3,11,0,10.34,7.0,13,6.09
Men,Blazer,1299.0,3,12,0,6.09,7.08,8,7.26
Men,Blazer,1299.0,3,13,0,7.26,7.11,14,7.04
Men,Blazer,1299.0,4,14,0,7.04,7.68,7,8.57
Men,Blazer,1299.0,4,15,1,8.57,7.24,7,13.68
Men,Blazer,1299.0,4,16,0,13.68,9.14,15,7.95
Men,Blazer,1299.0,4,17,0,7.95,9.31,16,7.14
Men,Blazer,1299.0,5,18,0,7.14,9.33,7,4.91
Men,Blazer,1299.0,5,19,0,4.91,8.42,16,5.78
Men,Blazer,1299.0,5,20,0,5.78,6.44,13,5.82
Men,Blazer,1299.0,5,21,0,5.82,5.91,4,5.94
Men,Blazer,1299.0,5,22,0,5.94,5.61,6,6.23
Men,Blazer,1299.0,6,23,0,6.23,5.94,10,7.51
Men,Blazer,1299.0,6,24,0,7.51,6.38,12,6.15
Men,Blazer,1299.0,6,25,0,6.15,6.46,10,5.59
Men,Blazer,1299.0,6,26,0,5.59,6.37,4,6.85
Men,Blazer,1299.0,7,27,0,6.85,6.53,5,6.68
Men,Blazer,1299.0,7,28,0,6.68,6.32,7,3.81
Men,Blazer,1299.0,7,29,0,3.81,5.74,10,5.55
Men,Blazer,1299.0,7,30,0,5.55,5.73,4,6.49
Men,Blazer,1299.0,7,31,0,6.49,5.64,8,5.17
Men,Blazer,1299.0,8,32,0,5.17,5.26,7,4.42
Men,Blazer,1299.0,8,33,1,4.42,5.41,10,11.49
Men,Blazer,1299.0,8,34,0,11.49,6.89,10,4.15
Men,Blazer,1299.0,8,35,0,4.15,6.31,9,5.03
Men,Blazer,1299.0,9,36,1,5.03,6.27,7,9.38
Men,Blazer,1299.0,9,37,0,9.38,7.51,14,3.66
Men,Blazer,1299.0,9,38,0,3.66,5.55,7,5.51
Men,Blazer,1299.0,9,39,0,5.51,5.9,4,5.01
Men,Blazer,1299.0,10,40,0,5.01,5.89,5,5.74
Men,Blazer,1299.0,10,41,1,5.74,4.98,3,9.41
Men,Blazer,1299.0,10,42,0,9.41,6.42,6,4.09
Men,Blazer,1299.0,10,43,1,4.09,6.06,4,7.44
Men,Blazer,1299.0,10,44,1,7.44,6.67,7,11.12
Men,Blazer,1299.0,11,45,1,11.12,8.01,12,8.36
Men,Blazer,1299.0,11,46,0,8.36,7.75,7,6.91
Men,Blazer,1299.0,11,47,0,6.91,8.46,11,6.57
Men,Blazer,1299.0,11,48,0,6.57,8.24,11,5.29
Men,Blazer,1299.0,12,49,0,5.29,6.78,5,5.15
Men,Blazer,1299.0,12,50,0,5.15,5.98,4,4.9
Men,Blazer,1299.0,12,51,0,4.9,5.48,6,5.12
Men,Blazer,1299.0,12,52,1,5.12,5.12,8,15.42
Men,Blazer,1299.0,1,1,0,15.42,7.65,15,5.54
Men,Blazer,1299.0,1,2,1,5.54,7.74,15,12.98
Men,Blazer,1299.0,1,3,1,12.98,9.76,8,13.42
Men,Blazer,1299.0,1,4,0,13.42,11.84,17,7.3
Men,Blazer,1299.0,1,5,0,7.3,9.81,19,6.84
Men,Blazer,1299.0,2,6,0,6.84,10.13,20,6.56
Men,Blazer,1299.0,2,7,0,6.56,8.53,9,5.88
Men,Blazer,1299.0,2,8,0,5.88,6.64,7,7.33
Men,Blazer,1299.0,2,9,0,7.33,6.65,4,7.19
Men,Blazer,1299.0,3,10,1,7.19,6.74,4,12.97
Men,Blazer,1299.0,3,11,0,12.97,8.34,14,7.46
Men,Blazer,1299.0,3,12,0,7.46,8.74,8,6.93
Men,Blazer,1299.0,3,13,0,6.93,8.64,14,7.39
Men,Blazer,1299.0,4,14,0,7.39,8.69,11,7.84
Men,Blazer,1299.0,4,15,1,7.84,7.41,11,14.45
Men,Blazer,1299.0,4,16,0,14.45,9.15,10,7.91
Men,Blazer,1299.0,4,17,0,7.91,9.4,8,7.13
Men,Blazer,1299.0,4,18,0,7.13,9.33,12,7.99
Men,Blazer,1299.0,5,19,0,7.99,9.37,10,6.53
Men,Blazer,1299.0,5,20,0,6.53,7.39,4,5.76
Men,Blazer,1299.0,5,21,0,5.76,6.85,6,6.92
Men,Blazer,1299.0,5,22,0,6.92,6.8,12,8.22
Men,Blazer,1299.0,6,23,0,8.22,6.86,13,7.3
Men,Blazer,1299.0,6,24,0,7.3,7.05,4,7.89
Men,Blazer,1299.0,6,25,0,7.89,7.59,4,5.75
Men,Blazer,1299.0,6,26,0,5.75,7.29,6,6.0
Men,Blazer,1299.0,7,27,0,6.0,6.74,6,5.05
Newborn,Set,999.0,7,28,0,3.3,3.3,4,2.56
Newborn,Set,999.0,7,29,0,2.56,3.11,3,3.74
Newborn,Set,999.0,7,30,0,3.74,3.22,3,3.6
Newborn,Set,999.0,8,31,0,3.6,3.3,4,3.18
Newborn,Set,999.0,8,32,0,3.18,3.27,2,2.66
Newborn,Set,999.0,8,33,1,2.66,3.29,4,6.2
Newborn,Set,999.0,8,34,0,6.2,3.91,6,3.26
Newborn,Set,999.0,8,35,0,3.26,3.82,2,3.43
Newborn,Set,999.0,9,36,1,3.43,3.89,6,4.18
Newborn,Set,999.0,9,37,0,4.18,4.27,8,2.5
Newborn,Set,999.0,9,38,0,2.5,3.34,3,2.45
Newborn,Set,999.0,9,39,0,2.45,3.14,2,2.53
Newborn,Set,999.0,10,40,0,2.53,2.92,6,2.81
Newborn,Set,999.0,10,41,1,2.81,2.57,3,3.74
Newborn,Set,999.0,10,42,0,3.74,2.88,2,2.44
Newborn,Set,999.0,10,43,1,2.44,2.88,2,5.01
Newborn,Set,999.0,10,44,1,5.01,3.5,5,5.47
Newborn,Set,999.0,11,45,1,5.47,4.16,4,5.66
Newborn,Set,999.0,11,46,0,5.66,4.65,5,2.71
Newborn,Set,999.0,11,47,0,2.71,4.71,4,3.73
Newborn,Set,999.0,11,48,0,3.73,4.39,5,2.86
Newborn,Set,999.0,12,49,0,2.86,3.74,4,3.21
Newborn,Set,999.0,12,50,0,3.21,3.13,3,3.37
Newborn,Set,999.0,12,51,1,3.37,3.29,6,5.45
Newborn,Set,999.0,12,52,1,5.45,3.72,5,5.63
Newborn,Set,999.0,1,1,0,5.63,4.42,7,3.63
Newborn,Set,999.0,1,2,1,3.63,4.52,7,8.09
Newborn,Set,999.0,1,3,0,8.09,5.7,3,4.35
Newborn,Set,999.0,1,4,0,4.35,5.43,7,3.06
Newborn,Set,999.0,1,5,0,3.06,4.78,4,4.14
Newborn,Set,999.0,2,6,0,4.14,4.91,7,3.65
Newborn,Set,999.0,2,7,0,3.65,3.8,6,4.45
Newborn,Set,999.0,2,8,0,4.45,3.83,3,3.98
Newborn,Set,999.0,2,9,0,3.98,4.06,7,4.15
Newborn,Set,999.0,3,10,1,4.15,4.06,8,9.47
Newborn,Set,999.0,3,11,0,9.47,5.51,5,4.84
Newborn,Set,999.0,3,12,0,4.84,5.61,9,3.99
Newborn,Set,999.0,3,13,0,3.99,5.61,7,3.0
Newborn,Set,999.0,4,14,0,3.0,5.33,8,3.51
Newborn,Set,999.0,4,15,1,3.51,3.84,7,10.41
Newborn,Set,999.0,4,16,0,10.41,5.23,9,4.27
Newborn,Set,999.0,4,17,0,4.27,5.3,6,3.37
Newborn,Set,999.0,5,18,0,3.37,5.39,6,3.52
Newborn,Set,999.0,5,19,0,3.52,5.39,5,4.44
Newborn,Set,999.0,5,20,0,4.44,3.9,6,4.86
Newborn,Set,999.0,5,21,0,4.86,4.05,4,3.72
Newborn,Set,999.0,5,22,0,3.72,4.13,4,4.34
Newborn,Set,999.0,6,23,0,4.34,4.34,3,4.09
Newborn,Set,999.0,6,24,0,4.09,4.25,6,3.68
Newborn,Set,999.0,6,25,0,3.68,3.96,2,3.8
Newborn,Set,999.0,6,26,0,3.8,3.98,7,3.5
Newborn,Set,999.0,7,27,0,3.5,3.77,7,3.92
Newborn,Set,999.0,7,28,0,3.92,3.72,2,3.57
Newborn,Set,999.0,7,29,0,3.57,3.69,6,2.42
Newborn,Set,999.0,7,30,0,2.42,3.35,6,2.95
Newborn,Set,999.0,7,31,0,2.95,3.21,5,2.56
Newborn,Set,999.0,8,32,0,2.56,2.88,6,2.96
Newborn,Set,999.0,8,33,1,2.96,2.72,4,5.47
Newborn,Set,999.0,8,34,0,5.47,3.49,7,2.53
Newborn,Set,999.0,8,35,0,2.53,3.38,3,2.25
Newborn,Set,999.0,9,36,1,2.25,3.3,5,3.75
Newborn,Set,999.0,9,37,0,3.75,3.5,6,3.19
Newborn,Set,999.0,9,38,0,3.19,2.93,4,3.16
Newborn,Set,999.0,9,39,0,3.16,3.09,3,2.15
Newborn,Set,999.0,10,40,0,2.15,3.06,2,2.76
Newborn,Set,999.0,10,41,1,2.76,2.81,5,3.92
Newborn,Set,999.0,10,42,0,3.92,3.0,4,2.34
Newborn,Set,999.0,10,43,1,2.34,2.79,3,5.11
Newborn,Set,999.0,10,44,1,5.11,3.53,7,4.87
Newborn,Set,999.0,11,45,1,4.87,4.06,4,5.99
Newborn,Set,999.0,11,46,0,5.99,4.58,4,1.74
Newborn,Set,999.0,11,47,0,1.74,4.43,8,2.51
Newborn,Set,999.0,11,48,0,2.51,3.78,3,3.31
Newborn,Set,999.0,12,49,0,3.31,3.39,6,2.19
Newborn,Set,999.0,12,50,0,2.19,2.44,4,2.74
Newborn,Set,999.0,12,51,0,2.74,2.69,4,3.62
Newborn,Set,999.0,12,52,1,3.62,2.96,4,8.44
Newborn,Set,999.0,1,1,0,8.44,4.25,3,3.94
Newborn,Set,999.0,1,2,1,3.94,4.69,5,6.41
Newborn,Set,999.0,1,3,1,6.41,5.6,10,9.05
Newborn,Set,999.0,1,4,0,9.05,6.96,5,4.01
Newborn,Set,999.0,1,5,0,4.01,5.85,8,2.95
Newborn,Set,999.0,2,6,0,2.95,5.61,8,2.75
Newborn,Set,999.0,2,7,0,2.75,4.69,8,4.19
Newborn,Set,999.0,2,8,0,4.19,3.47,3,3.7
Newborn,Set,999.0,2,9,0,3.7,3.4,3,3.12
Newborn,Set,999.0,3,10,1,3.12,3.44,3,7.5
Newborn,Set,999.0,3,11,0,7.5,4.63,7,4.55
Newborn,Set,999.0,3,12,0,4.55,4.72,6,3.53
Newborn,Set,999.0,3,13,0,3.53,4.68,5,3.53
Newborn,Set,999.0,4,14,0,3.53,4.78,6,3.81
Newborn,Set,999.0,4,15,1,3.81,3.86,7,7.77
Newborn,Set,999.0,4,16,0,7.77,4.66,7,3.68
Newborn,Set,999.0,4,17,0,3.68,4.7,8,4.25
Newborn,Set,999.0,4,18,0,4.25,4.88,9,4.28
Newborn,Set,999.0,5,19,0,4.28,5.0,4,3.76
Newborn,Set,999.0,5,20,0,3.76,3.99,3,3.36
Newborn,Set,999.0,5,21,0,3.36,3.91,7,3.41
Newborn,Set,999.0,5,22,0,3.41,3.7,4,4.43
Newborn,Set,999.0,6,23,0,4.43,3.74,5,4.69
Newborn,Set,999.0,6,24,0,4.69,3.97,5,2.78
Newborn,Set,999.0,6,25,0,2.78,3.83,5,2.84
Newborn,Set,999.0,6,26,0,2.84,3.68,4,3.08
Newborn,Set,999.0,7,27,0,3.08,3.34,6,3.99
Women,Saree,2999.0,7,28,0,4.86,4.86,5,4.38
Women,Saree,2999.0,7,29,0,4.38,4.74,8,4.96
Women,Saree,2999.0,7,30,0,4.96,4.77,6,4.31
Women,Saree,2999.0,8,31,0,4.31,4.63,4,3.99
Women,Saree,2999.0,8,32,0,3.99,4.41,7,4.07
Women,Saree,2999.0,8,33,1,4.07,4.33,8,6.77
Women,Saree,2999.0,8,34,0,6.77,4.78,6,4.52
Women,Saree,2999.0,8,35,0,4.52,4.84,5,3.57
Women,Saree,2999.0,9,36,1,3.57,4.73,5,7.16
Women,Saree,2999.0,9,37,0,7.16,5.5,4,3.41
Women,Saree,2999.0,9,38,0,3.41,4.66,7,4.83
Women,Saree,2999.0,9,39,0,4.83,4.74,4,3.6
Women,Saree,2999.0,10,40,0,3.6,4.75,7,3.99
Women,Saree,2999.0,10,41,1,3.99,3.96,5,5.32
Women,Saree,2999.0,10,42,0,5.32,4.43,6,2.4
Women,Saree,2999.0,10,43,1,2.4,3.83,4,6.47
Women,Saree,2999.0,10,44,1,6.47,4.55,7,9.25
Women,Saree,2999.0,11,45,1,9.25,5.86,9,8.31
Women,Saree,2999.0,11,46,0,8.31,6.61,9,5.23
Women,Saree,2999.0,11,47,0,5.23,7.32,4,5.0
Women,Saree,2999.0,11,48,0,5.0,6.95,4,3.78
Women,Saree,2999.0,12,49,0,3.78,5.58,9,4.3
Women,Saree,2999.0,12,50,0,4.3,4.58,4,5.48
Women,Saree,2999.0,12,51,1,5.48,4.64,4,8.89
Women,Saree,2999.0,12,52,1,8.89,5.61,10,10.53
Women,Saree,2999.0,1,1,0,10.53,7.3,9,3.86
Women,Saree,2999.0,1,2,1,3.86,7.19,5,10.46
Women,Saree,2999.0,1,3,0,10.46,8.44,10,5.07
Women,Saree,2999.0,1,4,0,5.07,7.48,7,4.56
Women,Saree,2999.0,1,5,0,4.56,5.99,3,5.18
Women,Saree,2999.0,2,6,0,5.18,6.32,11,5.66
Women,Saree,2999.0,2,7,0,5.66,5.12,7,6.31
Women,Saree,2999.0,2,8,0,6.31,5.43,10,6.96
Women,Saree,2999.0,2,9,0,6.96,6.03,4,6.35
Women,Saree,2999.0,3,10,1,6.35,6.32,12,13.58
Women,Saree,2999.0,3,11,0,13.58,8.3,16,4.92
Women,Saree,2999.0,3,12,0,4.92,7.95,5,4.81
Women,Saree,2999.0,3,13,0,4.81,7.41,14,6.28
Women,Saree,2999.0,4,14,0,6.28,7.4,14,4.66
Women,Saree,2999.0,4,15,1,4.66,5.17,3,11.13
Women,Saree,2999.0,4,16,0,11.13,6.72,4,6.47
Women,Saree,2999.0,4,17,0,6.47,7.14,7,6.98
Women,Saree,2999.0,5,18,0,6.98,7.31,9,5.98
Women,Saree,2999.0,5,19,0,5.98,7.64,4,4.74
Women,Saree,2999.0,5,20,0,4.74,6.04,5,5.55
Women,Saree,2999.0,5,21,0,5.55,5.81,5,5.56
Women,Saree,2999.0,5,22,0,5.56,5.45,10,4.79
Women,Saree,2999.0,6,23,0,4.79,5.16,8,4.0
Women,Saree,2999.0,6,24,0,4.0,4.97,8,5.8
Women,Saree,2999.0,6,25,0,5.8,5.04,4,4.87
Women,Saree,2999.0,6,26,0,4.87,4.86,6,5.43
Women,Saree,2999.0,7,27,0,5.43,5.02,8,4.99
Women,Saree,2999.0,7,28,0,4.99,5.27,7,4.54
Women,Saree,2999.0,7,29,0,4.54,4.96,5,4.33
Women,Saree,2999.0,7,30,0,4.33,4.82,6,4.42
Women,Saree,2999.0,7,31,0,4.42,4.57,7,4.72
Women,Saree,2999.0,8,32,0,4.72,4.5,3,2.78
Women,Saree,2999.0,8,33,1,2.78,4.06,6,9.0
Women,Saree,2999.0,8,34,0,9.0,5.23,6,4.36
Women,Saree,2999.0,8,35,0,4.36,5.22,4,4.52
Women,Saree,2999.0,9,36,1,4.52,5.17,6,9.75
Women,Saree,2999.0,9,37,0,9.75,6.91,9,3.52
Women,Saree,2999.0,9,38,0,3.52,5.54,6,3.04
Women,Saree,2999.0,9,39,0,3.04,5.21,8,3.98
Women,Saree,2999.0,10,40,0,3.98,5.07,5,3.93
Women,Saree,2999.0,10,41,1,3.93,3.62,5,7.36
Women,Saree,2999.0,10,42,0,7.36,4.58,7,4.17
Women,Saree,2999.0,10,43,1,4.17,4.86,10,7.14
Women,Saree,2999.0,10,44,1,7.14,5.65,3,7.71
Women,Saree,2999.0,11,45,1,7.71,6.6,10,8.73
Women,Saree,2999.0,11,46,0,8.73,6.94,5,3.92
Women,Saree,2999.0,11,47,0,3.92,6.88,9,4.28
Women,Saree,2999.0,11,48,0,4.28,6.16,3,4.1
Women,Saree,2999.0,12,49,0,4.1,5.26,6,3.72
Women,Saree,2999.0,12,50,0,3.72,4.01,5,5.06
Women,Saree,2999.0,12,51,0,5.06,4.29,3,5.11
Women,Saree,2999.0,12,52,1,5.11,4.5,4,10.43
Women,Saree,2999.0,1,1,0,10.43,6.08,6,4.75
Women,Saree,2999.0,1,2,1,4.75,6.34,12,11.27
Women,Saree,2999.0,1,3,1,11.27,7.89,9,11.6
Women,Saree,2999.0,1,4,0,11.6,9.51,18,2.9
Women,Saree,2999.0,1,5,0,2.9,7.63,13,6.39
Women,Saree,2999.0,2,6,0,6.39,8.04,14,5.3
Women,Saree,2999.0,2,7,0,5.3,6.55,8,5.63
Women,Saree,2999.0,2,8,0,5.63,5.05,9,4.71
Women,Saree,2999.0,2,9,0,4.71,5.51,9,6.92
Women,Saree,2999.0,3,10,1,6.92,5.64,8,10.89
Women,Saree,2999.0,3,11,0,10.89,7.04,13,4.64
Women,Saree,2999.0,3,12,0,4.64,6.79,11,6.99
Women,Saree,2999.0,3,13,0,6.99,7.36,8,5.66
Women,Saree,2999.0,4,14,0,5.66,7.04,4,7.5
Women,Saree,2999.0,4,15,1,7.5,6.2,11,11.66
Women,Saree,2999.0,4,16,0,11.66,7.95,16,5.15
Women,Saree,2999.0,4,17,0,5.15,7.49,6,6.47
Women,Saree,2999.0,4,18,0,6.47,7.69,13,5.5
Women,Saree,2999.0,5,19,0,5.5,7.19,9,6.16
Women,Saree,2999.0,5,20,0,6.16,5.82,5,4.99
Women,Saree,2999.0,5,21,0,4.99,5.78,4,5.89
Women,Saree,2999.0,5,22,0,5.89,5.64,9,5.07
Women,Saree,2999.0,6,23,0,5.07,5.53,10,5.89
Women,Saree,2999.0,6,24,0,5.89,5.46,9,5.11
Women,Saree,2999.0,6,25,0,5.11,5.49,9,5.19
Women,Saree,2999.0,6,26,0,5.19,5.32,10,2.96
Women,Saree,2999.0,7,27,0,2.96,4.79,5,4.65
Newborn,Set,999.0,7,28,0,3.3,3.3,6,3.15
Newborn,Set,999.0,7,29,0,3.15,3.26,5,3.44
Newborn,Set,999.0,7,30,0,3.44,3.3,3,2.54
Newborn,Set,999.0,8,31,0,2.54,3.11,4,3.07
Newborn,Set,999.0,8,32,0,3.07,3.05,2,3.99
Newborn,Set,999.0,8,33,1,3.99,3.26,4,6.68
Newborn,Set,999.0,8,34,0,6.68,4.07,7,2.71
Newborn,Set,999.0,8,35,0,2.71,4.11,6,2.77
Newborn,Set,999.0,9,36,1,2.77,4.04,7,5.01
Newborn,Set,999.0,9,37,0,5.01,4.29,3,2.9
Newborn,Set,999.0,9,38,0,2.9,3.35,6,2.14
Newborn,Set,999.0,9,39,0,2.14,3.2,5,2.48
Newborn,Set,999.0,10,40,0,2.48,3.13,5,2.34
Newborn,Set,999.0,10,41,1,2.34,2.46,4,4.95
Newborn,Set,999.0,10,42,0,4.95,2.98,4,2.75
Newborn,Set,999.0,10,43,1,2.75,3.13,4,3.58
Newborn,Set,999.0,10,44,1,3.58,3.41,6,5.21
Newborn,Set,999.0,11,45,1,5.21,4.12,7,5.12
Newborn,Set,999.0,11,46,0,5.12,4.17,6,3.23
Newborn,Set,999.0,11,47,0,3.23,4.29,5,2.49
Newborn,Set,999.0,11,48,0,2.49,4.01,6,3.05
Newborn,Set,999.0,12,49,0,3.05,3.47,3,2.95
Newborn,Set,999.0,12,50,0,2.95,2.93,5,3.58
Newborn,Set,999.0,12,51,1,3.58,3.02,3,7.18
Newborn,Set,999.0,12,52,1,7.18,4.19,5,8.14
Newborn,Set,999.0,1,1,0,8.14,5.46,7,3.86
Newborn,Set,999.0,1,2,1,3.86,5.69,7,7.11
Newborn,Set,999.0,1,3,0,7.11,6.57,5,3.9
Newborn,Set,999.0,1,4,0,3.9,5.75,10,3.41
Newborn,Set,999.0,1,5,0,3.41,4.57,5,3.68
Newborn,Set,999.0,2,6,0,3.68,4.52,4,3.77
Newborn,Set,999.0,2,7,0,3.77,3.69,5,3.26
Newborn,Set,999.0,2,8,0,3.26,3.53,7,4.54
Newborn,Set,999.0,2,9,0,4.54,3.81,4,4.43
Newborn,Set,999.0,3,10,1,4.43,4.0,5,9.41
Newborn,Set,999.0,3,11,0,9.41,5.41,3,3.83
Newborn,Set,999.0,3,12,0,3.83,5.55,5,3.9
Newborn,Set,999.0,3,13,0,3.9,5.39,4,3.57
Newborn,Set,999.0,4,14,0,3.57,5.18,3,3.26
Newborn,Set,999.0,4,15,1,3.26,3.64,4,8.71
Newborn,Set,999.0,4,16,0,8.71,4.86,6,3.28
Newborn,Set,999.0,4,17,0,3.28,4.71,7,3.23
Newborn,Set,999.0,5,18,0,3.23,4.62,6,4.23
Newborn,Set,999.0,5,19,0,4.23,4.86,6,3.93
Newborn,Set,999.0,5,20,0,3.93,3.67,3,4.17
Newborn,Set,999.0,5,21,0,4.17,3.89,5,3.29
Newborn,Set,999.0,5,22,0,3.29,3.91,7,4.66
Newborn,Set,999.0,6,23,0,4.66,4.01,8,3.1
Newborn,Set,999.0,6,24,0,3.1,3.81,7,3.24
Newborn,Set,999.0,6,25,0,3.24,3.58,5,3.06
Newborn,Set,999.0,6,26,0,3.06,3.52,5,4.26
Newborn,Set,999.0,7,27,0,4.26,3.42,7,3.09
Newborn,Set,999.0,7,28,0,3.09,3.41,4,2.73
Newborn,Set,999.0,7,29,0,2.73,3.29,6,4.26
Newborn,Set,999.0,7,30,0,4.26,3.59,7,3.77
Newborn,Set,999.0,7,31,0,3.77,3.46,5,3.52
Newborn,Set,999.0,8,32,0,3.52,3.57,5,3.57
Newborn,Set,999.0,8,33,1,3.57,3.78,2,4.89
Newborn,Set,999.0,8,34,0,4.89,3.94,5,3.5
Newborn,Set,999.0,8,35,0,3.5,3.87,6,2.66
Newborn,Set,999.0,9,36,1,2.66,3.65,3,5.69
Newborn,Set,999.0,9,37,0,5.69,4.18,3,2.66
Newborn,Set,999.0,9,38,0,2.66,3.63,4,3.21
Newborn,Set,999.0,9,39,0,3.21,3.55,3,1.73
Newborn,Set,999.0,10,40,0,1.73,3.32,5,2.21
Newborn,Set,999.0,10,41,1,2.21,2.45,4,6.49
Newborn,Set,999.0,10,42,0,6.49,3.41,5,2.41
Newborn,Set,999.0,10,43,1,2.41,3.21,4,6.45
Newborn,Set,999.0,10,44,1,6.45,4.39,3,4.88
Newborn,Set,999.0,11,45,1,4.88,5.06,5,5.31
Newborn,Set,999.0,11,46,0,5.31,4.76,5,3.63
Newborn,Set,999.0,11,47,0,3.63,5.07,8,3.21
Newborn,Set,999.0,11,48,0,3.21,4.26,3,3.02
Newborn,Set,999.0,12,49,0,3.02,3.79,5,3.24
Newborn,Set,999.0,12,50,0,3.24,3.27,3,3.57
Newborn,Set,999.0,12,51,0,3.57,3.26,4,3.21
Newborn,Set,999.0,12,52,1,3.21,3.26,5,7.05
Newborn,Set,999.0,1,1,0,7.05,4.27,2,4.53
Newborn,Set,999.0,1,2,1,4.53,4.59,4,5.75
Newborn,Set,999.0,1,3,1,5.75,5.14,8,7.11
Newborn,Set,999.0,1,4,0,7.11,6.11,9,3.29
Newborn,Set,999.0,1,5,0,3.29,5.17,8,3.15
Newborn,Set,999.0,2,6,0,3.15,4.83,3,3.77
Newborn,Set,999.0,2,7,0,3.77,4.33,4,3.27
Newborn,Set,999.0,2,8,0,3.27,3.37,7,3.24
Newborn,Set,999.0,2,9,0,3.24,3.36,3,3.79
Newborn,Set,999.0,3,10,1,3.79,3.52,7,8.45
Newborn,Set,999.0,3,11,0,8.45,4.69,5,4.21
Newborn,Set,999.0,3,12,0,4.21,4.92,3,3.89
Newborn,Set,999.0,3,13,0,3.89,5.09,7,3.19
Newborn,Set,999.0,4,14,0,3.19,4.93,8,3.16
Newborn,Set,999.0,4,15,1,3.16,3.61,2,8.35
Newborn,Set,999.0,4,16,0,8.35,4.65,4,3.58
Newborn,Set,999.0,4,17,0,3.58,4.57,7,4.05
Newborn,Set,999.0,4,18,0,4.05,4.78,9,3.93
Newborn,Set,999.0,5,19,0,3.93,4.98,3,2.8
Newborn,Set,999.0,5,20,0,2.8,3.59,6,4.66
Newborn,Set,999.0,5,21,0,4.66,3.86,4,2.97
Newborn,Set,999.0,5,22,0,2.97,3.59,6,3.54
Newborn,Set,999.0,6,23,0,3.54,3.49,6,2.95
Newborn,Set,999.0,6,24,0,2.95,3.53,7,3.19
Newborn,Set,999.0,6,25,0,3.19,3.16,2,3.18
Newborn,Set,999.0,6,26,0,3.18,3.22,4,3.15
Newborn,Set,999.0,7,27,0,3.15,3.12,3,3.19
Newborn,Romper,1299.0,7,28,0,3.3,3.3,3,4.03
Newborn,Romper,1299.0,7,29,0,4.03,3.48,4,2.69
Newborn,Romper,1299.0,7,30,0,2.69,3.33,3,3.31
Newborn,Romper,1299.0,8,31,0,3.31,3.33,5,3.49
Newborn,Romper,1299.0,8,32,0,3.49,3.38,3,3.11
Newborn,Romper,1299.0,8,33,1,3.11,3.15,2,6.89
Newborn,Romper,1299.0,8,34,0,6.89,4.2,6,2.99
Newborn,Romper,1299.0,8,35,0,2.99,4.12,3,2.93
Newborn,Romper,1299.0,9,36,1,2.93,3.98,4,6.4
Newborn,Romper,1299.0,9,37,0,6.4,4.8,4,2.8
Newborn,Romper,1299.0,9,38,0,2.8,3.78,2,3.13
Newborn,Romper,1299.0,9,39,0,3.13,3.82,5,2.77
Newborn,Romper,1299.0,10,40,0,2.77,3.78,6,3.11
Newborn,Romper,1299.0,10,41,1,3.11,2.95,4,6.62
Newborn,Romper,1299.0,10,42,0,6.62,3.91,6,2.53
Newborn,Romper,1299.0,10,43,1,2.53,3.76,2,4.99
Newborn,Romper,1299.0,10,44,1,4.99,4.31,4,6.64
Newborn,Romper,1299.0,11,45,1,6.64,5.19,7,6.53
Newborn,Romper,1299.0,11,46,0,6.53,5.17,6,2.11
Newborn,Romper,1299.0,11,47,0,2.11,5.07,9,2.99
Newborn,Romper,1299.0,11,48,0,2.99,4.57,3,3.8
Newborn,Romper,1299.0,12,49,0,3.8,3.86,2,2.53
Newborn,Romper,1299.0,12,50,0,2.53,2.86,5,2.54
Newborn,Romper,1299.0,12,51,1,2.54,2.97,2,5.72
Newborn,Romper,1299.0,12,52,1,5.72,3.65,4,6.1
Newborn,Romper,1299.0,1,1,0,6.1,4.22,6,2.55
Newborn,Romper,1299.0,1,2,1,2.55,4.23,8,5.71
Newborn,Romper,1299.0,1,3,0,5.71,5.02,9,2.63
Newborn,Romper,1299.0,1,4,0,2.63,4.25,6,3.66
Newborn,Romper,1299.0,1,5,0,3.66,3.64,5,3.73
Newborn,Romper,1299.0,2,6,0,3.73,3.93,5,4.49
Newborn,Romper,1299.0,2,7,0,4.49,3.63,2,3.92
Newborn,Romper,1299.0,2,8,0,3.92,3.95,7,4.15
Newborn,Romper,1299.0,2,9,0,4.15,4.07,3,4.26
Newborn,Romper,1299.0,3,10,1,4.26,4.2,5,6.7
Newborn,Romper,1299.0,3,11,0,6.7,4.76,3,3.31
Newborn,Romper,1299.0,3,12,0,3.31,4.6,4,3.25
Newborn,Romper,1299.0,3,13,0,3.25,4.38,7,3.71
Newborn,Romper,1299.0,4,14,0,3.71,4.24,3,3.66
Newborn,Romper,1299.0,4,15,1,3.66,3.48,5,7.99
Newborn,Romper,1299.0,4,16,0,7.99,4.65,6,4.4
Newborn,Romper,1299.0,4,17,0,4.4,4.94,9,4.26
Newborn,Romper,1299.0,5,18,0,4.26,5.08,4,3.58
Newborn,Romper,1299.0,5,19,0,3.58,5.06,9,3.44
Newborn,Romper,1299.0,5,20,0,3.44,3.92,6,3.46
Newborn,Romper,1299.0,5,21,0,3.46,3.68,2,3.47
Newborn,Romper,1299.0,5,22,0,3.47,3.49,3,2.88
Newborn,Romper,1299.0,6,23,0,2.88,3.31,6,3.75
Newborn,Romper,1299.0,6,24,0,3.75,3.39,4,4.53
Newborn,Romper,1299.0,6,25,0,4.53,3.66,3,3.45
Newborn,Romper,1299.0,6,26,0,3.45,3.65,3,3.39
Newborn,Romper,1299.0,7,27,0,3.39,3.78,4,3.5
Newborn,Romper,1299.0,7,28,0,3.5,3.72,7,2.68
Newborn,Romper,1299.0,7,29,0,2.68,3.26,6,2.82
Newborn,Romper,1299.0,7,30,0,2.82,3.1,5,2.8
Newborn,Romper,1299.0,7,31,0,2.8,2.95,2,2.47
Newborn,Romper,1299.0,8,32,0,2.47,2.69,4,3.63
Newborn,Romper,1299.0,8,33,1,3.63,2.93,5,6.35
Newborn,Romper,1299.0,8,34,0,6.35,3.81,2,3.15
Newborn,Romper,1299.0,8,35,0,3.15,3.9,4,2.61
Newborn,Romper,1299.0,9,36,1,2.61,3.93,3,5.53
Newborn,Romper,1299.0,9,37,0,5.53,4.41,8,2.51
Newborn,Romper,1299.0,9,38,0,2.51,3.45,5,2.57
Newborn,Romper,1299.0,9,39,0,2.57,3.3,6,2.67
Newborn,Romper,1299.0,10,40,0,2.67,3.32,6,2.58
Newborn,Romper,1299.0,10,41,1,2.58,2.58,4,5.34
Newborn,Romper,1299.0,10,42,0,5.34,3.29,4,2.06
Newborn,Romper,1299.0,10,43,1,2.06,3.16,6,4.51
Newborn,Romper,1299.0,10,44,1,4.51,3.62,7,5.1
Newborn,Romper,1299.0,11,45,1,5.1,4.25,2,5.31
Newborn,Romper,1299.0,11,46,0,5.31,4.24,5,2.7
Newborn,Romper,1299.0,11,47,0,2.7,4.4,3,3.11
Newborn,Romper,1299.0,11,48,0,3.11,4.06,8,3.04
Newborn,Romper,1299.0,12,49,0,3.04,3.54,5,3.18
Newborn,Romper,1299.0,12,50,0,3.18,3.01,4,2.81
Newborn,Romper,1299.0,12,51,0,2.81,3.04,4,2.71
Newborn,Romper,1299.0,12,52,1,2.71,2.94,5,6.29
Newborn,Romper,1299.0,1,1,0,6.29,3.75,7,3.65
Newborn,Romper,1299.0,1,2,1,3.65,3.86,4,8.4
Newborn,Romper,1299.0,1,3,1,8.4,5.26,5,6.37
Newborn,Romper,1299.0,1,4,0,6.37,6.18,4,4.39
Newborn,Romper,1299.0,1,5,0,4.39,5.7,7,3.05
Newborn,Romper,1299.0,2,6,0,3.05,5.55,5,2.88
Newborn,Romper,1299.0,2,7,0,2.88,4.17,8,3.58
Newborn,Romper,1299.0,2,8,0,3.58,3.48,5,3.27
Newborn,Romper,1299.0,2,9,0,3.27,3.2,5,3.45
Newborn,Romper,1299.0,3,10,1,3.45,3.29,2,8.86
Newborn,Romper,1299.0,3,11,0,8.86,4.79,5,4.41
Newborn,Romper,1299.0,3,12,0,4.41,5.0,7,4.09
Newborn,Romper,1299.0,3,13,0,4.09,5.2,3,4.06
Newborn,Romper,1299.0,4,14,0,4.06,5.35,9,3.54
Newborn,Romper,1299.0,4,15,1,3.54,4.02,2,7.7
Newborn,Romper,1299.0,4,16,0,7.7,4.85,6,3.74
Newborn,Romper,1299.0,4,17,0,3.74,4.76,5,3.17
Newborn,Romper,1299.0,4,18,0,3.17,4.54,5,4.93
Newborn,Romper,1299.0,5,19,0,4.93,4.89,6,3.66
Newborn,Romper,1299.0,5,20,0,3.66,3.88,6,3.22
Newborn,Romper,1299.0,5,21,0,3.22,3.74,5,2.97
Newborn,Romper,1299.0,5,22,0,2.97,3.7,6,3.92
Newborn,Romper,1299.0,6,23,0,3.92,3.44,4,4.52
Newborn,Romper,1299.0,6,24,0,4.52,3.66,3,4.63
Newborn,Romper,1299.0,6,25,0,4.63,4.01,4,3.4
Newborn,Romper,1299.0,6,26,0,3.4,4.12,5,3.22
Newborn,Romper,1299.0,7,27,0,3.22,3.94,6,3.33
Kids,Ethnic,2999.0,7,28,0,2.88,2.88,2,2.8
Kids,Ethnic,2999.0,7,29,0,2.8,2.86,2,1.97
Kids,Ethnic,2999.0,7,30,0,1.97,2.63,2,2.47
Kids,Ethnic,2999.0,8,31,0,2.47,2.53,5,2.7
Kids,Ethnic,2999.0,8,32,0,2.7,2.49,4,2.72
Kids,Ethnic,2999.0,8,33,1,2.72,2.47,4,5.38
Kids,Ethnic,2999.0,8,34,0,5.38,3.32,4,2.44
Kids,Ethnic,2999.0,8,35,0,2.44,3.31,3,2.01
Kids,Ethnic,2999.0,9,36,1,2.01,3.14,2,4.62
Kids,Ethnic,2999.0,9,37,0,4.62,3.61,3,2.77
Kids,Ethnic,2999.0,9,38,0,2.77,2.96,4,2.45
Kids,Ethnic,2999.0,9,39,0,2.45,2.96,4,2.21
Kids,Ethnic,2999.0,10,40,0,2.21,3.01,5,3.06
Kids,Ethnic,2999.0,10,41,1,3.06,2.62,3,4.69
Kids,Ethnic,2999.0,10,42,0,4.69,3.1,6,2.28
Kids,Ethnic,2999.0,10,43,1,2.28,3.06,6,5.19
Kids,Ethnic,2999.0,10,44,1,5.19,3.8,4,3.96
Kids,Ethnic,2999.0,11,45,1,3.96,4.03,7,4.62
Kids,Ethnic,2999.0,11,46,0,4.62,4.01,5,2.42
Kids,Ethnic,2999.0,11,47,0,2.42,4.05,6,1.93
Kids,Ethnic,2999.0,11,48,0,1.93,3.23,5,2.65
Kids,Ethnic,2999.0,12,49,0,2.65,2.91,4,2.84
Kids,Ethnic,2999.0,12,50,0,2.84,2.46,2,2.49
Kids,Ethnic,2999.0,12,51,1,2.49,2.48,5,6.15
Kids,Ethnic,2999.0,12,52,1,6.15,3.53,4,6.6
Kids,Ethnic,2999.0,1,1,0,6.6,4.52,5,3.43
Kids,Ethnic,2999.0,1,2,1,3.43,4.67,6,5.03
Kids,Ethnic,2999.0,1,3,0,5.03,5.3,6,3.1
Kids,Ethnic,2999.0,1,4,0,3.1,4.54,9,4.11
Kids,Ethnic,2999.0,1,5,0,4.11,3.92,6,3.46
Kids,Ethnic,2999.0,2,6,0,3.46,3.93,6,3.29
Kids,Ethnic,2999.0,2,7,0,3.29,3.49,2,3.77
Kids,Ethnic,2999.0,2,8,0,3.77,3.66,4,3.44
Kids,Ethnic,2999.0,2,9,0,3.44,3.49,6,2.84
Kids,Ethnic,2999.0,3,10,1,2.84,3.33,7,7.83
Kids,Ethnic,2999.0,3,11,0,7.83,4.47,3,3.48
Kids,Ethnic,2999.0,3,12,0,3.48,4.4,4,4.29
Kids,Ethnic,2999.0,3,13,0,4.29,4.61,4,2.91
Kids,Ethnic,2999.0,4,14,0,2.91,4.63,5,3.52
Kids,Ethnic,2999.0,4,15,1,3.52,3.55,5,8.49
Kids,Ethnic,2999.0,4,16,0,8.49,4.81,4,3.56
Kids,Ethnic,2999.0,4,17,0,3.56,4.62,9,1.77
Kids,Ethnic,2999.0,5,18,0,1.77,4.34,8,3.79
Kids,Ethnic,2999.0,5,19,0,3.79,4.4,4,3.91
Kids,Ethnic,2999.0,5,20,0,3.91,3.26,3,3.34
Kids,Ethnic,2999.0,5,21,0,3.34,3.2,6,2.87
Kids,Ethnic,2999.0,5,22,0,2.87,3.47,3,3.64
Kids,Ethnic,2999.0,6,23,0,3.64,3.44,4,3.08
Kids,Ethnic,2999.0,6,24,0,3.08,3.23,5,2.21
Kids,Ethnic,2999.0,6,25,0,2.21,2.95,2,3.59
Kids,Ethnic,2999.0,6,26,0,3.59,3.13,3,3.72
Kids,Ethnic,2999.0,7,27,0,3.72,3.15,2,2.62
Kids,Ethnic,2999.0,7,28,0,2.62,3.04,2,2.81
Kids,Ethnic,2999.0,7,29,0,2.81,3.19,5,3.5
Kids,Ethnic,2999.0,7,30,0,3.5,3.16,2,3.29
Kids,Ethnic,2999.0,7,31,0,3.29,3.05,2,2.84
Kids,Ethnic,2999.0,8,32,0,2.84,3.11,2,3.09
Kids,Ethnic,2999.0,8,33,1,3.09,3.18,6,4.84
Kids,Ethnic,2999.0,8,34,0,4.84,3.52,4,1.97
Kids,Ethnic,2999.0,8,35,0,1.97,3.19,6,2.83
Kids,Ethnic,2999.0,9,36,1,2.83,3.18,5,4.73
Kids,Ethnic,2999.0,9,37,0,4.73,3.59,3,1.81
Kids,Ethnic,2999.0,9,38,0,1.81,2.83,5,2.13
Kids,Ethnic,2999.0,9,39,0,2.13,2.88,6,2.23
Kids,Ethnic,2999.0,10,40,0,2.23,2.73,1,2.27
Kids,Ethnic,2999.0,10,41,1,2.27,2.11,1,4.15
Kids,Ethnic,2999.0,10,42,0,4.15,2.69,5,1.99
Kids,Ethnic,2999.0,10,43,1,1.99,2.66,3,3.56
Kids,Ethnic,2999.0,10,44,1,3.56,2.99,1,3.58
Kids,Ethnic,2999.0,11,45,1,3.58,3.32,6,4.81
Kids,Ethnic,2999.0,11,46,0,4.81,3.48,7,2.56
Kids,Ethnic,2999.0,11,47,0,2.56,3.63,3,2.13
Kids,Ethnic,2999.0,11,48,0,2.13,3.27,2,3.11
Kids,Ethnic,2999.0,12,49,0,3.11,3.15,5,2.47
Kids,Ethnic,2999.0,12,50,0,2.47,2.57,2,2.64
Kids,Ethnic,2999.0,12,51,0,2.64,2.59,5,2.69
Kids,Ethnic,2999.0,12,52,1,2.69,2.73,3,4.14
Kids,Ethnic,2999.0,1,1,0,4.14,2.99,2,3.33
Kids,Ethnic,2999.0,1,2,1,3.33,3.2,3,6.45
Kids,Ethnic,2999.0,1,3,1,6.45,4.15,3,7.38
Kids,Ethnic,2999.0,1,4,0,7.38,5.32,5,3.73
Kids,Ethnic,2999.0,1,5,0,3.73,5.22,3,3.38
Kids,Ethnic,2999.0,2,6,0,3.38,5.23,10,3.54
Kids,Ethnic,2999.0,2,7,0,3.54,4.51,2,2.75
Kids,Ethnic,2999.0,2,8,0,2.75,3.35,3,3.13
Kids,Ethnic,2999.0,2,9,0,3.13,3.2,4,3.27
Kids,Ethnic,2999.0,3,10,1,3.27,3.17,5,6.27
Kids,Ethnic,2999.0,3,11,0,6.27,3.86,5,4.12
Kids,Ethnic,2999.0,3,12,0,4.12,4.2,8,3.53
Kids,Ethnic,2999.0,3,13,0,3.53,4.3,3,3.06
Kids,Ethnic,2999.0,4,14,0,3.06,4.24,8,4.12
Kids,Ethnic,2999.0,4,15,1,4.12,3.71,6,7.12
Kids,Ethnic,2999.0,4,16,0,7.12,4.46,7,3.93
Kids,Ethnic,2999.0,4,17,0,3.93,4.56,7,2.87
Kids,Ethnic,2999.0,4,18,0,2.87,4.51,9,3.53
Kids,Ethnic,2999.0,5,19,0,3.53,4.36,5,2.94
Kids,Ethnic,2999.0,5,20,0,2.94,3.32,3,3.42
Kids,Ethnic,2999.0,5,21,0,3.42,3.19,5,3.55
Kids,Ethnic,2999.0,5,22,0,3.55,3.36,6,2.65
Kids,Ethnic,2999.0,6,23,0,2.65,3.14,3,3.12
Kids,Ethnic,2999.0,6,24,0,3.12,3.19,4,2.58
Kids,Ethnic,2999.0,6,25,0,2.58,2.98,5,3.47
Kids,Ethnic,2999.0,6,26,0,3.47,2.96,6,2.97
Kids,Ethnic,2999.0,7,27,0,2.97,3.04,6,2.54
Men,Shirt,1999.0,7,28,0,6.0,6.0,10,5.31
Men,Shirt,1999.0,7,29,0,5.31,5.83,3,5.3
Men,Shirt,1999.0,7,30,0,5.3,5.65,8,6.7
Men,Shirt,1999.0,8,31,0,6.7,5.83,5,5.32
Men,Shirt,1999.0,8,32,0,5.32,5.66,8,5.91
Men,Shirt,1999.0,8,33,1,5.91,5.81,9,10.27
Men,Shirt,1999.0,8,34,0,10.27,7.05,6,4.26
Men,Shirt,1999.0,8,35,0,4.26,6.44,8,4.56
Men,Shirt,1999.0,9,36,1,4.56,6.25,10,10.31
Men,Shirt,1999.0,9,37,0,10.31,7.35,12,3.57
Men,Shirt,1999.0,9,38,0,3.57,5.68,9,5.19
Men,Shirt,1999.0,9,39,0,5.19,5.91,3,4.32
Men,Shirt,1999.0,10,40,0,4.32,5.85,6,4.92
Men,Shirt,1999.0,10,41,1,4.92,4.5,3,8.9
Men,Shirt,1999.0,10,42,0,8.9,5.83,8,5.36
Men,Shirt,1999.0,10,43,1,5.36,5.87,9,9.87
Men,Shirt,1999.0,10,44,1,9.87,7.26,5,10.92
Men,Shirt,1999.0,11,45,1,10.92,8.76,10,7.66
Men,Shirt,1999.0,11,46,0,7.66,8.45,15,5.0
Men,Shirt,1999.0,11,47,0,5.0,8.37,9,4.71
Men,Shirt,1999.0,11,48,0,4.71,7.07,9,5.75
Men,Shirt,1999.0,12,49,0,5.75,5.78,5,6.33
Men,Shirt,1999.0,12,50,0,6.33,5.45,6,6.45
Men,Shirt,1999.0,12,51,1,6.45,5.81,5,14.16
Men,Shirt,1999.0,12,52,1,14.16,8.17,14,13.67
Men,Shirt,1999.0,1,1,0,13.67,10.15,19,5.87
Men,Shirt,1999.0,1,2,1,5.87,10.04,5,10.68
Men,Shirt,1999.0,1,3,0,10.68,11.09,21,4.86
Men,Shirt,1999.0,1,4,0,4.86,8.77,16,5.54
Men,Shirt,1999.0,1,5,0,5.54,6.74,9,4.92
Men,Shirt,1999.0,2,6,0,4.92,6.5,8,5.44
Men,Shirt,1999.0,2,7,0,5.44,5.19,10,7.09
Men,Shirt,1999.0,2,8,0,7.09,5.75,3,5.25
Men,Shirt,1999.0,2,9,0,5.25,5.68,6,7.41
Men,Shirt,1999.0,3,10,1,7.41,6.3,9,13.0
Men,Shirt,1999.0,3,11,0,13.0,8.19,11,7.23
Men,Shirt,1999.0,3,12,0,7.23,8.22,9,7.29
Men,Shirt,1999.0,3,13,0,7.29,8.73,17,8.83
Men,Shirt,1999.0,4,14,0,8.83,9.09,9,7.36
Men,Shirt,1999.0,4,15,1,7.36,7.68,10,11.74
Men,Shirt,1999.0,4,16,0,11.74,8.8,13,6.23
Men,Shirt,1999.0,4,17,0,6.23,8.54,12,7.23
Men,Shirt,1999.0,5,18,0,7.23,8.14,8,6.8
Men,Shirt,1999.0,5,19,0,6.8,8.0,12,7.13
Men,Shirt,1999.0,5,20,0,7.13,6.85,4,7.29
Men,Shirt,1999.0,5,21,0,7.29,7.11,7,5.93
Men,Shirt,1999.0,5,22,0,5.93,6.79,10,7.09
Men,Shirt,1999.0,6,23,0,7.09,6.86,12,7.07
Men,Shirt,1999.0,6,24,0,7.07,6.84,13,6.56
Men,Shirt,1999.0,6,25,0,6.56,6.66,10,8.0
Men,Shirt,1999.0,6,26,0,8.0,7.18,13,4.72
Men,Shirt,1999.0,7,27,0,4.72,6.58,6,7.49
Men,Shirt,1999.0,7,28,0,7.49,6.69,12,5.54
Men,Shirt,1999.0,7,29,0,5.54,6.43,10,5.08
Men,Shirt,1999.0,7,30,0,5.08,5.71,7,5.94
Men,Shirt,1999.0,7,31,0,5.94,6.01,8,4.98
Men,Shirt,1999.0,8,32,0,4.98,5.39,5,6.04
Men,Shirt,1999.0,8,33,1,6.04,5.51,4,9.82
Men,Shirt,1999.0,8,34,0,9.82,6.69,10,5.91
Men,Shirt,1999.0,8,35,0,5.91,6.68,5,4.25
Men,Shirt,1999.0,9,36,1,4.25,6.5,10,10.32
Men,Shirt,1999.0,9,37,0,10.32,7.58,8,4.31
Men,Shirt,1999.0,9,38,0,4.31,6.2,3,5.09
Men,Shirt,1999.0,9,39,0,5.09,5.99,9,3.82
Men,Shirt,1999.0,10,40,0,3.82,5.88,10,3.87
Men,Shirt,1999.0,10,41,1,3.87,4.27,7,9.1
Men,Shirt,1999.0,10,42,0,9.1,5.47,9,5.66
Men,Shirt,1999.0,10,43,1,5.66,5.61,7,7.59
Men,Shirt,1999.0,10,44,1,7.59,6.56,8,11.88
Men,Shirt,1999.0,11,45,1,11.88,8.56,12,10.59
Men,Shirt,1999.0,11,46,0,10.59,8.93,8,5.92
Men,Shirt,1999.0,11,47,0,5.92,8.99,8,5.26
Men,Shirt,1999.0,11,48,0,5.26,8.41,9,5.48
Men,Shirt,1999.0,12,49,0,5.48,6.81,7,5.29
Men,Shirt,1999.0,12,50,0,5.29,5.49,3,5.33
Men,Shirt,1999.0,12,51,0,5.33,5.34,6,6.36
Men,Shirt,1999.0,12,52,1,6.36,5.61,7,10.01
Men,Shirt,1999.0,1,1,0,10.01,6.75,12,6.04
Men,Shirt,1999.0,1,2,1,6.04,6.94,7,9.54
Men,Shirt,1999.0,1,3,1,9.54,7.99,15,10.25
Men,Shirt,1999.0,1,4,0,10.25,8.96,8,6.37
Men,Shirt,1999.0,1,5,0,6.37,8.05,15,5.97
Men,Shirt,1999.0,2,6,0,5.97,8.03,9,6.51
Men,Shirt,1999.0,2,7,0,6.51,7.27,13,5.94
Men,Shirt,1999.0,2,8,0,5.94,6.2,4,7.54
Men,Shirt,1999.0,2,9,0,7.54,6.49,13,5.74
Men,Shirt,1999.0,3,10,1,5.74,6.43,7,17.82
Men,Shirt,1999.0,3,11,0,17.82,9.26,9,8.49
Men,Shirt,1999.0,3,12,0,8.49,9.9,19,7.68
Men,Shirt,1999.0,3,13,0,7.68,9.93,10,5.77
Men,Shirt,1999.0,4,14,0,5.77,9.94,11,7.0
Men,Shirt,1999.0,4,15,1,7.0,7.24,9,15.54
Men,Shirt,1999.0,4,16,0,15.54,9.0,11,8.22
Men,Shirt,1999.0,4,17,0,8.22,9.13,12,8.16
Men,Shirt,1999.0,4,18,0,8.16,9.73,13,7.85
Men,Shirt,1999.0,5,19,0,7.85,9.94,16,4.92
Men,Shirt,1999.0,5,20,0,4.92,7.29,12,5.91
Men,Shirt,1999.0,5,21,0,5.91,6.71,4,7.58
Men,Shirt,1999.0,5,22,0,7.58,6.56,10,6.12
Men,Shirt,1999.0,6,23,0,6.12,6.13,8,6.84
Men,Shirt,1999.0,6,24,0,6.84,6.61,4,8.16
Men,Shirt,1999.0,6,25,0,8.16,7.18,6,5.71
Men,Shirt,1999.0,6,26,0,5.71,6.71,7,7.11
Men,Shirt,1999.0,7,27,0,7.11,6.96,6,6.31
Women,Dress,2999.0,7,28,0,4.86,4.86,5,6.33
Women,Dress,2999.0,7,29,0,6.33,5.23,9,4.82
Women,Dress,2999.0,7,30,0,4.82,5.22,4,4.1
Women,Dress,2999.0,8,31,0,4.1,5.03,6,4.38
Women,Dress,2999.0,8,32,0,4.38,4.91,10,3.62
Women,Dress,2999.0,8,33,1,3.62,4.23,4,9.23
Women,Dress,2999.0,8,34,0,9.23,5.33,10,3.86
Women,Dress,2999.0,8,35,0,3.86,5.27,9,4.05
Women,Dress,2999.0,9,36,1,4.05,5.19,9,9.32
Women,Dress,2999.0,9,37,0,9.32,6.61,11,3.28
Women,Dress,2999.0,9,38,0,3.28,5.13,8,4.48
Women,Dress,2999.0,9,39,0,4.48,5.28,7,3.07
Women,Dress,2999.0,10,40,0,3.07,5.04,4,3.83
Women,Dress,2999.0,10,41,1,3.83,3.67,2,8.37
Women,Dress,2999.0,10,42,0,8.37,4.94,9,4.39
Women,Dress,2999.0,10,43,1,4.39,4.92,3,6.72
Women,Dress,2999.0,10,44,1,6.72,5.83,5,10.27
Women,Dress,2999.0,11,45,1,10.27,7.44,10,8.8
Women,Dress,2999.0,11,46,0,8.8,7.54,9,4.67
Women,Dress,2999.0,11,47,0,4.67,7.61,12,4.58
Women,Dress,2999.0,11,48,0,4.58,7.08,6,3.71
Women,Dress,2999.0,12,49,0,3.71,5.44,6,4.0
Women,Dress,2999.0,12,50,0,4.0,4.24,3,5.45
Women,Dress,2999.0,12,51,1,5.45,4.43,4,11.22
Women,Dress,2999.0,12,52,1,11.22,6.09,7,6.98
Women,Dress,2999.0,1,1,0,6.98,6.91,11,5.4
Women,Dress,2999.0,1,2,1,5.4,7.26,9,9.84
Women,Dress,2999.0,1,3,0,9.84,8.36,13,5.46
Women,Dress,2999.0,1,4,0,5.46,6.92,7,5.39
Women,Dress,2999.0,1,5,0,5.39,6.52,7,5.48
Women,Dress,2999.0,2,6,0,5.48,6.54,4,4.78
Women,Dress,2999.0,2,7,0,4.78,5.28,5,6.37
Women,Dress,2999.0,2,8,0,6.37,5.5,7,5.15
Women,Dress,2999.0,2,9,0,5.15,5.44,9,5.56
Women,Dress,2999.0,3,10,1,5.56,5.46,6,10.12
Women,Dress,2999.0,3,11,0,10.12,6.8,11,5.8
Women,Dress,2999.0,3,12,0,5.8,6.66,13,4.78
Women,Dress,2999.0,3,13,0,4.78,6.56,9,5.39
Women,Dress,2999.0,4,14,0,5.39,6.52,7,6.71
Women,Dress,2999.0,4,15,1,6.71,5.67,4,9.82
Women,Dress,2999.0,4,16,0,9.82,6.67,4,6.39
Women,Dress,2999.0,4,17,0,6.39,7.08,6,4.67
Women,Dress,2999.0,5,18,0,4.67,6.9,11,5.19
Women,Dress,2999.0,5,19,0,5.19,6.52,11,5.14
Women,Dress,2999.0,5,20,0,5.14,5.35,10,6.32
Women,Dress,2999.0,5,21,0,6.32,5.33,3,6.59
Women,Dress,2999.0,5,22,0,6.59,5.81,6,5.14
Women,Dress,2999.0,6,23,0,5.14,5.8,7,4.35
Women,Dress,2999.0,6,24,0,4.35,5.6,7,4.82
Women,Dress,2999.0,6,25,0,4.82,5.22,10,4.78
Women,Dress,2999.0,6,26,0,4.78,4.77,7,4.59
Women,Dress,2999.0,7,27,0,4.59,4.63,4,4.75
Women,Dress,2999.0,7,28,0,4.75,4.73,8,4.16
Women,Dress,2999.0,7,29,0,4.16,4.57,8,3.82
Women,Dress,2999.0,7,30,0,3.82,4.33,4,3.33
Women,Dress,2999.0,7,31,0,3.33,4.02,3,4.95
Women,Dress,2999.0,8,32,0,4.95,4.06,2,4.41
Women,Dress,2999.0,8,33,1,4.41,4.13,6,9.14
Women,Dress,2999.0,8,34,0,9.14,5.46,9,4.39
Women,Dress,2999.0,8,35,0,4.39,5.72,4,4.02
Women,Dress,2999.0,9,36,1,4.02,5.49,4,7.84
Women,Dress,2999.0,9,37,0,7.84,6.35,10,5.01
Women,Dress,2999.0,9,38,0,5.01,5.31,8,3.63
Women,Dress,2999.0,9,39,0,3.63,5.12,7,3.92
Women,Dress,2999.0,10,40,0,3.92,5.1,7,3.66
Women,Dress,2999.0,10,41,1,3.66,4.06,3,6.7
Women,Dress,2999.0,10,42,0,6.7,4.48,5,5.28
Women,Dress,2999.0,10,43,1,5.28,4.89,5,8.56
Women,Dress,2999.0,10,44,1,8.56,6.05,10,7.27
Women,Dress,2999.0,11,45,1,7.27,6.95,5,7.14
Women,Dress,2999.0,11,46,0,7.14,7.06,7,4.57
Women,Dress,2999.0,11,47,0,4.57,6.88,9,4.92
Women,Dress,2999.0,11,48,0,4.92,5.97,11,3.64
Women,Dress,2999.0,12,49,0,3.64,5.07,7,4.32
Women,Dress,2999.0,12,50,0,4.32,4.36,3,4.56
Women,Dress,2999.0,12,51,0,4.56,4.36,4,4.68
Women,Dress,2999.0,12,52,1,4.68,4.3,8,9.86
Women,Dress,2999.0,1,1,0,9.86,5.85,8,4.69
Women,Dress,2999.0,1,2,1,4.69,5.95,10,9.86
Women,Dress,2999.0,1,3,1,9.86,7.27,9,10.17
Women,Dress,2999.0,1,4,0,10.17,8.65,9,4.35
Women,Dress,2999.0,1,5,0,4.35,7.27,6,6.74
Women,Dress,2999.0,2,6,0,6.74,7.78,8,6.03
Women,Dress,2999.0,2,7,0,6.03,6.82,7,6.37
Women,Dress,2999.0,2,8,0,6.37,5.87,7,5.83
Women,Dress,2999.0,2,9,0,5.83,6.24,11,7.66
Women,Dress,2999.0,3,10,1,7.66,6.47,5,7.3
Women,Dress,2999.0,3,11,0,7.3,6.79,12,5.84
Women,Dress,2999.0,3,12,0,5.84,6.66,10,5.07
Women,Dress,2999.0,3,13,0,5.07,6.47,7,5.97
Women,Dress,2999.0,4,14,0,5.97,6.04,4,7.16
Women,Dress,2999.0,4,15,1,7.16,6.01,8,12.8
Women,Dress,2999.0,4,16,0,12.8,7.75,11,5.78
Women,Dress,2999.0,4,17,0,5.78,7.93,15,7.18
Women,Dress,2999.0,4,18,0,7.18,8.23,15,6.51
Women,Dress,2999.0,5,19,0,6.51,8.07,12,6.12
Women,Dress,2999.0,5,20,0,6.12,6.4,4,6.01
Women,Dress,2999.0,5,21,0,6.01,6.45,11,6.2
Women,Dress,2999.0,5,22,0,6.2,6.21,7,4.96
Women,Dress,2999.0,6,23,0,4.96,5.82,6,4.77
Women,Dress,2999.0,6,24,0,4.77,5.49,5,4.46
Women,Dress,2999.0,6,25,0,4.46,5.1,3,4.7
Women,Dress,2999.0,6,26,0,4.7,4.72,8,6.13
Women,Dress,2999.0,7,27,0,6.13,5.02,9,4.74
Kids,Frock,299.0,7,28,0,7.68,7.68,7,9.17
Kids,Frock,299.0,7,29,0,9.17,8.05,5,6.6
Kids,Frock,299.0,7,30,0,6.6,7.78,13,8.25
Kids,Frock,299.0,8,31,0,8.25,7.93,11,8.28
Kids,Frock,299.0,8,32,0,8.28,8.07,12,6.91
Kids,Frock,299.0,8,33,1,6.91,7.51,13,12.85
Kids,Frock,299.0,8,34,0,12.85,9.07,6,5.76
Kids,Frock,299.0,8,35,0,5.76,8.45,6,7.32
Kids,Frock,299.0,9,36,1,7.32,8.21,10,12.17
Kids,Frock,299.0,9,37,0,12.17,9.53,18,5.91
Kids,Frock,299.0,9,38,0,5.91,7.79,4,6.53
Kids,Frock,299.0,9,39,0,6.53,7.98,8,6.76
Kids,Frock,299.0,10,40,0,6.76,7.84,13,5.42
Kids,Frock,299.0,10,41,1,5.42,6.15,12,13.05
Kids,Frock,299.0,10,42,0,13.05,7.94,6,7.47
Kids,Frock,299.0,10,43,1,7.47,8.17,13,10.75
Kids,Frock,299.0,10,44,1,10.75,9.17,13,14.67
Kids,Frock,299.0,11,45,1,14.67,11.48,14,14.89
Kids,Frock,299.0,11,46,0,14.89,11.95,23,7.68
Kids,Frock,299.0,11,47,0,7.68,12.0,22,7.44
Kids,Frock,299.0,11,48,0,7.44,11.17,15,7.55
Kids,Frock,299.0,12,49,0,7.55,9.39,6,8.08
Kids,Frock,299.0,12,50,0,8.08,7.69,13,7.63
Kids,Frock,299.0,12,51,1,7.63,7.67,11,13.89
Kids,Frock,299.0,12,52,1,13.89,9.29,9,14.19
Kids,Frock,299.0,1,1,0,14.19,10.95,12,7.67
Kids,Frock,299.0,1,2,1,7.67,10.85,7,17.68
Kids,Frock,299.0,1,3,0,17.68,13.36,17,8.07
Kids,Frock,299.0,1,4,0,8.07,11.9,24,8.04
Kids,Frock,299.0,1,5,0,8.04,10.37,13,9.83
Kids,Frock,299.0,2,6,0,9.83,10.9,9,8.86
Kids,Frock,299.0,2,7,0,8.86,8.7,13,7.12
Kids,Frock,299.0,2,8,0,7.12,8.46,5,7.61
Kids,Frock,299.0,2,9,0,7.61,8.35,8,7.56
Kids,Frock,299.0,3,10,1,7.56,7.79,12,18.12
Kids,Frock,299.0,3,11,0,18.12,10.1,16,7.89
Kids,Frock,299.0,3,12,0,7.89,10.3,10,8.94
Kids,Frock,299.0,3,13,0,8.94,10.63,7,8.55
Kids,Frock,299.0,4,14,0,8.55,10.88,16,7.28
Kids,Frock,299.0,4,15,1,7.28,8.17,15,15.75
Kids,Frock,299.0,4,16,0,15.75,10.13,7,11.41
Kids,Frock,299.0,4,17,0,11.41,10.75,20,8.69
Kids,Frock,299.0,5,18,0,8.69,10.78,7,8.53
Kids,Frock,299.0,5,19,0,8.53,11.09,11,8.37
Kids,Frock,299.0,5,20,0,8.37,9.25,16,9.16
Kids,Frock,299.0,5,21,0,9.16,8.69,9,8.7
Kids,Frock,299.0,5,22,0,8.7,8.69,15,10.94
Kids,Frock,299.0,6,23,0,10.94,9.29,15,9.82
Kids,Frock,299.0,6,24,0,9.82,9.66,16,10.47
Kids,Frock,299.0,6,25,0,10.47,9.98,7,8.92
Kids,Frock,299.0,6,26,0,8.92,10.04,18,8.56
Kids,Frock,299.0,7,27,0,8.56,9.44,11,6.5
Kids,Frock,299.0,7,28,0,6.5,8.61,16,5.42
Kids,Frock,299.0,7,29,0,5.42,7.35,7,5.91
Kids,Frock,299.0,7,30,0,5.91,6.6,8,5.65
Kids,Frock,299.0,7,31,0,5.65,5.87,10,6.8
Kids,Frock,299.0,8,32,0,6.8,5.95,11,7.73
Kids,Frock,299.0,8,33,1,7.73,6.52,4,12.09
Kids,Frock,299.0,8,34,0,12.09,8.07,6,5.72
Kids,Frock,299.0,8,35,0,5.72,8.08,11,7.21
Kids,Frock,299.0,9,36,1,7.21,8.19,5,11.09
Kids,Frock,299.0,9,37,0,11.09,9.03,17,7.69
Kids,Frock,299.0,9,38,0,7.69,7.93,10,5.32
Kids,Frock,299.0,9,39,0,5.32,7.83,4,7.01
Kids,Frock,299.0,10,40,0,7.01,7.78,10,6.42
Kids,Frock,299.0,10,41,1,6.42,6.61,5,8.44
Kids,Frock,299.0,10,42,0,8.44,6.8,9,5.52
Kids,Frock,299.0,10,43,1,5.52,6.85,6,14.38
Kids,Frock,299.0,10,44,1,14.38,8.69,13,10.05
Kids,Frock,299.0,11,45,1,10.05,9.6,11,12.19
Kids,Frock,299.0,11,46,0,12.19,10.54,15,5.23
Kids,Frock,299.0,11,47,0,5.23,10.46,12,6.56
Kids,Frock,299.0,11,48,0,6.56,8.51,11,7.24
Kids,Frock,299.0,12,49,0,7.24,7.81,13,7.14
Kids,Frock,299.0,12,50,0,7.14,6.54,5,7.4
Kids,Frock,299.0,12,51,0,7.4,7.08,12,7.48
Kids,Frock,299.0,12,52,1,7.48,7.31,7,14.56
Kids,Frock,299.0,1,1,0,14.56,9.14,18,8.64
Kids,Frock,299.0,1,2,1,8.64,9.52,16,12.47
Kids,Frock,299.0,1,3,1,12.47,10.79,10,19.77
Kids,Frock,299.0,1,4,0,19.77,13.86,19,8.47
Kids,Frock,299.0,1,5,0,8.47,12.34,21,6.78
Kids,Frock,299.0,2,6,0,6.78,11.87,11,10.29
Kids,Frock,299.0,2,7,0,10.29,11.33,15,8.48
Kids,Frock,299.0,2,8,0,8.48,8.5,15,8.18
Kids,Frock,299.0,2,9,0,8.18,8.43,7,7.25
Kids,Frock,299.0,3,10,1,7.25,8.55,5,16.46
Kids,Frock,299.0,3,11,0,16.46,10.09,7,10.31
Kids,Frock,299.0,3,12,0,10.31,10.55,16,8.0
Kids,Frock,299.0,3,13,0,8.0,10.5,16,10.43
Kids,Frock,299.0,4,14,0,10.43,11.3,12,8.74
Kids,Frock,299.0,4,15,1,8.74,9.37,18,12.54
Kids,Frock,299.0,4,16,0,12.54,9.93,10,7.82
Kids,Frock,299.0,4,17,0,7.82,9.88,15,8.35
Kids,Frock,299.0,4,18,0,8.35,9.36,17,9.67
Kids,Frock,299.0,5,19,0,9.67,9.59,9,9.23
Kids,Frock,299.0,5,20,0,9.23,8.77,16,10.98
Kids,Frock,299.0,5,21,0,10.98,9.55,10,8.3
Kids,Frock,299.0,5,22,0,8.3,9.54,10,9.72
Kids,Frock,299.0,6,23,0,9.72,9.56,12,8.22
Kids,Frock,299.0,6,24,0,8.22,9.3,10,7.25
Kids,Frock,299.0,6,25,0,7.25,8.37,16,6.66
Kids,Frock,299.0,6,26,0,6.66,7.96,12,7.52
Kids,Frock,299.0,7,27,0,7.52,7.41,8,7.66
Men,Shirt,2999.0,7,28,0,3.6,3.6,4,4.15
Men,Shirt,2999.0,7,29,0,4.15,3.74,7,4.21
Men,Shirt,2999.0,7,30,0,4.21,3.89,6,4.11
Men,Shirt,2999.0,8,31,0,4.11,4.02,2,2.9
Men,Shirt,2999.0,8,32,0,2.9,3.84,3,2.74
Men,Shirt,2999.0,8,33,1,2.74,3.49,6,5.63
Men,Shirt,2999.0,8,34,0,5.63,3.84,3,2.96
Men,Shirt,2999.0,8,35,0,2.96,3.56,5,2.27
Men,Shirt,2999.0,9,36,1,2.27,3.4,5,5.07
Men,Shirt,2999.0,9,37,0,5.07,3.98,7,3.45
Men,Shirt,2999.0,9,38,0,3.45,3.44,3,3.01
Men,Shirt,2999.0,9,39,0,3.01,3.45,2,2.65
Men,Shirt,2999.0,10,40,0,2.65,3.54,6,2.23
Men,Shirt,2999.0,10,41,1,2.23,2.83,2,6.0
Men,Shirt,2999.0,10,42,0,6.0,3.47,5,2.93
Men,Shirt,2999.0,10,43,1,2.93,3.45,6,5.06
Men,Shirt,2999.0,10,44,1,5.06,4.06,8,6.58
Men,Shirt,2999.0,11,45,1,6.58,5.14,6,5.62
Men,Shirt,2999.0,11,46,0,5.62,5.05,3,3.16
Men,Shirt,2999.0,11,47,0,3.16,5.1,5,3.91
Men,Shirt,2999.0,11,48,0,3.91,4.82,4,3.53
Men,Shirt,2999.0,12,49,0,3.53,4.05,6,2.67
Men,Shirt,2999.0,12,50,0,2.67,3.32,2,3.7
Men,Shirt,2999.0,12,51,1,3.7,3.45,6,6.26
Men,Shirt,2999.0,12,52,1,6.26,4.04,2,7.61
Men,Shirt,2999.0,1,1,0,7.61,5.06,4,4.12
Men,Shirt,2999.0,1,2,1,4.12,5.42,5,7.59
Men,Shirt,2999.0,1,3,0,7.59,6.39,5,3.11
Men,Shirt,2999.0,1,4,0,3.11,5.61,4,2.78
Men,Shirt,2999.0,1,5,0,2.78,4.4,6,4.62
Men,Shirt,2999.0,2,6,0,4.62,4.53,3,4.91
Men,Shirt,2999.0,2,7,0,4.91,3.86,6,3.66
Men,Shirt,2999.0,2,8,0,3.66,3.99,3,2.9
Men,Shirt,2999.0,2,9,0,2.9,4.02,2,3.34
Men,Shirt,2999.0,3,10,1,3.34,3.7,6,7.92
Men,Shirt,2999.0,3,11,0,7.92,4.46,9,4.86
Men,Shirt,2999.0,3,12,0,4.86,4.76,4,3.01
Men,Shirt,2999.0,3,13,0,3.01,4.78,9,5.14
Men,Shirt,2999.0,4,14,0,5.14,5.23,6,5.05
Men,Shirt,2999.0,4,15,1,5.05,4.51,8,10.24
Men,Shirt,2999.0,4,16,0,10.24,5.86,8,3.65
Men,Shirt,2999.0,4,17,0,3.65,6.02,7,4.9
Men,Shirt,2999.0,5,18,0,4.9,5.96,6,4.25
Men,Shirt,2999.0,5,19,0,4.25,5.76,6,3.52
Men,Shirt,2999.0,5,20,0,3.52,4.08,5,4.21
Men,Shirt,2999.0,5,21,0,4.21,4.22,3,4.06
Men,Shirt,2999.0,5,22,0,4.06,4.01,3,3.17
Men,Shirt,2999.0,6,23,0,3.17,3.74,2,4.26
Men,Shirt,2999.0,6,24,0,4.26,3.93,4,3.81
Men,Shirt,2999.0,6,25,0,3.81,3.83,3,3.54
Men,Shirt,2999.0,6,26,0,3.54,3.7,7,3.44
Men,Shirt,2999.0,7,27,0,3.44,3.76,5,3.75
Men,Shirt,2999.0,7,28,0,3.75,3.63,3,3.24
Men,Shirt,2999.0,7,29,0,3.24,3.49,6,2.46
Men,Shirt,2999.0,7,30,0,2.46,3.22,2,2.78
Men,Shirt,2999.0,7,31,0,2.78,3.06,5,3.23
Men,Shirt,2999.0,8,32,0,3.23,2.93,4,2.92
Men,Shirt,2999.0,8,33,1,2.92,2.85,5,5.85
Men,Shirt,2999.0,8,34,0,5.85,3.69,6,2.61
Men,Shirt,2999.0,8,35,0,2.61,3.65,3,2.57
Men,Shirt,2999.0,9,36,1,2.57,3.49,6,6.34
Men,Shirt,2999.0,9,37,0,6.34,4.34,3,2.98
Men,Shirt,2999.0,9,38,0,2.98,3.62,7,2.53
Men,Shirt,2999.0,9,39,0,2.53,3.6,7,2.7
Men,Shirt,2999.0,10,40,0,2.7,3.64,6,3.2
Men,Shirt,2999.0,10,41,1,3.2,2.85,2,4.78
Men,Shirt,2999.0,10,42,0,4.78,3.3,6,3.29
Men,Shirt,2999.0,10,43,1,3.29,3.49,2,5.69
Men,Shirt,2999.0,10,44,1,5.69,4.24,7,5.57
Men,Shirt,2999.0,11,45,1,5.57,4.83,7,4.84
Men,Shirt,2999.0,11,46,0,4.84,4.85,3,4.25
Men,Shirt,2999.0,11,47,0,4.25,5.09,6,3.31
Men,Shirt,2999.0,11,48,0,3.31,4.49,6,2.3
Men,Shirt,2999.0,12,49,0,2.3,3.68,5,3.36
Men,Shirt,2999.0,12,50,0,3.36,3.31,4,3.92
Men,Shirt,2999.0,12,51,0,3.92,3.22,4,3.57
Men,Shirt,2999.0,12,52,1,3.57,3.29,3,7.86
Men,Shirt,2999.0,1,1,0,7.86,4.68,2,3.3
Men,Shirt,2999.0,1,2,1,3.3,4.66,3,6.62
Men,Shirt,2999.0,1,3,1,6.62,5.34,5,7.2
Men,Shirt,2999.0,1,4,0,7.2,6.24,5,3.87
Men,Shirt,2999.0,1,5,0,3.87,5.25,7,3.61
Men,Shirt,2999.0,2,6,0,3.61,5.33,7,3.89
Men,Shirt,2999.0,2,7,0,3.89,4.64,3,3.41
Men,Shirt,2999.0,2,8,0,3.41,3.7,3,3.15
Men,Shirt,2999.0,2,9,0,3.15,3.52,5,3.68
Men,Shirt,2999.0,3,10,1,3.68,3.53,3,10.75
Men,Shirt,2999.0,3,11,0,10.75,5.25,5,5.05
Men,Shirt,2999.0,3,12,0,5.05,5.66,7,4.43
Men,Shirt,2999.0,3,13,0,4.43,5.98,6,3.38
Men,Shirt,2999.0,4,14,0,3.38,5.9,12,4.23
Men,Shirt,2999.0,4,15,1,4.23,4.27,3,8.75
Men,Shirt,2999.0,4,16,0,8.75,5.2,9,3.9
Men,Shirt,2999.0,4,17,0,3.9,5.07,3,5.09
Men,Shirt,2999.0,4,18,0,5.09,5.49,11,3.28
Men,Shirt,2999.0,5,19,0,3.28,5.26,10,3.47
Men,Shirt,2999.0,5,20,0,3.47,3.94,5,4.44
Men,Shirt,2999.0,5,21,0,4.44,4.07,3,3.36
Men,Shirt,2999.0,5,22,0,3.36,3.64,3,3.37
Men,Shirt,2999.0,6,23,0,3.37,3.66,3,3.85
Men,Shirt,2999.0,6,24,0,3.85,3.75,4,2.64
Men,Shirt,2999.0,6,25,0,2.64,3.3,2,3.84
Men,Shirt,2999.0,6,26,0,3.84,3.42,6,3.4
Men,Shirt,2999.0,7,27,0,3.4,3.43,3,3.48
Kids,Ethnic,1999.0,7,28,0,4.8,4.8,6,4.12
Kids,Ethnic,1999.0,7,29,0,4.12,4.63,4,5.36
Kids,Ethnic,1999.0,7,30,0,5.36,4.77,4,4.96
Kids,Ethnic,1999.0,8,31,0,4.96,4.81,4,4.61
Kids,Ethnic,1999.0,8,32,0,4.61,4.76,7,3.57
Kids,Ethnic,1999.0,8,33,1,3.57,4.63,3,8.99
Kids,Ethnic,1999.0,8,34,0,8.99,5.53,4,4.21
Kids,Ethnic,1999.0,8,35,0,4.21,5.34,8,5.39
Kids,Ethnic,1999.0,9,36,1,5.39,5.54,6,6.13
Kids,Ethnic,1999.0,9,37,0,6.13,6.18,8,3.72
Kids,Ethnic,1999.0,9,38,0,3.72,4.86,8,3.44
Kids,Ethnic,1999.0,9,39,0,3.44,4.67,5,4.01
Kids,Ethnic,1999.0,10,40,0,4.01,4.33,7,2.94
Kids,Ethnic,1999.0,10,41,1,2.94,3.53,6,8.49
Kids,Ethnic,1999.0,10,42,0,8.49,4.72,4,2.97
Kids,Ethnic,1999.0,10,43,1,2.97,4.6,5,8.22
Kids,Ethnic,1999.0,10,44,1,8.22,5.66,9,7.46
Kids,Ethnic,1999.0,11,45,1,7.46,6.78,12,6.98
Kids,Ethnic,1999.0,11,46,0,6.98,6.41,11,3.41
Kids,Ethnic,1999.0,11,47,0,3.41,6.52,12,3.75
Kids,Ethnic,1999.0,11,48,0,3.75,5.4,8,4.05
Kids,Ethnic,1999.0,12,49,0,4.05,4.55,8,4.35
Kids,Ethnic,1999.0,12,50,0,4.35,3.89,5,4.54
Kids,Ethnic,1999.0,12,51,1,4.54,4.17,4,8.88
Kids,Ethnic,1999.0,12,52,1,8.88,5.46,8,8.83
Kids,Ethnic,1999.0,1,1,0,8.83,6.65,8,5.96
Kids,Ethnic,1999.0,1,2,1,5.96,7.05,11,10.8
Kids,Ethnic,1999.0,1,3,0,10.8,8.62,17,3.97
Kids,Ethnic,1999.0,1,4,0,3.97,7.39,15,4.69
Kids,Ethnic,1999.0,1,5,0,4.69,6.36,9,5.14
Kids,Ethnic,1999.0,2,6,0,5.14,6.15,11,4.67
Kids,Ethnic,1999.0,2,7,0,4.67,4.62,8,5.15
Kids,Ethnic,1999.0,2,8,0,5.15,4.91,3,4.4
Kids,Ethnic,1999.0,2,9,0,4.4,4.84,7,5.61
Kids,Ethnic,1999.0,3,10,1,5.61,4.96,5,14.62
Kids,Ethnic,1999.0,3,11,0,14.62,7.45,8,5.76
Kids,Ethnic,1999.0,3,12,0,5.76,7.6,9,5.79
Kids,Ethnic,1999.0,3,13,0,5.79,7.95,15,5.53
Kids,Ethnic,1999.0,4,14,0,5.53,7.93,7,4.73
Kids,Ethnic,1999.0,4,15,1,4.73,5.45,10,14.38
Kids,Ethnic,1999.0,4,16,0,14.38,7.61,10,5.87
Kids,Ethnic,1999.0,4,17,0,5.87,7.63,6,6.09
Kids,Ethnic,1999.0,5,18,0,6.09,7.77,7,5.26
Kids,Ethnic,1999.0,5,19,0,5.26,7.9,6,6.0
Kids,Ethnic,1999.0,5,20,0,6.0,5.8,11,6.87
Kids,Ethnic,1999.0,5,21,0,6.87,6.05,5,6.42
Kids,Ethnic,1999.0,5,22,0,6.42,6.14,4,2.69
Kids,Ethnic,1999.0,6,23,0,2.69,5.49,6,6.13
Kids,Ethnic,1999.0,6,24,0,6.13,5.53,5,4.34
Kids,Ethnic,1999.0,6,25,0,4.34,4.9,5,4.29
Kids,Ethnic,1999.0,6,26,0,4.29,4.36,9,3.9
Kids,Ethnic,1999.0,7,27,0,3.9,4.67,9,4.03
Kids,Ethnic,1999.0,7,28,0,4.03,4.14,8,4.89
Kids,Ethnic,1999.0,7,29,0,4.89,4.28,4,4.58
Kids,Ethnic,1999.0,7,30,0,4.58,4.35,6,4.81
Kids,Ethnic,1999.0,7,31,0,4.81,4.58,4,4.29
Kids,Ethnic,1999.0,8,32,0,4.29,4.64,5,3.6
Kids,Ethnic,1999.0,8,33,1,3.6,4.32,4,9.1
Kids,Ethnic,1999.0,8,34,0,9.1,5.45,3,3.85
Kids,Ethnic,1999.0,8,35,0,3.85,5.21,3,4.4
Kids,Ethnic,1999.0,9,36,1,4.4,5.24,4,8.09
Kids,Ethnic,1999.0,9,37,0,8.09,6.36,4,3.91
Kids,Ethnic,1999.0,9,38,0,3.91,5.06,5,4.96
Kids,Ethnic,1999.0,9,39,0,4.96,5.34,5,2.79
Kids,Ethnic,1999.0,10,40,0,2.79,4.93,9,2.82
Kids,Ethnic,1999.0,10,41,1,2.82,3.62,2,6.87
Kids,Ethnic,1999.0,10,42,0,6.87,4.36,8,4.27
Kids,Ethnic,1999.0,10,43,1,4.27,4.19,3,7.13
Kids,Ethnic,1999.0,10,44,1,7.13,5.27,5,7.52
Kids,Ethnic,1999.0,11,45,1,7.52,6.45,5,5.96
Kids,Ethnic,1999.0,11,46,0,5.96,6.22,11,4.49
Kids,Ethnic,1999.0,11,47,0,4.49,6.28,7,3.13
Kids,Ethnic,1999.0,11,48,0,3.13,5.28,8,3.98
Kids,Ethnic,1999.0,12,49,0,3.98,4.39,7,2.98
Kids,Ethnic,1999.0,12,50,0,2.98,3.65,4,5.06
Kids,Ethnic,1999.0,12,51,0,5.06,3.79,6,3.39
Kids,Ethnic,1999.0,12,52,1,3.39,3.85,4,8.68
Kids,Ethnic,1999.0,1,1,0,8.68,5.03,9,4.31
Kids,Ethnic,1999.0,1,2,1,4.31,5.36,4,10.58
Kids,Ethnic,1999.0,1,3,1,10.58,6.74,8,10.21
Kids,Ethnic,1999.0,1,4,0,10.21,8.44,15,6.56
Kids,Ethnic,1999.0,1,5,0,6.56,7.91,14,4.11
Kids,Ethnic,1999.0,2,6,0,4.11,7.86,15,6.29
Kids,Ethnic,1999.0,2,7,0,6.29,6.79,7,6.58
Kids,Ethnic,1999.0,2,8,0,6.58,5.88,6,6.99
Kids,Ethnic,1999.0,2,9,0,6.99,5.99,4,5.54
Kids,Ethnic,1999.0,3,10,1,5.54,6.35,8,9.1
Kids,Ethnic,1999.0,3,11,0,9.1,7.05,13,6.02
Kids,Ethnic,1999.0,3,12,0,6.02,6.91,8,4.34
Kids,Ethnic,1999.0,3,13,0,4.34,6.25,7,6.64
Kids,Ethnic,1999.0,4,14,0,6.64,6.52,7,5.61
Kids,Ethnic,1999.0,4,15,1,5.61,5.65,11,11.94
Kids,Ethnic,1999.0,4,16,0,11.94,7.13,11,7.24
Kids,Ethnic,1999.0,4,17,0,7.24,7.86,13,5.75
Kids,Ethnic,1999.0,4,18,0,5.75,7.63,9,4.55
Kids,Ethnic,1999.0,5,19,0,4.55,7.37,11,5.44
Kids,Ethnic,1999.0,5,20,0,5.44,5.75,3,4.95
Kids,Ethnic,1999.0,5,21,0,4.95,5.17,10,5.57
Kids,Ethnic,1999.0,5,22,0,5.57,5.13,8,4.96
Kids,Ethnic,1999.0,6,23,0,4.96,5.23,6,4.61
Kids,Ethnic,1999.0,6,24,0,4.61,5.02,7,5.03
Kids,Ethnic,1999.0,6,25,0,5.03,5.04,6,4.02
Kids,Ethnic,1999.0,6,26,0,4.02,4.66,7,4.74
Kids,Ethnic,1999.0,7,27,0,4.74,4.6,3,5.1
Women,Salwar,4999.0,7,28,0,4.86,4.86,4,5.71
Women,Salwar,4999.0,7,29,0,5.71,5.07,7,4.12
Women,Salwar,4999.0,7,30,0,4.12,4.89,3,5.82
Women,Salwar,4999.0,8,31,0,5.82,5.13,10,4.53
Women,Salwar,4999.0,8,32,0,4.53,5.05,4,4.0
Women,Salwar,4999.0,8,33,1,4.0,4.62,3,7.98
Women,Salwar,4999.0,8,34,0,7.98,5.58,11,2.59
Women,Salwar,4999.0,8,35,0,2.59,4.77,5,3.97
Women,Salwar,4999.0,9,36,1,3.97,4.63,4,7.33
Women,Salwar,4999.0,9,37,0,7.33,5.47,7,3.48
Women,Salwar,4999.0,9,38,0,3.48,4.34,7,3.99
Women,Salwar,4999.0,9,39,0,3.99,4.69,8,2.8
Women,Salwar,4999.0,10,40,0,2.8,4.4,3,3.35
Women,Salwar,4999.0,10,41,1,3.35,3.4,4,8.58
Women,Salwar,4999.0,10,42,0,8.58,4.68,8,2.74
Women,Salwar,4999.0,10,43,1,2.74,4.37,4,8.32
Women,Salwar,4999.0,10,44,1,8.32,5.75,8,8.07
Women,Salwar,4999.0,11,45,1,8.07,6.93,11,7.32
Women,Salwar,4999.0,11,46,0,7.32,6.61,7,1.88
Women,Salwar,4999.0,11,47,0,1.88,6.4,6,3.94
Women,Salwar,4999.0,11,48,0,3.94,5.3,3,4.26
Women,Salwar,4999.0,12,49,0,4.26,4.35,3,4.69
Women,Salwar,4999.0,12,50,0,4.69,3.69,6,4.74
Women,Salwar,4999.0,12,51,1,4.74,4.41,8,10.87
Women,Salwar,4999.0,12,52,1,10.87,6.14,5,9.88
Women,Salwar,4999.0,1,1,0,9.88,7.54,5,5.84
Women,Salwar,4999.0,1,2,1,5.84,7.83,10,7.16
Women,Salwar,4999.0,1,3,0,7.16,8.43,11,5.94
Women,Salwar,4999.0,1,4,0,5.94,7.2,4,4.92
Women,Salwar,4999.0,1,5,0,4.92,5.96,9,5.41
Women,Salwar,4999.0,2,6,0,5.41,5.85,8,5.88
Women,Salwar,4999.0,2,7,0,5.88,5.54,11,4.61
Women,Salwar,4999.0,2,8,0,4.61,5.21,7,5.35
Women,Salwar,4999.0,2,9,0,5.35,5.32,4,6.68
Women,Salwar,4999.0,3,10,1,6.68,5.63,8,13.97
Women,Salwar,4999.0,3,11,0,13.97,7.65,9,5.17
Women,Salwar,4999.0,3,12,0,5.17,7.79,7,6.22
Women,Salwar,4999.0,3,13,0,6.22,8.01,14,5.39
Women,Salwar,4999.0,4,14,0,5.39,7.69,4,4.46
Women,Salwar,4999.0,4,15,1,4.46,5.31,5,14.04
Women,Salwar,4999.0,4,16,0,14.04,7.53,11,4.84
Women,Salwar,4999.0,4,17,0,4.84,7.18,9,7.88
Women,Salwar,4999.0,5,18,0,7.88,7.8,14,4.54
Women,Salwar,4999.0,5,19,0,4.54,7.82,12,6.51
Women,Salwar,4999.0,5,20,0,6.51,5.94,7,6.38
Women,Salwar,4999.0,5,21,0,6.38,6.33,5,5.07
Women,Salwar,4999.0,5,22,0,5.07,5.63,10,5.57
Women,Salwar,4999.0,6,23,0,5.57,5.88,10,4.91
Women,Salwar,4999.0,6,24,0,4.91,5.48,4,4.47
Women,Salwar,4999.0,6,25,0,4.47,5.01,5,5.37
Women,Salwar,4999.0,6,26,0,5.37,5.08,7,5.54
Women,Salwar,4999.0,7,27,0,5.54,5.07,3,4.27
Women,Salwar,4999.0,7,28,0,4.27,4.91,4,5.69
Women,Salwar,4999.0,7,29,0,5.69,5.22,10,4.74
Women,Salwar,4999.0,7,30,0,4.74,5.06,4,4.44
Women,Salwar,4999.0,7,31,0,4.44,4.78,8,4.36
Women,Salwar,4999.0,8,32,0,4.36,4.81,6,5.15
Women,Salwar,4999.0,8,33,1,5.15,4.67,6,7.93
Women,Salwar,4999.0,8,34,0,7.93,5.47,9,3.92
Women,Salwar,4999.0,8,35,0,3.92,5.34,3,4.84
Women,Salwar,4999.0,9,36,1,4.84,5.46,10,9.66
Women,Salwar,4999.0,9,37,0,9.66,6.59,6,4.5
Women,Salwar,4999.0,9,38,0,4.5,5.73,6,3.16
Women,Salwar,4999.0,9,39,0,3.16,5.54,4,5.05
Women,Salwar,4999.0,10,40,0,5.05,5.6,9,3.95
Women,Salwar,4999.0,10,41,1,3.95,4.17,4,7.67
Women,Salwar,4999.0,10,42,0,7.67,4.96,9,4.48
Women,Salwar,4999.0,10,43,1,4.48,5.29,6,8.3
Women,Salwar,4999.0,10,44,1,8.3,6.1,11,7.46
Women,Salwar,4999.0,11,45,1,7.46,6.98,9,10.06
Women,Salwar,4999.0,11,46,0,10.06,7.57,10,4.07
Women,Salwar,4999.0,11,47,0,4.07,7.47,10,4.27
Women,Salwar,4999.0,11,48,0,4.27,6.47,12,5.33
Women,Salwar,4999.0,12,49,0,5.33,5.94,10,5.01
Women,Salwar,4999.0,12,50,0,5.01,4.67,3,4.93
Women,Salwar,4999.0,12,51,0,4.93,4.89,7,4.29
Women,Salwar,4999.0,12,52,1,4.29,4.89,6,10.06
Women,Salwar,4999.0,1,1,0,10.06,6.07,6,5.2
Women,Salwar,4999.0,1,2,1,5.2,6.12,5,10.61
Women,Salwar,4999.0,1,3,1,10.61,7.54,10,10.09
Women,Salwar,4999.0,1,4,0,10.09,8.99,18,4.61
Women,Salwar,4999.0,1,5,0,4.61,7.63,10,6.15
Women,Salwar,4999.0,2,6,0,6.15,7.87,15,4.98
Women,Salwar,4999.0,2,7,0,4.98,6.46,5,5.53
Women,Salwar,4999.0,2,8,0,5.53,5.32,6,3.66
Women,Salwar,4999.0,2,9,0,3.66,5.08,7,6.39
Women,Salwar,4999.0,3,10,1,6.39,5.14,6,9.84
Women,Salwar,4999.0,3,11,0,9.84,6.36,11,6.16
Women,Salwar,4999.0,3,12,0,6.16,6.51,6,4.74
Women,Salwar,4999.0,3,13,0,4.74,6.78,6,5.64
Women,Salwar,4999.0,4,14,0,5.64,6.59,9,5.57
Women,Salwar,4999.0,4,15,1,5.57,5.53,3,10.02
Women,Salwar,4999.0,4,16,0,10.02,6.49,5,5.99
Women,Salwar,4999.0,4,17,0,5.99,6.81,12,4.53
Women,Salwar,4999.0,4,18,0,4.53,6.53,11,6.33
Women,Salwar,4999.0,5,19,0,6.33,6.72,6,6.32
Women,Salwar,4999.0,5,20,0,6.32,5.79,9,4.88
Women,Salwar,4999.0,5,21,0,4.88,5.52,4,6.59
Women,Salwar,4999.0,5,22,0,6.59,6.03,6,5.25
Women,Salwar,4999.0,6,23,0,5.25,5.76,10,4.49
Women,Salwar,4999.0,6,24,0,4.49,5.3,8,3.87
Women,Salwar,4999.0,6,25,0,3.87,5.05,5,2.89
Women,Salwar,4999.0,6,26,0,2.89,4.13,7,5.91
Women,Salwar,4999.0,7,27,0,5.91,4.29,2,4.33
Women,Lehenga,999.0,7,28,0,8.1,8.1,8,7.37
Women,Lehenga,999.0,7,29,0,7.37,7.92,7,7.09
Women,Lehenga,999.0,7,30,0,7.09,7.66,6,8.53
Women,Lehenga,999.0,8,31,0,8.53,7.77,10,7.81
Women,Lehenga,999.0,8,32,0,7.81,7.7,11,7.21
Women,Lehenga,999.0,8,33,1,7.21,7.66,14,9.11
Women,Lehenga,999.0,8,34,0,9.11,8.17,6,5.45
Women,Lehenga,999.0,8,35,0,5.45,7.39,5,8.34
Women,Lehenga,999.0,9,36,1,8.34,7.53,15,9.68
Women,Lehenga,999.0,9,37,0,9.68,8.14,9,7.08
Women,Lehenga,999.0,9,38,0,7.08,7.64,7,7.05
Women,Lehenga,999.0,9,39,0,7.05,8.04,10,5.28
Women,Lehenga,999.0,10,40,0,5.28,7.27,12,3.71
Women,Lehenga,999.0,10,41,1,3.71,5.78,5,10.93
Women,Lehenga,999.0,10,42,0,10.93,6.74,7,6.62
Women,Lehenga,999.0,10,43,1,6.62,6.63,5,13.42
Women,Lehenga,999.0,10,44,1,13.42,8.67,12,11.55
Women,Lehenga,999.0,11,45,1,11.55,10.63,6,11.13
Women,Lehenga,999.0,11,46,0,11.13,10.68,9,6.35
Women,Lehenga,999.0,11,47,0,6.35,10.61,19,6.75
Women,Lehenga,999.0,11,48,0,6.75,8.94,16,5.8
Women,Lehenga,999.0,12,49,0,5.8,7.51,13,8.05
Women,Lehenga,999.0,12,50,0,8.05,6.74,10,8.32
Women,Lehenga,999.0,12,51,1,8.32,7.23,9,16.66
Women,Lehenga,999.0,12,52,1,16.66,9.71,13,12.9
Women,Lehenga,999.0,1,1,0,12.9,11.48,21,7.44
Women,Lehenga,999.0,1,2,1,7.44,11.33,12,18.6
Women,Lehenga,999.0,1,3,0,18.6,13.9,21,8.76
Women,Lehenga,999.0,1,4,0,8.76,11.92,17,10.48
Women,Lehenga,999.0,1,5,0,10.48,11.32,9,10.46
Women,Lehenga,999.0,2,6,0,10.46,12.08,14,9.0
Women,Lehenga,999.0,2,7,0,9.0,9.68,10,8.37
Women,Lehenga,999.0,2,8,0,8.37,9.58,18,10.34
Women,Lehenga,999.0,2,9,0,10.34,9.55,10,10.62
Women,Lehenga,999.0,3,10,1,10.62,9.58,19,21.83
Women,Lehenga,999.0,3,11,0,21.83,12.79,25,9.86
Women,Lehenga,999.0,3,12,0,9.86,13.16,7,8.63
Women,Lehenga,999.0,3,13,0,8.63,12.73,22,10.36
Women,Lehenga,999.0,4,14,0,10.36,12.67,12,10.43
Women,Lehenga,999.0,4,15,1,10.43,9.82,14,21.36
Women,Lehenga,999.0,4,16,0,21.36,12.7,14,8.92
Women,Lehenga,999.0,4,17,0,8.92,12.77,24,6.86
Women,Lehenga,999.0,5,18,0,6.86,11.9,12,10.13
Women,Lehenga,999.0,5,19,0,10.13,11.82,18,7.32
Women,Lehenga,999.0,5,20,0,7.32,8.31,5,10.36
Women,Lehenga,999.0,5,21,0,10.36,8.67,7,9.3
Women,Lehenga,999.0,5,22,0,9.3,9.28,7,8.12
Women,Lehenga,999.0,6,23,0,8.12,8.78,11,10.53
Women,Lehenga,999.0,6,24,0,10.53,9.58,9,8.14
Women,Lehenga,999.0,6,25,0,8.14,9.02,15,8.61
Women,Lehenga,999.0,6,26,0,8.61,8.85,8,7.59
Women,Lehenga,999.0,7,27,0,7.59,8.71,13,8.09
Women,Lehenga,999.0,7,28,0,8.09,8.1,12,8.46
Women,Lehenga,999.0,7,29,0,8.46,8.19,10,7.14
Women,Lehenga,999.0,7,30,0,7.14,7.82,7,7.27
Women,Lehenga,999.0,7,31,0,7.27,7.74,12,8.14
Women,Lehenga,999.0,8,32,0,8.14,7.75,8,5.17
Women,Lehenga,999.0,8,33,1,5.17,6.93,8,15.72
Women,Lehenga,999.0,8,34,0,15.72,9.07,13,7.92
Women,Lehenga,999.0,8,35,0,7.92,9.24,11,5.71
Women,Lehenga,999.0,9,36,1,5.71,8.63,8,9.99
Women,Lehenga,999.0,9,37,0,9.99,9.83,6,5.33
Women,Lehenga,999.0,9,38,0,5.33,7.24,10,5.64
Women,Lehenga,999.0,9,39,0,5.64,6.67,11,5.36
Women,Lehenga,999.0,10,40,0,5.36,6.58,11,7.05
Women,Lehenga,999.0,10,41,1,7.05,5.85,12,12.73
Women,Lehenga,999.0,10,42,0,12.73,7.69,11,6.82
Women,Lehenga,999.0,10,43,1,6.82,7.99,6,15.04
Women,Lehenga,999.0,10,44,1,15.04,10.41,13,14.76
Women,Lehenga,999.0,11,45,1,14.76,12.34,19,16.72
Women,Lehenga,999.0,11,46,0,16.72,13.33,15,8.09
Women,Lehenga,999.0,11,47,0,8.09,13.65,22,4.23
Women,Lehenga,999.0,11,48,0,4.23,10.95,20,6.94
Women,Lehenga,999.0,12,49,0,6.94,8.99,7,7.86
Women,Lehenga,999.0,12,50,0,7.86,6.78,10,9.35
Women,Lehenga,999.0,12,51,0,9.35,7.1,8,7.29
Women,Lehenga,999.0,12,52,1,7.29,7.86,7,17.12
Women,Lehenga,999.0,1,1,0,17.12,10.41,15,10.47
Women,Lehenga,999.0,1,2,1,10.47,11.06,6,18.26
Women,Lehenga,999.0,1,3,1,18.26,13.29,18,14.51
Women,Lehenga,999.0,1,4,0,14.51,15.09,19,6.59
Women,Lehenga,999.0,1,5,0,6.59,12.46,18,7.79
Women,Lehenga,999.0,2,6,0,7.79,11.79,13,8.8
Women,Lehenga,999.0,2,7,0,8.8,9.42,5,11.69
Women,Lehenga,999.0,2,8,0,11.69,8.72,9,10.71
Women,Lehenga,999.0,2,9,0,10.71,9.75,12,8.88
Women,Lehenga,999.0,3,10,1,8.88,10.02,6,16.41
Women,Lehenga,999.0,3,11,0,16.41,11.92,17,8.26
Women,Lehenga,999.0,3,12,0,8.26,11.06,15,12.81
Women,Lehenga,999.0,3,13,0,12.81,11.59,20,8.17
Women,Lehenga,999.0,4,14,0,8.17,11.41,14,10.9
Women,Lehenga,999.0,4,15,1,10.9,10.03,10,21.58
Women,Lehenga,999.0,4,16,0,21.58,13.37,19,9.29
Women,Lehenga,999.0,4,17,0,9.29,12.48,6,7.97
Women,Lehenga,999.0,4,18,0,7.97,12.44,15,10.18
Women,Lehenga,999.0,5,19,0,10.18,12.26,14,11.85
Women,Lehenga,999.0,5,20,0,11.85,9.82,7,7.56
Women,Lehenga,999.0,5,21,0,7.56,9.39,9,9.26
Women,Lehenga,999.0,5,22,0,9.26,9.71,12,9.94
Women,Lehenga,999.0,6,23,0,9.94,9.65,13,11.01
Women,Lehenga,999.0,6,24,0,11.01,9.44,6,6.29
Women,Lehenga,999.0,6,25,0,6.29,9.13,17,9.18
Women,Lehenga,999.0,6,26,0,9.18,9.11,11,10.28
Women,Lehenga,999.0,7,27,0,10.28,9.19,15,9.07
Women,Kurti,999.0,7,28,0,8.1,8.1,15,7.09
Women,Kurti,999.0,7,29,0,7.09,7.85,8,7.75
Women,Kurti,999.0,7,30,0,7.75,7.76,12,8.52
Women,Kurti,999.0,8,31,0,8.52,7.87,15,8.41
Women,Kurti,999.0,8,32,0,8.41,7.94,11,7.95
Women,Kurti,999.0,8,33,1,7.95,8.16,16,9.82
Women,Kurti,999.0,8,34,0,9.82,8.67,6,7.05
Women,Kurti,999.0,8,35,0,7.05,8.3,14,6.63
Women,Kurti,999.0,9,36,1,6.63,7.86,4,15.49
Women,Kurti,999.0,9,37,0,15.49,9.75,6,7.02
Women,Kurti,999.0,9,38,0,7.02,9.05,13,6.65
Women,Kurti,999.0,9,39,0,6.65,8.95,17,5.81
Women,Kurti,999.0,10,40,0,5.81,8.74,7,5.75
Women,Kurti,999.0,10,41,1,5.75,6.31,3,12.9
Women,Kurti,999.0,10,42,0,12.9,7.78,16,7.17
Women,Kurti,999.0,10,43,1,7.17,7.91,9,14.33
Women,Kurti,999.0,10,44,1,14.33,10.04,7,14.4
Women,Kurti,999.0,11,45,1,14.4,12.2,8,13.83
Women,Kurti,999.0,11,46,0,13.83,12.43,11,8.02
Women,Kurti,999.0,11,47,0,8.02,12.64,22,8.41
Women,Kurti,999.0,11,48,0,8.41,11.16,14,6.1
Women,Kurti,999.0,12,49,0,6.1,9.09,14,6.82
Women,Kurti,999.0,12,50,0,6.82,7.34,8,10.03
Women,Kurti,999.0,12,51,1,10.03,7.84,4,15.31
Women,Kurti,999.0,12,52,1,15.31,9.57,14,15.76
Women,Kurti,999.0,1,1,0,15.76,11.98,9,7.21
Women,Kurti,999.0,1,2,1,7.21,12.08,10,19.34
Women,Kurti,999.0,1,3,0,19.34,14.4,10,11.67
Women,Kurti,999.0,1,4,0,11.67,13.5,12,7.72
Women,Kurti,999.0,1,5,0,7.72,11.49,18,10.4
Women,Kurti,999.0,2,6,0,10.4,12.28,22,7.84
Women,Kurti,999.0,2,7,0,7.84,9.41,14,10.53
Women,Kurti,999.0,2,8,0,10.53,9.12,15,8.11
Women,Kurti,999.0,2,9,0,8.11,9.22,8,6.8
Women,Kurti,999.0,3,10,1,6.8,8.32,11,25.17
Women,Kurti,999.0,3,11,0,25.17,12.65,18,9.01
Women,Kurti,999.0,3,12,0,9.01,12.27,14,7.66
Women,Kurti,999.0,3,13,0,7.66,12.16,16,10.03
Women,Kurti,999.0,4,14,0,10.03,12.97,15,10.66
Women,Kurti,999.0,4,15,1,10.66,9.34,18,22.82
Women,Kurti,999.0,4,16,0,22.82,12.79,13,9.41
Women,Kurti,999.0,4,17,0,9.41,13.23,11,9.26
Women,Kurti,999.0,5,18,0,9.26,13.04,10,8.92
Women,Kurti,999.0,5,19,0,8.92,12.6,12,9.57
Women,Kurti,999.0,5,20,0,9.57,9.29,16,10.34
Women,Kurti,999.0,5,21,0,10.34,9.52,7,9.65
Women,Kurti,999.0,5,22,0,9.65,9.62,9,8.37
Women,Kurti,999.0,6,23,0,8.37,9.48,16,8.9
Women,Kurti,999.0,6,24,0,8.9,9.31,11,7.12
Women,Kurti,999.0,6,25,0,7.12,8.51,7,8.26
Women,Kurti,999.0,6,26,0,8.26,8.16,8,7.91
Women,Kurti,999.0,7,27,0,7.91,8.05,15,5.08
Women,Kurti,999.0,7,28,0,5.08,7.09,12,9.26
Women,Kurti,999.0,7,29,0,9.26,7.63,11,7.92
Women,Kurti,999.0,7,30,0,7.92,7.54,11,7.34
Women,Kurti,999.0,7,31,0,7.34,7.4,8,7.31
Women,Kurti,999.0,8,32,0,7.31,7.96,13,6.99
Women,Kurti,999.0,8,33,1,6.99,7.39,14,11.88
Women,Kurti,999.0,8,34,0,11.88,8.38,15,7.62
Women,Kurti,999.0,8,35,0,7.62,8.45,8,4.54
Women,Kurti,999.0,9,36,1,4.54,7.76,14,12.42
Women,Kurti,999.0,9,37,0,12.42,9.12,7,5.86
Women,Kurti,999.0,9,38,0,5.86,7.61,13,6.11
Women,Kurti,999.0,9,39,0,6.11,7.24,14,4.53
Women,Kurti,999.0,10,40,0,4.53,7.23,5,7.18
Women,Kurti,999.0,10,41,1,7.18,5.92,4,12.75
Women,Kurti,999.0,10,42,0,12.75,7.64,6,6.55
Women,Kurti,999.0,10,43,1,6.55,7.75,10,14.49
Women,Kurti,999.0,10,44,1,14.49,10.24,18,14.52
Women,Kurti,999.0,11,45,1,14.52,12.08,16,14.59
Women,Kurti,999.0,11,46,0,14.59,12.53,18,6.94
Women,Kurti,999.0,11,47,0,6.94,12.63,21,8.22
Women,Kurti,999.0,11,48,0,8.22,11.07,11,6.4
Women,Kurti,999.0,12,49,0,6.4,9.04,13,7.23
Women,Kurti,999.0,12,50,0,7.23,7.2,7,7.11
Women,Kurti,999.0,12,51,0,7.11,7.24,4,7.34
Women,Kurti,999.0,12,52,1,7.34,7.02,5,13.81
Women,Kurti,999.0,1,1,0,13.81,8.87,14,9.19
Women,Kurti,999.0,1,2,1,9.19,9.36,9,18.16
Women,Kurti,999.0,1,3,1,18.16,12.12,10,16.62
Women,Kurti,999.0,1,4,0,16.62,14.44,25,9.27
Women,Kurti,999.0,1,5,0,9.27,13.31,11,10.13
Women,Kurti,999.0,2,6,0,10.13,13.54,25,11.19
Women,Kurti,999.0,2,7,0,11.19,11.8,18,7.46
Women,Kurti,999.0,2,8,0,7.46,9.51,15,9.2
Women,Kurti,999.0,2,9,0,9.2,9.49,19,11.2
Women,Kurti,999.0,3,10,1,11.2,9.76,18,25.39
Women,Kurti,999.0,3,11,0,25.39,13.31,15,10.12
Women,Kurti,999.0,3,12,0,10.12,13.98,7,10.9
Women,Kurti,999.0,3,13,0,10.9,14.4,18,6.04
Women,Kurti,999.0,4,14,0,6.04,13.11,8,10.3
Women,Kurti,999.0,4,15,1,10.3,9.34,11,18.85
Women,Kurti,999.0,4,16,0,18.85,11.52,11,10.73
Women,Kurti,999.0,4,17,0,10.73,11.48,12,11.99
Women,Kurti,999.0,4,18,0,11.99,12.97,13,9.55
Women,Kurti,999.0,5,19,0,9.55,12.78,19,9.38
Women,Kurti,999.0,5,20,0,9.38,10.42,14,8.55
Women,Kurti,999.0,5,21,0,8.55,9.87,17,6.21
Women,Kurti,999.0,5,22,0,6.21,8.42,6,8.38
Women,Kurti,999.0,6,23,0,8.38,8.13,5,7.09
Women,Kurti,999.0,6,24,0,7.09,7.56,4,7.06
Women,Kurti,999.0,6,25,0,7.06,7.18,13,9.0
Women,Kurti,999.0,6,26,0,9.0,7.88,5,6.91
Women,Kurti,999.0,7,27,0,6.91,7.51,5,8.21
Kids,Ethnic,699.0,7,28,0,7.68,7.68,11,9.67
Kids,Ethnic,699.0,7,29,0,9.67,8.18,6,6.85
Kids,Ethnic,699.0,7,30,0,6.85,7.97,10,5.75
Kids,Ethnic,699.0,8,31,0,5.75,7.49,13,8.66
Kids,Ethnic,699.0,8,32,0,8.66,7.73,14,5.83
Kids,Ethnic,699.0,8,33,1,5.83,6.77,6,12.35
Kids,Ethnic,699.0,8,34,0,12.35,8.15,12,7.48
Kids,Ethnic,699.0,8,35,0,7.48,8.58,15,5.38
Kids,Ethnic,699.0,9,36,1,5.38,7.76,5,11.61
Kids,Ethnic,699.0,9,37,0,11.61,9.2,12,5.2
Kids,Ethnic,699.0,9,38,0,5.2,7.42,4,7.12
Kids,Ethnic,699.0,9,39,0,7.12,7.33,4,5.11
Kids,Ethnic,699.0,10,40,0,5.11,7.26,13,6.65
Kids,Ethnic,699.0,10,41,1,6.65,6.02,12,12.19
Kids,Ethnic,699.0,10,42,0,12.19,7.77,7,5.69
Kids,Ethnic,699.0,10,43,1,5.69,7.41,11,12.36
Kids,Ethnic,699.0,10,44,1,12.36,9.22,5,11.94
Kids,Ethnic,699.0,11,45,1,11.94,10.54,13,11.47
Kids,Ethnic,699.0,11,46,0,11.47,10.36,14,4.84
Kids,Ethnic,699.0,11,47,0,4.84,10.15,16,5.66
Kids,Ethnic,699.0,11,48,0,5.66,8.48,5,7.1
Kids,Ethnic,699.0,12,49,0,7.1,7.27,8,6.74
Kids,Ethnic,699.0,12,50,0,6.74,6.08,8,7.78
Kids,Ethnic,699.0,12,51,1,7.78,6.82,5,15.01
Kids,Ethnic,699.0,12,52,1,15.01,9.16,11,9.56
Kids,Ethnic,699.0,1,1,0,9.56,9.77,8,8.21
Kids,Ethnic,699.0,1,2,1,8.21,10.14,16,13.0
Kids,Ethnic,699.0,1,3,0,13.0,11.44,16,8.1
Kids,Ethnic,699.0,1,4,0,8.1,9.72,6,6.36
Kids,Ethnic,699.0,1,5,0,6.36,8.92,13,9.67
Kids,Ethnic,699.0,2,6,0,9.67,9.28,5,9.57
Kids,Ethnic,699.0,2,7,0,9.57,8.43,5,8.43
Kids,Ethnic,699.0,2,8,0,8.43,8.51,15,9.82
Kids,Ethnic,699.0,2,9,0,9.82,9.37,6,7.64
Kids,Ethnic,699.0,3,10,1,7.64,8.86,11,16.4
Kids,Ethnic,699.0,3,11,0,16.4,10.57,18,10.43
Kids,Ethnic,699.0,3,12,0,10.43,11.07,6,5.34
Kids,Ethnic,699.0,3,13,0,5.34,9.95,13,8.93
Kids,Ethnic,699.0,4,14,0,8.93,10.28,9,9.68
Kids,Ethnic,699.0,4,15,1,9.68,8.6,13,17.08
Kids,Ethnic,699.0,4,16,0,17.08,10.26,9,10.86
Kids,Ethnic,699.0,4,17,0,10.86,11.64,10,11.22
Kids,Ethnic,699.0,5,18,0,11.22,12.21,21,9.57
Kids,Ethnic,699.0,5,19,0,9.57,12.18,13,7.33
Kids,Ethnic,699.0,5,20,0,7.33,9.74,6,9.77
Kids,Ethnic,699.0,5,21,0,9.77,9.47,14,11.24
Kids,Ethnic,699.0,5,22,0,11.24,9.48,11,8.58
Kids,Ethnic,699.0,6,23,0,8.58,9.23,5,8.17
Kids,Ethnic,699.0,6,24,0,8.17,9.44,10,7.04
Kids,Ethnic,699.0,6,25,0,7.04,8.76,8,8.35
Kids,Ethnic,699.0,6,26,0,8.35,8.03,8,7.69
Kids,Ethnic,699.0,7,27,0,7.69,7.81,10,5.05
Kids,Ethnic,699.0,7,28,0,5.05,7.03,13,8.2
Kids,Ethnic,699.0,7,29,0,8.2,7.32,6,5.86
Kids,Ethnic,699.0,7,30,0,5.86,6.7,9,9.44
Kids,Ethnic,699.0,7,31,0,9.44,7.14,7,7.05
Kids,Ethnic,699.0,8,32,0,7.05,7.64,8,6.54
Kids,Ethnic,699.0,8,33,1,6.54,7.23,9,13.41
Kids,Ethnic,699.0,8,34,0,13.41,9.11,13,6.51
Kids,Ethnic,699.0,8,35,0,6.51,8.38,14,6.0
Kids,Ethnic,699.0,9,36,1,6.0,8.12,7,9.53
Kids,Ethnic,699.0,9,37,0,9.53,8.86,12,7.41
Kids,Ethnic,699.0,9,38,0,7.41,7.36,11,6.23
Kids,Ethnic,699.0,9,39,0,6.23,7.29,8,7.11
Kids,Ethnic,699.0,10,40,0,7.11,7.57,12,4.75
Kids,Ethnic,699.0,10,41,1,4.75,6.38,7,10.86
Kids,Ethnic,699.0,10,42,0,10.86,7.24,13,5.74
Kids,Ethnic,699.0,10,43,1,5.74,7.11,11,10.33
Kids,Ethnic,699.0,10,44,1,10.33,7.92,5,13.94
Kids,Ethnic,699.0,11,45,1,13.94,10.22,6,12.34
Kids,Ethnic,699.0,11,46,0,12.34,10.59,15,6.8
Kids,Ethnic,699.0,11,47,0,6.8,10.85,16,6.03
Kids,Ethnic,699.0,11,48,0,6.03,9.78,8,7.94
Kids,Ethnic,699.0,12,49,0,7.94,8.28,12,7.82
Kids,Ethnic,699.0,12,50,0,7.82,7.15,6,7.84
Kids,Ethnic,699.0,12,51,0,7.84,7.41,4,7.46
Kids,Ethnic,699.0,12,52,1,7.46,7.77,7,17.89
Kids,Ethnic,699.0,1,1,0,17.89,10.26,14,8.64
Kids,Ethnic,699.0,1,2,1,8.64,10.46,7,15.57
Kids,Ethnic,699.0,1,3,1,15.57,12.39,20,14.79
Kids,Ethnic,699.0,1,4,0,14.79,14.22,21,7.91
Kids,Ethnic,699.0,1,5,0,7.91,11.73,7,8.99
Kids,Ethnic,699.0,2,6,0,8.99,11.82,10,6.62
Kids,Ethnic,699.0,2,7,0,6.62,9.58,14,7.63
Kids,Ethnic,699.0,2,8,0,7.63,7.79,15,10.5
Kids,Ethnic,699.0,2,9,0,10.5,8.43,16,10.27
Kids,Ethnic,699.0,3,10,1,10.27,8.75,9,17.37
Kids,Ethnic,699.0,3,11,0,17.37,11.44,18,13.23
Kids,Ethnic,699.0,3,12,0,13.23,12.84,11,10.2
Kids,Ethnic,699.0,3,13,0,10.2,12.77,12,9.3
Kids,Ethnic,699.0,4,14,0,9.3,12.53,8,10.59
Kids,Ethnic,699.0,4,15,1,10.59,10.83,13,16.75
Kids,Ethnic,699.0,4,16,0,16.75,11.71,13,8.14
Kids,Ethnic,699.0,4,17,0,8.14,11.2,14,8.94
Kids,Ethnic,699.0,4,18,0,8.94,11.1,22,9.05
Kids,Ethnic,699.0,5,19,0,9.05,10.72,21,7.93
Kids,Ethnic,699.0,5,20,0,7.93,8.52,8,10.67
Kids,Ethnic,699.0,5,21,0,10.67,9.15,18,12.52
Kids,Ethnic,699.0,5,22,0,12.52,10.05,5,8.08
Kids,Ethnic,699.0,6,23,0,8.08,9.8,10,6.22
Kids,Ethnic,699.0,6,24,0,6.22,9.37,13,8.35
Kids,Ethnic,699.0,6,25,0,8.35,8.79,12,7.79
Kids,Ethnic,699.0,6,26,0,7.79,7.61,4,8.87
Kids,Ethnic,699.0,7,27,0,8.87,7.81,8,6.99
Men,Jeans,499.0,7,28,0,9.6,9.6,8,10.2
Men,Jeans,499.0,7,29,0,10.2,9.75,13,9.39
Men,Jeans,499.0,7,30,0,9.39,9.7,6,10.22
Men,Jeans,499.0,8,31,0,10.22,9.85,11,8.75
Men,Jeans,499.0,8,32,0,8.75,9.64,13,7.42
Men,Jeans,499.0,8,33,1,7.42,8.94,9,17.28
Men,Jeans,499.0,8,34,0,17.28,10.91,12,6.81
Men,Jeans,499.0,8,35,0,6.81,10.06,15,5.5
Men,Jeans,499.0,9,36,1,5.5,9.25,17,14.0
Men,Jeans,499.0,9,37,0,14.0,10.9,21,9.09
Men,Jeans,499.0,9,38,0,9.09,8.85,8,9.86
Men,Jeans,499.0,9,39,0,9.86,9.61,9,5.92
Men,Jeans,499.0,10,40,0,5.92,9.72,7,8.76
Men,Jeans,499.0,10,41,1,8.76,8.41,15,19.21
Men,Jeans,499.0,10,42,0,19.21,10.94,17,6.51
Men,Jeans,499.0,10,43,1,6.51,10.1,7,19.02
Men,Jeans,499.0,10,44,1,19.02,13.37,8,12.87
Men,Jeans,499.0,11,45,1,12.87,14.4,15,15.87
Men,Jeans,499.0,11,46,0,15.87,13.57,20,8.71
Men,Jeans,499.0,11,47,0,8.71,14.12,10,7.14
Men,Jeans,499.0,11,48,0,7.14,11.15,20,10.33
Men,Jeans,499.0,12,49,0,10.33,10.51,17,8.77
Men,Jeans,499.0,12,50,0,8.77,8.73,8,10.14
Men,Jeans,499.0,12,51,1,10.14,9.09,7,15.83
Men,Jeans,499.0,12,52,1,15.83,11.27,7,24.41
Men,Jeans,499.0,1,1,0,24.41,14.79,9,10.4
Men,Jeans,499.0,1,2,1,10.4,15.2,21,21.17
Men,Jeans,499.0,1,3,0,21.17,17.95,21,10.68
Men,Jeans,499.0,1,4,0,10.68,16.67,23,11.08
Men,Jeans,499.0,1,5,0,11.08,13.33,13,11.69
Men,Jeans,499.0,2,6,0,11.69,13.66,13,10.17
Men,Jeans,499.0,2,7,0,10.17,10.91,11,8.75
Men,Jeans,499.0,2,8,0,8.75,10.42,18,8.95
Men,Jeans,499.0,2,9,0,8.95,9.89,7,11.32
Men,Jeans,499.0,3,10,1,11.32,9.8,12,28.35
Men,Jeans,499.0,3,11,0,28.35,14.34,15,11.19
Men,Jeans,499.0,3,12,0,11.19,14.95,30,13.53
Men,Jeans,499.0,3,13,0,13.53,16.1,23,11.36
Men,Jeans,499.0,4,14,0,11.36,16.11,20,14.16
Men,Jeans,499.0,4,15,1,14.16,12.56,12,24.56
Men,Jeans,499.0,4,16,0,24.56,15.9,22,11.96
Men,Jeans,499.0,4,17,0,11.96,15.51,23,13.22
Men,Jeans,499.0,5,18,0,13.22,15.97,13,12.02
Men,Jeans,499.0,5,19,0,12.02,15.44,19,12.28
Men,Jeans,499.0,5,20,0,12.28,12.37,24,11.07
Men,Jeans,499.0,5,21,0,11.07,12.15,21,11.43
Men,Jeans,499.0,5,22,0,11.43,11.7,11,8.72
Men,Jeans,499.0,6,23,0,8.72,10.87,16,12.52
Men,Jeans,499.0,6,24,0,12.52,10.94,18,12.33
Men,Jeans,499.0,6,25,0,12.33,11.25,11,9.55
Men,Jeans,499.0,6,26,0,9.55,10.78,11,9.71
Men,Jeans,499.0,7,27,0,9.71,11.03,12,12.27
Men,Jeans,499.0,7,28,0,12.27,10.96,10,8.93
Men,Jeans,499.0,7,29,0,8.93,10.11,10,10.17
Men,Jeans,499.0,7,30,0,10.17,10.27,7,9.18
Men,Jeans,499.0,7,31,0,9.18,10.14,17,6.76
Men,Jeans,499.0,8,32,0,6.76,8.76,6,9.1
Men,Jeans,499.0,8,33,1,9.1,8.8,17,13.14
Men,Jeans,499.0,8,34,0,13.14,9.55,16,9.72
Men,Jeans,499.0,8,35,0,9.72,9.68,15,7.78
Men,Jeans,499.0,9,36,1,7.78,9.93,17,13.02
Men,Jeans,499.0,9,37,0,13.02,10.91,21,8.82
Men,Jeans,499.0,9,38,0,8.82,9.83,7,6.07
Men,Jeans,499.0,9,39,0,6.07,8.92,6,6.11
Men,Jeans,499.0,10,40,0,6.11,8.51,10,9.94
Men,Jeans,499.0,10,41,1,9.94,7.74,12,17.97
Men,Jeans,499.0,10,42,0,17.97,10.02,6,7.86
Men,Jeans,499.0,10,43,1,7.86,10.47,13,16.88
Men,Jeans,499.0,10,44,1,16.88,13.16,9,13.71
Men,Jeans,499.0,11,45,1,13.71,14.1,26,16.6
Men,Jeans,499.0,11,46,0,16.6,13.76,15,6.88
Men,Jeans,499.0,11,47,0,6.88,13.52,26,6.98
Men,Jeans,499.0,11,48,0,6.98,11.04,22,9.74
Men,Jeans,499.0,12,49,0,9.74,10.05,10,8.18
Men,Jeans,499.0,12,50,0,8.18,7.95,7,8.17
Men,Jeans,499.0,12,51,0,8.17,8.27,7,9.76
Men,Jeans,499.0,12,52,1,9.76,8.96,16,17.06
Men,Jeans,499.0,1,1,0,17.06,10.79,19,9.33
Men,Jeans,499.0,1,2,1,9.33,11.08,16,24.97
Men,Jeans,499.0,1,3,1,24.97,15.28,25,16.01
Men,Jeans,499.0,1,4,0,16.01,16.84,24,12.73
Men,Jeans,499.0,1,5,0,12.73,15.76,25,15.47
Men,Jeans,499.0,2,6,0,15.47,17.3,16,8.61
Men,Jeans,499.0,2,7,0,8.61,13.21,17,8.96
Men,Jeans,499.0,2,8,0,8.96,11.44,13,12.08
Men,Jeans,499.0,2,9,0,12.08,11.28,20,7.61
Men,Jeans,499.0,3,10,1,7.61,9.31,13,23.05
Men,Jeans,499.0,3,11,0,23.05,12.92,14,10.12
Men,Jeans,499.0,3,12,0,10.12,13.22,12,13.77
Men,Jeans,499.0,3,13,0,13.77,13.64,25,10.9
Men,Jeans,499.0,4,14,0,10.9,14.46,24,12.02
Men,Jeans,499.0,4,15,1,12.02,11.7,17,25.63
Men,Jeans,499.0,4,16,0,25.63,15.58,14,12.35
Men,Jeans,499.0,4,17,0,12.35,15.22,11,11.43
Men,Jeans,499.0,4,18,0,11.43,15.36,12,12.66
Men,Jeans,499.0,5,19,0,12.66,15.52,29,8.65
Men,Jeans,499.0,5,20,0,8.65,11.27,10,12.85
Men,Jeans,499.0,5,21,0,12.85,11.4,11,10.4
Men,Jeans,499.0,5,22,0,10.4,11.14,12,11.75
Men,Jeans,499.0,6,23,0,11.75,10.91,16,10.45
Men,Jeans,499.0,6,24,0,10.45,11.36,14,9.37
Men,Jeans,499.0,6,25,0,9.37,10.49,6,9.9
Men,Jeans,499.0,6,26,0,9.9,10.37,11,10.28
Men,Jeans,499.0,7,27,0,10.28,10.0,15,10.28
Kids,Frock,999.0,7,28,0,4.8,4.8,8,4.86
Kids,Frock,999.0,7,29,0,4.86,4.82,8,4.08
Kids,Frock,999.0,7,30,0,4.08,4.63,6,3.75
Kids,Frock,999.0,8,31,0,3.75,4.37,9,3.72
Kids,Frock,999.0,8,32,0,3.72,4.1,7,4.07
Kids,Frock,999.0,8,33,1,4.07,3.91,7,9.06
Kids,Frock,999.0,8,34,0,9.06,5.15,5,4.49
Kids,Frock,999.0,8,35,0,4.49,5.34,5,3.66
Kids,Frock,999.0,9,36,1,3.66,5.32,9,7.89
Kids,Frock,999.0,9,37,0,7.89,6.28,8,3.06
Kids,Frock,999.0,9,38,0,3.06,4.77,6,3.65
Kids,Frock,999.0,9,39,0,3.65,4.57,6,3.53
Kids,Frock,999.0,10,40,0,3.53,4.53,7,3.4
Kids,Frock,999.0,10,41,1,3.4,3.41,6,7.87
Kids,Frock,999.0,10,42,0,7.87,4.61,9,4.94
Kids,Frock,999.0,10,43,1,4.94,4.94,7,7.95
Kids,Frock,999.0,10,44,1,7.95,6.04,5,9.37
Kids,Frock,999.0,11,45,1,9.37,7.53,10,9.22
Kids,Frock,999.0,11,46,0,9.22,7.87,15,3.82
Kids,Frock,999.0,11,47,0,3.82,7.59,11,4.72
Kids,Frock,999.0,11,48,0,4.72,6.78,7,5.51
Kids,Frock,999.0,12,49,0,5.51,5.82,10,3.62
Kids,Frock,999.0,12,50,0,3.62,4.42,6,5.14
Kids,Frock,999.0,12,51,1,5.14,4.75,7,9.18
Kids,Frock,999.0,12,52,1,9.18,5.86,10,8.56
Kids,Frock,999.0,1,1,0,8.56,6.63,9,5.14
Kids,Frock,999.0,1,2,1,5.14,7.0,5,10.56
Kids,Frock,999.0,1,3,0,10.56,8.36,6,6.94
Kids,Frock,999.0,1,4,0,6.94,7.8,14,4.7
Kids,Frock,999.0,1,5,0,4.7,6.84,12,5.34
Kids,Frock,999.0,2,6,0,5.34,6.89,14,5.43
Kids,Frock,999.0,2,7,0,5.43,5.6,6,4.96
Kids,Frock,999.0,2,8,0,4.96,5.11,8,4.81
Kids,Frock,999.0,2,9,0,4.81,5.13,8,5.29
Kids,Frock,999.0,3,10,1,5.29,5.12,8,11.2
Kids,Frock,999.0,3,11,0,11.2,6.56,8,4.9
Kids,Frock,999.0,3,12,0,4.9,6.55,10,6.6
Kids,Frock,999.0,3,13,0,6.6,7.0,10,6.23
Kids,Frock,999.0,4,14,0,6.23,7.23,12,4.76
Kids,Frock,999.0,4,15,1,4.76,5.62,5,10.82
Kids,Frock,999.0,4,16,0,10.82,7.1,12,5.86
Kids,Frock,999.0,4,17,0,5.86,6.92,8,6.33
Kids,Frock,999.0,5,18,0,6.33,6.95,11,5.58
Kids,Frock,999.0,5,19,0,5.58,7.15,11,6.15
Kids,Frock,999.0,5,20,0,6.15,5.98,8,5.8
Kids,Frock,999.0,5,21,0,5.8,5.97,9,6.08
Kids,Frock,999.0,5,22,0,6.08,5.9,4,4.74
Kids,Frock,999.0,6,23,0,4.74,5.69,3,5.68
Kids,Frock,999.0,6,24,0,5.68,5.58,8,5.09
Kids,Frock,999.0,6,25,0,5.09,5.4,10,3.24
Kids,Frock,999.0,6,26,0,3.24,4.69,6,5.74
Kids,Frock,999.0,7,27,0,5.74,4.94,4,4.24
Kids,Frock,999.0,7,28,0,4.24,4.58,3,4.93
Kids,Frock,999.0,7,29,0,4.93,4.54,6,4.61
Kids,Frock,999.0,7,30,0,4.61,4.88,7,4.34
Kids,Frock,999.0,7,31,0,4.34,4.53,8,4.11
Kids,Frock,999.0,8,32,0,4.11,4.5,8,4.06
Kids,Frock,999.0,8,33,1,4.06,4.28,4,10.44
Kids,Frock,999.0,8,34,0,10.44,5.74,11,3.96
Kids,Frock,999.0,8,35,0,3.96,5.64,10,4.98
Kids,Frock,999.0,9,36,1,4.98,5.86,9,7.71
Kids,Frock,999.0,9,37,0,7.71,6.77,11,4.01
Kids,Frock,999.0,9,38,0,4.01,5.17,3,3.88
Kids,Frock,999.0,9,39,0,3.88,5.14,5,4.83
Kids,Frock,999.0,10,40,0,4.83,5.11,9,4.34
Kids,Frock,999.0,10,41,1,4.34,4.26,3,7.19
Kids,Frock,999.0,10,42,0,7.19,5.06,9,3.07
Kids,Frock,999.0,10,43,1,3.07,4.86,8,7.33
Kids,Frock,999.0,10,44,1,7.33,5.48,4,9.53
Kids,Frock,999.0,11,45,1,9.53,6.78,7,6.72
Kids,Frock,999.0,11,46,0,6.72,6.66,12,3.27
Kids,Frock,999.0,11,47,0,3.27,6.71,10,3.78
Kids,Frock,999.0,11,48,0,3.78,5.83,3,3.66
Kids,Frock,999.0,12,49,0,3.66,4.36,4,3.84
Kids,Frock,999.0,12,50,0,3.84,3.64,6,3.28
Kids,Frock,999.0,12,51,0,3.28,3.64,4,4.73
Kids,Frock,999.0,12,52,1,4.73,3.88,3,9.98
Kids,Frock,999.0,1,1,0,9.98,5.46,6,4.69
Kids,Frock,999.0,1,2,1,4.69,5.67,5,7.84
Kids,Frock,999.0,1,3,1,7.84,6.81,6,9.15
Kids,Frock,999.0,1,4,0,9.15,7.92,12,5.45
Kids,Frock,999.0,1,5,0,5.45,6.78,8,5.67
Kids,Frock,999.0,2,6,0,5.67,7.03,4,3.95
Kids,Frock,999.0,2,7,0,3.95,6.05,6,5.49
Kids,Frock,999.0,2,8,0,5.49,5.14,3,4.95
Kids,Frock,999.0,2,9,0,4.95,5.02,4,5.59
Kids,Frock,999.0,3,10,1,5.59,5.0,3,9.11
Kids,Frock,999.0,3,11,0,9.11,6.29,5,4.32
Kids,Frock,999.0,3,12,0,4.32,5.99,6,5.57
Kids,Frock,999.0,3,13,0,5.57,6.15,4,5.66
Kids,Frock,999.0,4,14,0,5.66,6.16,6,5.02
Kids,Frock,999.0,4,15,1,5.02,5.14,4,14.13
Kids,Frock,999.0,4,16,0,14.13,7.6,15,5.11
Kids,Frock,999.0,4,17,0,5.11,7.48,13,5.06
Kids,Frock,999.0,4,18,0,5.06,7.33,6,5.67
Kids,Frock,999.0,5,19,0,5.67,7.49,5,5.5
Kids,Frock,999.0,5,20,0,5.5,5.33,6,4.92
Kids,Frock,999.0,5,21,0,4.92,5.29,8,5.76
Kids,Frock,999.0,5,22,0,5.76,5.46,9,5.65
Kids,Frock,999.0,6,23,0,5.65,5.46,9,5.27
Kids,Frock,999.0,6,24,0,5.27,5.4,4,5.29
Kids,Frock,999.0,6,25,0,5.29,5.49,5,4.99
Kids,Frock,999.0,6,26,0,4.99,5.3,9,4.84
Kids,Frock,999.0,7,27,0,4.84,5.1,5,3.87
Newborn,Onesie,299.0,7,28,0,5.28,5.28,6,5.17
Newborn,Onesie,299.0,7,29,0,5.17,5.25,9,5.63
Newborn,Onesie,299.0,7,30,0,5.63,5.34,5,5.0
Newborn,Onesie,299.0,8,31,0,5.0,5.27,5,4.52
Newborn,Onesie,299.0,8,32,0,4.52,5.08,7,5.22
Newborn,Onesie,299.0,8,33,1,5.22,5.09,8,9.35
Newborn,Onesie,299.0,8,34,0,9.35,6.02,10,3.96
Newborn,Onesie,299.0,8,35,0,3.96,5.76,6,4.93
Newborn,Onesie,299.0,9,36,1,4.93,5.87,5,8.01
Newborn,Onesie,299.0,9,37,0,8.01,6.56,6,3.6
Newborn,Onesie,299.0,9,38,0,3.6,5.12,8,3.71
Newborn,Onesie,299.0,9,39,0,3.71,5.06,7,3.86
Newborn,Onesie,299.0,10,40,0,3.86,4.79,8,3.38
Newborn,Onesie,299.0,10,41,1,3.38,3.64,3,10.09
Newborn,Onesie,299.0,10,42,0,10.09,5.26,7,3.21
Newborn,Onesie,299.0,10,43,1,3.21,5.14,5,9.31
Newborn,Onesie,299.0,10,44,1,9.31,6.5,10,9.08
Newborn,Onesie,299.0,11,45,1,9.08,7.92,6,9.14
Newborn,Onesie,299.0,11,46,0,9.14,7.69,9,4.79
Newborn,Onesie,299.0,11,47,0,4.79,8.08,15,4.48
Newborn,Onesie,299.0,11,48,0,4.48,6.87,13,5.1
Newborn,Onesie,299.0,12,49,0,5.1,5.88,9,4.75
Newborn,Onesie,299.0,12,50,0,4.75,4.78,8,4.66
Newborn,Onesie,299.0,12,51,1,4.66,4.75,6,8.28
Newborn,Onesie,299.0,12,52,1,8.28,5.7,11,10.88
Newborn,Onesie,299.0,1,1,0,10.88,7.14,5,5.57
Newborn,Onesie,299.0,1,2,1,5.57,7.35,4,10.82
Newborn,Onesie,299.0,1,3,0,10.82,8.89,9,6.18
Newborn,Onesie,299.0,1,4,0,6.18,8.36,13,6.63
Newborn,Onesie,299.0,1,5,0,6.63,7.3,11,5.34
Newborn,Onesie,299.0,2,6,0,5.34,7.24,4,6.41
Newborn,Onesie,299.0,2,7,0,6.41,6.14,4,4.88
Newborn,Onesie,299.0,2,8,0,4.88,5.82,8,6.12
Newborn,Onesie,299.0,2,9,0,6.12,5.69,3,5.98
Newborn,Onesie,299.0,3,10,1,5.98,5.85,4,13.9
Newborn,Onesie,299.0,3,11,0,13.9,7.72,6,5.85
Newborn,Onesie,299.0,3,12,0,5.85,7.96,7,7.41
Newborn,Onesie,299.0,3,13,0,7.41,8.28,17,6.09
Newborn,Onesie,299.0,4,14,0,6.09,8.31,6,5.16
Newborn,Onesie,299.0,4,15,1,5.16,6.13,9,9.66
Newborn,Onesie,299.0,4,16,0,9.66,7.08,6,6.93
Newborn,Onesie,299.0,4,17,0,6.93,6.96,8,5.01
Newborn,Onesie,299.0,5,18,0,5.01,6.69,5,6.6
Newborn,Onesie,299.0,5,19,0,6.6,7.05,10,6.73
Newborn,Onesie,299.0,5,20,0,6.73,6.32,8,5.37
Newborn,Onesie,299.0,5,21,0,5.37,5.93,5,6.17
Newborn,Onesie,299.0,5,22,0,6.17,6.22,5,7.19
Newborn,Onesie,299.0,6,23,0,7.19,6.36,4,5.59
Newborn,Onesie,299.0,6,24,0,5.59,6.08,9,4.37
Newborn,Onesie,299.0,6,25,0,4.37,5.83,7,5.0
Newborn,Onesie,299.0,6,26,0,5.0,5.54,10,6.72
Newborn,Onesie,299.0,7,27,0,6.72,5.42,6,5.83
Newborn,Onesie,299.0,7,28,0,5.83,5.48,6,4.25
Newborn,Onesie,299.0,7,29,0,4.25,5.45,10,5.81
Newborn,Onesie,299.0,7,30,0,5.81,5.65,3,5.72
Newborn,Onesie,299.0,7,31,0,5.72,5.4,4,4.45
Newborn,Onesie,299.0,8,32,0,4.45,5.06,10,3.78
Newborn,Onesie,299.0,8,33,1,3.78,4.94,6,10.46
Newborn,Onesie,299.0,8,34,0,10.46,6.1,10,5.7
Newborn,Onesie,299.0,8,35,0,5.7,6.09,7,3.92
Newborn,Onesie,299.0,9,36,1,3.92,5.96,6,9.54
Newborn,Onesie,299.0,9,37,0,9.54,7.4,6,3.83
Newborn,Onesie,299.0,9,38,0,3.83,5.75,11,3.78
Newborn,Onesie,299.0,9,39,0,3.78,5.27,8,4.38
Newborn,Onesie,299.0,10,40,0,4.38,5.38,7,3.69
Newborn,Onesie,299.0,10,41,1,3.69,3.92,4,8.38
Newborn,Onesie,299.0,10,42,0,8.38,5.06,4,5.01
Newborn,Onesie,299.0,10,43,1,5.01,5.37,9,6.76
Newborn,Onesie,299.0,10,44,1,6.76,5.96,6,9.76
Newborn,Onesie,299.0,11,45,1,9.76,7.48,15,9.06
Newborn,Onesie,299.0,11,46,0,9.06,7.65,4,4.78
Newborn,Onesie,299.0,11,47,0,4.78,7.59,12,4.64
Newborn,Onesie,299.0,11,48,0,4.64,7.06,9,5.63
Newborn,Onesie,299.0,12,49,0,5.63,6.03,4,5.06
Newborn,Onesie,299.0,12,50,0,5.06,5.03,9,4.65
Newborn,Onesie,299.0,12,51,0,4.65,5.0,3,5.17
Newborn,Onesie,299.0,12,52,1,5.17,5.13,7,9.69
Newborn,Onesie,299.0,1,1,0,9.69,6.14,12,4.76
Newborn,Onesie,299.0,1,2,1,4.76,6.07,7,12.58
Newborn,Onesie,299.0,1,3,1,12.58,8.05,8,10.41
Newborn,Onesie,299.0,1,4,0,10.41,9.36,10,4.29
Newborn,Onesie,299.0,1,5,0,4.29,8.01,8,6.15
Newborn,Onesie,299.0,2,6,0,6.15,8.36,10,5.57
Newborn,Onesie,299.0,2,7,0,5.57,6.6,5,7.38
Newborn,Onesie,299.0,2,8,0,7.38,5.85,11,6.61
Newborn,Onesie,299.0,2,9,0,6.61,6.43,5,7.53
Newborn,Onesie,299.0,3,10,1,7.53,6.77,6,13.9
Newborn,Onesie,299.0,3,11,0,13.9,8.85,13,7.3
Newborn,Onesie,299.0,3,12,0,7.3,8.83,9,6.65
Newborn,Onesie,299.0,3,13,0,6.65,8.84,7,7.14
Newborn,Onesie,299.0,4,14,0,7.14,8.75,5,5.57
Newborn,Onesie,299.0,4,15,1,5.57,6.66,7,14.12
Newborn,Onesie,299.0,4,16,0,14.12,8.37,5,5.09
Newborn,Onesie,299.0,4,17,0,5.09,7.98,6,6.2
Newborn,Onesie,299.0,4,18,0,6.2,7.75,10,5.68
Newborn,Onesie,299.0,5,19,0,5.68,7.77,6,6.37
Newborn,Onesie,299.0,5,20,0,6.37,5.83,4,5.66
Newborn,Onesie,299.0,5,21,0,5.66,5.98,5,4.85
Newborn,Onesie,299.0,5,22,0,4.85,5.64,9,4.7
Newborn,Onesie,299.0,6,23,0,4.7,5.4,3,4.74
Newborn,Onesie,299.0,6,24,0,4.74,4.99,8,5.87
Newborn,Onesie,299.0,6,25,0,5.87,5.04,5,5.78
Newborn,Onesie,299.0,6,26,0,5.78,5.27,4,5.04
Newborn,Onesie,299.0,7,27,0,5.04,5.36,3,5.63
Men,Jeans,299.0,7,28,0,9.6,9.6,18,9.03
Men,Jeans,299.0,7,29,0,9.03,9.46,9,9.54
Men,Jeans,299.0,7,30,0,9.54,9.44,17,8.8
Men,Jeans,299.0,8,31,0,8.8,9.24,18,9.66
Men,Jeans,299.0,8,32,0,9.66,9.26,15,7.38
Men,Jeans,299.0,8,33,1,7.38,8.85,8,12.11
Men,Jeans,299.0,8,34,0,12.11,9.49,12,7.9
Men,Jeans,299.0,8,35,0,7.9,9.27,6,8.07
Men,Jeans,299.0,9,36,1,8.07,8.87,16,13.29
Men,Jeans,299.0,9,37,0,13.29,10.35,8,6.75
Men,Jeans,299.0,9,38,0,6.75,9.0,11,8.35
Men,Jeans,299.0,9,39,0,8.35,9.12,8,8.35
Men,Jeans,299.0,10,40,0,8.35,9.19,5,7.46
Men,Jeans,299.0,10,41,1,7.46,7.73,10,11.88
Men,Jeans,299.0,10,42,0,11.88,9.01,16,8.36
Men,Jeans,299.0,10,43,1,8.36,9.01,16,15.88
Men,Jeans,299.0,10,44,1,15.88,10.89,20,14.59
Men,Jeans,299.0,11,45,1,14.59,12.68,24,18.41
Men,Jeans,299.0,11,46,0,18.41,14.31,16,5.49
Men,Jeans,299.0,11,47,0,5.49,13.59,14,8.32
Men,Jeans,299.0,11,48,0,8.32,11.7,16,9.27
Men,Jeans,299.0,12,49,0,9.27,10.37,12,7.12
Men,Jeans,299.0,12,50,0,7.12,7.55,4,7.18
Men,Jeans,299.0,12,51,1,7.18,7.97,8,23.05
Men,Jeans,299.0,12,52,1,23.05,11.65,12,20.55
Men,Jeans,299.0,1,1,0,20.55,14.47,11,11.6
Men,Jeans,299.0,1,2,1,11.6,15.59,23,22.31
Men,Jeans,299.0,1,3,0,22.31,19.38,33,10.56
Men,Jeans,299.0,1,4,0,10.56,16.25,30,13.15
Men,Jeans,299.0,1,5,0,13.15,14.4,24,10.83
Men,Jeans,299.0,2,6,0,10.83,14.21,26,10.51
Men,Jeans,299.0,2,7,0,10.51,11.26,16,12.31
Men,Jeans,299.0,2,8,0,12.31,11.7,9,12.65
Men,Jeans,299.0,2,9,0,12.65,11.57,17,11.93
Men,Jeans,299.0,3,10,1,11.93,11.85,13,20.78
Men,Jeans,299.0,3,11,0,20.78,14.42,20,12.86
Men,Jeans,299.0,3,12,0,12.86,14.56,9,10.5
Men,Jeans,299.0,3,13,0,10.5,14.02,9,11.55
Men,Jeans,299.0,4,14,0,11.55,13.92,22,10.0
Men,Jeans,299.0,4,15,1,10.0,11.23,15,20.16
Men,Jeans,299.0,4,16,0,20.16,13.05,23,7.96
Men,Jeans,299.0,4,17,0,7.96,12.42,19,11.08
Men,Jeans,299.0,5,18,0,11.08,12.3,21,11.81
Men,Jeans,299.0,5,19,0,11.81,12.75,16,14.09
Men,Jeans,299.0,5,20,0,14.09,11.24,17,9.93
Men,Jeans,299.0,5,21,0,9.93,11.73,11,10.93
Men,Jeans,299.0,5,22,0,10.93,11.69,21,10.45
Men,Jeans,299.0,6,23,0,10.45,11.35,22,11.01
Men,Jeans,299.0,6,24,0,11.01,10.58,8,9.75
Men,Jeans,299.0,6,25,0,9.75,10.53,15,10.89
Men,Jeans,299.0,6,26,0,10.89,10.53,16,8.41
Men,Jeans,299.0,7,27,0,8.41,10.01,13,9.51
Men,Jeans,299.0,7,28,0,9.51,9.64,13,9.74
Men,Jeans,299.0,7,29,0,9.74,9.64,11,10.47
Men,Jeans,299.0,7,30,0,10.47,9.53,7,9.68
Men,Jeans,299.0,7,31,0,9.68,9.85,12,8.6
Men,Jeans,299.0,8,32,0,8.6,9.62,9,7.43
Men,Jeans,299.0,8,33,1,7.43,9.04,8,21.34
Men,Jeans,299.0,8,34,0,21.34,11.76,21,7.28
Men,Jeans,299.0,8,35,0,7.28,11.16,14,6.56
Men,Jeans,299.0,9,36,1,6.56,10.65,7,14.32
Men,Jeans,299.0,9,37,0,14.32,12.37,23,6.19
Men,Jeans,299.0,9,38,0,6.19,8.58,9,8.06
Men,Jeans,299.0,9,39,0,8.06,8.78,15,7.63
Men,Jeans,299.0,10,40,0,7.63,9.05,5,7.38
Men,Jeans,299.0,10,41,1,7.38,7.31,10,15.05
Men,Jeans,299.0,10,42,0,15.05,9.53,16,7.1
Men,Jeans,299.0,10,43,1,7.1,9.29,8,11.3
Men,Jeans,299.0,10,44,1,11.3,10.21,13,17.86
Men,Jeans,299.0,11,45,1,17.86,12.83,22,14.95
Men,Jeans,299.0,11,46,0,14.95,12.8,10,6.54
Men,Jeans,299.0,11,47,0,6.54,12.66,24,6.28
Men,Jeans,299.0,11,48,0,6.28,11.41,13,10.1
Men,Jeans,299.0,12,49,0,10.1,9.47,11,8.25
Men,Jeans,299.0,12,50,0,8.25,7.79,6,8.42
Men,Jeans,299.0,12,51,0,8.42,8.26,8,9.73
Men,Jeans,299.0,12,52,1,9.73,9.13,9,17.25
Men,Jeans,299.0,1,1,0,17.25,10.91,22,11.43
Men,Jeans,299.0,1,2,1,11.43,11.71,17,15.61
Men,Jeans,299.0,1,3,1,15.61,13.51,23,18.24
Men,Jeans,299.0,1,4,0,18.24,15.63,9,10.59
Men,Jeans,299.0,1,5,0,10.59,13.96,18,9.5
Men,Jeans,299.0,2,6,0,9.5,13.48,16,9.33
Men,Jeans,299.0,2,7,0,9.33,11.91,23,9.13
Men,Jeans,299.0,2,8,0,9.13,9.64,14,11.58
Men,Jeans,299.0,2,9,0,11.58,9.88,5,11.45
Men,Jeans,299.0,3,10,1,11.45,10.37,15,24.12
Men,Jeans,299.0,3,11,0,24.12,14.07,28,10.97
Men,Jeans,299.0,3,12,0,10.97,14.53,15,10.64
Men,Jeans,299.0,3,13,0,10.64,14.3,14,10.1
Men,Jeans,299.0,4,14,0,10.1,13.96,20,10.89
Men,Jeans,299.0,4,15,1,10.89,10.65,10,17.47
Men,Jeans,299.0,4,16,0,17.47,12.28,15,11.84
Men,Jeans,299.0,4,17,0,11.84,12.58,17,10.62
Men,Jeans,299.0,4,18,0,10.62,12.71,17,12.94
Men,Jeans,299.0,5,19,0,12.94,13.22,25,10.98
Men,Jeans,299.0,5,20,0,10.98,11.6,12,7.93
Men,Jeans,299.0,5,21,0,7.93,10.62,14,11.01
Men,Jeans,299.0,5,22,0,11.01,10.72,9,13.79
Men,Jeans,299.0,6,23,0,13.79,10.93,16,10.96
Men,Jeans,299.0,6,24,0,10.96,10.92,13,11.33
Men,Jeans,299.0,6,25,0,11.33,11.77,23,11.68
Men,Jeans,299.0,6,26,0,11.68,11.94,21,8.5
Men,Jeans,299.0,7,27,0,8.5,10.62,9,9.27
Men,T-Shirt,2999.0,7,28,0,3.6,3.6,2,3.03
Men,T-Shirt,2999.0,7,29,0,3.03,3.46,3,3.67
Men,T-Shirt,2999.0,7,30,0,3.67,3.48,3,2.89
Men,T-Shirt,2999.0,8,31,0,2.89,3.3,5,3.1
Men,T-Shirt,2999.0,8,32,0,3.1,3.17,6,3.47
Men,T-Shirt,2999.0,8,33,1,3.47,3.28,4,6.7
Men,T-Shirt,2999.0,8,34,0,6.7,4.04,5,3.07
Men,T-Shirt,2999.0,8,35,0,3.07,4.08,6,3.48
Men,T-Shirt,2999.0,9,36,1,3.48,4.18,5,6.46
Men,T-Shirt,2999.0,9,37,0,6.46,4.93,3,2.63
Men,T-Shirt,2999.0,9,38,0,2.63,3.91,3,2.3
Men,T-Shirt,2999.0,9,39,0,2.3,3.72,6,2.48
Men,T-Shirt,2999.0,10,40,0,2.48,3.47,5,3.19
Men,T-Shirt,2999.0,10,41,1,3.19,2.65,4,6.04
Men,T-Shirt,2999.0,10,42,0,6.04,3.5,6,3.4
Men,T-Shirt,2999.0,10,43,1,3.4,3.78,5,6.24
Men,T-Shirt,2999.0,10,44,1,6.24,4.72,9,6.56
Men,T-Shirt,2999.0,11,45,1,6.56,5.56,8,6.25
Men,T-Shirt,2999.0,11,46,0,6.25,5.61,8,2.78
Men,T-Shirt,2999.0,11,47,0,2.78,5.46,7,2.81
Men,T-Shirt,2999.0,11,48,0,2.81,4.6,8,2.77
Men,T-Shirt,2999.0,12,49,0,2.77,3.65,7,2.97
Men,T-Shirt,2999.0,12,50,0,2.97,2.83,5,3.96
Men,T-Shirt,2999.0,12,51,1,3.96,3.13,5,7.48
Men,T-Shirt,2999.0,12,52,1,7.48,4.3,3,6.84
Men,T-Shirt,2999.0,1,1,0,6.84,5.31,8,3.8
Men,T-Shirt,2999.0,1,2,1,3.8,5.52,11,7.77
Men,T-Shirt,2999.0,1,3,0,7.77,6.48,11,4.5
Men,T-Shirt,2999.0,1,4,0,4.5,5.73,4,3.68
Men,T-Shirt,2999.0,1,5,0,3.68,4.94,8,4.05
Men,T-Shirt,2999.0,2,6,0,4.05,5.0,3,4.44
Men,T-Shirt,2999.0,2,7,0,4.44,4.17,4,3.68
Men,T-Shirt,2999.0,2,8,0,3.68,3.96,2,4.98
Men,T-Shirt,2999.0,2,9,0,4.98,4.29,4,4.6
Men,T-Shirt,2999.0,3,10,1,4.6,4.42,3,7.3
Men,T-Shirt,2999.0,3,11,0,7.3,5.14,7,5.37
Men,T-Shirt,2999.0,3,12,0,5.37,5.56,5,5.02
Men,T-Shirt,2999.0,3,13,0,5.02,5.57,11,4.64
Men,T-Shirt,2999.0,4,14,0,4.64,5.58,6,3.17
Men,T-Shirt,2999.0,4,15,1,3.17,4.55,6,7.94
Men,T-Shirt,2999.0,4,16,0,7.94,5.19,7,4.35
Men,T-Shirt,2999.0,4,17,0,4.35,5.03,4,4.37
Men,T-Shirt,2999.0,5,18,0,4.37,4.96,8,4.23
Men,T-Shirt,2999.0,5,19,0,4.23,5.22,8,3.43
Men,T-Shirt,2999.0,5,20,0,3.43,4.1,4,3.95
Men,T-Shirt,2999.0,5,21,0,3.95,3.99,7,3.94
Men,T-Shirt,2999.0,5,22,0,3.94,3.89,4,2.84
Men,T-Shirt,2999.0,6,23,0,2.84,3.54,2,4.2
Men,T-Shirt,2999.0,6,24,0,4.2,3.73,7,4.68
Men,T-Shirt,2999.0,6,25,0,4.68,3.91,5,3.68
Men,T-Shirt,2999.0,6,26,0,3.68,3.85,6,3.95
Men,T-Shirt,2999.0,7,27,0,3.95,4.13,3,3.09
Men,T-Shirt,2999.0,7,28,0,3.09,3.85,5,3.64
Men,T-Shirt,2999.0,7,29,0,3.64,3.59,5,3.56
Men,T-Shirt,2999.0,7,30,0,3.56,3.56,2,3.82
Men,T-Shirt,2999.0,7,31,0,3.82,3.53,2,3.83
Men,T-Shirt,2999.0,8,32,0,3.83,3.71,4,3.41
Men,T-Shirt,2999.0,8,33,1,3.41,3.65,5,5.61
Men,T-Shirt,2999.0,8,34,0,5.61,4.17,7,2.74
Men,T-Shirt,2999.0,8,35,0,2.74,3.9,5,3.53
Men,T-Shirt,2999.0,9,36,1,3.53,3.82,7,4.57
Men,T-Shirt,2999.0,9,37,0,4.57,4.11,7,2.43
Men,T-Shirt,2999.0,9,38,0,2.43,3.32,2,2.67
Men,T-Shirt,2999.0,9,39,0,2.67,3.3,3,3.06
Men,T-Shirt,2999.0,10,40,0,3.06,3.18,3,3.49
Men,T-Shirt,2999.0,10,41,1,3.49,2.91,3,7.09
Men,T-Shirt,2999.0,10,42,0,7.09,4.08,5,1.96
Men,T-Shirt,2999.0,10,43,1,1.96,3.9,7,6.07
Men,T-Shirt,2999.0,10,44,1,6.07,4.65,7,5.88
Men,T-Shirt,2999.0,11,45,1,5.88,5.25,7,5.3
Men,T-Shirt,2999.0,11,46,0,5.3,4.8,5,2.05
Men,T-Shirt,2999.0,11,47,0,2.05,4.83,5,3.1
Men,T-Shirt,2999.0,11,48,0,3.1,4.08,7,2.66
Men,T-Shirt,2999.0,12,49,0,2.66,3.28,4,3.46
Men,T-Shirt,2999.0,12,50,0,3.46,2.82,5,3.36
Men,T-Shirt,2999.0,12,51,0,3.36,3.15,2,2.53
Men,T-Shirt,2999.0,12,52,1,2.53,3.0,4,6.8
Men,T-Shirt,2999.0,1,1,0,6.8,4.04,3,2.86
Men,T-Shirt,2999.0,1,2,1,2.86,3.89,7,7.61
Men,T-Shirt,2999.0,1,3,1,7.61,4.95,5,8.23
Men,T-Shirt,2999.0,1,4,0,8.23,6.38,6,3.63
Men,T-Shirt,2999.0,1,5,0,3.63,5.58,10,4.61
Men,T-Shirt,2999.0,2,6,0,4.61,6.02,8,4.15
Men,T-Shirt,2999.0,2,7,0,4.15,5.15,8,4.07
Men,T-Shirt,2999.0,2,8,0,4.07,4.11,7,4.14
Men,T-Shirt,2999.0,2,9,0,4.14,4.24,7,4.05
Men,T-Shirt,2999.0,3,10,1,4.05,4.1,5,8.14
Men,T-Shirt,2999.0,3,11,0,8.14,5.1,3,3.54
Men,T-Shirt,2999.0,3,12,0,3.54,4.97,5,5.17
Men,T-Shirt,2999.0,3,13,0,5.17,5.22,6,4.15
Men,T-Shirt,2999.0,4,14,0,4.15,5.25,9,5.3
Men,T-Shirt,2999.0,4,15,1,5.3,4.54,7,9.36
Men,T-Shirt,2999.0,4,16,0,9.36,6.0,8,4.19
Men,T-Shirt,2999.0,4,17,0,4.19,5.75,10,4.32
Men,T-Shirt,2999.0,4,18,0,4.32,5.79,6,4.61
Men,T-Shirt,2999.0,5,19,0,4.61,5.62,11,4.73
Men,T-Shirt,2999.0,5,20,0,4.73,4.46,7,4.11
Men,T-Shirt,2999.0,5,21,0,4.11,4.44,7,4.55
Men,T-Shirt,2999.0,5,22,0,4.55,4.5,3,4.33
Men,T-Shirt,2999.0,6,23,0,4.33,4.43,4,4.28
Men,T-Shirt,2999.0,6,24,0,4.28,4.32,7,4.3
Men,T-Shirt,2999.0,6,25,0,4.3,4.36,5,3.44
Men,T-Shirt,2999.0,6,26,0,3.44,4.09,4,4.35
Men,T-Shirt,2999.0,7,27,0,4.35,4.09,2,3.76
Kids,Ethnic,2999.0,7,28,0,2.88,2.88,5,3.14
Kids,Ethnic,2999.0,7,29,0,3.14,2.94,3,2.69
Kids,Ethnic,2999.0,7,30,0,2.69,2.9,5,2.72
Kids,Ethnic,2999.0,8,31,0,2.72,2.86,4,2.36
Kids,Ethnic,2999.0,8,32,0,2.36,2.73,5,2.14
Kids,Ethnic,2999.0,8,33,1,2.14,2.48,2,4.8
Kids,Ethnic,2999.0,8,34,0,4.8,3.0,6,2.66
Kids,Ethnic,2999.0,8,35,0,2.66,2.99,4,2.19
Kids,Ethnic,2999.0,9,36,1,2.19,2.95,2,3.66
Kids,Ethnic,2999.0,9,37,0,3.66,3.33,3,2.69
Kids,Ethnic,2999.0,9,38,0,2.69,2.8,5,1.93
Kids,Ethnic,2999.0,9,39,0,1.93,2.62,2,2.4
Kids,Ethnic,2999.0,10,40,0,2.4,2.67,4,2.88
Kids,Ethnic,2999.0,10,41,1,2.88,2.47,2,6.73
Kids,Ethnic,2999.0,10,42,0,6.73,3.48,5,2.27
Kids,Ethnic,2999.0,10,43,1,2.27,3.57,5,5.45
Kids,Ethnic,2999.0,10,44,1,5.45,4.33,6,4.97
Kids,Ethnic,2999.0,11,45,1,4.97,4.86,9,4.2
Kids,Ethnic,2999.0,11,46,0,4.2,4.22,8,2.38
Kids,Ethnic,2999.0,11,47,0,2.38,4.25,2,2.34
Kids,Ethnic,2999.0,11,48,0,2.34,3.48,5,2.97
Kids,Ethnic,2999.0,12,49,0,2.97,2.97,2,3.27
Kids,Ethnic,2999.0,12,50,0,3.27,2.74,2,2.55
Kids,Ethnic,2999.0,12,51,1,2.55,2.78,2,4.32
Kids,Ethnic,2999.0,12,52,1,4.32,3.28,4,5.81
Kids,Ethnic,2999.0,1,1,0,5.81,3.99,4,2.54
Kids,Ethnic,2999.0,1,2,1,2.54,3.81,4,5.02
Kids,Ethnic,2999.0,1,3,0,5.02,4.42,4,2.74
Kids,Ethnic,2999.0,1,4,0,2.74,4.03,8,2.77
Kids,Ethnic,2999.0,1,5,0,2.77,3.27,2,3.34
Kids,Ethnic,2999.0,2,6,0,3.34,3.47,2,3.51
Kids,Ethnic,2999.0,2,7,0,3.51,3.09,2,3.4
Kids,Ethnic,2999.0,2,8,0,3.4,3.26,3,2.91
Kids,Ethnic,2999.0,2,9,0,2.91,3.29,4,2.95
Kids,Ethnic,2999.0,3,10,1,2.95,3.19,3,6.71
Kids,Ethnic,2999.0,3,11,0,6.71,3.99,6,3.26
Kids,Ethnic,2999.0,3,12,0,3.26,3.96,5,3.45
Kids,Ethnic,2999.0,3,13,0,3.45,4.09,4,3.63
Kids,Ethnic,2999.0,4,14,0,3.63,4.26,4,3.41
Kids,Ethnic,2999.0,4,15,1,3.41,3.44,7,7.43
Kids,Ethnic,2999.0,4,16,0,7.43,4.48,2,3.53
Kids,Ethnic,2999.0,4,17,0,3.53,4.5,7,3.7
Kids,Ethnic,2999.0,5,18,0,3.7,4.52,3,2.83
Kids,Ethnic,2999.0,5,19,0,2.83,4.37,6,2.55
Kids,Ethnic,2999.0,5,20,0,2.55,3.15,6,2.87
Kids,Ethnic,2999.0,5,21,0,2.87,2.99,2,3.7
Kids,Ethnic,2999.0,5,22,0,3.7,2.99,5,3.28
Kids,Ethnic,2999.0,6,23,0,3.28,3.1,6,2.87
Kids,Ethnic,2999.0,6,24,0,2.87,3.18,6,2.75
Kids,Ethnic,2999.0,6,25,0,2.75,3.15,6,3.28
Kids,Ethnic,2999.0,6,26,0,3.28,3.05,4,3.03
Kids,Ethnic,2999.0,7,27,0,3.03,2.98,3,2.34
Kids,Ethnic,2999.0,7,28,0,2.34,2.85,4,2.28
Kids,Ethnic,2999.0,7,29,0,2.28,2.73,5,2.94
Kids,Ethnic,2999.0,7,30,0,2.94,2.65,5,2.42
Kids,Ethnic,2999.0,7,31,0,2.42,2.5,4,2.04
Kids,Ethnic,2999.0,8,32,0,2.04,2.42,3,1.99
Kids,Ethnic,2999.0,8,33,1,1.99,2.35,4,5.26
Kids,Ethnic,2999.0,8,34,0,5.26,2.93,4,2.24
Kids,Ethnic,2999.0,8,35,0,2.24,2.88,2,2.65
Kids,Ethnic,2999.0,9,36,1,2.65,3.03,3,4.76
Kids,Ethnic,2999.0,9,37,0,4.76,3.73,2,2.19
Kids,Ethnic,2999.0,9,38,0,2.19,2.96,5,2.31
Kids,Ethnic,2999.0,9,39,0,2.31,2.98,4,2.92
Kids,Ethnic,2999.0,10,40,0,2.92,3.05,3,1.99
Kids,Ethnic,2999.0,10,41,1,1.99,2.35,3,5.38
Kids,Ethnic,2999.0,10,42,0,5.38,3.15,4,2.51
Kids,Ethnic,2999.0,10,43,1,2.51,3.2,3,4.33
Kids,Ethnic,2999.0,10,44,1,4.33,3.55,2,5.14
Kids,Ethnic,2999.0,11,45,1,5.14,4.34,3,4.93
Kids,Ethnic,2999.0,11,46,0,4.93,4.23,5,2.42
Kids,Ethnic,2999.0,11,47,0,2.42,4.2,6,2.38
Kids,Ethnic,2999.0,11,48,0,2.38,3.72,6,2.9
Kids,Ethnic,2999.0,12,49,0,2.9,3.16,6,2.63
Kids,Ethnic,2999.0,12,50,0,2.63,2.58,5,2.34
Kids,Ethnic,2999.0,12,51,0,2.34,2.56,1,2.73
Kids,Ethnic,2999.0,12,52,1,2.73,2.65,2,4.46
Kids,Ethnic,2999.0,1,1,0,4.46,3.04,4,2.63
Kids,Ethnic,2999.0,1,2,1,2.63,3.04,3,6.37
Kids,Ethnic,2999.0,1,3,1,6.37,4.05,4,5.18
Kids,Ethnic,2999.0,1,4,0,5.18,4.66,3,4.1
Kids,Ethnic,2999.0,1,5,0,4.1,4.57,7,2.22
Kids,Ethnic,2999.0,2,6,0,2.22,4.47,3,3.05
Kids,Ethnic,2999.0,2,7,0,3.05,3.64,6,3.56
Kids,Ethnic,2999.0,2,8,0,3.56,3.23,2,2.64
Kids,Ethnic,2999.0,2,9,0,2.64,2.87,6,3.67
Kids,Ethnic,2999.0,3,10,1,3.67,3.23,2,7.35
Kids,Ethnic,2999.0,3,11,0,7.35,4.31,7,3.28
Kids,Ethnic,2999.0,3,12,0,3.28,4.23,7,3.01
Kids,Ethnic,2999.0,3,13,0,3.01,4.33,8,3.45
Kids,Ethnic,2999.0,4,14,0,3.45,4.27,5,3.72
Kids,Ethnic,2999.0,4,15,1,3.72,3.37,5,6.11
Kids,Ethnic,2999.0,4,16,0,6.11,4.08,8,3.38
Kids,Ethnic,2999.0,4,17,0,3.38,4.17,4,2.74
Kids,Ethnic,2999.0,4,18,0,2.74,3.99,6,3.77
Kids,Ethnic,2999.0,5,19,0,3.77,4.0,7,4.14
Kids,Ethnic,2999.0,5,20,0,4.14,3.51,7,3.09
Kids,Ethnic,2999.0,5,21,0,3.09,3.43,3,2.93
Kids,Ethnic,2999.0,5,22,0,2.93,3.48,5,3.67
Kids,Ethnic,2999.0,6,23,0,3.67,3.46,3,3.59
Kids,Ethnic,2999.0,6,24,0,3.59,3.32,3,3.38
Kids,Ethnic,2999.0,6,25,0,3.38,3.39,5,2.51
Kids,Ethnic,2999.0,6,26,0,2.51,3.29,3,1.87
Kids,Ethnic,2999.0,7,27,0,1.87,2.84,5,2.81
Kids,Shorts,1999.0,7,28,0,4.8,4.8,9,6.62
Kids,Shorts,1999.0,7,29,0,6.62,5.25,8,4.77
Kids,Shorts,1999.0,7,30,0,4.77,5.25,9,4.12
Kids,Shorts,1999.0,8,31,0,4.12,5.08,9,4.9
Kids,Shorts,1999.0,8,32,0,4.9,5.1,8,3.82
Kids,Shorts,1999.0,8,33,1,3.82,4.4,3,6.31
Kids,Shorts,1999.0,8,34,0,6.31,4.79,9,3.78
Kids,Shorts,1999.0,8,35,0,3.78,4.7,4,4.15
Kids,Shorts,1999.0,9,36,1,4.15,4.51,4,6.7
Kids,Shorts,1999.0,9,37,0,6.7,5.24,6,4.0
Kids,Shorts,1999.0,9,38,0,4.0,4.66,6,3.76
Kids,Shorts,1999.0,9,39,0,3.76,4.65,4,4.73
Kids,Shorts,1999.0,10,40,0,4.73,4.8,4,4.3
Kids,Shorts,1999.0,10,41,1,4.3,4.2,4,10.37
Kids,Shorts,1999.0,10,42,0,10.37,5.79,6,3.2
Kids,Shorts,1999.0,10,43,1,3.2,5.65,4,9.19
Kids,Shorts,1999.0,10,44,1,9.19,6.77,10,5.75
Kids,Shorts,1999.0,11,45,1,5.75,7.13,11,9.15
Kids,Shorts,1999.0,11,46,0,9.15,6.82,9,3.13
Kids,Shorts,1999.0,11,47,0,3.13,6.8,6,4.59
Kids,Shorts,1999.0,11,48,0,4.59,5.65,7,4.43
Kids,Shorts,1999.0,12,49,0,4.43,5.32,10,4.6
Kids,Shorts,1999.0,12,50,0,4.6,4.19,3,3.18
Kids,Shorts,1999.0,12,51,1,3.18,4.2,6,9.98
Kids,Shorts,1999.0,12,52,1,9.98,5.55,8,7.24
Kids,Shorts,1999.0,1,1,0,7.24,6.25,10,5.95
Kids,Shorts,1999.0,1,2,1,5.95,6.59,10,8.89
Kids,Shorts,1999.0,1,3,0,8.89,8.02,15,3.15
Kids,Shorts,1999.0,1,4,0,3.15,6.31,9,4.88
Kids,Shorts,1999.0,1,5,0,4.88,5.72,11,6.16
Kids,Shorts,1999.0,2,6,0,6.16,5.77,5,5.4
Kids,Shorts,1999.0,2,7,0,5.4,4.9,8,5.5
Kids,Shorts,1999.0,2,8,0,5.5,5.49,8,5.89
Kids,Shorts,1999.0,2,9,0,5.89,5.74,10,4.83
Kids,Shorts,1999.0,3,10,1,4.83,5.41,8,10.16
Kids,Shorts,1999.0,3,11,0,10.16,6.6,7,5.78
Kids,Shorts,1999.0,3,12,0,5.78,6.66,9,7.14
Kids,Shorts,1999.0,3,13,0,7.14,6.98,12,6.36
Kids,Shorts,1999.0,4,14,0,6.36,7.36,15,6.42
Kids,Shorts,1999.0,4,15,1,6.42,6.42,8,13.61
Kids,Shorts,1999.0,4,16,0,13.61,8.38,9,6.53
Kids,Shorts,1999.0,4,17,0,6.53,8.23,10,6.24
Kids,Shorts,1999.0,5,18,0,6.24,8.2,4,5.49
Kids,Shorts,1999.0,5,19,0,5.49,7.97,15,3.82
Kids,Shorts,1999.0,5,20,0,3.82,5.52,10,4.68
Kids,Shorts,1999.0,5,21,0,4.68,5.06,5,4.71
Kids,Shorts,1999.0,5,22,0,4.71,4.67,8,6.15
Kids,Shorts,1999.0,6,23,0,6.15,4.84,8,5.62
Kids,Shorts,1999.0,6,24,0,5.62,5.29,7,3.2
Kids,Shorts,1999.0,6,25,0,3.2,4.92,5,5.01
Kids,Shorts,1999.0,6,26,0,5.01,5.0,4,3.36
Kids,Shorts,1999.0,7,27,0,3.36,4.3,6,4.65
Kids,Shorts,1999.0,7,28,0,4.65,4.05,7,5.33
Kids,Shorts,1999.0,7,29,0,5.33,4.59,7,4.89
Kids,Shorts,1999.0,7,30,0,4.89,4.56,3,4.2
Kids,Shorts,1999.0,7,31,0,4.2,4.77,8,4.43
Kids,Shorts,1999.0,8,32,0,4.43,4.71,3,3.81
Kids,Shorts,1999.0,8,33,1,3.81,4.33,3,6.75
Kids,Shorts,1999.0,8,34,0,6.75,4.8,6,3.62
Kids,Shorts,1999.0,8,35,0,3.62,4.65,3,4.51
Kids,Shorts,1999.0,9,36,1,4.51,4.67,5,9.26
Kids,Shorts,1999.0,9,37,0,9.26,6.03,10,4.43
Kids,Shorts,1999.0,9,38,0,4.43,5.45,9,4.32
Kids,Shorts,1999.0,9,39,0,4.32,5.63,11,3.23
Kids,Shorts,1999.0,10,40,0,3.23,5.31,5,3.68
Kids,Shorts,1999.0,10,41,1,3.68,3.91,3,7.49
Kids,Shorts,1999.0,10,42,0,7.49,4.68,5,3.59
Kids,Shorts,1999.0,10,43,1,3.59,4.5,8,6.67
Kids,Shorts,1999.0,10,44,1,6.67,5.36,10,8.16
Kids,Shorts,1999.0,11,45,1,8.16,6.48,11,8.24
Kids,Shorts,1999.0,11,46,0,8.24,6.66,8,3.91
Kids,Shorts,1999.0,11,47,0,3.91,6.74,13,5.07
Kids,Shorts,1999.0,11,48,0,5.07,6.34,10,3.98
Kids,Shorts,1999.0,12,49,0,3.98,5.3,7,4.29
Kids,Shorts,1999.0,12,50,0,4.29,4.31,8,3.55
Kids,Shorts,1999.0,12,51,0,3.55,4.22,3,5.04
Kids,Shorts,1999.0,12,52,1,5.04,4.22,3,10.99
Kids,Shorts,1999.0,1,1,0,10.99,5.97,7,3.74
Kids,Shorts,1999.0,1,2,1,3.74,5.83,3,10.5
Kids,Shorts,1999.0,1,3,1,10.5,7.57,8,9.55
Kids,Shorts,1999.0,1,4,0,9.55,8.7,16,5.71
Kids,Shorts,1999.0,1,5,0,5.71,7.38,14,5.44
Kids,Shorts,1999.0,2,6,0,5.44,7.8,8,5.54
Kids,Shorts,1999.0,2,7,0,5.54,6.56,12,5.58
Kids,Shorts,1999.0,2,8,0,5.58,5.57,6,6.94
Kids,Shorts,1999.0,2,9,0,6.94,5.88,7,4.56
Kids,Shorts,1999.0,3,10,1,4.56,5.66,10,7.78
Kids,Shorts,1999.0,3,11,0,7.78,6.22,9,6.28
Kids,Shorts,1999.0,3,12,0,6.28,6.39,12,4.83
Kids,Shorts,1999.0,3,13,0,4.83,5.86,9,6.4
Kids,Shorts,1999.0,4,14,0,6.4,6.32,5,6.3
Kids,Shorts,1999.0,4,15,1,6.3,5.95,4,10.2
Kids,Shorts,1999.0,4,16,0,10.2,6.93,5,7.95
Kids,Shorts,1999.0,4,17,0,7.95,7.71,8,6.83
Kids,Shorts,1999.0,4,18,0,6.83,7.82,6,5.57
Kids,Shorts,1999.0,5,19,0,5.57,7.64,15,5.74
Kids,Shorts,1999.0,5,20,0,5.74,6.52,6,6.39
Kids,Shorts,1999.0,5,21,0,6.39,6.13,8,4.48
Kids,Shorts,1999.0,5,22,0,4.48,5.54,6,5.69
Kids,Shorts,1999.0,6,23,0,5.69,5.57,8,5.15
Kids,Shorts,1999.0,6,24,0,5.15,5.43,6,6.19
Kids,Shorts,1999.0,6,25,0,6.19,5.38,6,3.74
Kids,Shorts,1999.0,6,26,0,3.74,5.19,7,5.09
Kids,Shorts,1999.0,7,27,0,5.09,5.04,4,3.95
Women,Dress,2999.0,7,28,0,4.86,4.86,8,5.0
Women,Dress,2999.0,7,29,0,5.0,4.9,6,4.6
Women,Dress,2999.0,7,30,0,4.6,4.83,3,4.56
Women,Dress,2999.0,8,31,0,4.56,4.76,6,4.89
Women,Dress,2999.0,8,32,0,4.89,4.76,9,4.61
Women,Dress,2999.0,8,33,1,4.61,4.66,5,7.53
Women,Dress,2999.0,8,34,0,7.53,5.4,5,2.9
Women,Dress,2999.0,8,35,0,2.9,4.98,8,3.06
Women,Dress,2999.0,9,36,1,3.06,4.53,8,7.21
Women,Dress,2999.0,9,37,0,7.21,5.18,4,4.03
Women,Dress,2999.0,9,38,0,4.03,4.3,6,3.87
Women,Dress,2999.0,9,39,0,3.87,4.54,3,4.01
Women,Dress,2999.0,10,40,0,4.01,4.78,6,4.53
Women,Dress,2999.0,10,41,1,4.53,4.11,8,7.14
Women,Dress,2999.0,10,42,0,7.14,4.89,10,4.36
Women,Dress,2999.0,10,43,1,4.36,5.01,6,8.1
Women,Dress,2999.0,10,44,1,8.1,6.03,5,9.52
Women,Dress,2999.0,11,45,1,9.52,7.28,13,8.47
Women,Dress,2999.0,11,46,0,8.47,7.61,5,5.15
Women,Dress,2999.0,11,47,0,5.15,7.81,13,4.66
Women,Dress,2999.0,11,48,0,4.66,6.95,9,4.99
Women,Dress,2999.0,12,49,0,4.99,5.82,5,4.05
Women,Dress,2999.0,12,50,0,4.05,4.71,7,5.38
Women,Dress,2999.0,12,51,1,5.38,4.77,3,11.59
Women,Dress,2999.0,12,52,1,11.59,6.5,7,10.33
Women,Dress,2999.0,1,1,0,10.33,7.84,15,4.7
Women,Dress,2999.0,1,2,1,4.7,8.0,9,11.54
Women,Dress,2999.0,1,3,0,11.54,9.54,18,5.68
Women,Dress,2999.0,1,4,0,5.68,8.06,5,6.75
Women,Dress,2999.0,1,5,0,6.75,7.17,10,5.73
Women,Dress,2999.0,2,6,0,5.73,7.42,12,5.36
Women,Dress,2999.0,2,7,0,5.36,5.88,3,5.62
Women,Dress,2999.0,2,8,0,5.62,5.86,9,4.95
Women,Dress,2999.0,2,9,0,4.95,5.41,3,5.43
Women,Dress,2999.0,3,10,1,5.43,5.34,6,8.44
Women,Dress,2999.0,3,11,0,8.44,6.11,3,5.66
Women,Dress,2999.0,3,12,0,5.66,6.12,5,6.71
Women,Dress,2999.0,3,13,0,6.71,6.56,10,7.62
Women,Dress,2999.0,4,14,0,7.62,7.11,12,5.53
Women,Dress,2999.0,4,15,1,5.53,6.38,10,12.68
Women,Dress,2999.0,4,16,0,12.68,8.14,10,5.71
Women,Dress,2999.0,4,17,0,5.71,7.89,13,5.44
Women,Dress,2999.0,5,18,0,5.44,7.34,5,4.84
Women,Dress,2999.0,5,19,0,4.84,7.17,6,6.89
Women,Dress,2999.0,5,20,0,6.89,5.72,9,4.32
Women,Dress,2999.0,5,21,0,4.32,5.37,9,2.61
Women,Dress,2999.0,5,22,0,2.61,4.66,2,5.72
Women,Dress,2999.0,6,23,0,5.72,4.89,5,4.26
Women,Dress,2999.0,6,24,0,4.26,4.23,7,4.76
Women,Dress,2999.0,6,25,0,4.76,4.34,9,6.14
Women,Dress,2999.0,6,26,0,6.14,5.22,6,4.17
Women,Dress,2999.0,7,27,0,4.17,4.83,2,5.06
Women,Dress,2999.0,7,28,0,5.06,5.04,7,5.56
Women,Dress,2999.0,7,29,0,5.56,5.24,9,4.87
Women,Dress,2999.0,7,30,0,4.87,4.92,4,4.78
Women,Dress,2999.0,7,31,0,4.78,5.07,9,4.63
Women,Dress,2999.0,8,32,0,4.63,4.96,10,3.45
Women,Dress,2999.0,8,33,1,3.45,4.43,9,9.6
Women,Dress,2999.0,8,34,0,9.6,5.62,5,4.84
Women,Dress,2999.0,8,35,0,4.84,5.63,6,4.2
Women,Dress,2999.0,9,36,1,4.2,5.52,7,8.08
Women,Dress,2999.0,9,37,0,8.08,6.68,5,3.15
Women,Dress,2999.0,9,38,0,3.15,5.07,3,3.46
Women,Dress,2999.0,9,39,0,3.46,4.72,5,4.09
Women,Dress,2999.0,10,40,0,4.09,4.7,4,2.89
Women,Dress,2999.0,10,41,1,2.89,3.4,3,6.8
Women,Dress,2999.0,10,42,0,6.8,4.31,8,3.73
Women,Dress,2999.0,10,43,1,3.73,4.38,4,6.55
Women,Dress,2999.0,10,44,1,6.55,4.99,5,7.02
Women,Dress,2999.0,11,45,1,7.02,6.03,6,8.66
Women,Dress,2999.0,11,46,0,8.66,6.49,10,4.07
Women,Dress,2999.0,11,47,0,4.07,6.58,9,4.67
Women,Dress,2999.0,11,48,0,4.67,6.11,6,4.08
Women,Dress,2999.0,12,49,0,4.08,5.37,5,4.34
Women,Dress,2999.0,12,50,0,4.34,4.29,4,4.69
Women,Dress,2999.0,12,51,0,4.69,4.44,6,4.1
Women,Dress,2999.0,12,52,1,4.1,4.3,7,10.21
Women,Dress,2999.0,1,1,0,10.21,5.84,4,4.14
Women,Dress,2999.0,1,2,1,4.14,5.79,9,8.97
Women,Dress,2999.0,1,3,1,8.97,6.86,8,9.43
Women,Dress,2999.0,1,4,0,9.43,8.19,15,4.74
Women,Dress,2999.0,1,5,0,4.74,6.82,5,5.37
Women,Dress,2999.0,2,6,0,5.37,7.13,5,4.92
Women,Dress,2999.0,2,7,0,4.92,6.11,9,5.35
Women,Dress,2999.0,2,8,0,5.35,5.09,7,6.51
Women,Dress,2999.0,2,9,0,6.51,5.54,11,6.68
Women,Dress,2999.0,3,10,1,6.68,5.87,5,6.32
Women,Dress,2999.0,3,11,0,6.32,6.21,4,6.14
Women,Dress,2999.0,3,12,0,6.14,6.41,8,4.15
Women,Dress,2999.0,3,13,0,4.15,5.82,5,6.26
Women,Dress,2999.0,4,14,0,6.26,5.72,10,6.62
Women,Dress,2999.0,4,15,1,6.62,5.79,12,10.83
Women,Dress,2999.0,4,16,0,10.83,6.97,6,6.86
Women,Dress,2999.0,4,17,0,6.86,7.64,11,5.12
Women,Dress,2999.0,4,18,0,5.12,7.36,6,6.6
Women,Dress,2999.0,5,19,0,6.6,7.35,13,6.4
Women,Dress,2999.0,5,20,0,6.4,6.24,8,4.41
Women,Dress,2999.0,5,21,0,4.41,5.63,10,5.17
Women,Dress,2999.0,5,22,0,5.17,5.64,4,4.15
Women,Dress,2999.0,6,23,0,4.15,5.03,9,4.41
Women,Dress,2999.0,6,24,0,4.41,4.53,5,6.17
Women,Dress,2999.0,6,25,0,6.17,4.98,6,5.46
Women,Dress,2999.0,6,26,0,5.46,5.05,7,4.5
Women,Dress,2999.0,7,27,0,4.5,5.13,6,3.5
Men,Jeans,499.0,7,28,0,9.6,9.6,18,7.04
Men,Jeans,499.0,7,29,0,7.04,8.96,14,8.78
Men,Jeans,499.0,7,30,0,8.78,8.75,5,10.55
Men,Jeans,499.0,8,31,0,10.55,8.99,5,9.58
Men,Jeans,499.0,8,32,0,9.58,8.99,10,8.23
Men,Jeans,499.0,8,33,1,8.23,9.28,7,16.13
Men,Jeans,499.0,8,34,0,16.13,11.12,12,8.39
Men,Jeans,499.0,8,35,0,8.39,10.58,6,9.28
Men,Jeans,499.0,9,36,1,9.28,10.51,17,13.47
Men,Jeans,499.0,9,37,0,13.47,11.82,20,8.03
Men,Jeans,499.0,9,38,0,8.03,9.79,16,6.36
Men,Jeans,499.0,9,39,0,6.36,9.28,9,7.85
Men,Jeans,499.0,10,40,0,7.85,8.93,17,7.5
Men,Jeans,499.0,10,41,1,7.5,7.44,7,11.91
Men,Jeans,499.0,10,42,0,11.91,8.4,7,8.05
Men,Jeans,499.0,10,43,1,8.05,8.83,9,14.49
Men,Jeans,499.0,10,44,1,14.49,10.48,10,14.96
Men,Jeans,499.0,11,45,1,14.96,12.35,20,14.09
Men,Jeans,499.0,11,46,0,14.09,12.9,20,8.38
Men,Jeans,499.0,11,47,0,8.38,12.98,20,8.47
Men,Jeans,499.0,11,48,0,8.47,11.48,11,9.49
Men,Jeans,499.0,12,49,0,9.49,10.11,10,9.26
Men,Jeans,499.0,12,50,0,9.26,8.9,17,7.87
Men,Jeans,499.0,12,51,1,7.87,8.78,11,20.56
Men,Jeans,499.0,12,52,1,20.56,11.8,11,21.78
Men,Jeans,499.0,1,1,0,21.78,14.87,29,8.61
Men,Jeans,499.0,1,2,1,8.61,14.71,19,18.82
Men,Jeans,499.0,1,3,0,18.82,17.44,31,9.31
Men,Jeans,499.0,1,4,0,9.31,14.63,27,10.36
Men,Jeans,499.0,1,5,0,10.36,11.78,7,9.28
Men,Jeans,499.0,2,6,0,9.28,11.94,21,11.83
Men,Jeans,499.0,2,7,0,11.83,10.19,17,9.27
Men,Jeans,499.0,2,8,0,9.27,10.19,11,10.39
Men,Jeans,499.0,2,9,0,10.39,10.19,20,11.75
Men,Jeans,499.0,3,10,1,11.75,10.81,17,22.7
Men,Jeans,499.0,3,11,0,22.7,13.53,26,11.52
Men,Jeans,499.0,3,12,0,11.52,14.09,21,9.58
Men,Jeans,499.0,3,13,0,9.58,13.89,27,11.25
Men,Jeans,499.0,4,14,0,11.25,13.76,16,13.17
Men,Jeans,499.0,4,15,1,13.17,11.38,7,25.14
Men,Jeans,499.0,4,16,0,25.14,14.78,29,10.92
Men,Jeans,499.0,4,17,0,10.92,15.12,19,11.37
Men,Jeans,499.0,5,18,0,11.37,15.15,10,11.57
Men,Jeans,499.0,5,19,0,11.57,14.75,21,13.21
Men,Jeans,499.0,5,20,0,13.21,11.77,13,10.23
Men,Jeans,499.0,5,21,0,10.23,11.59,12,11.81
Men,Jeans,499.0,5,22,0,11.81,11.71,14,10.66
Men,Jeans,499.0,6,23,0,10.66,11.48,20,11.94
Men,Jeans,499.0,6,24,0,11.94,11.16,14,11.86
Men,Jeans,499.0,6,25,0,11.86,11.57,10,10.12
Men,Jeans,499.0,6,26,0,10.12,11.14,21,8.87
Men,Jeans,499.0,7,27,0,8.87,10.7,9,10.87
Men,Jeans,499.0,7,28,0,10.87,10.43,6,9.28
Men,Jeans,499.0,7,29,0,9.28,9.79,5,7.35
Men,Jeans,499.0,7,30,0,7.35,9.09,5,6.88
Men,Jeans,499.0,7,31,0,6.88,8.59,8,8.64
Men,Jeans,499.0,8,32,0,8.64,8.04,6,5.4
Men,Jeans,499.0,8,33,1,5.4,7.07,10,15.3
Men,Jeans,499.0,8,34,0,15.3,9.05,10,9.35
Men,Jeans,499.0,8,35,0,9.35,9.67,7,9.42
Men,Jeans,499.0,9,36,1,9.42,9.87,12,18.11
Men,Jeans,499.0,9,37,0,18.11,13.04,10,7.79
Men,Jeans,499.0,9,38,0,7.79,11.17,11,6.74
Men,Jeans,499.0,9,39,0,6.74,10.52,19,8.97
Men,Jeans,499.0,10,40,0,8.97,10.4,16,7.84
Men,Jeans,499.0,10,41,1,7.84,7.83,9,12.38
Men,Jeans,499.0,10,42,0,12.38,8.98,15,7.81
Men,Jeans,499.0,10,43,1,7.81,9.25,12,17.82
Men,Jeans,499.0,10,44,1,17.82,11.46,16,11.09
Men,Jeans,499.0,11,45,1,11.09,12.27,19,15.63
Men,Jeans,499.0,11,46,0,15.63,13.09,10,9.82
Men,Jeans,499.0,11,47,0,9.82,13.59,14,8.35
Men,Jeans,499.0,11,48,0,8.35,11.22,13,7.13
Men,Jeans,499.0,12,49,0,7.13,10.23,20,9.8
Men,Jeans,499.0,12,50,0,9.8,8.77,14,9.63
Men,Jeans,499.0,12,51,0,9.63,8.73,14,9.37
Men,Jeans,499.0,12,52,1,9.37,8.98,11,15.8
Men,Jeans,499.0,1,1,0,15.8,11.15,10,10.03
Men,Jeans,499.0,1,2,1,10.03,11.21,14,21.52
Men,Jeans,499.0,1,3,1,21.52,14.18,8,16.2
Men,Jeans,499.0,1,4,0,16.2,15.89,19,10.67
Men,Jeans,499.0,1,5,0,10.67,14.6,11,10.08
Men,Jeans,499.0,2,6,0,10.08,14.62,12,8.06
Men,Jeans,499.0,2,7,0,8.06,11.25,22,10.51
Men,Jeans,499.0,2,8,0,10.51,9.83,19,10.32
Men,Jeans,499.0,2,9,0,10.32,9.74,16,10.97
Men,Jeans,499.0,3,10,1,10.97,9.97,18,20.73
Men,Jeans,499.0,3,11,0,20.73,13.13,14,8.83
Men,Jeans,499.0,3,12,0,8.83,12.71,14,13.64
Men,Jeans,499.0,3,13,0,13.64,13.54,20,15.72
Men,Jeans,499.0,4,14,0,15.72,14.73,25,10.81
Men,Jeans,499.0,4,15,1,10.81,12.25,8,22.93
Men,Jeans,499.0,4,16,0,22.93,15.78,25,15.6
Men,Jeans,499.0,4,17,0,15.6,16.26,18,9.54
Men,Jeans,499.0,4,18,0,9.54,14.72,22,10.25
Men,Jeans,499.0,5,19,0,10.25,14.58,25,11.83
Men,Jeans,499.0,5,20,0,11.83,11.8,11,11.34
Men,Jeans,499.0,5,21,0,11.34,10.74,8,12.39
Men,Jeans,499.0,5,22,0,12.39,11.45,9,11.53
Men,Jeans,499.0,6,23,0,11.53,11.77,23,7.22
Men,Jeans,499.0,6,24,0,7.22,10.62,9,12.44
Men,Jeans,499.0,6,25,0,12.44,10.9,14,10.5
Men,Jeans,499.0,6,26,0,10.5,10.42,15,7.92
Men,Jeans,499.0,7,27,0,7.92,9.52,19,9.01
Men,Trousers,699.0,7,28,0,9.6,9.6,10,10.38
Men,Trousers,699.0,7,29,0,10.38,9.79,18,6.22
Men,Trousers,699.0,7,30,0,6.22,8.95,17,8.52
Men,Trousers,699.0,8,31,0,8.52,8.68,6,8.94
Men,Trousers,699.0,8,32,0,8.94,8.51,9,8.76
Men,Trousers,699.0,8,33,1,8.76,8.11,11,14.73
Men,Trousers,699.0,8,34,0,14.73,10.24,10,7.54
Men,Trousers,699.0,8,35,0,7.54,9.99,12,8.14
Men,Trousers,699.0,9,36,1,8.14,9.79,19,17.49
Men,Trousers,699.0,9,37,0,17.49,11.98,11,6.31
Men,Trousers,699.0,9,38,0,6.31,9.87,19,7.74
Men,Trousers,699.0,9,39,0,7.74,9.92,7,9.03
Men,Trousers,699.0,10,40,0,9.03,10.14,20,7.62
Men,Trousers,699.0,10,41,1,7.62,7.68,9,16.41
Men,Trousers,699.0,10,42,0,16.41,10.2,16,9.39
Men,Trousers,699.0,10,43,1,9.39,10.61,15,16.01
Men,Trousers,699.0,10,44,1,16.01,12.36,24,19.14
Men,Trousers,699.0,11,45,1,19.14,15.24,8,15.23
Men,Trousers,699.0,11,46,0,15.23,14.94,22,9.51
Men,Trousers,699.0,11,47,0,9.51,14.97,25,8.72
Men,Trousers,699.0,11,48,0,8.72,13.15,21,8.95
Men,Trousers,699.0,12,49,0,8.95,10.6,21,9.37
Men,Trousers,699.0,12,50,0,9.37,9.14,6,9.36
Men,Trousers,699.0,12,51,1,9.36,9.1,8,19.29
Men,Trousers,699.0,12,52,1,19.29,11.74,11,23.94
Men,Trousers,699.0,1,1,0,23.94,15.49,10,10.36
Men,Trousers,699.0,1,2,1,10.36,15.74,29,22.93
Men,Trousers,699.0,1,3,0,22.93,19.13,36,9.0
Men,Trousers,699.0,1,4,0,9.0,16.56,18,8.04
Men,Trousers,699.0,1,5,0,8.04,12.58,13,8.32
Men,Trousers,699.0,2,6,0,8.32,12.07,6,8.84
Men,Trousers,699.0,2,7,0,8.84,8.55,10,13.19
Men,Trousers,699.0,2,8,0,13.19,9.6,11,8.68
Men,Trousers,699.0,2,9,0,8.68,9.76,9,10.97
Men,Trousers,699.0,3,10,1,10.97,10.42,20,29.67
Men,Trousers,699.0,3,11,0,29.67,15.63,17,12.55
Men,Trousers,699.0,3,12,0,12.55,15.47,17,10.58
Men,Trousers,699.0,3,13,0,10.58,15.94,23,10.13
Men,Trousers,699.0,4,14,0,10.13,15.73,25,10.91
Men,Trousers,699.0,4,15,1,10.91,11.04,9,24.05
Men,Trousers,699.0,4,16,0,24.05,13.92,14,10.92
Men,Trousers,699.0,4,17,0,10.92,14.0,26,12.51
Men,Trousers,699.0,5,18,0,12.51,14.6,21,14.17
Men,Trousers,699.0,5,19,0,14.17,15.41,23,10.04
Men,Trousers,699.0,5,20,0,10.04,11.91,17,13.92
Men,Trousers,699.0,5,21,0,13.92,12.66,15,11.12
Men,Trousers,699.0,5,22,0,11.12,12.31,8,10.11
Men,Trousers,699.0,6,23,0,10.11,11.3,13,9.17
Men,Trousers,699.0,6,24,0,9.17,11.08,20,11.04
Men,Trousers,699.0,6,25,0,11.04,10.36,11,9.1
Men,Trousers,699.0,6,26,0,9.1,9.86,13,10.7
Men,Trousers,699.0,7,27,0,10.7,10.0,20,9.57
Men,Trousers,699.0,7,28,0,9.57,10.1,20,8.72
Men,Trousers,699.0,7,29,0,8.72,9.52,19,9.09
Men,Trousers,699.0,7,30,0,9.09,9.52,7,9.53
Men,Trousers,699.0,7,31,0,9.53,9.23,14,8.5
Men,Trousers,699.0,8,32,0,8.5,8.96,15,7.7
Men,Trousers,699.0,8,33,1,7.7,8.71,9,14.76
Men,Trousers,699.0,8,34,0,14.76,10.12,8,9.02
Men,Trousers,699.0,8,35,0,9.02,10.0,18,6.7
Men,Trousers,699.0,9,36,1,6.7,9.55,9,14.15
Men,Trousers,699.0,9,37,0,14.15,11.16,16,6.05
Men,Trousers,699.0,9,38,0,6.05,8.98,9,7.67
Men,Trousers,699.0,9,39,0,7.67,8.64,16,6.6
Men,Trousers,699.0,10,40,0,6.6,8.62,11,7.53
Men,Trousers,699.0,10,41,1,7.53,6.96,14,15.17
Men,Trousers,699.0,10,42,0,15.17,9.24,10,7.7
Men,Trousers,699.0,10,43,1,7.7,9.25,9,14.42
Men,Trousers,699.0,10,44,1,14.42,11.2,6,17.54
Men,Trousers,699.0,11,45,1,17.54,13.71,23,15.35
Men,Trousers,699.0,11,46,0,15.35,13.75,16,7.37
Men,Trousers,699.0,11,47,0,7.37,13.67,13,6.59
Men,Trousers,699.0,11,48,0,6.59,11.71,8,9.68
Men,Trousers,699.0,12,49,0,9.68,9.75,16,8.01
Men,Trousers,699.0,12,50,0,8.01,7.91,9,9.81
Men,Trousers,699.0,12,51,0,9.81,8.52,6,8.69
Men,Trousers,699.0,12,52,1,8.69,9.05,10,23.98
Men,Trousers,699.0,1,1,0,23.98,12.62,24,12.22
Men,Trousers,699.0,1,2,1,12.22,13.67,27,20.63
Men,Trousers,699.0,1,3,1,20.63,16.38,19,21.14
Men,Trousers,699.0,1,4,0,21.14,19.49,21,10.63
Men,Trousers,699.0,1,5,0,10.63,16.15,13,10.02
Men,Trousers,699.0,2,6,0,10.02,15.6,12,12.0
Men,Trousers,699.0,2,7,0,12.0,13.45,24,10.84
Men,Trousers,699.0,2,8,0,10.84,10.87,19,9.3
Men,Trousers,699.0,2,9,0,9.3,10.54,21,10.8
Men,Trousers,699.0,3,10,1,10.8,10.73,12,19.16
Men,Trousers,699.0,3,11,0,19.16,12.52,22,9.55
Men,Trousers,699.0,3,12,0,9.55,12.2,12,10.19
Men,Trousers,699.0,3,13,0,10.19,12.42,22,14.3
Men,Trousers,699.0,4,14,0,14.3,13.3,21,12.26
Men,Trousers,699.0,4,15,1,12.26,11.58,8,22.19
Men,Trousers,699.0,4,16,0,22.19,14.74,23,10.9
Men,Trousers,699.0,4,17,0,10.9,14.91,24,11.52
Men,Trousers,699.0,4,18,0,11.52,14.22,21,10.36
Men,Trousers,699.0,5,19,0,10.36,13.74,11,11.98
Men,Trousers,699.0,5,20,0,11.98,11.19,7,11.27
Men,Trousers,699.0,5,21,0,11.27,11.28,9,11.48
Men,Trousers,699.0,5,22,0,11.48,11.27,18,10.2
Men,Trousers,699.0,6,23,0,10.2,11.23,10,13.75
Men,Trousers,699.0,6,24,0,13.75,11.67,15,8.68
Men,Trousers,699.0,6,25,0,8.68,11.02,21,10.8
Men,Trousers,699.0,6,26,0,10.8,10.86,22,9.09
Men,Trousers,699.0,7,27,0,9.09,10.58,8,9.79
Men,Kurta,1299.0,7,28,0,6.0,6.0,6,6.02
Men,Kurta,1299.0,7,29,0,6.02,6.0,5,7.16
Men,Kurta,1299.0,7,30,0,7.16,6.29,11,5.74
Men,Kurta,1299.0,8,31,0,5.74,6.23,7,5.17
Men,Kurta,1299.0,8,32,0,5.17,6.02,7,3.04
Men,Kurta,1299.0,8,33,1,3.04,5.28,6,9.38
Men,Kurta,1299.0,8,34,0,9.38,5.83,7,6.88
Men,Kurta,1299.0,8,35,0,6.88,6.12,11,5.42
Men,Kurta,1299.0,9,36,1,5.42,6.18,6,10.93
Men,Kurta,1299.0,9,37,0,10.93,8.15,13,3.57
Men,Kurta,1299.0,9,38,0,3.57,6.7,10,4.44
Men,Kurta,1299.0,9,39,0,4.44,6.09,12,5.17
Men,Kurta,1299.0,10,40,0,5.17,6.03,6,3.82
Men,Kurta,1299.0,10,41,1,3.82,4.25,7,9.78
Men,Kurta,1299.0,10,42,0,9.78,5.8,10,5.81
Men,Kurta,1299.0,10,43,1,5.81,6.14,8,8.52
Men,Kurta,1299.0,10,44,1,8.52,6.98,9,8.92
Men,Kurta,1299.0,11,45,1,8.92,8.26,13,11.7
Men,Kurta,1299.0,11,46,0,11.7,8.74,13,4.74
Men,Kurta,1299.0,11,47,0,4.74,8.47,13,4.64
Men,Kurta,1299.0,11,48,0,4.64,7.5,9,6.54
Men,Kurta,1299.0,12,49,0,6.54,6.91,13,5.47
Men,Kurta,1299.0,12,50,0,5.47,5.35,6,4.89
Men,Kurta,1299.0,12,51,1,4.89,5.39,8,13.5
Men,Kurta,1299.0,12,52,1,13.5,7.6,7,9.99
Men,Kurta,1299.0,1,1,0,9.99,8.46,13,6.08
Men,Kurta,1299.0,1,2,1,6.08,8.61,16,12.79
Men,Kurta,1299.0,1,3,0,12.79,10.59,21,5.77
Men,Kurta,1299.0,1,4,0,5.77,8.66,16,7.14
Men,Kurta,1299.0,1,5,0,7.14,7.94,5,5.8
Men,Kurta,1299.0,2,6,0,5.8,7.88,6,7.49
Men,Kurta,1299.0,2,7,0,7.49,6.55,12,6.66
Men,Kurta,1299.0,2,8,0,6.66,6.77,8,5.95
Men,Kurta,1299.0,2,9,0,5.95,6.48,6,7.08
Men,Kurta,1299.0,3,10,1,7.08,6.79,8,14.88
Men,Kurta,1299.0,3,11,0,14.88,8.64,11,5.24
Men,Kurta,1299.0,3,12,0,5.24,8.29,14,8.6
Men,Kurta,1299.0,3,13,0,8.6,8.95,9,7.11
Men,Kurta,1299.0,4,14,0,7.11,8.96,14,6.76
Men,Kurta,1299.0,4,15,1,6.76,6.93,4,14.95
Men,Kurta,1299.0,4,16,0,14.95,9.36,6,7.18
Men,Kurta,1299.0,4,17,0,7.18,9.0,18,6.61
Men,Kurta,1299.0,5,18,0,6.61,8.88,5,7.36
Men,Kurta,1299.0,5,19,0,7.36,9.02,9,7.78
Men,Kurta,1299.0,5,20,0,7.78,7.23,5,6.52
Men,Kurta,1299.0,5,21,0,6.52,7.07,10,4.44
Men,Kurta,1299.0,5,22,0,4.44,6.52,12,7.28
Men,Kurta,1299.0,6,23,0,7.28,6.5,9,6.44
Men,Kurta,1299.0,6,24,0,6.44,6.17,5,5.51
Men,Kurta,1299.0,6,25,0,5.51,5.92,11,6.6
Men,Kurta,1299.0,6,26,0,6.6,6.46,9,5.26
Men,Kurta,1299.0,7,27,0,5.26,5.95,11,6.5
Men,Kurta,1299.0,7,28,0,6.5,5.97,11,4.89
Men,Kurta,1299.0,7,29,0,4.89,5.81,7,5.23
Men,Kurta,1299.0,7,30,0,5.23,5.47,10,4.23
Men,Kurta,1299.0,7,31,0,4.23,5.21,9,4.96
Men,Kurta,1299.0,8,32,0,4.96,4.83,6,4.97
Men,Kurta,1299.0,8,33,1,4.97,4.85,4,10.24
Men,Kurta,1299.0,8,34,0,10.24,6.1,4,4.85
Men,Kurta,1299.0,8,35,0,4.85,6.25,12,4.22
Men,Kurta,1299.0,9,36,1,4.22,6.07,5,9.68
Men,Kurta,1299.0,9,37,0,9.68,7.24,11,4.47
Men,Kurta,1299.0,9,38,0,4.47,5.8,10,4.89
Men,Kurta,1299.0,9,39,0,4.89,5.82,11,4.22
Men,Kurta,1299.0,10,40,0,4.22,5.82,4,4.37
Men,Kurta,1299.0,10,41,1,4.37,4.49,7,10.05
Men,Kurta,1299.0,10,42,0,10.05,5.88,12,4.65
Men,Kurta,1299.0,10,43,1,4.65,5.82,10,7.64
Men,Kurta,1299.0,10,44,1,7.64,6.68,7,11.98
Men,Kurta,1299.0,11,45,1,11.98,8.58,17,11.09
Men,Kurta,1299.0,11,46,0,11.09,8.84,8,5.62
Men,Kurta,1299.0,11,47,0,5.62,9.08,6,3.97
Men,Kurta,1299.0,11,48,0,3.97,8.16,11,3.79
Men,Kurta,1299.0,12,49,0,3.79,6.12,8,6.19
Men,Kurta,1299.0,12,50,0,6.19,4.89,6,4.72
Men,Kurta,1299.0,12,51,0,4.72,4.67,8,5.83
Men,Kurta,1299.0,12,52,1,5.83,5.13,6,10.75
Men,Kurta,1299.0,1,1,0,10.75,6.87,12,4.34
Men,Kurta,1299.0,1,2,1,4.34,6.41,12,10.98
Men,Kurta,1299.0,1,3,1,10.98,7.98,14,13.15
Men,Kurta,1299.0,1,4,0,13.15,9.8,16,6.23
Men,Kurta,1299.0,1,5,0,6.23,8.67,11,8.17
Men,Kurta,1299.0,2,6,0,8.17,9.63,18,7.26
Men,Kurta,1299.0,2,7,0,7.26,8.71,10,7.17
Men,Kurta,1299.0,2,8,0,7.17,7.21,11,7.03
Men,Kurta,1299.0,2,9,0,7.03,7.41,5,6.02
Men,Kurta,1299.0,3,10,1,6.02,6.87,10,12.22
Men,Kurta,1299.0,3,11,0,12.22,8.11,14,7.06
Men,Kurta,1299.0,3,12,0,7.06,8.08,16,6.39
Men,Kurta,1299.0,3,13,0,6.39,7.92,12,8.71
Men,Kurta,1299.0,4,14,0,8.71,8.6,17,7.79
Men,Kurta,1299.0,4,15,1,7.79,7.49,13,16.57
Men,Kurta,1299.0,4,16,0,16.57,9.87,15,4.73
Men,Kurta,1299.0,4,17,0,4.73,9.45,13,7.47
Men,Kurta,1299.0,4,18,0,7.47,9.14,10,5.51
Men,Kurta,1299.0,5,19,0,5.51,8.57,11,8.24
Men,Kurta,1299.0,5,20,0,8.24,6.49,4,7.38
Men,Kurta,1299.0,5,21,0,7.38,7.15,6,7.41
Men,Kurta,1299.0,5,22,0,7.41,7.14,13,7.34
Men,Kurta,1299.0,6,23,0,7.34,7.6,8,5.94
Men,Kurta,1299.0,6,24,0,5.94,7.02,14,8.1
Men,Kurta,1299.0,6,25,0,8.1,7.2,13,6.78
Men,Kurta,1299.0,6,26,0,6.78,7.04,11,6.26
Men,Kurta,1299.0,7,27,0,6.26,6.77,7,5.53
Women,Dress,2999.0,7,28,0,4.86,4.86,10,4.58
Women,Dress,2999.0,7,29,0,4.58,4.79,2,5.36
Women,Dress,2999.0,7,30,0,5.36,4.91,3,4.24
Women,Dress,2999.0,8,31,0,4.24,4.76,8,3.93
Women,Dress,2999.0,8,32,0,3.93,4.53,7,4.53
Women,Dress,2999.0,8,33,1,4.53,4.52,5,8.25
Women,Dress,2999.0,8,34,0,8.25,5.24,5,3.71
Women,Dress,2999.0,8,35,0,3.71,5.11,8,4.59
Women,Dress,2999.0,9,36,1,4.59,5.27,3,6.75
Women,Dress,2999.0,9,37,0,6.75,5.83,10,3.76
Women,Dress,2999.0,9,38,0,3.76,4.7,9,3.4
Women,Dress,2999.0,9,39,0,3.4,4.62,5,4.9
Women,Dress,2999.0,10,40,0,4.9,4.7,8,4.19
Women,Dress,2999.0,10,41,1,4.19,4.06,5,8.12
Women,Dress,2999.0,10,42,0,8.12,5.15,8,3.44
Women,Dress,2999.0,10,43,1,3.44,5.16,5,10.0
Women,Dress,2999.0,10,44,1,10.0,6.44,4,6.35
Women,Dress,2999.0,11,45,1,6.35,6.98,10,7.79
Women,Dress,2999.0,11,46,0,7.79,6.9,10,4.05
Women,Dress,2999.0,11,47,0,4.05,7.05,5,3.37
Women,Dress,2999.0,11,48,0,3.37,5.39,9,4.37
Women,Dress,2999.0,12,49,0,4.37,4.9,3,3.99
Women,Dress,2999.0,12,50,0,3.99,3.95,3,5.47
Women,Dress,2999.0,12,51,1,5.47,4.3,4,7.64
Women,Dress,2999.0,12,52,1,7.64,5.37,5,10.47
Women,Dress,2999.0,1,1,0,10.47,6.89,8,4.93
Women,Dress,2999.0,1,2,1,4.93,7.13,4,11.32
Women,Dress,2999.0,1,3,0,11.32,8.59,12,4.96
Women,Dress,2999.0,1,4,0,4.96,7.92,9,4.52
Women,Dress,2999.0,1,5,0,4.52,6.43,7,6.54
Women,Dress,2999.0,2,6,0,6.54,6.84,12,6.65
Women,Dress,2999.0,2,7,0,6.65,5.67,6,6.06
Women,Dress,2999.0,2,8,0,6.06,5.94,11,5.98
Women,Dress,2999.0,2,9,0,5.98,6.31,10,5.88
Women,Dress,2999.0,3,10,1,5.88,6.14,5,12.34
Women,Dress,2999.0,3,11,0,12.34,7.56,5,7.68
Women,Dress,2999.0,3,12,0,7.68,7.97,11,4.73
Women,Dress,2999.0,3,13,0,4.73,7.66,11,5.78
Women,Dress,2999.0,4,14,0,5.78,7.63,4,5.36
Women,Dress,2999.0,4,15,1,5.36,5.89,4,11.69
Women,Dress,2999.0,4,16,0,11.69,6.89,4,4.67
Women,Dress,2999.0,4,17,0,4.67,6.88,10,4.92
Women,Dress,2999.0,5,18,0,4.92,6.66,13,4.81
Women,Dress,2999.0,5,19,0,4.81,6.52,11,6.06
Women,Dress,2999.0,5,20,0,6.06,5.12,6,5.5
Women,Dress,2999.0,5,21,0,5.5,5.32,5,4.19
Women,Dress,2999.0,5,22,0,4.19,5.14,6,4.11
Women,Dress,2999.0,6,23,0,4.11,4.96,9,3.81
Women,Dress,2999.0,6,24,0,3.81,4.4,6,4.97
Women,Dress,2999.0,6,25,0,4.97,4.27,3,4.92
Women,Dress,2999.0,6,26,0,4.92,4.45,4,4.85
Women,Dress,2999.0,7,27,0,4.85,4.64,5,4.29
Women,Dress,2999.0,7,28,0,4.29,4.76,6,4.43
Women,Dress,2999.0,7,29,0,4.43,4.62,2,4.44
Women,Dress,2999.0,7,30,0,4.44,4.5,7,4.44
Women,Dress,2999.0,7,31,0,4.44,4.4,8,4.54
Women,Dress,2999.0,8,32,0,4.54,4.46,8,4.9
Women,Dress,2999.0,8,33,1,4.9,4.58,4,7.33
Women,Dress,2999.0,8,34,0,7.33,5.3,4,4.53
Women,Dress,2999.0,8,35,0,4.53,5.33,8,3.64
Women,Dress,2999.0,9,36,1,3.64,5.1,6,8.55
Women,Dress,2999.0,9,37,0,8.55,6.01,5,3.93
Women,Dress,2999.0,9,38,0,3.93,5.16,6,5.19
Women,Dress,2999.0,9,39,0,5.19,5.33,7,4.01
Women,Dress,2999.0,10,40,0,4.01,5.42,10,4.33
Women,Dress,2999.0,10,41,1,4.33,4.36,5,4.83
Women,Dress,2999.0,10,42,0,4.83,4.59,5,4.41
Women,Dress,2999.0,10,43,1,4.41,4.4,8,6.97
Women,Dress,2999.0,10,44,1,6.97,5.14,3,7.82
Women,Dress,2999.0,11,45,1,7.82,6.01,4,7.61
Women,Dress,2999.0,11,46,0,7.61,6.7,12,3.44
Women,Dress,2999.0,11,47,0,3.44,6.46,8,5.23
Women,Dress,2999.0,11,48,0,5.23,6.02,9,5.0
Women,Dress,2999.0,12,49,0,5.0,5.32,9,3.78
Women,Dress,2999.0,12,50,0,3.78,4.36,7,3.82
Women,Dress,2999.0,12,51,0,3.82,4.46,5,4.96
Women,Dress,2999.0,12,52,1,4.96,4.39,5,10.68
Women,Dress,2999.0,1,1,0,10.68,5.81,8,4.82
Women,Dress,2999.0,1,2,1,4.82,6.07,7,8.86
Women,Dress,2999.0,1,3,1,8.86,7.33,10,9.83
Women,Dress,2999.0,1,4,0,9.83,8.55,15,3.88
Women,Dress,2999.0,1,5,0,3.88,6.85,4,4.17
Women,Dress,2999.0,2,6,0,4.17,6.69,13,6.16
Women,Dress,2999.0,2,7,0,6.16,6.01,7,5.02
Women,Dress,2999.0,2,8,0,5.02,4.81,4,5.46
Women,Dress,2999.0,2,9,0,5.46,5.21,9,5.84
Women,Dress,2999.0,3,10,1,5.84,5.62,3,11.17
Women,Dress,2999.0,3,11,0,11.17,6.87,4,5.98
Women,Dress,2999.0,3,12,0,5.98,7.11,9,6.56
Women,Dress,2999.0,3,13,0,6.56,7.39,9,5.13
Women,Dress,2999.0,4,14,0,5.13,7.21,5,6.64
Women,Dress,2999.0,4,15,1,6.64,6.08,9,12.0
Women,Dress,2999.0,4,16,0,12.0,7.58,4,6.24
Women,Dress,2999.0,4,17,0,6.24,7.5,6,6.5
Women,Dress,2999.0,4,18,0,6.5,7.84,10,5.76
Women,Dress,2999.0,5,19,0,5.76,7.62,6,7.77
Women,Dress,2999.0,5,20,0,7.77,6.57,7,4.6
Women,Dress,2999.0,5,21,0,4.6,6.16,6,6.22
Women,Dress,2999.0,5,22,0,6.22,6.09,5,4.89
Women,Dress,2999.0,6,23,0,4.89,5.87,5,5.51
Women,Dress,2999.0,6,24,0,5.51,5.31,7,5.05
Women,Dress,2999.0,6,25,0,5.05,5.42,9,4.9
Women,Dress,2999.0,6,26,0,4.9,5.09,3,4.73
Women,Dress,2999.0,7,27,0,4.73,5.05,10,6.38
Women,Saree,299.0,7,28,0,12.96,12.96,24,13.42
Women,Saree,299.0,7,29,0,13.42,13.07,20,10.42
Women,Saree,299.0,7,30,0,10.42,12.44,7,10.67
Women,Saree,299.0,8,31,0,10.67,11.87,17,9.79
Women,Saree,299.0,8,32,0,9.79,11.07,6,13.89
Women,Saree,299.0,8,33,1,13.89,11.19,19,24.74
Women,Saree,299.0,8,34,0,24.74,14.77,15,9.87
Women,Saree,299.0,8,35,0,9.87,14.57,21,11.43
Women,Saree,299.0,9,36,1,11.43,14.98,9,17.95
Women,Saree,299.0,9,37,0,17.95,16.0,27,10.47
Women,Saree,299.0,9,38,0,10.47,12.43,22,9.93
Women,Saree,299.0,9,39,0,9.93,12.44,18,9.87
Women,Saree,299.0,10,40,0,9.87,12.05,16,9.62
Women,Saree,299.0,10,41,1,9.62,9.97,14,28.43
Women,Saree,299.0,10,42,0,28.43,14.46,10,11.46
Women,Saree,299.0,10,43,1,11.46,14.85,16,27.56
Women,Saree,299.0,10,44,1,27.56,19.27,37,19.77
Women,Saree,299.0,11,45,1,19.77,21.81,33,18.54
Women,Saree,299.0,11,46,0,18.54,19.33,31,11.45
Women,Saree,299.0,11,47,0,11.45,19.33,25,11.33
Women,Saree,299.0,11,48,0,11.33,15.27,13,12.68
Women,Saree,299.0,12,49,0,12.68,13.5,17,13.52
Women,Saree,299.0,12,50,0,13.52,12.25,9,8.86
Women,Saree,299.0,12,51,1,8.86,11.6,10,32.74
Women,Saree,299.0,12,52,1,32.74,16.95,26,26.51
Women,Saree,299.0,1,1,0,26.51,20.41,28,14.13
Women,Saree,299.0,1,2,1,14.13,20.56,21,32.73
Women,Saree,299.0,1,3,0,32.73,26.53,47,12.0
Women,Saree,299.0,1,4,0,12.0,21.34,27,13.67
Women,Saree,299.0,1,5,0,13.67,18.13,16,11.9
Women,Saree,299.0,2,6,0,11.9,17.58,31,12.42
Women,Saree,299.0,2,7,0,12.42,12.5,10,16.79
Women,Saree,299.0,2,8,0,16.79,13.7,19,18.02
Women,Saree,299.0,2,9,0,18.02,14.78,9,11.77
Women,Saree,299.0,3,10,1,11.77,14.75,27,32.02
Women,Saree,299.0,3,11,0,32.02,19.65,35,17.96
Women,Saree,299.0,3,12,0,17.96,19.94,35,17.51
Women,Saree,299.0,3,13,0,17.51,19.81,38,15.77
Women,Saree,299.0,4,14,0,15.77,20.81,25,16.26
Women,Saree,299.0,4,15,1,16.26,16.87,14,32.59
Women,Saree,299.0,4,16,0,32.59,20.53,19,16.03
Women,Saree,299.0,4,17,0,16.03,20.16,20,16.41
Women,Saree,299.0,5,18,0,16.41,20.32,13,14.68
Women,Saree,299.0,5,19,0,14.68,19.93,14,19.49
Women,Saree,299.0,5,20,0,19.49,16.66,21,13.03
Women,Saree,299.0,5,21,0,13.03,15.9,26,17.2
Women,Saree,299.0,5,22,0,17.2,16.1,10,12.91
Women,Saree,299.0,6,23,0,12.91,15.66,22,15.19
Women,Saree,299.0,6,24,0,15.19,14.58,15,12.45
Women,Saree,299.0,6,25,0,12.45,14.44,26,14.43
Women,Saree,299.0,6,26,0,14.43,13.74,9,13.07
Women,Saree,299.0,7,27,0,13.07,13.78,12,14.19
Women,Saree,299.0,7,28,0,14.19,13.53,17,11.16
Women,Saree,299.0,7,29,0,11.16,13.21,18,10.85
Women,Saree,299.0,7,30,0,10.85,12.32,24,14.43
Women,Saree,299.0,7,31,0,14.43,12.66,18,14.65
Women,Saree,299.0,8,32,0,14.65,12.77,11,11.12
Women,Saree,299.0,8,33,1,11.12,12.77,16,23.63
Women,Saree,299.0,8,34,0,23.63,15.96,25,8.42
Women,Saree,299.0,8,35,0,8.42,14.46,8,10.87
Women,Saree,299.0,9,36,1,10.87,13.51,21,19.92
Women,Saree,299.0,9,37,0,19.92,15.71,19,13.5
Women,Saree,299.0,9,38,0,13.5,13.18,23,9.68
Women,Saree,299.0,9,39,0,9.68,13.49,23,13.36
Women,Saree,299.0,10,40,0,13.36,14.12,8,9.57
Women,Saree,299.0,10,41,1,9.57,11.53,10,22.59
Women,Saree,299.0,10,42,0,22.59,13.8,11,13.11
Women,Saree,299.0,10,43,1,13.11,14.66,10,20.65
Women,Saree,299.0,10,44,1,20.65,16.48,22,26.57
Women,Saree,299.0,11,45,1,26.57,20.73,35,24.5
Women,Saree,299.0,11,46,0,24.5,21.21,24,11.12
Women,Saree,299.0,11,47,0,11.12,20.71,37,12.0
Women,Saree,299.0,11,48,0,12.0,18.55,24,13.89
Women,Saree,299.0,12,49,0,13.89,15.38,17,12.45
Women,Saree,299.0,12,50,0,12.45,12.36,13,9.78
Women,Saree,299.0,12,51,0,9.78,12.03,24,13.98
Women,Saree,299.0,12,52,1,13.98,12.53,21,28.82
Women,Saree,299.0,1,1,0,28.82,16.26,24,13.65
Women,Saree,299.0,1,2,1,13.65,16.56,24,24.65
Women,Saree,299.0,1,3,1,24.65,20.27,28,30.49
Women,Saree,299.0,1,4,0,30.49,24.4,22,11.61
Women,Saree,299.0,1,5,0,11.61,20.1,19,15.07
Women,Saree,299.0,2,6,0,15.07,20.45,40,15.24
Women,Saree,299.0,2,7,0,15.24,18.1,15,14.88
Women,Saree,299.0,2,8,0,14.88,14.2,27,17.49
Women,Saree,299.0,2,9,0,17.49,15.67,13,14.33
Women,Saree,299.0,3,10,1,14.33,15.49,16,26.6
Women,Saree,299.0,3,11,0,26.6,18.32,31,13.73
Women,Saree,299.0,3,12,0,13.73,18.04,25,18.23
Women,Saree,299.0,3,13,0,18.23,18.22,16,16.95
Women,Saree,299.0,4,14,0,16.95,18.88,31,16.77
Women,Saree,299.0,4,15,1,16.77,16.42,10,33.03
Women,Saree,299.0,4,16,0,33.03,21.25,26,15.14
Women,Saree,299.0,4,17,0,15.14,20.47,35,13.2
Women,Saree,299.0,4,18,0,13.2,19.54,16,13.22
Women,Saree,299.0,5,19,0,13.22,18.65,17,16.11
Women,Saree,299.0,5,20,0,16.11,14.42,23,14.04
Women,Saree,299.0,5,21,0,14.04,14.15,12,13.2
Women,Saree,299.0,5,22,0,13.2,14.14,14,14.16
Women,Saree,299.0,6,23,0,14.16,14.38,16,16.8
Women,Saree,299.0,6,24,0,16.8,14.55,7,14.17
Women,Saree,299.0,6,25,0,14.17,14.58,27,17.33
Women,Saree,299.0,6,26,0,17.33,15.61,10,14.3
Women,Saree,299.0,7,27,0,14.3,15.65,13,19.18
Kids,Frock,4999.0,7,28,0,2.88,2.88,4,2.91
Kids,Frock,4999.0,7,29,0,2.91,2.89,3,2.8
Kids,Frock,4999.0,7,30,0,2.8,2.87,3,2.71
Kids,Frock,4999.0,8,31,0,2.71,2.83,2,2.42
Kids,Frock,4999.0,8,32,0,2.42,2.71,1,2.46
Kids,Frock,4999.0,8,33,1,2.46,2.6,2,6.5
Kids,Frock,4999.0,8,34,0,6.5,3.52,6,2.29
Kids,Frock,4999.0,8,35,0,2.29,3.42,3,2.45
Kids,Frock,4999.0,9,36,1,2.45,3.42,4,4.84
Kids,Frock,4999.0,9,37,0,4.84,4.02,4,2.23
Kids,Frock,4999.0,9,38,0,2.23,2.95,4,2.21
Kids,Frock,4999.0,9,39,0,2.21,2.93,3,2.28
Kids,Frock,4999.0,10,40,0,2.28,2.89,4,2.6
Kids,Frock,4999.0,10,41,1,2.6,2.33,4,5.62
Kids,Frock,4999.0,10,42,0,5.62,3.18,3,1.93
Kids,Frock,4999.0,10,43,1,1.93,3.11,2,6.01
Kids,Frock,4999.0,10,44,1,6.01,4.04,4,5.28
Kids,Frock,4999.0,11,45,1,5.28,4.71,8,5.4
Kids,Frock,4999.0,11,46,0,5.4,4.65,2,2.25
Kids,Frock,4999.0,11,47,0,2.25,4.73,5,3.48
Kids,Frock,4999.0,11,48,0,3.48,4.1,5,2.3
Kids,Frock,4999.0,12,49,0,2.3,3.36,7,2.74
Kids,Frock,4999.0,12,50,0,2.74,2.69,3,2.86
Kids,Frock,4999.0,12,51,1,2.86,2.84,2,7.01
Kids,Frock,4999.0,12,52,1,7.01,3.73,3,5.13
Kids,Frock,4999.0,1,1,0,5.13,4.43,3,3.03
Kids,Frock,4999.0,1,2,1,3.03,4.51,7,4.64
Kids,Frock,4999.0,1,3,0,4.64,4.95,7,3.08
Kids,Frock,4999.0,1,4,0,3.08,3.97,4,3.32
Kids,Frock,4999.0,1,5,0,3.32,3.52,4,2.95
Kids,Frock,4999.0,2,6,0,2.95,3.5,2,2.6
Kids,Frock,4999.0,2,7,0,2.6,2.99,5,4.2
Kids,Frock,4999.0,2,8,0,4.2,3.27,2,2.84
Kids,Frock,4999.0,2,9,0,2.84,3.15,6,2.93
Kids,Frock,4999.0,3,10,1,2.93,3.14,2,6.18
Kids,Frock,4999.0,3,11,0,6.18,4.04,2,4.1
Kids,Frock,4999.0,3,12,0,4.1,4.01,5,3.43
Kids,Frock,4999.0,3,13,0,3.43,4.16,6,2.7
Kids,Frock,4999.0,4,14,0,2.7,4.1,3,3.15
Kids,Frock,4999.0,4,15,1,3.15,3.35,6,8.25
Kids,Frock,4999.0,4,16,0,8.25,4.38,7,2.8
Kids,Frock,4999.0,4,17,0,2.8,4.23,8,2.92
Kids,Frock,4999.0,5,18,0,2.92,4.28,8,2.92
Kids,Frock,4999.0,5,19,0,2.92,4.22,3,3.35
Kids,Frock,4999.0,5,20,0,3.35,3.0,6,3.39
Kids,Frock,4999.0,5,21,0,3.39,3.15,5,3.18
Kids,Frock,4999.0,5,22,0,3.18,3.21,6,3.18
Kids,Frock,4999.0,6,23,0,3.18,3.27,4,2.64
Kids,Frock,4999.0,6,24,0,2.64,3.1,6,2.99
Kids,Frock,4999.0,6,25,0,2.99,3.0,4,2.92
Kids,Frock,4999.0,6,26,0,2.92,2.93,4,2.54
Kids,Frock,4999.0,7,27,0,2.54,2.77,5,3.49
Kids,Frock,4999.0,7,28,0,3.49,2.99,2,3.3
Kids,Frock,4999.0,7,29,0,3.3,3.06,2,2.24
Kids,Frock,4999.0,7,30,0,2.24,2.89,4,2.87
Kids,Frock,4999.0,7,31,0,2.87,2.98,2,2.77
Kids,Frock,4999.0,8,32,0,2.77,2.8,3,2.65
Kids,Frock,4999.0,8,33,1,2.65,2.63,5,4.84
Kids,Frock,4999.0,8,34,0,4.84,3.28,6,2.54
Kids,Frock,4999.0,8,35,0,2.54,3.2,2,2.35
Kids,Frock,4999.0,9,36,1,2.35,3.1,3,4.29
Kids,Frock,4999.0,9,37,0,4.29,3.51,4,2.51
Kids,Frock,4999.0,9,38,0,2.51,2.92,4,1.69
Kids,Frock,4999.0,9,39,0,1.69,2.71,2,2.58
Kids,Frock,4999.0,10,40,0,2.58,2.77,4,2.32
Kids,Frock,4999.0,10,41,1,2.32,2.28,3,4.36
Kids,Frock,4999.0,10,42,0,4.36,2.74,3,2.59
Kids,Frock,4999.0,10,43,1,2.59,2.96,2,4.89
Kids,Frock,4999.0,10,44,1,4.89,3.54,5,5.79
Kids,Frock,4999.0,11,45,1,5.79,4.41,7,5.61
Kids,Frock,4999.0,11,46,0,5.61,4.72,7,2.13
Kids,Frock,4999.0,11,47,0,2.13,4.61,4,2.34
Kids,Frock,4999.0,11,48,0,2.34,3.97,5,2.34
Kids,Frock,4999.0,12,49,0,2.34,3.11,4,1.42
Kids,Frock,4999.0,12,50,0,1.42,2.06,2,2.45
Kids,Frock,4999.0,12,51,0,2.45,2.14,1,3.44
Kids,Frock,4999.0,12,52,1,3.44,2.41,2,4.62
Kids,Frock,4999.0,1,1,0,4.62,2.98,3,3.38
Kids,Frock,4999.0,1,2,1,3.38,3.47,5,7.43
Kids,Frock,4999.0,1,3,1,7.43,4.72,8,6.89
Kids,Frock,4999.0,1,4,0,6.89,5.58,4,3.37
Kids,Frock,4999.0,1,5,0,3.37,5.27,7,2.57
Kids,Frock,4999.0,2,6,0,2.57,5.07,6,2.54
Kids,Frock,4999.0,2,7,0,2.54,3.85,7,3.47
Kids,Frock,4999.0,2,8,0,3.47,2.99,6,3.21
Kids,Frock,4999.0,2,9,0,3.21,2.95,4,2.79
Kids,Frock,4999.0,3,10,1,2.79,3.0,2,7.59
Kids,Frock,4999.0,3,11,0,7.59,4.27,4,3.7
Kids,Frock,4999.0,3,12,0,3.7,4.32,3,3.85
Kids,Frock,4999.0,3,13,0,3.85,4.48,4,3.87
Kids,Frock,4999.0,4,14,0,3.87,4.75,5,4.06
Kids,Frock,4999.0,4,15,1,4.06,3.87,7,6.53
Kids,Frock,4999.0,4,16,0,6.53,4.58,3,2.9
Kids,Frock,4999.0,4,17,0,2.9,4.34,6,4.24
Kids,Frock,4999.0,4,18,0,4.24,4.43,7,2.68
Kids,Frock,4999.0,5,19,0,2.68,4.09,5,2.7
Kids,Frock,4999.0,5,20,0,2.7,3.13,2,3.02
Kids,Frock,4999.0,5,21,0,3.02,3.16,4,3.96
Kids,Frock,4999.0,5,22,0,3.96,3.09,6,2.98
Kids,Frock,4999.0,6,23,0,2.98,3.16,2,2.54
Kids,Frock,4999.0,6,24,0,2.54,3.12,4,2.68
Kids,Frock,4999.0,6,25,0,2.68,3.04,3,2.61
Kids,Frock,4999.0,6,26,0,2.61,2.7,2,3.04
Kids,Frock,4999.0,7,27,0,3.04,2.72,4,2.58
Women,Lehenga,499.0,7,28,0,12.96,12.96,8,7.49
Women,Lehenga,499.0,7,29,0,7.49,11.59,17,17.6
Women,Lehenga,499.0,7,30,0,17.6,12.75,18,8.45
Women,Lehenga,499.0,8,31,0,8.45,11.62,16,9.02
Women,Lehenga,499.0,8,32,0,9.02,10.64,15,12.65
Women,Lehenga,499.0,8,33,1,12.65,11.93,20,18.54
Women,Lehenga,499.0,8,34,0,18.54,12.16,13,12.0
Women,Lehenga,499.0,8,35,0,12.0,13.05,13,11.46
Women,Lehenga,499.0,9,36,1,11.46,13.66,16,19.58
Women,Lehenga,499.0,9,37,0,19.58,15.39,12,11.5
Women,Lehenga,499.0,9,38,0,11.5,13.63,11,10.14
Women,Lehenga,499.0,9,39,0,10.14,13.17,20,11.61
Women,Lehenga,499.0,10,40,0,11.61,13.21,13,12.62
Women,Lehenga,499.0,10,41,1,12.62,11.47,20,17.18
Women,Lehenga,499.0,10,42,0,17.18,12.89,23,10.74
Women,Lehenga,499.0,10,43,1,10.74,13.04,9,21.9
Women,Lehenga,499.0,10,44,1,21.9,15.61,28,22.1
Women,Lehenga,499.0,11,45,1,22.1,17.98,27,24.03
Women,Lehenga,499.0,11,46,0,24.03,19.69,13,11.89
Women,Lehenga,499.0,11,47,0,11.89,19.98,31,9.2
Women,Lehenga,499.0,11,48,0,9.2,16.8,33,9.67
Women,Lehenga,499.0,12,49,0,9.67,13.7,25,11.36
Women,Lehenga,499.0,12,50,0,11.36,10.53,16,12.5
Women,Lehenga,499.0,12,51,1,12.5,10.68,16,25.88
Women,Lehenga,499.0,12,52,1,25.88,14.85,28,26.85
Women,Lehenga,499.0,1,1,0,26.85,19.15,25,14.06
Women,Lehenga,499.0,1,2,1,14.06,19.82,24,28.67
Women,Lehenga,499.0,1,3,0,28.67,23.87,35,13.55
Women,Lehenga,499.0,1,4,0,13.55,20.78,33,17.01
Women,Lehenga,499.0,1,5,0,17.01,18.32,26,11.35
Women,Lehenga,499.0,2,6,0,11.35,17.64,26,10.35
Women,Lehenga,499.0,2,7,0,10.35,13.06,24,15.05
Women,Lehenga,499.0,2,8,0,15.05,13.44,18,15.8
Women,Lehenga,499.0,2,9,0,15.8,13.14,16,15.45
Women,Lehenga,499.0,3,10,1,15.45,14.16,15,28.27
Women,Lehenga,499.0,3,11,0,28.27,18.64,22,16.41
Women,Lehenga,499.0,3,12,0,16.41,18.98,12,13.35
Women,Lehenga,499.0,3,13,0,13.35,18.37,15,12.17
Women,Lehenga,499.0,4,14,0,12.17,17.55,14,18.1
Women,Lehenga,499.0,4,15,1,18.1,15.01,15,28.22
Women,Lehenga,499.0,4,16,0,28.22,17.96,25,15.68
Women,Lehenga,499.0,4,17,0,15.68,18.54,33,13.71
Women,Lehenga,499.0,5,18,0,13.71,18.92,13,13.91
Women,Lehenga,499.0,5,19,0,13.91,17.88,13,16.97
Women,Lehenga,499.0,5,20,0,16.97,15.07,8,14.87
Women,Lehenga,499.0,5,21,0,14.87,14.86,10,14.67
Women,Lehenga,499.0,5,22,0,14.67,15.11,26,11.22
Women,Lehenga,499.0,6,23,0,11.22,14.43,20,13.95
Women,Lehenga,499.0,6,24,0,13.95,13.68,12,12.26
Women,Lehenga,499.0,6,25,0,12.26,13.02,18,18.13
Women,Lehenga,499.0,6,26,0,18.13,13.89,17,11.53
Women,Lehenga,499.0,7,27,0,11.53,13.97,25,15.64
Women,Lehenga,499.0,7,28,0,15.64,14.39,15,12.87
Women,Lehenga,499.0,7,29,0,12.87,14.54,23,10.13
Women,Lehenga,499.0,7,30,0,10.13,12.54,23,13.5
Women,Lehenga,499.0,7,31,0,13.5,13.03,17,14.07
Women,Lehenga,499.0,8,32,0,14.07,12.64,12,14.61
Women,Lehenga,499.0,8,33,1,14.61,13.08,7,23.29
Women,Lehenga,499.0,8,34,0,23.29,16.37,16,9.76
Women,Lehenga,499.0,8,35,0,9.76,15.43,30,9.55
Women,Lehenga,499.0,9,36,1,9.55,14.3,26,22.32
Women,Lehenga,499.0,9,37,0,22.32,16.23,19,8.17
Women,Lehenga,499.0,9,38,0,8.17,12.45,14,8.68
Women,Lehenga,499.0,9,39,0,8.68,12.18,13,10.41
Women,Lehenga,499.0,10,40,0,10.41,12.39,7,11.62
Women,Lehenga,499.0,10,41,1,11.62,9.72,19,19.82
Women,Lehenga,499.0,10,42,0,19.82,12.63,10,13.31
Women,Lehenga,499.0,10,43,1,13.31,13.79,20,22.48
Women,Lehenga,499.0,10,44,1,22.48,16.81,12,20.14
Women,Lehenga,499.0,11,45,1,20.14,18.94,13,19.33
Women,Lehenga,499.0,11,46,0,19.33,18.82,28,9.29
Women,Lehenga,499.0,11,47,0,9.29,17.81,32,12.4
Women,Lehenga,499.0,11,48,0,12.4,15.29,21,10.1
Women,Lehenga,499.0,12,49,0,10.1,12.78,14,12.38
Women,Lehenga,499.0,12,50,0,12.38,11.04,21,9.73
Women,Lehenga,499.0,12,51,0,9.73,11.15,18,10.3
Women,Lehenga,499.0,12,52,1,10.3,10.63,10,25.11
Women,Lehenga,499.0,1,1,0,25.11,14.38,28,10.84
Women,Lehenga,499.0,1,2,1,10.84,14.0,17,31.16
Women,Lehenga,499.0,1,3,1,31.16,19.35,16,20.35
Women,Lehenga,499.0,1,4,0,20.35,21.87,32,11.28
Women,Lehenga,499.0,1,5,0,11.28,18.41,20,16.81
Women,Lehenga,499.0,2,6,0,16.81,19.9,25,16.71
Women,Lehenga,499.0,2,7,0,16.71,16.29,25,17.43
Women,Lehenga,499.0,2,8,0,17.43,15.56,12,12.66
Women,Lehenga,499.0,2,9,0,12.66,15.9,14,14.88
Women,Lehenga,499.0,3,10,1,14.88,15.42,16,31.24
Women,Lehenga,499.0,3,11,0,31.24,19.05,12,14.68
Women,Lehenga,499.0,3,12,0,14.68,18.36,22,16.76
Women,Lehenga,499.0,3,13,0,16.76,19.39,17,17.77
Women,Lehenga,499.0,4,14,0,17.77,20.11,37,15.22
Women,Lehenga,499.0,4,15,1,15.22,16.11,13,25.55
Women,Lehenga,499.0,4,16,0,25.55,18.82,27,16.67
Women,Lehenga,499.0,4,17,0,16.67,18.8,22,15.55
Women,Lehenga,499.0,4,18,0,15.55,18.25,25,17.14
Women,Lehenga,499.0,5,19,0,17.14,18.73,34,16.33
Women,Lehenga,499.0,5,20,0,16.33,16.42,32,17.75
Women,Lehenga,499.0,5,21,0,17.75,16.69,21,14.78
Women,Lehenga,499.0,5,22,0,14.78,16.5,28,17.82
Women,Lehenga,499.0,6,23,0,17.82,16.67,29,17.35
Women,Lehenga,499.0,6,24,0,17.35,16.93,27,15.3
Women,Lehenga,499.0,6,25,0,15.3,16.31,9,15.56
Women,Lehenga,499.0,6,26,0,15.56,16.51,31,15.83
Women,Lehenga,499.0,7,27,0,15.83,16.01,14,12.48
Kids,Ethnic,2999.0,7,28,0,2.88,2.88,5,3.33
Kids,Ethnic,2999.0,7,29,0,3.33,2.99,4,2.85
Kids,Ethnic,2999.0,7,30,0,2.85,2.98,5,2.94
Kids,Ethnic,2999.0,8,31,0,2.94,3.0,3,2.94
Kids,Ethnic,2999.0,8,32,0,2.94,3.01,6,2.79
Kids,Ethnic,2999.0,8,33,1,2.79,2.88,5,5.04
Kids,Ethnic,2999.0,8,34,0,5.04,3.43,3,2.83
Kids,Ethnic,2999.0,8,35,0,2.83,3.4,3,3.31
Kids,Ethnic,2999.0,9,36,1,3.31,3.49,3,6.61
Kids,Ethnic,2999.0,9,37,0,6.61,4.45,8,2.48
Kids,Ethnic,2999.0,9,38,0,2.48,3.81,4,2.73
Kids,Ethnic,2999.0,9,39,0,2.73,3.78,2,3.21
Kids,Ethnic,2999.0,10,40,0,3.21,3.76,5,2.18
Kids,Ethnic,2999.0,10,41,1,2.18,2.65,4,5.13
Kids,Ethnic,2999.0,10,42,0,5.13,3.31,3,2.6
Kids,Ethnic,2999.0,10,43,1,2.6,3.28,3,6.49
Kids,Ethnic,2999.0,10,44,1,6.49,4.1,5,5.82
Kids,Ethnic,2999.0,11,45,1,5.82,5.01,4,4.94
Kids,Ethnic,2999.0,11,46,0,4.94,4.96,6,2.56
Kids,Ethnic,2999.0,11,47,0,2.56,4.95,3,2.28
Kids,Ethnic,2999.0,11,48,0,2.28,3.9,5,2.17
Kids,Ethnic,2999.0,12,49,0,2.17,2.99,3,2.89
Kids,Ethnic,2999.0,12,50,0,2.89,2.48,2,2.92
Kids,Ethnic,2999.0,12,51,1,2.92,2.56,4,5.47
Kids,Ethnic,2999.0,12,52,1,5.47,3.36,5,5.08
Kids,Ethnic,2999.0,1,1,0,5.08,4.09,8,2.76
Kids,Ethnic,2999.0,1,2,1,2.76,4.06,6,7.85
Kids,Ethnic,2999.0,1,3,0,7.85,5.29,6,2.67
Kids,Ethnic,2999.0,1,4,0,2.67,4.59,5,2.44
Kids,Ethnic,2999.0,1,5,0,2.44,3.93,5,3.49
Kids,Ethnic,2999.0,2,6,0,3.49,4.11,6,3.04
Kids,Ethnic,2999.0,2,7,0,3.04,2.91,2,3.72
Kids,Ethnic,2999.0,2,8,0,3.72,3.17,5,3.7
Kids,Ethnic,2999.0,2,9,0,3.7,3.49,4,2.72
Kids,Ethnic,2999.0,3,10,1,2.72,3.3,2,7.46
Kids,Ethnic,2999.0,3,11,0,7.46,4.4,7,3.29
Kids,Ethnic,2999.0,3,12,0,3.29,4.29,8,4.02
Kids,Ethnic,2999.0,3,13,0,4.02,4.37,7,4.03
Kids,Ethnic,2999.0,4,14,0,4.03,4.7,5,2.94
Kids,Ethnic,2999.0,4,15,1,2.94,3.57,2,5.5
Kids,Ethnic,2999.0,4,16,0,5.5,4.12,7,3.98
Kids,Ethnic,2999.0,4,17,0,3.98,4.11,5,3.88
Kids,Ethnic,2999.0,5,18,0,3.88,4.08,7,2.9
Kids,Ethnic,2999.0,5,19,0,2.9,4.07,4,3.89
Kids,Ethnic,2999.0,5,20,0,3.89,3.66,6,3.29
Kids,Ethnic,2999.0,5,21,0,3.29,3.49,6,2.28
Kids,Ethnic,2999.0,5,22,0,2.28,3.09,3,2.98
Kids,Ethnic,2999.0,6,23,0,2.98,3.11,4,2.96
Kids,Ethnic,2999.0,6,24,0,2.96,2.88,4,1.98
Kids,Ethnic,2999.0,6,25,0,1.98,2.55,3,3.59
Kids,Ethnic,2999.0,6,26,0,3.59,2.88,3,3.54
Kids,Ethnic,2999.0,7,27,0,3.54,3.02,3,3.54
Kids,Ethnic,2999.0,7,28,0,3.54,3.16,4,2.34
Kids,Ethnic,2999.0,7,29,0,2.34,3.25,4,2.55
Kids,Ethnic,2999.0,7,30,0,2.55,2.99,3,2.58
Kids,Ethnic,2999.0,7,31,0,2.58,2.75,2,2.1
Kids,Ethnic,2999.0,8,32,0,2.1,2.39,4,2.68
Kids,Ethnic,2999.0,8,33,1,2.68,2.47,5,4.31
Kids,Ethnic,2999.0,8,34,0,4.31,2.92,4,2.46
Kids,Ethnic,2999.0,8,35,0,2.46,2.89,3,2.16
Kids,Ethnic,2999.0,9,36,1,2.16,2.9,6,5.18
Kids,Ethnic,2999.0,9,37,0,5.18,3.53,2,2.69
Kids,Ethnic,2999.0,9,38,0,2.69,3.12,2,2.29
Kids,Ethnic,2999.0,9,39,0,2.29,3.08,6,2.25
Kids,Ethnic,2999.0,10,40,0,2.25,3.1,3,2.47
Kids,Ethnic,2999.0,10,41,1,2.47,2.43,2,3.35
Kids,Ethnic,2999.0,10,42,0,3.35,2.59,4,2.17
Kids,Ethnic,2999.0,10,43,1,2.17,2.56,5,4.07
Kids,Ethnic,2999.0,10,44,1,4.07,3.01,2,5.74
Kids,Ethnic,2999.0,11,45,1,5.74,3.83,7,6.62
Kids,Ethnic,2999.0,11,46,0,6.62,4.65,5,1.99
Kids,Ethnic,2999.0,11,47,0,1.99,4.61,9,2.56
Kids,Ethnic,2999.0,11,48,0,2.56,4.23,3,2.14
Kids,Ethnic,2999.0,12,49,0,2.14,3.33,5,2.26
Kids,Ethnic,2999.0,12,50,0,2.26,2.24,4,2.75
Kids,Ethnic,2999.0,12,51,0,2.75,2.43,5,2.65
Kids,Ethnic,2999.0,12,52,1,2.65,2.45,2,5.76
Kids,Ethnic,2999.0,1,1,0,5.76,3.36,5,2.48
Kids,Ethnic,2999.0,1,2,1,2.48,3.41,6,6.06
Kids,Ethnic,2999.0,1,3,1,6.06,4.24,7,7.27
Kids,Ethnic,2999.0,1,4,0,7.27,5.39,3,3.47
Kids,Ethnic,2999.0,1,5,0,3.47,4.82,5,2.49
Kids,Ethnic,2999.0,2,6,0,2.49,4.82,8,4.04
Kids,Ethnic,2999.0,2,7,0,4.04,4.32,7,2.75
Kids,Ethnic,2999.0,2,8,0,2.75,3.19,5,2.87
Kids,Ethnic,2999.0,2,9,0,2.87,3.04,4,3.87
Kids,Ethnic,2999.0,3,10,1,3.87,3.38,3,6.98
Kids,Ethnic,2999.0,3,11,0,6.98,4.12,5,3.37
Kids,Ethnic,2999.0,3,12,0,3.37,4.27,3,3.28
Kids,Ethnic,2999.0,3,13,0,3.28,4.37,6,3.31
Kids,Ethnic,2999.0,4,14,0,3.31,4.23,4,3.33
Kids,Ethnic,2999.0,4,15,1,3.33,3.32,4,7.5
Kids,Ethnic,2999.0,4,16,0,7.5,4.35,5,3.8
Kids,Ethnic,2999.0,4,17,0,3.8,4.49,6,3.29
Kids,Ethnic,2999.0,4,18,0,3.29,4.48,6,4.15
Kids,Ethnic,2999.0,5,19,0,4.15,4.68,4,3.44
Kids,Ethnic,2999.0,5,20,0,3.44,3.67,5,3.48
Kids,Ethnic,2999.0,5,21,0,3.48,3.59,2,3.85
Kids,Ethnic,2999.0,5,22,0,3.85,3.73,6,2.89
Kids,Ethnic,2999.0,6,23,0,2.89,3.42,2,3.42
Kids,Ethnic,2999.0,6,24,0,3.42,3.41,3,2.72
Kids,Ethnic,2999.0,6,25,0,2.72,3.22,4,2.61
Kids,Ethnic,2999.0,6,26,0,2.61,2.91,2,3.65
Kids,Ethnic,2999.0,7,27,0,3.65,3.1,3,3.71
Kids,T-Shirt,299.0,7,28,0,7.68,7.68,8,7.78
Kids,T-Shirt,299.0,7,29,0,7.78,7.7,13,6.7
Kids,T-Shirt,299.0,7,30,0,6.7,7.46,11,7.63
Kids,T-Shirt,299.0,8,31,0,7.63,7.45,5,7.01
Kids,T-Shirt,299.0,8,32,0,7.01,7.28,4,7.62
Kids,T-Shirt,299.0,8,33,1,7.62,7.24,5,13.36
Kids,T-Shirt,299.0,8,34,0,13.36,8.9,14,6.57
Kids,T-Shirt,299.0,8,35,0,6.57,8.64,13,5.53
Kids,T-Shirt,299.0,9,36,1,5.53,8.27,9,11.79
Kids,T-Shirt,299.0,9,37,0,11.79,9.31,14,6.1
Kids,T-Shirt,299.0,9,38,0,6.1,7.5,6,6.73
Kids,T-Shirt,299.0,9,39,0,6.73,7.54,4,5.63
Kids,T-Shirt,299.0,10,40,0,5.63,7.56,8,7.79
Kids,T-Shirt,299.0,10,41,1,7.79,6.56,11,12.45
Kids,T-Shirt,299.0,10,42,0,12.45,8.15,5,5.05
Kids,T-Shirt,299.0,10,43,1,5.05,7.73,12,12.11
Kids,T-Shirt,299.0,10,44,1,12.11,9.35,12,14.17
Kids,T-Shirt,299.0,11,45,1,14.17,10.95,11,12.52
Kids,T-Shirt,299.0,11,46,0,12.52,10.96,15,5.71
Kids,T-Shirt,299.0,11,47,0,5.71,11.13,15,6.36
Kids,T-Shirt,299.0,11,48,0,6.36,9.69,9,6.28
Kids,T-Shirt,299.0,12,49,0,6.28,7.72,5,7.65
Kids,T-Shirt,299.0,12,50,0,7.65,6.5,13,6.56
Kids,T-Shirt,299.0,12,51,1,6.56,6.71,10,10.96
Kids,T-Shirt,299.0,12,52,1,10.96,7.86,6,13.62
Kids,T-Shirt,299.0,1,1,0,13.62,9.7,9,8.99
Kids,T-Shirt,299.0,1,2,1,8.99,10.03,10,17.08
Kids,T-Shirt,299.0,1,3,0,17.08,12.67,23,6.22
Kids,T-Shirt,299.0,1,4,0,6.22,11.48,9,9.5
Kids,T-Shirt,299.0,1,5,0,9.5,10.45,20,10.07
Kids,T-Shirt,299.0,2,6,0,10.07,10.72,11,9.42
Kids,T-Shirt,299.0,2,7,0,9.42,8.8,9,7.67
Kids,T-Shirt,299.0,2,8,0,7.67,9.16,7,10.33
Kids,T-Shirt,299.0,2,9,0,10.33,9.37,5,8.79
Kids,T-Shirt,299.0,3,10,1,8.79,9.05,14,16.49
Kids,T-Shirt,299.0,3,11,0,16.49,10.82,18,8.95
Kids,T-Shirt,299.0,3,12,0,8.95,11.14,21,9.79
Kids,T-Shirt,299.0,3,13,0,9.79,11.01,18,10.09
Kids,T-Shirt,299.0,4,14,0,10.09,11.33,17,9.52
Kids,T-Shirt,299.0,4,15,1,9.52,9.59,17,18.4
Kids,T-Shirt,299.0,4,16,0,18.4,11.95,6,7.95
Kids,T-Shirt,299.0,4,17,0,7.95,11.49,10,9.82
Kids,T-Shirt,299.0,5,18,0,9.82,11.42,21,9.35
Kids,T-Shirt,299.0,5,19,0,9.35,11.38,13,9.74
Kids,T-Shirt,299.0,5,20,0,9.74,9.22,7,8.72
Kids,T-Shirt,299.0,5,21,0,8.72,9.41,7,9.61
Kids,T-Shirt,299.0,5,22,0,9.61,9.35,12,9.29
Kids,T-Shirt,299.0,6,23,0,9.29,9.34,14,7.94
Kids,T-Shirt,299.0,6,24,0,7.94,8.89,16,8.22
Kids,T-Shirt,299.0,6,25,0,8.22,8.76,9,8.99
Kids,T-Shirt,299.0,6,26,0,8.99,8.61,7,8.88
Kids,T-Shirt,299.0,7,27,0,8.88,8.51,9,9.08
Kids,T-Shirt,299.0,7,28,0,9.08,8.79,12,6.77
Kids,T-Shirt,299.0,7,29,0,6.77,8.43,17,6.97
Kids,T-Shirt,299.0,7,30,0,6.97,7.92,4,8.88
Kids,T-Shirt,299.0,7,31,0,8.88,7.92,6,9.22
Kids,T-Shirt,299.0,8,32,0,9.22,7.96,14,7.13
Kids,T-Shirt,299.0,8,33,1,7.13,8.05,8,13.29
Kids,T-Shirt,299.0,8,34,0,13.29,9.63,15,8.64
Kids,T-Shirt,299.0,8,35,0,8.64,9.57,15,8.11
Kids,T-Shirt,299.0,9,36,1,8.11,9.29,11,14.18
Kids,T-Shirt,299.0,9,37,0,14.18,11.06,7,6.19
Kids,T-Shirt,299.0,9,38,0,6.19,9.28,6,6.57
Kids,T-Shirt,299.0,9,39,0,6.57,8.76,10,4.81
Kids,T-Shirt,299.0,10,40,0,4.81,7.94,5,7.08
Kids,T-Shirt,299.0,10,41,1,7.08,6.16,9,11.3
Kids,T-Shirt,299.0,10,42,0,11.3,7.44,6,7.68
Kids,T-Shirt,299.0,10,43,1,7.68,7.72,11,9.32
Kids,T-Shirt,299.0,10,44,1,9.32,8.85,15,11.7
Kids,T-Shirt,299.0,11,45,1,11.7,10.0,18,13.26
Kids,T-Shirt,299.0,11,46,0,13.26,10.49,15,6.7
Kids,T-Shirt,299.0,11,47,0,6.7,10.25,5,6.04
Kids,T-Shirt,299.0,11,48,0,6.04,9.43,13,7.03
Kids,T-Shirt,299.0,12,49,0,7.03,8.26,16,6.92
Kids,T-Shirt,299.0,12,50,0,6.92,6.67,9,7.38
Kids,T-Shirt,299.0,12,51,0,7.38,6.84,5,6.92
Kids,T-Shirt,299.0,12,52,1,6.92,7.06,12,17.77
Kids,T-Shirt,299.0,1,1,0,17.77,9.75,8,8.22
Kids,T-Shirt,299.0,1,2,1,8.22,10.07,17,14.99
Kids,T-Shirt,299.0,1,3,1,14.99,11.97,9,17.88
Kids,T-Shirt,299.0,1,4,0,17.88,14.71,9,7.61
Kids,T-Shirt,299.0,1,5,0,7.61,12.17,22,7.79
Kids,T-Shirt,299.0,2,6,0,7.79,12.07,21,6.56
Kids,T-Shirt,299.0,2,7,0,6.56,9.96,17,9.39
Kids,T-Shirt,299.0,2,8,0,9.39,7.84,12,9.21
Kids,T-Shirt,299.0,2,9,0,9.21,8.24,13,7.93
Kids,T-Shirt,299.0,3,10,1,7.93,8.27,8,15.96
Kids,T-Shirt,299.0,3,11,0,15.96,10.62,19,9.85
Kids,T-Shirt,299.0,3,12,0,9.85,10.74,6,8.77
Kids,T-Shirt,299.0,3,13,0,8.77,10.63,19,9.94
Kids,T-Shirt,299.0,4,14,0,9.94,11.13,11,7.13
Kids,T-Shirt,299.0,4,15,1,7.13,8.92,10,15.4
Kids,T-Shirt,299.0,4,16,0,15.4,10.31,6,10.66
Kids,T-Shirt,299.0,4,17,0,10.66,10.78,21,6.39
Kids,T-Shirt,299.0,4,18,0,6.39,9.89,8,9.5
Kids,T-Shirt,299.0,5,19,0,9.5,10.49,6,10.02
Kids,T-Shirt,299.0,5,20,0,10.02,9.14,11,8.43
Kids,T-Shirt,299.0,5,21,0,8.43,8.59,17,7.82
Kids,T-Shirt,299.0,5,22,0,7.82,8.94,14,9.82
Kids,T-Shirt,299.0,6,23,0,9.82,9.02,7,5.08
Kids,T-Shirt,299.0,6,24,0,5.08,7.79,7,8.27
Kids,T-Shirt,299.0,6,25,0,8.27,7.75,15,8.94
Kids,T-Shirt,299.0,6,26,0,8.94,8.03,11,7.5
Kids,T-Shirt,299.0,7,27,0,7.5,7.45,12,10.34
Women,Top,1299.0,7,28,0,8.1,8.1,12,7.9
Women,Top,1299.0,7,29,0,7.9,8.05,14,8.23
Women,Top,1299.0,7,30,0,8.23,8.08,12,6.6
Women,Top,1299.0,8,31,0,6.6,7.71,10,9.21
Women,Top,1299.0,8,32,0,9.21,7.99,11,7.3
Women,Top,1299.0,8,33,1,7.3,7.84,13,13.4
Women,Top,1299.0,8,34,0,13.4,9.13,15,6.96
Women,Top,1299.0,8,35,0,6.96,9.22,18,5.51
Women,Top,1299.0,9,36,1,5.51,8.29,6,14.56
Women,Top,1299.0,9,37,0,14.56,10.11,8,6.07
Women,Top,1299.0,9,38,0,6.07,8.28,15,6.94
Women,Top,1299.0,9,39,0,6.94,8.27,9,4.99
Women,Top,1299.0,10,40,0,4.99,8.14,7,5.27
Women,Top,1299.0,10,41,1,5.27,5.82,4,13.35
Women,Top,1299.0,10,42,0,13.35,7.64,7,8.18
Women,Top,1299.0,10,43,1,8.18,7.95,14,9.96
Women,Top,1299.0,10,44,1,9.96,9.19,10,12.36
Women,Top,1299.0,11,45,1,12.36,10.96,21,11.36
Women,Top,1299.0,11,46,0,11.36,10.46,5,6.62
Women,Top,1299.0,11,47,0,6.62,10.07,8,7.21
Women,Top,1299.0,11,48,0,7.21,9.39,16,7.07
Women,Top,1299.0,12,49,0,7.07,8.06,8,5.2
Women,Top,1299.0,12,50,0,5.2,6.52,3,5.89
Women,Top,1299.0,12,51,1,5.89,6.34,12,13.04
Women,Top,1299.0,12,52,1,13.04,7.8,5,14.95
Women,Top,1299.0,1,1,0,14.95,9.77,12,7.27
Women,Top,1299.0,1,2,1,7.27,10.29,17,15.73
Women,Top,1299.0,1,3,0,15.73,12.75,19,8.48
Women,Top,1299.0,1,4,0,8.48,11.61,22,8.38
Women,Top,1299.0,1,5,0,8.38,9.96,11,11.42
Women,Top,1299.0,2,6,0,11.42,11.0,14,11.69
Women,Top,1299.0,2,7,0,11.69,9.99,8,9.41
Women,Top,1299.0,2,8,0,9.41,10.22,12,8.49
Women,Top,1299.0,2,9,0,8.49,10.25,14,9.07
Women,Top,1299.0,3,10,1,9.07,9.66,18,19.98
Women,Top,1299.0,3,11,0,19.98,11.74,12,8.36
Women,Top,1299.0,3,12,0,8.36,11.48,18,10.15
Women,Top,1299.0,3,13,0,10.15,11.89,8,9.39
Women,Top,1299.0,4,14,0,9.39,11.97,16,12.21
Women,Top,1299.0,4,15,1,12.21,10.03,14,16.78
Women,Top,1299.0,4,16,0,16.78,12.13,12,11.65
Women,Top,1299.0,4,17,0,11.65,12.5,20,10.04
Women,Top,1299.0,5,18,0,10.04,12.67,12,8.56
Women,Top,1299.0,5,19,0,8.56,11.76,22,10.49
Women,Top,1299.0,5,20,0,10.49,10.18,15,5.8
Women,Top,1299.0,5,21,0,5.8,8.72,7,8.54
Women,Top,1299.0,5,22,0,8.54,8.35,11,8.73
Women,Top,1299.0,6,23,0,8.73,8.39,11,7.98
Women,Top,1299.0,6,24,0,7.98,7.76,7,10.0
Women,Top,1299.0,6,25,0,10.0,8.81,15,11.24
Women,Top,1299.0,6,26,0,11.24,9.49,12,7.15
Women,Top,1299.0,7,27,0,7.15,9.09,9,9.22
Women,Top,1299.0,7,28,0,9.22,9.4,19,5.3
Women,Top,1299.0,7,29,0,5.3,8.23,9,7.79
Women,Top,1299.0,7,30,0,7.79,7.37,11,8.45
Women,Top,1299.0,7,31,0,8.45,7.69,10,7.62
Women,Top,1299.0,8,32,0,7.62,7.29,12,6.99
Women,Top,1299.0,8,33,1,6.99,7.71,4,19.89
Women,Top,1299.0,8,34,0,19.89,10.74,19,7.08
Women,Top,1299.0,8,35,0,7.08,10.4,5,7.71
Women,Top,1299.0,9,36,1,7.71,10.42,16,12.08
Women,Top,1299.0,9,37,0,12.08,11.69,17,8.17
Women,Top,1299.0,9,38,0,8.17,8.76,8,6.57
Women,Top,1299.0,9,39,0,6.57,8.63,12,5.27
Women,Top,1299.0,10,40,0,5.27,8.02,10,6.15
Women,Top,1299.0,10,41,1,6.15,6.54,9,13.37
Women,Top,1299.0,10,42,0,13.37,7.84,10,6.67
Women,Top,1299.0,10,43,1,6.67,7.86,6,13.07
Women,Top,1299.0,10,44,1,13.07,9.82,10,13.57
Women,Top,1299.0,11,45,1,13.57,11.67,9,11.6
Women,Top,1299.0,11,46,0,11.6,11.23,16,6.98
Women,Top,1299.0,11,47,0,6.98,11.3,8,6.57
Women,Top,1299.0,11,48,0,6.57,9.68,19,7.79
Women,Top,1299.0,12,49,0,7.79,8.23,15,7.51
Women,Top,1299.0,12,50,0,7.51,7.21,5,6.92
Women,Top,1299.0,12,51,0,6.92,7.19,8,8.43
Women,Top,1299.0,12,52,1,8.43,7.66,6,18.33
Women,Top,1299.0,1,1,0,18.33,10.3,13,8.56
Women,Top,1299.0,1,2,1,8.56,10.56,12,14.79
Women,Top,1299.0,1,3,1,14.79,12.53,10,22.18
Women,Top,1299.0,1,4,0,22.18,15.96,21,8.68
Women,Top,1299.0,1,5,0,8.68,13.55,11,9.3
Women,Top,1299.0,2,6,0,9.3,13.74,11,6.75
Women,Top,1299.0,2,7,0,6.75,11.73,11,9.33
Women,Top,1299.0,2,8,0,9.33,8.52,5,10.5
Women,Top,1299.0,2,9,0,10.5,8.97,5,9.11
Women,Top,1299.0,3,10,1,9.11,8.92,9,20.45
Women,Top,1299.0,3,11,0,20.45,12.35,19,10.35
Women,Top,1299.0,3,12,0,10.35,12.6,7,11.01
Women,Top,1299.0,3,13,0,11.01,12.73,22,9.73
Women,Top,1299.0,4,14,0,9.73,12.89,10,9.17
Women,Top,1299.0,4,15,1,9.17,10.07,16,16.06
Women,Top,1299.0,4,16,0,16.06,11.5,18,10.42
Women,Top,1299.0,4,17,0,10.42,11.35,17,12.39
Women,Top,1299.0,4,18,0,12.39,12.01,14,8.5
Women,Top,1299.0,5,19,0,8.5,11.84,9,10.5
Women,Top,1299.0,5,20,0,10.5,10.45,16,11.73
Women,Top,1299.0,5,21,0,11.73,10.78,17,8.33
Women,Top,1299.0,5,22,0,8.33,9.76,10,10.46
Women,Top,1299.0,6,23,0,10.46,10.25,20,7.16
Women,Top,1299.0,6,24,0,7.16,9.42,15,10.07
Women,Top,1299.0,6,25,0,10.07,9.0,17,6.37
Women,Top,1299.0,6,26,0,6.37,8.52,10,5.81
Women,Top,1299.0,7,27,0,5.81,7.35,7,7.01
Newborn,Romper,4999.0,7,28,0,1.98,1.98,1,2.07
Newborn,Romper,4999.0,7,29,0,2.07,2.0,3,1.92
Newborn,Romper,4999.0,7,30,0,1.92,1.99,4,2.12
Newborn,Romper,4999.0,8,31,0,2.12,2.02,3,1.77
Newborn,Romper,4999.0,8,32,0,1.77,1.97,1,1.48
Newborn,Romper,4999.0,8,33,1,1.48,1.82,3,3.52
Newborn,Romper,4999.0,8,34,0,3.52,2.22,1,1.83
Newborn,Romper,4999.0,8,35,0,1.83,2.15,2,1.76
Newborn,Romper,4999.0,9,36,1,1.76,2.15,4,3.49
Newborn,Romper,4999.0,9,37,0,3.49,2.65,5,1.79
Newborn,Romper,4999.0,9,38,0,1.79,2.22,2,1.61
Newborn,Romper,4999.0,9,39,0,1.61,2.16,3,1.85
Newborn,Romper,4999.0,10,40,0,1.85,2.19,4,1.25
Newborn,Romper,4999.0,10,41,1,1.25,1.62,1,3.74
Newborn,Romper,4999.0,10,42,0,3.74,2.11,1,1.87
Newborn,Romper,4999.0,10,43,1,1.87,2.18,3,3.23
Newborn,Romper,4999.0,10,44,1,3.23,2.53,2,3.46
Newborn,Romper,4999.0,11,45,1,3.46,3.08,3,3.63
Newborn,Romper,4999.0,11,46,0,3.63,3.05,5,2.37
Newborn,Romper,4999.0,11,47,0,2.37,3.17,3,1.71
Newborn,Romper,4999.0,11,48,0,1.71,2.79,2,1.76
Newborn,Romper,4999.0,12,49,0,1.76,2.37,4,1.52
Newborn,Romper,4999.0,12,50,0,1.52,1.84,1,2.3
Newborn,Romper,4999.0,12,51,1,2.3,1.82,4,4.09
Newborn,Romper,4999.0,12,52,1,4.09,2.42,2,3.74
Newborn,Romper,4999.0,1,1,0,3.74,2.91,2,2.03
Newborn,Romper,4999.0,1,2,1,2.03,3.04,4,4.64
Newborn,Romper,4999.0,1,3,0,4.64,3.62,5,2.15
Newborn,Romper,4999.0,1,4,0,2.15,3.14,6,2.29
Newborn,Romper,4999.0,1,5,0,2.29,2.77,3,1.87
Newborn,Romper,4999.0,2,6,0,1.87,2.73,3,1.94
Newborn,Romper,4999.0,2,7,0,1.94,2.06,2,2.69
Newborn,Romper,4999.0,2,8,0,2.69,2.2,2,2.09
Newborn,Romper,4999.0,2,9,0,2.09,2.15,4,2.57
Newborn,Romper,4999.0,3,10,1,2.57,2.32,5,4.11
Newborn,Romper,4999.0,3,11,0,4.11,2.87,3,1.72
Newborn,Romper,4999.0,3,12,0,1.72,2.62,3,2.75
Newborn,Romper,4999.0,3,13,0,2.75,2.79,2,2.22
Newborn,Romper,4999.0,4,14,0,2.22,2.7,2,2.99
Newborn,Romper,4999.0,4,15,1,2.99,2.42,3,4.28
Newborn,Romper,4999.0,4,16,0,4.28,3.06,5,1.92
Newborn,Romper,4999.0,4,17,0,1.92,2.85,3,2.08
Newborn,Romper,4999.0,5,18,0,2.08,2.82,2,2.36
Newborn,Romper,4999.0,5,19,0,2.36,2.66,2,3.16
Newborn,Romper,4999.0,5,20,0,3.16,2.38,2,2.79
Newborn,Romper,4999.0,5,21,0,2.79,2.6,4,2.59
Newborn,Romper,4999.0,5,22,0,2.59,2.72,2,2.77
Newborn,Romper,4999.0,6,23,0,2.77,2.83,5,2.13
Newborn,Romper,4999.0,6,24,0,2.13,2.57,2,1.97
Newborn,Romper,4999.0,6,25,0,1.97,2.37,3,2.42
Newborn,Romper,4999.0,6,26,0,2.42,2.32,1,2.03
Newborn,Romper,4999.0,7,27,0,2.03,2.14,3,1.74
Newborn,Romper,4999.0,7,28,0,1.74,2.04,2,1.05
Newborn,Romper,4999.0,7,29,0,1.05,1.81,2,1.63
Newborn,Romper,4999.0,7,30,0,1.63,1.61,1,1.99
Newborn,Romper,4999.0,7,31,0,1.99,1.6,2,1.58
Newborn,Romper,4999.0,8,32,0,1.58,1.56,2,1.99
Newborn,Romper,4999.0,8,33,1,1.99,1.8,2,2.77
Newborn,Romper,4999.0,8,34,0,2.77,2.08,4,1.46
Newborn,Romper,4999.0,8,35,0,1.46,1.95,3,2.08
Newborn,Romper,4999.0,9,36,1,2.08,2.07,4,3.76
Newborn,Romper,4999.0,9,37,0,3.76,2.52,3,1.63
Newborn,Romper,4999.0,9,38,0,1.63,2.23,2,1.62
Newborn,Romper,4999.0,9,39,0,1.62,2.27,3,1.41
Newborn,Romper,4999.0,10,40,0,1.41,2.11,3,1.9
Newborn,Romper,4999.0,10,41,1,1.9,1.64,2,3.81
Newborn,Romper,4999.0,10,42,0,3.81,2.19,3,1.58
Newborn,Romper,4999.0,10,43,1,1.58,2.18,2,3.17
Newborn,Romper,4999.0,10,44,1,3.17,2.62,2,3.03
Newborn,Romper,4999.0,11,45,1,3.03,2.9,4,3.49
Newborn,Romper,4999.0,11,46,0,3.49,2.82,3,1.25
Newborn,Romper,4999.0,11,47,0,1.25,2.73,2,1.72
Newborn,Romper,4999.0,11,48,0,1.72,2.37,2,2.04
Newborn,Romper,4999.0,12,49,0,2.04,2.13,1,1.86
Newborn,Romper,4999.0,12,50,0,1.86,1.72,1,2.06
Newborn,Romper,4999.0,12,51,0,2.06,1.92,2,2.02
Newborn,Romper,4999.0,12,52,1,2.02,2.0,3,4.03
Newborn,Romper,4999.0,1,1,0,4.03,2.49,5,2.01
Newborn,Romper,4999.0,1,2,1,2.01,2.53,2,4.63
Newborn,Romper,4999.0,1,3,1,4.63,3.17,2,4.07
Newborn,Romper,4999.0,1,4,0,4.07,3.68,4,1.83
Newborn,Romper,4999.0,1,5,0,1.83,3.14,5,2.64
Newborn,Romper,4999.0,2,6,0,2.64,3.29,3,2.48
Newborn,Romper,4999.0,2,7,0,2.48,2.75,5,1.63
Newborn,Romper,4999.0,2,8,0,1.63,2.14,1,2.4
Newborn,Romper,4999.0,2,9,0,2.4,2.29,4,1.64
Newborn,Romper,4999.0,3,10,1,1.64,2.04,2,3.83
Newborn,Romper,4999.0,3,11,0,3.83,2.37,2,2.52
Newborn,Romper,4999.0,3,12,0,2.52,2.6,2,2.86
Newborn,Romper,4999.0,3,13,0,2.86,2.71,4,3.16
Newborn,Romper,4999.0,4,14,0,3.16,3.09,4,3.0
Newborn,Romper,4999.0,4,15,1,3.0,2.89,2,3.63
Newborn,Romper,4999.0,4,16,0,3.63,3.17,2,3.05
Newborn,Romper,4999.0,4,17,0,3.05,3.21,3,2.67
Newborn,Romper,4999.0,4,18,0,2.67,3.09,2,2.68
Newborn,Romper,4999.0,5,19,0,2.68,3.01,4,2.12
Newborn,Romper,4999.0,5,20,0,2.12,2.63,4,2.47
Newborn,Romper,4999.0,5,21,0,2.47,2.48,2,2.4
Newborn,Romper,4999.0,5,22,0,2.4,2.42,4,2.38
Newborn,Romper,4999.0,6,23,0,2.38,2.34,1,2.4
Newborn,Romper,4999.0,6,24,0,2.4,2.41,5,2.14
Newborn,Romper,4999.0,6,25,0,2.14,2.33,4,2.03
Newborn,Romper,4999.0,6,26,0,2.03,2.24,2,2.08
Newborn,Romper,4999.0,7,27,0,2.08,2.16,3,2.35
Women,Kurti,499.0,7,28,0,12.96,12.96,25,14.34
Women,Kurti,499.0,7,29,0,14.34,13.31,14,14.37
Women,Kurti,499.0,7,30,0,14.37,13.66,25,12.78
Women,Kurti,499.0,8,31,0,12.78,13.61,13,10.14
Women,Kurti,499.0,8,32,0,10.14,12.91,22,10.52
Women,Kurti,499.0,8,33,1,10.52,11.95,7,25.52
Women,Kurti,499.0,8,34,0,25.52,14.74,18,13.06
Women,Kurti,499.0,8,35,0,13.06,14.81,23,12.59
Women,Kurti,499.0,9,36,1,12.59,15.42,30,21.76
Women,Kurti,499.0,9,37,0,21.76,18.23,21,10.99
Women,Kurti,499.0,9,38,0,10.99,14.6,29,7.74
Women,Kurti,499.0,9,39,0,7.74,13.27,8,10.69
Women,Kurti,499.0,10,40,0,10.69,12.8,14,8.23
Women,Kurti,499.0,10,41,1,8.23,9.41,18,17.81
Women,Kurti,499.0,10,42,0,17.81,11.12,13,11.58
Women,Kurti,499.0,10,43,1,11.58,12.08,22,20.48
Women,Kurti,499.0,10,44,1,20.48,14.52,17,15.17
Women,Kurti,499.0,11,45,1,15.17,16.26,18,22.56
Women,Kurti,499.0,11,46,0,22.56,17.45,14,9.64
Women,Kurti,499.0,11,47,0,9.64,16.96,17,9.63
Women,Kurti,499.0,11,48,0,9.63,14.25,22,9.16
Women,Kurti,499.0,12,49,0,9.16,12.75,25,14.63
Women,Kurti,499.0,12,50,0,14.63,10.76,8,10.93
Women,Kurti,499.0,12,51,1,10.93,11.09,12,16.6
Women,Kurti,499.0,12,52,1,16.6,12.83,10,22.17
Women,Kurti,499.0,1,1,0,22.17,16.08,17,14.44
Women,Kurti,499.0,1,2,1,14.44,16.03,31,28.51
Women,Kurti,499.0,1,3,0,28.51,20.43,38,16.02
Women,Kurti,499.0,1,4,0,16.02,20.29,26,15.08
Women,Kurti,499.0,1,5,0,15.08,18.51,13,9.0
Women,Kurti,499.0,2,6,0,9.0,17.15,11,13.97
Women,Kurti,499.0,2,7,0,13.97,13.52,25,14.02
Women,Kurti,499.0,2,8,0,14.02,13.02,16,12.75
Women,Kurti,499.0,2,9,0,12.75,12.43,19,11.95
Women,Kurti,499.0,3,10,1,11.95,13.17,9,33.53
Women,Kurti,499.0,3,11,0,33.53,18.06,31,15.43
Women,Kurti,499.0,3,12,0,15.43,18.41,29,12.89
Women,Kurti,499.0,3,13,0,12.89,18.45,35,12.01
Women,Kurti,499.0,4,14,0,12.01,18.46,30,17.74
Women,Kurti,499.0,4,15,1,17.74,14.52,14,34.47
Women,Kurti,499.0,4,16,0,34.47,19.28,25,17.23
Women,Kurti,499.0,4,17,0,17.23,20.36,27,16.95
Women,Kurti,499.0,5,18,0,16.95,21.6,22,16.79
Women,Kurti,499.0,5,19,0,16.79,21.36,36,16.33
Women,Kurti,499.0,5,20,0,16.33,16.82,27,13.58
Women,Kurti,499.0,5,21,0,13.58,15.91,12,16.1
Women,Kurti,499.0,5,22,0,16.1,15.7,29,14.71
Women,Kurti,499.0,6,23,0,14.71,15.18,8,12.29
Women,Kurti,499.0,6,24,0,12.29,14.17,25,13.87
Women,Kurti,499.0,6,25,0,13.87,14.24,25,16.16
Women,Kurti,499.0,6,26,0,16.16,14.26,25,13.86
Women,Kurti,499.0,7,27,0,13.86,14.04,11,13.78
Women,Kurti,499.0,7,28,0,13.78,14.42,23,10.6
Women,Kurti,499.0,7,29,0,10.6,13.6,10,10.81
Women,Kurti,499.0,7,30,0,10.81,12.26,19,12.27
Women,Kurti,499.0,7,31,0,12.27,11.86,22,11.46
Women,Kurti,499.0,8,32,0,11.46,11.28,10,10.94
Women,Kurti,499.0,8,33,1,10.94,11.37,6,18.91
Women,Kurti,499.0,8,34,0,18.91,13.4,9,9.63
Women,Kurti,499.0,8,35,0,9.63,12.74,17,8.42
Women,Kurti,499.0,9,36,1,8.42,11.98,19,19.7
Women,Kurti,499.0,9,37,0,19.7,14.16,23,10.32
Women,Kurti,499.0,9,38,0,10.32,12.01,23,10.34
Women,Kurti,499.0,9,39,0,10.34,12.19,23,12.35
Women,Kurti,499.0,10,40,0,12.35,13.18,7,7.24
Women,Kurti,499.0,10,41,1,7.24,10.06,16,26.64
Women,Kurti,499.0,10,42,0,26.64,14.14,20,11.54
Women,Kurti,499.0,10,43,1,11.54,14.44,29,21.44
Women,Kurti,499.0,10,44,1,21.44,16.72,28,18.52
Women,Kurti,499.0,11,45,1,18.52,19.54,33,20.29
Women,Kurti,499.0,11,46,0,20.29,17.95,25,12.16
Women,Kurti,499.0,11,47,0,12.16,18.1,12,10.05
Women,Kurti,499.0,11,48,0,10.05,15.25,19,12.86
Women,Kurti,499.0,12,49,0,12.86,13.84,23,11.8
Women,Kurti,499.0,12,50,0,11.8,11.72,12,12.08
Women,Kurti,499.0,12,51,0,12.08,11.7,17,13.63
Women,Kurti,499.0,12,52,1,13.63,12.59,16,21.13
Women,Kurti,499.0,1,1,0,21.13,14.66,19,12.39
Women,Kurti,499.0,1,2,1,12.39,14.81,20,26.15
Women,Kurti,499.0,1,3,1,26.15,18.32,33,29.77
Women,Kurti,499.0,1,4,0,29.77,22.36,37,16.35
Women,Kurti,499.0,1,5,0,16.35,21.16,21,11.66
Women,Kurti,499.0,2,6,0,11.66,20.98,22,14.49
Women,Kurti,499.0,2,7,0,14.49,18.07,16,11.92
Women,Kurti,499.0,2,8,0,11.92,13.6,24,14.93
Women,Kurti,499.0,2,9,0,14.93,13.25,11,16.17
Women,Kurti,499.0,3,10,1,16.17,14.38,18,28.54
Women,Kurti,499.0,3,11,0,28.54,17.89,25,18.22
Women,Kurti,499.0,3,12,0,18.22,19.47,12,16.6
Women,Kurti,499.0,3,13,0,16.6,19.88,37,16.47
Women,Kurti,499.0,4,14,0,16.47,19.96,16,15.88
Women,Kurti,499.0,4,15,1,15.88,16.79,29,34.1
Women,Kurti,499.0,4,16,0,34.1,20.76,36,18.52
Women,Kurti,499.0,4,17,0,18.52,21.24,13,15.84
Women,Kurti,499.0,4,18,0,15.84,21.08,40,14.36
Women,Kurti,499.0,5,19,0,14.36,20.71,20,20.6
Women,Kurti,499.0,5,20,0,20.6,17.33,13,15.27
Women,Kurti,499.0,5,21,0,15.27,16.52,25,14.37
Women,Kurti,499.0,5,22,0,14.37,16.15,23,15.7
Women,Kurti,499.0,6,23,0,15.7,16.49,19,10.41
Women,Kurti,499.0,6,24,0,10.41,13.94,20,11.25
Women,Kurti,499.0,6,25,0,11.25,12.93,14,9.57
Women,Kurti,499.0,6,26,0,9.57,11.73,14,9.69
Women,Kurti,499.0,7,27,0,9.69,10.23,8,11.08
Men,Trousers,699.0,7,28,0,9.6,9.6,11,8.65
Men,Trousers,699.0,7,29,0,8.65,9.36,13,8.38
Men,Trousers,699.0,7,30,0,8.38,9.06,14,8.68
Men,Trousers,699.0,8,31,0,8.68,8.83,7,9.05
Men,Trousers,699.0,8,32,0,9.05,8.69,9,7.91
Men,Trousers,699.0,8,33,1,7.91,8.5,11,17.42
Men,Trousers,699.0,8,34,0,17.42,10.76,7,9.68
Men,Trousers,699.0,8,35,0,9.68,11.01,12,10.43
Men,Trousers,699.0,9,36,1,10.43,11.36,8,19.25
Men,Trousers,699.0,9,37,0,19.25,14.19,11,9.97
Men,Trousers,699.0,9,38,0,9.97,12.33,20,7.62
Men,Trousers,699.0,9,39,0,7.62,11.82,14,5.75
Men,Trousers,699.0,10,40,0,5.75,10.65,8,7.49
Men,Trousers,699.0,10,41,1,7.49,7.71,13,13.01
Men,Trousers,699.0,10,42,0,13.01,8.47,13,7.69
Men,Trousers,699.0,10,43,1,7.69,8.49,7,12.7
Men,Trousers,699.0,10,44,1,12.7,10.22,6,16.18
Men,Trousers,699.0,11,45,1,16.18,12.4,17,14.28
Men,Trousers,699.0,11,46,0,14.28,12.71,16,7.27
Men,Trousers,699.0,11,47,0,7.27,12.61,24,9.87
Men,Trousers,699.0,11,48,0,9.87,11.9,9,8.78
Men,Trousers,699.0,12,49,0,8.78,10.05,16,8.79
Men,Trousers,699.0,12,50,0,8.79,8.68,6,10.18
Men,Trousers,699.0,12,51,1,10.18,9.41,9,19.46
Men,Trousers,699.0,12,52,1,19.46,11.8,11,21.32
Men,Trousers,699.0,1,1,0,21.32,14.94,10,9.45
Men,Trousers,699.0,1,2,1,9.45,15.1,27,22.08
Men,Trousers,699.0,1,3,0,22.08,18.08,19,7.68
Men,Trousers,699.0,1,4,0,7.68,15.13,23,10.08
Men,Trousers,699.0,1,5,0,10.08,12.32,20,10.98
Men,Trousers,699.0,2,6,0,10.98,12.7,24,10.03
Men,Trousers,699.0,2,7,0,10.03,9.69,19,10.71
Men,Trousers,699.0,2,8,0,10.71,10.45,9,12.58
Men,Trousers,699.0,2,9,0,12.58,11.07,7,12.79
Men,Trousers,699.0,3,10,1,12.79,11.53,18,23.56
Men,Trousers,699.0,3,11,0,23.56,14.91,25,13.76
Men,Trousers,699.0,3,12,0,13.76,15.67,27,9.62
Men,Trousers,699.0,3,13,0,9.62,14.93,18,11.04
Men,Trousers,699.0,4,14,0,11.04,14.49,12,11.11
Men,Trousers,699.0,4,15,1,11.11,11.38,9,27.32
Men,Trousers,699.0,4,16,0,27.32,14.77,16,12.28
Men,Trousers,699.0,4,17,0,12.28,15.44,19,14.05
Men,Trousers,699.0,5,18,0,14.05,16.19,17,8.63
Men,Trousers,699.0,5,19,0,8.63,15.57,15,11.65
Men,Trousers,699.0,5,20,0,11.65,11.65,9,11.02
Men,Trousers,699.0,5,21,0,11.02,11.34,12,6.85
Men,Trousers,699.0,5,22,0,6.85,9.54,19,8.25
Men,Trousers,699.0,6,23,0,8.25,9.44,6,9.19
Men,Trousers,699.0,6,24,0,9.19,8.83,16,8.59
Men,Trousers,699.0,6,25,0,8.59,8.22,15,10.71
Men,Trousers,699.0,6,26,0,10.71,9.19,8,11.54
Men,Trousers,699.0,7,27,0,11.54,10.01,7,9.03
Men,Trousers,699.0,7,28,0,9.03,9.97,11,7.77
Men,Trousers,699.0,7,29,0,7.77,9.76,10,7.34
Men,Trousers,699.0,7,30,0,7.34,8.92,8,11.05
Men,Trousers,699.0,7,31,0,11.05,8.8,5,7.77
Men,Trousers,699.0,8,32,0,7.77,8.48,5,4.73
Men,Trousers,699.0,8,33,1,4.73,7.72,5,15.13
Men,Trousers,699.0,8,34,0,15.13,9.67,18,6.19
Men,Trousers,699.0,8,35,0,6.19,8.46,6,8.07
Men,Trousers,699.0,9,36,1,8.07,8.53,17,15.66
Men,Trousers,699.0,9,37,0,15.66,11.26,16,7.35
Men,Trousers,699.0,9,38,0,7.35,9.32,14,6.04
Men,Trousers,699.0,9,39,0,6.04,9.28,13,7.6
Men,Trousers,699.0,10,40,0,7.6,9.17,15,7.41
Men,Trousers,699.0,10,41,1,7.41,7.1,10,15.1
Men,Trousers,699.0,10,42,0,15.1,9.04,13,7.18
Men,Trousers,699.0,10,43,1,7.18,9.32,6,17.26
Men,Trousers,699.0,10,44,1,17.26,11.74,20,18.14
Men,Trousers,699.0,11,45,1,18.14,14.42,14,12.97
Men,Trousers,699.0,11,46,0,12.97,13.89,14,8.94
Men,Trousers,699.0,11,47,0,8.94,14.33,26,9.65
Men,Trousers,699.0,11,48,0,9.65,12.43,15,11.36
Men,Trousers,699.0,12,49,0,11.36,10.73,13,8.92
Men,Trousers,699.0,12,50,0,8.92,9.72,5,8.32
Men,Trousers,699.0,12,51,0,8.32,9.56,17,10.27
Men,Trousers,699.0,12,52,1,10.27,9.72,8,17.53
Men,Trousers,699.0,1,1,0,17.53,11.26,17,11.22
Men,Trousers,699.0,1,2,1,11.22,11.84,7,19.31
Men,Trousers,699.0,1,3,1,19.31,14.58,20,17.83
Men,Trousers,699.0,1,4,0,17.83,16.47,25,10.42
Men,Trousers,699.0,1,5,0,10.42,14.7,18,10.09
Men,Trousers,699.0,2,6,0,10.09,14.41,21,10.14
Men,Trousers,699.0,2,7,0,10.14,12.12,6,7.73
Men,Trousers,699.0,2,8,0,7.73,9.6,11,12.74
Men,Trousers,699.0,2,9,0,12.74,10.17,10,12.89
Men,Trousers,699.0,3,10,1,12.89,10.87,21,24.1
Men,Trousers,699.0,3,11,0,24.1,14.37,15,12.3
Men,Trousers,699.0,3,12,0,12.3,15.51,18,9.86
Men,Trousers,699.0,3,13,0,9.86,14.79,21,7.37
Men,Trousers,699.0,4,14,0,7.37,13.41,18,11.82
Men,Trousers,699.0,4,15,1,11.82,10.34,19,22.46
Men,Trousers,699.0,4,16,0,22.46,12.88,21,11.72
Men,Trousers,699.0,4,17,0,11.72,13.34,11,6.89
Men,Trousers,699.0,4,18,0,6.89,13.22,17,12.4
Men,Trousers,699.0,5,19,0,12.4,13.37,11,9.57
Men,Trousers,699.0,5,20,0,9.57,10.15,16,6.22
Men,Trousers,699.0,5,21,0,6.22,8.77,4,8.99
Men,Trousers,699.0,5,22,0,8.99,9.29,15,13.49
Men,Trousers,699.0,6,23,0,13.49,9.57,18,12.75
Men,Trousers,699.0,6,24,0,12.75,10.36,7,7.26
Men,Trousers,699.0,6,25,0,7.26,10.62,11,8.93
Men,Trousers,699.0,6,26,0,8.93,10.61,9,9.3
Men,Trousers,699.0,7,27,0,9.3,9.56,6,11.45
Kids,Ethnic,999.0,7,28,0,4.8,4.8,4,5.14
Kids,Ethnic,999.0,7,29,0,5.14,4.89,4,3.55
Kids,Ethnic,999.0,7,30,0,3.55,4.57,3,4.44
Kids,Ethnic,999.0,8,31,0,4.44,4.48,2,4.08
Kids,Ethnic,999.0,8,32,0,4.08,4.31,6,4.01
Kids,Ethnic,999.0,8,33,1,4.01,4.02,3,7.42
Kids,Ethnic,999.0,8,34,0,7.42,4.99,5,3.84
Kids,Ethnic,999.0,8,35,0,3.84,4.84,4,4.35
Kids,Ethnic,999.0,9,36,1,4.35,4.91,5,7.59
Kids,Ethnic,999.0,9,37,0,7.59,5.8,10,3.81
Kids,Ethnic,999.0,9,38,0,3.81,4.9,3,4.29
Kids,Ethnic,999.0,9,39,0,4.29,5.01,6,4.06
Kids,Ethnic,999.0,10,40,0,4.06,4.94,10,4.28
Kids,Ethnic,999.0,10,41,1,4.28,4.11,7,6.64
Kids,Ethnic,999.0,10,42,0,6.64,4.82,3,3.87
Kids,Ethnic,999.0,10,43,1,3.87,4.71,3,7.78
Kids,Ethnic,999.0,10,44,1,7.78,5.64,5,7.7
Kids,Ethnic,999.0,11,45,1,7.7,6.5,7,7.61
Kids,Ethnic,999.0,11,46,0,7.61,6.74,5,4.98
Kids,Ethnic,999.0,11,47,0,4.98,7.02,5,3.89
Kids,Ethnic,999.0,11,48,0,3.89,6.05,4,5.0
Kids,Ethnic,999.0,12,49,0,5.0,5.37,10,5.68
Kids,Ethnic,999.0,12,50,0,5.68,4.89,6,3.75
Kids,Ethnic,999.0,12,51,1,3.75,4.58,5,7.24
Kids,Ethnic,999.0,12,52,1,7.24,5.42,5,6.5
Kids,Ethnic,999.0,1,1,0,6.5,5.79,11,5.62
Kids,Ethnic,999.0,1,2,1,5.62,5.77,6,11.54
Kids,Ethnic,999.0,1,3,0,11.54,7.72,9,4.25
Kids,Ethnic,999.0,1,4,0,4.25,6.98,11,5.77
Kids,Ethnic,999.0,1,5,0,5.77,6.79,4,4.63
Kids,Ethnic,999.0,2,6,0,4.63,6.55,8,5.38
Kids,Ethnic,999.0,2,7,0,5.38,5.01,9,6.28
Kids,Ethnic,999.0,2,8,0,6.28,5.52,7,5.86
Kids,Ethnic,999.0,2,9,0,5.86,5.54,9,4.85
Kids,Ethnic,999.0,3,10,1,4.85,5.59,7,11.46
Kids,Ethnic,999.0,3,11,0,11.46,7.11,13,5.36
Kids,Ethnic,999.0,3,12,0,5.36,6.88,13,6.39
Kids,Ethnic,999.0,3,13,0,6.39,7.02,8,6.06
Kids,Ethnic,999.0,4,14,0,6.06,7.32,13,6.06
Kids,Ethnic,999.0,4,15,1,6.06,5.97,4,9.84
Kids,Ethnic,999.0,4,16,0,9.84,7.09,4,4.88
Kids,Ethnic,999.0,4,17,0,4.88,6.71,10,5.81
Kids,Ethnic,999.0,5,18,0,5.81,6.65,12,6.4
Kids,Ethnic,999.0,5,19,0,6.4,6.73,4,6.94
Kids,Ethnic,999.0,5,20,0,6.94,6.01,10,4.03
Kids,Ethnic,999.0,5,21,0,4.03,5.8,11,5.44
Kids,Ethnic,999.0,5,22,0,5.44,5.71,5,6.13
Kids,Ethnic,999.0,6,23,0,6.13,5.64,5,5.74
Kids,Ethnic,999.0,6,24,0,5.74,5.33,5,5.36
Kids,Ethnic,999.0,6,25,0,5.36,5.66,7,5.75
Kids,Ethnic,999.0,6,26,0,5.75,5.74,9,4.12
Kids,Ethnic,999.0,7,27,0,4.12,5.24,3,5.27
Kids,Ethnic,999.0,7,28,0,5.27,5.12,4,5.4
Kids,Ethnic,999.0,7,29,0,5.4,5.14,4,3.73
Kids,Ethnic,999.0,7,30,0,3.73,4.63,6,4.67
Kids,Ethnic,999.0,7,31,0,4.67,4.77,4,4.84
Kids,Ethnic,999.0,8,32,0,4.84,4.66,3,4.79
Kids,Ethnic,999.0,8,33,1,4.79,4.51,6,5.99
Kids,Ethnic,999.0,8,34,0,5.99,5.07,3,3.68
Kids,Ethnic,999.0,8,35,0,3.68,4.82,3,2.5
Kids,Ethnic,999.0,9,36,1,2.5,4.24,6,9.53
Kids,Ethnic,999.0,9,37,0,9.53,5.42,4,3.69
Kids,Ethnic,999.0,9,38,0,3.69,4.85,7,3.26
Kids,Ethnic,999.0,9,39,0,3.26,4.74,6,3.19
Kids,Ethnic,999.0,10,40,0,3.19,4.92,4,3.5
Kids,Ethnic,999.0,10,41,1,3.5,3.41,5,8.93
Kids,Ethnic,999.0,10,42,0,8.93,4.72,8,3.33
Kids,Ethnic,999.0,10,43,1,3.33,4.74,9,9.64
Kids,Ethnic,999.0,10,44,1,9.64,6.35,11,6.22
Kids,Ethnic,999.0,11,45,1,6.22,7.03,4,10.79
Kids,Ethnic,999.0,11,46,0,10.79,7.5,14,3.74
Kids,Ethnic,999.0,11,47,0,3.74,7.6,8,5.17
Kids,Ethnic,999.0,11,48,0,5.17,6.48,5,5.16
Kids,Ethnic,999.0,12,49,0,5.16,6.22,6,5.28
Kids,Ethnic,999.0,12,50,0,5.28,4.84,3,4.42
Kids,Ethnic,999.0,12,51,0,4.42,5.01,9,3.69
Kids,Ethnic,999.0,12,52,1,3.69,4.64,5,9.74
Kids,Ethnic,999.0,1,1,0,9.74,5.78,10,4.22
Kids,Ethnic,999.0,1,2,1,4.22,5.52,11,7.29
Kids,Ethnic,999.0,1,3,1,7.29,6.24,4,12.21
Kids,Ethnic,999.0,1,4,0,12.21,8.36,13,5.3
Kids,Ethnic,999.0,1,5,0,5.3,7.25,12,5.28
Kids,Ethnic,999.0,2,6,0,5.28,7.52,7,4.75
Kids,Ethnic,999.0,2,7,0,4.75,6.88,7,5.08
Kids,Ethnic,999.0,2,8,0,5.08,5.1,8,6.01
Kids,Ethnic,999.0,2,9,0,6.01,5.28,8,5.93
Kids,Ethnic,999.0,3,10,1,5.93,5.44,7,12.63
Kids,Ethnic,999.0,3,11,0,12.63,7.41,7,6.44
Kids,Ethnic,999.0,3,12,0,6.44,7.75,15,6.56
Kids,Ethnic,999.0,3,13,0,6.56,7.89,11,4.75
Kids,Ethnic,999.0,4,14,0,4.75,7.59,11,6.14
Kids,Ethnic,999.0,4,15,1,6.14,5.97,11,12.14
Kids,Ethnic,999.0,4,16,0,12.14,7.4,6,4.47
Kids,Ethnic,999.0,4,17,0,4.47,6.87,9,6.13
Kids,Ethnic,999.0,4,18,0,6.13,7.22,5,6.81
Kids,Ethnic,999.0,5,19,0,6.81,7.39,5,6.03
Kids,Ethnic,999.0,5,20,0,6.03,5.86,5,4.37
Kids,Ethnic,999.0,5,21,0,4.37,5.84,5,4.76
Kids,Ethnic,999.0,5,22,0,4.76,5.49,8,5.57
Kids,Ethnic,999.0,6,23,0,5.57,5.18,8,4.47
Kids,Ethnic,999.0,6,24,0,4.47,4.79,9,5.61
Kids,Ethnic,999.0,6,25,0,5.61,5.1,10,5.05
Kids,Ethnic,999.0,6,26,0,5.05,5.18,9,5.6
Kids,Ethnic,999.0,7,27,0,5.6,5.18,5,4.59
Kids,Ethnic,699.0,7,28,0,7.68,7.68,5,7.76
Kids,Ethnic,699.0,7,29,0,7.76,7.7,7,6.48
Kids,Ethnic,699.0,7,30,0,6.48,7.4,14,9.19
Kids,Ethnic,699.0,8,31,0,9.19,7.78,11,6.89
Kids,Ethnic,699.0,8,32,0,6.89,7.58,12,5.51
Kids,Ethnic,699.0,8,33,1,5.51,7.02,8,15.36
Kids,Ethnic,699.0,8,34,0,15.36,9.24,11,6.17
Kids,Ethnic,699.0,8,35,0,6.17,8.48,10,7.36
Kids,Ethnic,699.0,9,36,1,7.36,8.6,13,12.01
Kids,Ethnic,699.0,9,37,0,12.01,10.23,19,4.32
Kids,Ethnic,699.0,9,38,0,4.32,7.46,8,5.25
Kids,Ethnic,699.0,9,39,0,5.25,7.24,10,6.13
Kids,Ethnic,699.0,10,40,0,6.13,6.93,4,4.97
Kids,Ethnic,699.0,10,41,1,4.97,5.17,8,11.72
Kids,Ethnic,699.0,10,42,0,11.72,7.02,6,7.04
Kids,Ethnic,699.0,10,43,1,7.04,7.47,11,13.45
Kids,Ethnic,699.0,10,44,1,13.45,9.29,18,13.0
Kids,Ethnic,699.0,11,45,1,13.0,11.3,20,12.33
Kids,Ethnic,699.0,11,46,0,12.33,11.46,22,8.03
Kids,Ethnic,699.0,11,47,0,8.03,11.7,10,6.9
Kids,Ethnic,699.0,11,48,0,6.9,10.07,18,6.19
Kids,Ethnic,699.0,12,49,0,6.19,8.36,5,7.94
Kids,Ethnic,699.0,12,50,0,7.94,7.26,6,7.82
Kids,Ethnic,699.0,12,51,1,7.82,7.21,5,12.96
Kids,Ethnic,699.0,12,52,1,12.96,8.73,8,17.94
Kids,Ethnic,699.0,1,1,0,17.94,11.66,21,7.97
Kids,Ethnic,699.0,1,2,1,7.97,11.67,17,16.63
Kids,Ethnic,699.0,1,3,0,16.63,13.87,8,9.68
Kids,Ethnic,699.0,1,4,0,9.68,13.05,9,6.58
Kids,Ethnic,699.0,1,5,0,6.58,10.21,11,7.47
Kids,Ethnic,699.0,2,6,0,7.47,10.09,14,10.3
Kids,Ethnic,699.0,2,7,0,10.3,8.51,16,7.64
Kids,Ethnic,699.0,2,8,0,7.64,8.0,10,8.9
Kids,Ethnic,699.0,2,9,0,8.9,8.58,9,10.97
Kids,Ethnic,699.0,3,10,1,10.97,9.45,5,15.19
Kids,Ethnic,699.0,3,11,0,15.19,10.67,7,6.45
Kids,Ethnic,699.0,3,12,0,6.45,10.38,17,7.54
Kids,Ethnic,699.0,3,13,0,7.54,10.03,9,9.23
Kids,Ethnic,699.0,4,14,0,9.23,9.6,10,8.92
Kids,Ethnic,699.0,4,15,1,8.92,8.03,4,17.5
Kids,Ethnic,699.0,4,16,0,17.5,10.8,10,8.58
Kids,Ethnic,699.0,4,17,0,8.58,11.06,19,7.94
Kids,Ethnic,699.0,5,18,0,7.94,10.74,7,8.5
Kids,Ethnic,699.0,5,19,0,8.5,10.63,15,9.49
Kids,Ethnic,699.0,5,20,0,9.49,8.63,5,9.8
Kids,Ethnic,699.0,5,21,0,9.8,8.93,14,9.37
Kids,Ethnic,699.0,5,22,0,9.37,9.29,11,8.0
Kids,Ethnic,699.0,6,23,0,8.0,9.16,7,8.1
Kids,Ethnic,699.0,6,24,0,8.1,8.82,16,9.28
Kids,Ethnic,699.0,6,25,0,9.28,8.69,9,9.06
Kids,Ethnic,699.0,6,26,0,9.06,8.61,9,10.06
Kids,Ethnic,699.0,7,27,0,10.06,9.13,12,7.28
Kids,Ethnic,699.0,7,28,0,7.28,8.92,13,6.05
Kids,Ethnic,699.0,7,29,0,6.05,8.11,9,7.37
Kids,Ethnic,699.0,7,30,0,7.37,7.69,5,7.74
Kids,Ethnic,699.0,7,31,0,7.74,7.11,9,7.94
Kids,Ethnic,699.0,8,32,0,7.94,7.27,12,6.25
Kids,Ethnic,699.0,8,33,1,6.25,7.32,6,13.77
Kids,Ethnic,699.0,8,34,0,13.77,8.92,12,7.2
Kids,Ethnic,699.0,8,35,0,7.2,8.79,10,6.4
Kids,Ethnic,699.0,9,36,1,6.4,8.41,9,12.21
Kids,Ethnic,699.0,9,37,0,12.21,9.9,19,8.76
Kids,Ethnic,699.0,9,38,0,8.76,8.64,12,6.6
Kids,Ethnic,699.0,9,39,0,6.6,8.49,11,4.29
Kids,Ethnic,699.0,10,40,0,4.29,7.96,15,4.22
Kids,Ethnic,699.0,10,41,1,4.22,5.97,7,11.79
Kids,Ethnic,699.0,10,42,0,11.79,6.72,4,8.15
Kids,Ethnic,699.0,10,43,1,8.15,7.11,12,13.23
Kids,Ethnic,699.0,10,44,1,13.23,9.35,15,16.74
Kids,Ethnic,699.0,11,45,1,16.74,12.48,23,13.2
Kids,Ethnic,699.0,11,46,0,13.2,12.83,11,7.75
Kids,Ethnic,699.0,11,47,0,7.75,12.73,19,6.26
Kids,Ethnic,699.0,11,48,0,6.26,10.99,6,6.54
Kids,Ethnic,699.0,12,49,0,6.54,8.44,12,6.32
Kids,Ethnic,699.0,12,50,0,6.32,6.72,4,8.38
Kids,Ethnic,699.0,12,51,0,8.38,6.88,6,6.37
Kids,Ethnic,699.0,12,52,1,6.37,6.9,5,11.14
Kids,Ethnic,699.0,1,1,0,11.14,8.05,16,6.14
Kids,Ethnic,699.0,1,2,1,6.14,8.01,7,18.14
Kids,Ethnic,699.0,1,3,1,18.14,10.45,19,13.8
Kids,Ethnic,699.0,1,4,0,13.8,12.3,12,9.27
Kids,Ethnic,699.0,1,5,0,9.27,11.83,6,8.12
Kids,Ethnic,699.0,2,6,0,8.12,12.33,8,12.13
Kids,Ethnic,699.0,2,7,0,12.13,10.83,9,11.2
Kids,Ethnic,699.0,2,8,0,11.2,10.18,16,13.0
Kids,Ethnic,699.0,2,9,0,13.0,11.11,6,7.51
Kids,Ethnic,699.0,3,10,1,7.51,10.96,20,18.09
Kids,Ethnic,699.0,3,11,0,18.09,12.45,9,6.74
Kids,Ethnic,699.0,3,12,0,6.74,11.34,12,9.86
Kids,Ethnic,699.0,3,13,0,9.86,10.55,15,7.87
Kids,Ethnic,699.0,4,14,0,7.87,10.64,20,9.3
Kids,Ethnic,699.0,4,15,1,9.3,8.44,5,12.29
Kids,Ethnic,699.0,4,16,0,12.29,9.83,9,6.2
Kids,Ethnic,699.0,4,17,0,6.2,8.91,18,7.96
Kids,Ethnic,699.0,4,18,0,7.96,8.94,16,8.09
Kids,Ethnic,699.0,5,19,0,8.09,8.63,11,10.9
Kids,Ethnic,699.0,5,20,0,10.9,8.29,7,8.32
Kids,Ethnic,699.0,5,21,0,8.32,8.82,8,9.48
Kids,Ethnic,699.0,5,22,0,9.48,9.19,7,6.21
Kids,Ethnic,699.0,6,23,0,6.21,8.72,17,8.8
Kids,Ethnic,699.0,6,24,0,8.8,8.2,15,8.53
Kids,Ethnic,699.0,6,25,0,8.53,8.25,16,8.97
Kids,Ethnic,699.0,6,26,0,8.97,8.13,15,8.1
Kids,Ethnic,699.0,7,27,0,8.1,8.6,12,10.0
Newborn,Romper,999.0,7,28,0,3.3,3.3,4,3.03
Newborn,Romper,999.0,7,29,0,3.03,3.23,6,2.68
Newborn,Romper,999.0,7,30,0,2.68,3.08,5,3.41
Newborn,Romper,999.0,8,31,0,3.41,3.1,3,3.12
Newborn,Romper,999.0,8,32,0,3.12,3.06,3,2.52
Newborn,Romper,999.0,8,33,1,2.52,2.93,5,6.2
Newborn,Romper,999.0,8,34,0,6.2,3.81,3,3.26
Newborn,Romper,999.0,8,35,0,3.26,3.77,6,2.9
Newborn,Romper,999.0,9,36,1,2.9,3.72,4,5.57
Newborn,Romper,999.0,9,37,0,5.57,4.48,6,2.11
Newborn,Romper,999.0,9,38,0,2.11,3.46,5,2.51
Newborn,Romper,999.0,9,39,0,2.51,3.27,4,2.27
Newborn,Romper,999.0,10,40,0,2.27,3.12,6,2.9
Newborn,Romper,999.0,10,41,1,2.9,2.45,5,7.65
Newborn,Romper,999.0,10,42,0,7.65,3.83,5,2.12
Newborn,Romper,999.0,10,43,1,2.12,3.74,2,4.34
Newborn,Romper,999.0,10,44,1,4.34,4.25,4,4.62
Newborn,Romper,999.0,11,45,1,4.62,4.68,7,4.93
Newborn,Romper,999.0,11,46,0,4.93,4.0,7,2.35
Newborn,Romper,999.0,11,47,0,2.35,4.06,7,2.72
Newborn,Romper,999.0,11,48,0,2.72,3.65,2,2.82
Newborn,Romper,999.0,12,49,0,2.82,3.2,2,3.48
Newborn,Romper,999.0,12,50,0,3.48,2.84,5,2.68
Newborn,Romper,999.0,12,51,1,2.68,2.92,6,5.67
Newborn,Romper,999.0,12,52,1,5.67,3.66,5,7.08
Newborn,Romper,999.0,1,1,0,7.08,4.73,8,3.72
Newborn,Romper,999.0,1,2,1,3.72,4.79,4,6.94
Newborn,Romper,999.0,1,3,0,6.94,5.85,4,3.78
Newborn,Romper,999.0,1,4,0,3.78,5.38,10,2.61
Newborn,Romper,999.0,1,5,0,2.61,4.26,6,4.11
Newborn,Romper,999.0,2,6,0,4.11,4.36,7,2.13
Newborn,Romper,999.0,2,7,0,2.13,3.16,3,3.73
Newborn,Romper,999.0,2,8,0,3.73,3.15,6,4.16
Newborn,Romper,999.0,2,9,0,4.16,3.53,3,3.99
Newborn,Romper,999.0,3,10,1,3.99,3.5,4,7.28
Newborn,Romper,999.0,3,11,0,7.28,4.79,3,4.16
Newborn,Romper,999.0,3,12,0,4.16,4.9,7,3.6
Newborn,Romper,999.0,3,13,0,3.6,4.76,7,5.3
Newborn,Romper,999.0,4,14,0,5.3,5.09,9,3.07
Newborn,Romper,999.0,4,15,1,3.07,4.03,5,8.93
Newborn,Romper,999.0,4,16,0,8.93,5.23,5,4.13
Newborn,Romper,999.0,4,17,0,4.13,5.36,7,3.91
Newborn,Romper,999.0,5,18,0,3.91,5.01,5,3.43
Newborn,Romper,999.0,5,19,0,3.43,5.1,9,4.05
Newborn,Romper,999.0,5,20,0,4.05,3.88,6,3.76
Newborn,Romper,999.0,5,21,0,3.76,3.79,6,2.83
Newborn,Romper,999.0,5,22,0,2.83,3.52,4,4.02
Newborn,Romper,999.0,6,23,0,4.02,3.66,6,3.81
Newborn,Romper,999.0,6,24,0,3.81,3.6,7,3.04
Newborn,Romper,999.0,6,25,0,3.04,3.42,6,3.99
Newborn,Romper,999.0,6,26,0,3.99,3.71,6,3.86
Newborn,Romper,999.0,7,27,0,3.86,3.67,4,2.7
Newborn,Romper,999.0,7,28,0,2.7,3.4,5,3.4
Newborn,Romper,999.0,7,29,0,3.4,3.49,3,3.5
Newborn,Romper,999.0,7,30,0,3.5,3.36,5,2.4
Newborn,Romper,999.0,7,31,0,2.4,3.0,4,2.09
Newborn,Romper,999.0,8,32,0,2.09,2.85,3,2.8
Newborn,Romper,999.0,8,33,1,2.8,2.7,4,5.23
Newborn,Romper,999.0,8,34,0,5.23,3.13,2,2.77
Newborn,Romper,999.0,8,35,0,2.77,3.22,3,3.45
Newborn,Romper,999.0,9,36,1,3.45,3.56,3,6.08
Newborn,Romper,999.0,9,37,0,6.08,4.38,5,2.39
Newborn,Romper,999.0,9,38,0,2.39,3.67,7,2.73
Newborn,Romper,999.0,9,39,0,2.73,3.66,7,2.67
Newborn,Romper,999.0,10,40,0,2.67,3.47,6,3.02
Newborn,Romper,999.0,10,41,1,3.02,2.7,5,5.97
Newborn,Romper,999.0,10,42,0,5.97,3.6,4,2.63
Newborn,Romper,999.0,10,43,1,2.63,3.58,4,5.87
Newborn,Romper,999.0,10,44,1,5.87,4.37,8,6.39
Newborn,Romper,999.0,11,45,1,6.39,5.22,6,6.09
Newborn,Romper,999.0,11,46,0,6.09,5.25,8,2.51
Newborn,Romper,999.0,11,47,0,2.51,5.21,4,2.57
Newborn,Romper,999.0,11,48,0,2.57,4.39,3,2.24
Newborn,Romper,999.0,12,49,0,2.24,3.35,5,2.66
Newborn,Romper,999.0,12,50,0,2.66,2.49,2,2.77
Newborn,Romper,999.0,12,51,0,2.77,2.56,4,2.11
Newborn,Romper,999.0,12,52,1,2.11,2.44,2,5.4
Newborn,Romper,999.0,1,1,0,5.4,3.23,4,2.67
Newborn,Romper,999.0,1,2,1,2.67,3.24,6,8.76
Newborn,Romper,999.0,1,3,1,8.76,4.73,9,4.46
Newborn,Romper,999.0,1,4,0,4.46,5.32,8,3.3
Newborn,Romper,999.0,1,5,0,3.3,4.8,3,3.67
Newborn,Romper,999.0,2,6,0,3.67,5.05,9,3.24
Newborn,Romper,999.0,2,7,0,3.24,3.67,7,4.6
Newborn,Romper,999.0,2,8,0,4.6,3.71,5,3.16
Newborn,Romper,999.0,2,9,0,3.16,3.67,3,2.49
Newborn,Romper,999.0,3,10,1,2.49,3.38,3,7.64
Newborn,Romper,999.0,3,11,0,7.64,4.47,7,4.36
Newborn,Romper,999.0,3,12,0,4.36,4.41,6,3.65
Newborn,Romper,999.0,3,13,0,3.65,4.54,7,3.73
Newborn,Romper,999.0,4,14,0,3.73,4.85,3,5.08
Newborn,Romper,999.0,4,15,1,5.08,4.21,5,8.91
Newborn,Romper,999.0,4,16,0,8.91,5.34,3,4.06
Newborn,Romper,999.0,4,17,0,4.06,5.44,5,3.88
Newborn,Romper,999.0,4,18,0,3.88,5.48,9,2.69
Newborn,Romper,999.0,5,19,0,2.69,4.88,3,4.56
Newborn,Romper,999.0,5,20,0,4.56,3.8,3,3.76
Newborn,Romper,999.0,5,21,0,3.76,3.72,6,2.94
Newborn,Romper,999.0,5,22,0,2.94,3.49,4,3.98
Newborn,Romper,999.0,6,23,0,3.98,3.81,7,4.08
Newborn,Romper,999.0,6,24,0,4.08,3.69,5,3.31
Newborn,Romper,999.0,6,25,0,3.31,3.58,2,3.13
Newborn,Romper,999.0,6,26,0,3.13,3.62,7,3.27
Newborn,Romper,999.0,7,27,0,3.27,3.45,6,2.89
Men,Blazer,2999.0,7,28,0,3.6,3.6,3,2.88
Men,Blazer,2999.0,7,29,0,2.88,3.42,4,3.33
Men,Blazer,2999.0,7,30,0,3.33,3.35,3,3.72
Men,Blazer,2999.0,8,31,0,3.72,3.38,6,4.09
Men,Blazer,2999.0,8,32,0,4.09,3.5,2,3.13
Men,Blazer,2999.0,8,33,1,3.13,3.57,7,7.61
Men,Blazer,2999.0,8,34,0,7.61,4.64,7,2.5
Men,Blazer,2999.0,8,35,0,2.5,4.33,5,3.34
Men,Blazer,2999.0,9,36,1,3.34,4.15,5,5.51
Men,Blazer,2999.0,9,37,0,5.51,4.74,8,3.89
Men,Blazer,2999.0,9,38,0,3.89,3.81,2,2.58
Men,Blazer,2999.0,9,39,0,2.58,3.83,4,2.97
Men,Blazer,2999.0,10,40,0,2.97,3.74,6,2.16
Men,Blazer,2999.0,10,41,1,2.16,2.9,2,5.34
Men,Blazer,2999.0,10,42,0,5.34,3.26,2,3.34
Men,Blazer,2999.0,10,43,1,3.34,3.45,5,6.54
Men,Blazer,2999.0,10,44,1,6.54,4.35,6,6.15
Men,Blazer,2999.0,11,45,1,6.15,5.34,3,6.78
Men,Blazer,2999.0,11,46,0,6.78,5.7,9,3.02
Men,Blazer,2999.0,11,47,0,3.02,5.62,10,3.94
Men,Blazer,2999.0,11,48,0,3.94,4.97,4,2.39
Men,Blazer,2999.0,12,49,0,2.39,4.03,3,3.39
Men,Blazer,2999.0,12,50,0,3.39,3.18,6,2.59
Men,Blazer,2999.0,12,51,1,2.59,3.08,4,5.8
Men,Blazer,2999.0,12,52,1,5.8,3.54,4,6.47
Men,Blazer,2999.0,1,1,0,6.47,4.56,7,3.41
Men,Blazer,2999.0,1,2,1,3.41,4.57,6,7.28
Men,Blazer,2999.0,1,3,0,7.28,5.74,5,3.73
Men,Blazer,2999.0,1,4,0,3.73,5.22,8,3.5
Men,Blazer,2999.0,1,5,0,3.5,4.48,6,3.94
Men,Blazer,2999.0,2,6,0,3.94,4.61,4,3.23
Men,Blazer,2999.0,2,7,0,3.23,3.6,6,4.63
Men,Blazer,2999.0,2,8,0,4.63,3.82,6,4.53
Men,Blazer,2999.0,2,9,0,4.53,4.08,3,5.24
Men,Blazer,2999.0,3,10,1,5.24,4.41,6,9.01
Men,Blazer,2999.0,3,11,0,9.01,5.85,11,4.62
Men,Blazer,2999.0,3,12,0,4.62,5.85,11,4.64
Men,Blazer,2999.0,3,13,0,4.64,5.88,6,3.73
Men,Blazer,2999.0,4,14,0,3.73,5.5,6,4.43
Men,Blazer,2999.0,4,15,1,4.43,4.35,4,8.01
Men,Blazer,2999.0,4,16,0,8.01,5.2,5,4.47
Men,Blazer,2999.0,4,17,0,4.47,5.16,5,4.54
Men,Blazer,2999.0,5,18,0,4.54,5.36,8,4.69
Men,Blazer,2999.0,5,19,0,4.69,5.43,8,4.5
Men,Blazer,2999.0,5,20,0,4.5,4.55,7,4.46
Men,Blazer,2999.0,5,21,0,4.46,4.55,6,3.81
Men,Blazer,2999.0,5,22,0,3.81,4.36,8,5.65
Men,Blazer,2999.0,6,23,0,5.65,4.6,7,4.19
Men,Blazer,2999.0,6,24,0,4.19,4.53,7,3.85
Men,Blazer,2999.0,6,25,0,3.85,4.37,8,4.41
Men,Blazer,2999.0,6,26,0,4.41,4.52,6,3.49
Men,Blazer,2999.0,7,27,0,3.49,3.99,7,2.76
Men,Blazer,2999.0,7,28,0,2.76,3.63,3,3.11
Men,Blazer,2999.0,7,29,0,3.11,3.44,5,2.83
Men,Blazer,2999.0,7,30,0,2.83,3.05,3,3.48
Men,Blazer,2999.0,7,31,0,3.48,3.05,5,3.66
Men,Blazer,2999.0,8,32,0,3.66,3.27,3,2.58
Men,Blazer,2999.0,8,33,1,2.58,3.14,5,6.77
Men,Blazer,2999.0,8,34,0,6.77,4.12,3,3.28
Men,Blazer,2999.0,8,35,0,3.28,4.07,7,3.71
Men,Blazer,2999.0,9,36,1,3.71,4.09,6,6.83
Men,Blazer,2999.0,9,37,0,6.83,5.15,5,2.6
Men,Blazer,2999.0,9,38,0,2.6,4.11,4,2.72
Men,Blazer,2999.0,9,39,0,2.72,3.97,3,2.75
Men,Blazer,2999.0,10,40,0,2.75,3.72,5,3.49
Men,Blazer,2999.0,10,41,1,3.49,2.89,4,7.21
Men,Blazer,2999.0,10,42,0,7.21,4.04,2,3.11
Men,Blazer,2999.0,10,43,1,3.11,4.14,3,4.6
Men,Blazer,2999.0,10,44,1,4.6,4.6,8,5.77
Men,Blazer,2999.0,11,45,1,5.77,5.17,6,7.98
Men,Blazer,2999.0,11,46,0,7.98,5.37,9,3.1
Men,Blazer,2999.0,11,47,0,3.1,5.36,8,1.87
Men,Blazer,2999.0,11,48,0,1.87,4.68,9,3.18
Men,Blazer,2999.0,12,49,0,3.18,4.03,7,3.88
Men,Blazer,2999.0,12,50,0,3.88,3.01,6,2.52
Men,Blazer,2999.0,12,51,0,2.52,2.86,4,2.73
Men,Blazer,2999.0,12,52,1,2.73,3.08,4,8.49
Men,Blazer,2999.0,1,1,0,8.49,4.4,3,3.96
Men,Blazer,2999.0,1,2,1,3.96,4.42,2,8.06
Men,Blazer,2999.0,1,3,1,8.06,5.81,7,5.44
Men,Blazer,2999.0,1,4,0,5.44,6.49,4,3.49
Men,Blazer,2999.0,1,5,0,3.49,5.24,9,4.24
Men,Blazer,2999.0,2,6,0,4.24,5.31,9,3.33
Men,Blazer,2999.0,2,7,0,3.33,4.12,6,4.34
Men,Blazer,2999.0,2,8,0,4.34,3.85,3,3.45
Men,Blazer,2999.0,2,9,0,3.45,3.84,7,3.25
Men,Blazer,2999.0,3,10,1,3.25,3.59,7,12.18
Men,Blazer,2999.0,3,11,0,12.18,5.8,3,4.57
Men,Blazer,2999.0,3,12,0,4.57,5.86,9,4.34
Men,Blazer,2999.0,3,13,0,4.34,6.08,5,4.2
Men,Blazer,2999.0,4,14,0,4.2,6.32,12,4.27
Men,Blazer,2999.0,4,15,1,4.27,4.35,7,8.53
Men,Blazer,2999.0,4,16,0,8.53,5.33,6,3.18
Men,Blazer,2999.0,4,17,0,3.18,5.04,3,4.81
Men,Blazer,2999.0,4,18,0,4.81,5.19,7,5.05
Men,Blazer,2999.0,5,19,0,5.05,5.39,5,5.31
Men,Blazer,2999.0,5,20,0,5.31,4.58,3,4.3
Men,Blazer,2999.0,5,21,0,4.3,4.87,3,3.15
Men,Blazer,2999.0,5,22,0,3.15,4.45,8,4.48
Men,Blazer,2999.0,6,23,0,4.48,4.31,2,4.0
Men,Blazer,2999.0,6,24,0,4.0,3.98,7,3.96
Men,Blazer,2999.0,6,25,0,3.96,3.9,8,3.25
Men,Blazer,2999.0,6,26,0,3.25,3.92,3,3.91
Men,Blazer,2999.0,7,27,0,3.91,3.78,2,4.05
Newborn,Romper,499.0,7,28,0,5.28,5.28,3,5.19
Newborn,Romper,499.0,7,29,0,5.19,5.26,8,4.58
Newborn,Romper,499.0,7,30,0,4.58,5.08,9,4.53
Newborn,Romper,499.0,8,31,0,4.53,4.9,6,4.89
Newborn,Romper,499.0,8,32,0,4.89,4.8,3,4.3
Newborn,Romper,499.0,8,33,1,4.3,4.58,8,7.41
Newborn,Romper,499.0,8,34,0,7.41,5.28,4,4.97
Newborn,Romper,499.0,8,35,0,4.97,5.39,8,4.38
Newborn,Romper,499.0,9,36,1,4.38,5.27,4,8.82
Newborn,Romper,499.0,9,37,0,8.82,6.4,3,3.82
Newborn,Romper,499.0,9,38,0,3.82,5.5,9,3.47
Newborn,Romper,499.0,9,39,0,3.47,5.12,5,3.68
Newborn,Romper,499.0,10,40,0,3.68,4.95,7,3.86
Newborn,Romper,499.0,10,41,1,3.86,3.71,7,6.86
Newborn,Romper,499.0,10,42,0,6.86,4.47,4,3.96
Newborn,Romper,499.0,10,43,1,3.96,4.59,8,8.42
Newborn,Romper,499.0,10,44,1,8.42,5.78,4,10.03
Newborn,Romper,499.0,11,45,1,10.03,7.32,5,9.78
Newborn,Romper,499.0,11,46,0,9.78,8.05,10,4.93
Newborn,Romper,499.0,11,47,0,4.93,8.29,11,3.8
Newborn,Romper,499.0,11,48,0,3.8,7.13,4,5.09
Newborn,Romper,499.0,12,49,0,5.09,5.9,12,3.99
Newborn,Romper,499.0,12,50,0,3.99,4.45,4,5.66
Newborn,Romper,499.0,12,51,1,5.66,4.64,6,9.4
Newborn,Romper,499.0,12,52,1,9.4,6.04,9,8.48
Newborn,Romper,499.0,1,1,0,8.48,6.88,12,5.67
Newborn,Romper,499.0,1,2,1,5.67,7.3,12,11.95
Newborn,Romper,499.0,1,3,0,11.95,8.87,6,5.51
Newborn,Romper,499.0,1,4,0,5.51,7.9,9,6.39
Newborn,Romper,499.0,1,5,0,6.39,7.38,13,5.81
Newborn,Romper,499.0,2,6,0,5.81,7.41,5,5.04
Newborn,Romper,499.0,2,7,0,5.04,5.69,3,6.0
Newborn,Romper,499.0,2,8,0,6.0,5.81,9,6.19
Newborn,Romper,499.0,2,9,0,6.19,5.76,9,6.09
Newborn,Romper,499.0,3,10,1,6.09,5.83,5,9.79
Newborn,Romper,499.0,3,11,0,9.79,7.02,13,7.72
Newborn,Romper,499.0,3,12,0,7.72,7.45,15,3.72
Newborn,Romper,499.0,3,13,0,3.72,6.83,7,8.37
Newborn,Romper,499.0,4,14,0,8.37,7.4,15,6.06
Newborn,Romper,499.0,4,15,1,6.06,6.47,7,12.29
Newborn,Romper,499.0,4,16,0,12.29,7.61,11,6.3
Newborn,Romper,499.0,4,17,0,6.3,8.26,14,6.13
Newborn,Romper,499.0,5,18,0,6.13,7.69,6,5.31
Newborn,Romper,499.0,5,19,0,5.31,7.51,13,6.81
Newborn,Romper,499.0,5,20,0,6.81,6.14,3,6.77
Newborn,Romper,499.0,5,21,0,6.77,6.26,11,5.82
Newborn,Romper,499.0,5,22,0,5.82,6.18,8,5.66
Newborn,Romper,499.0,6,23,0,5.66,6.27,7,5.53
Newborn,Romper,499.0,6,24,0,5.53,5.94,9,6.23
Newborn,Romper,499.0,6,25,0,6.23,5.81,5,5.49
Newborn,Romper,499.0,6,26,0,5.49,5.73,7,5.14
Newborn,Romper,499.0,7,27,0,5.14,5.6,8,4.29
Newborn,Romper,499.0,7,28,0,4.29,5.29,3,5.8
Newborn,Romper,499.0,7,29,0,5.8,5.18,7,4.42
Newborn,Romper,499.0,7,30,0,4.42,4.91,9,3.97
Newborn,Romper,499.0,7,31,0,3.97,4.62,7,5.14
Newborn,Romper,499.0,8,32,0,5.14,4.84,9,4.64
Newborn,Romper,499.0,8,33,1,4.64,4.54,7,12.16
Newborn,Romper,499.0,8,34,0,12.16,6.48,4,3.56
Newborn,Romper,499.0,8,35,0,3.56,6.37,5,3.99
Newborn,Romper,499.0,9,36,1,3.99,6.09,4,9.34
Newborn,Romper,499.0,9,37,0,9.34,7.26,10,4.23
Newborn,Romper,499.0,9,38,0,4.23,5.28,8,4.33
Newborn,Romper,499.0,9,39,0,4.33,5.47,5,4.3
Newborn,Romper,499.0,10,40,0,4.3,5.55,8,3.15
Newborn,Romper,499.0,10,41,1,3.15,4.0,6,8.7
Newborn,Romper,499.0,10,42,0,8.7,5.12,7,4.69
Newborn,Romper,499.0,10,43,1,4.69,5.21,7,7.44
Newborn,Romper,499.0,10,44,1,7.44,6.0,9,7.61
Newborn,Romper,499.0,11,45,1,7.61,7.11,10,8.22
Newborn,Romper,499.0,11,46,0,8.22,6.99,7,3.65
Newborn,Romper,499.0,11,47,0,3.65,6.73,8,3.9
Newborn,Romper,499.0,11,48,0,3.9,5.84,8,4.71
Newborn,Romper,499.0,12,49,0,4.71,5.12,4,5.66
Newborn,Romper,499.0,12,50,0,5.66,4.48,7,4.49
Newborn,Romper,499.0,12,51,0,4.49,4.69,5,6.29
Newborn,Romper,499.0,12,52,1,6.29,5.29,5,9.42
Newborn,Romper,499.0,1,1,0,9.42,6.46,12,5.91
Newborn,Romper,499.0,1,2,1,5.91,6.53,5,9.56
Newborn,Romper,499.0,1,3,1,9.56,7.79,7,11.64
Newborn,Romper,499.0,1,4,0,11.64,9.13,8,6.92
Newborn,Romper,499.0,1,5,0,6.92,8.51,15,6.26
Newborn,Romper,499.0,2,6,0,6.26,8.6,17,5.73
Newborn,Romper,499.0,2,7,0,5.73,7.64,5,5.77
Newborn,Romper,499.0,2,8,0,5.77,6.17,4,6.39
Newborn,Romper,499.0,2,9,0,6.39,6.04,7,6.75
Newborn,Romper,499.0,3,10,1,6.75,6.16,7,13.86
Newborn,Romper,499.0,3,11,0,13.86,8.19,10,6.3
Newborn,Romper,499.0,3,12,0,6.3,8.33,7,6.59
Newborn,Romper,499.0,3,13,0,6.59,8.38,5,5.54
Newborn,Romper,499.0,4,14,0,5.54,8.08,14,6.75
Newborn,Romper,499.0,4,15,1,6.75,6.3,4,11.18
Newborn,Romper,499.0,4,16,0,11.18,7.51,10,6.43
Newborn,Romper,499.0,4,17,0,6.43,7.47,11,5.91
Newborn,Romper,499.0,4,18,0,5.91,7.57,10,7.46
Newborn,Romper,499.0,5,19,0,7.46,7.75,15,6.16
Newborn,Romper,499.0,5,20,0,6.16,6.49,7,7.4
Newborn,Romper,499.0,5,21,0,7.4,6.73,8,5.91
Newborn,Romper,499.0,5,22,0,5.91,6.73,11,7.34
Newborn,Romper,499.0,6,23,0,7.34,6.7,9,6.17
Newborn,Romper,499.0,6,24,0,6.17,6.71,12,4.25
Newborn,Romper,499.0,6,25,0,4.25,5.92,6,5.23
Newborn,Romper,499.0,6,26,0,5.23,5.75,9,4.84
Newborn,Romper,499.0,7,27,0,4.84,5.12,5,4.32
Kids,Frock,1999.0,7,28,0,4.8,4.8,4,4.11
Kids,Frock,1999.0,7,29,0,4.11,4.63,8,4.14
Kids,Frock,1999.0,7,30,0,4.14,4.46,9,3.28
Kids,Frock,1999.0,8,31,0,3.28,4.08,5,3.28
Kids,Frock,1999.0,8,32,0,3.28,3.7,4,4.08
Kids,Frock,1999.0,8,33,1,4.08,3.7,4,8.78
Kids,Frock,1999.0,8,34,0,8.78,4.86,4,5.41
Kids,Frock,1999.0,8,35,0,5.41,5.39,9,4.72
Kids,Frock,1999.0,9,36,1,4.72,5.75,8,7.57
Kids,Frock,1999.0,9,37,0,7.57,6.62,11,3.88
Kids,Frock,1999.0,9,38,0,3.88,5.4,8,4.16
Kids,Frock,1999.0,9,39,0,4.16,5.08,9,3.75
Kids,Frock,1999.0,10,40,0,3.75,4.84,3,3.87
Kids,Frock,1999.0,10,41,1,3.87,3.91,5,6.85
Kids,Frock,1999.0,10,42,0,6.85,4.66,6,3.86
Kids,Frock,1999.0,10,43,1,3.86,4.58,5,7.95
Kids,Frock,1999.0,10,44,1,7.95,5.63,5,6.55
Kids,Frock,1999.0,11,45,1,6.55,6.3,11,8.69
Kids,Frock,1999.0,11,46,0,8.69,6.76,11,4.46
Kids,Frock,1999.0,11,47,0,4.46,6.91,8,4.58
Kids,Frock,1999.0,11,48,0,4.58,6.07,4,3.83
Kids,Frock,1999.0,12,49,0,3.83,5.39,6,5.37
Kids,Frock,1999.0,12,50,0,5.37,4.56,4,4.27
Kids,Frock,1999.0,12,51,1,4.27,4.51,6,7.72
Kids,Frock,1999.0,12,52,1,7.72,5.3,7,11.44
Kids,Frock,1999.0,1,1,0,11.44,7.2,14,4.15
Kids,Frock,1999.0,1,2,1,4.15,6.9,10,10.3
Kids,Frock,1999.0,1,3,0,10.3,8.4,16,4.61
Kids,Frock,1999.0,1,4,0,4.61,7.63,6,4.04
Kids,Frock,1999.0,1,5,0,4.04,5.78,5,4.51
Kids,Frock,1999.0,2,6,0,4.51,5.87,5,6.38
Kids,Frock,1999.0,2,7,0,6.38,4.89,4,5.47
Kids,Frock,1999.0,2,8,0,5.47,5.1,10,5.12
Kids,Frock,1999.0,2,9,0,5.12,5.37,10,5.36
Kids,Frock,1999.0,3,10,1,5.36,5.58,10,9.5
Kids,Frock,1999.0,3,11,0,9.5,6.36,3,5.01
Kids,Frock,1999.0,3,12,0,5.01,6.25,8,6.4
Kids,Frock,1999.0,3,13,0,6.4,6.57,3,5.92
Kids,Frock,1999.0,4,14,0,5.92,6.71,11,5.72
Kids,Frock,1999.0,4,15,1,5.72,5.76,10,11.14
Kids,Frock,1999.0,4,16,0,11.14,7.29,10,4.38
Kids,Frock,1999.0,4,17,0,4.38,6.79,6,5.58
Kids,Frock,1999.0,5,18,0,5.58,6.7,5,6.29
Kids,Frock,1999.0,5,19,0,6.29,6.84,3,5.06
Kids,Frock,1999.0,5,20,0,5.06,5.32,8,5.4
Kids,Frock,1999.0,5,21,0,5.4,5.58,9,3.7
Kids,Frock,1999.0,5,22,0,3.7,5.11,8,6.24
Kids,Frock,1999.0,6,23,0,6.24,5.1,5,6.39
Kids,Frock,1999.0,6,24,0,6.39,5.43,3,6.25
Kids,Frock,1999.0,6,25,0,6.25,5.65,5,3.88
Kids,Frock,1999.0,6,26,0,3.88,5.69,7,5.52
Kids,Frock,1999.0,7,27,0,5.52,5.51,9,3.06
Kids,Frock,1999.0,7,28,0,3.06,4.68,5,5.3
Kids,Frock,1999.0,7,29,0,5.3,4.44,6,4.51
Kids,Frock,1999.0,7,30,0,4.51,4.6,4,4.18
Kids,Frock,1999.0,7,31,0,4.18,4.26,6,4.88
Kids,Frock,1999.0,8,32,0,4.88,4.72,5,4.27
Kids,Frock,1999.0,8,33,1,4.27,4.46,5,7.27
Kids,Frock,1999.0,8,34,0,7.27,5.15,6,4.44
Kids,Frock,1999.0,8,35,0,4.44,5.22,7,4.66
Kids,Frock,1999.0,9,36,1,4.66,5.16,4,8.79
Kids,Frock,1999.0,9,37,0,8.79,6.29,6,4.38
Kids,Frock,1999.0,9,38,0,4.38,5.57,3,3.23
Kids,Frock,1999.0,9,39,0,3.23,5.27,4,3.54
Kids,Frock,1999.0,10,40,0,3.54,4.99,5,3.96
Kids,Frock,1999.0,10,41,1,3.96,3.78,5,9.27
Kids,Frock,1999.0,10,42,0,9.27,5.0,6,3.41
Kids,Frock,1999.0,10,43,1,3.41,5.05,3,9.34
Kids,Frock,1999.0,10,44,1,9.34,6.5,7,5.89
Kids,Frock,1999.0,11,45,1,5.89,6.98,8,9.43
Kids,Frock,1999.0,11,46,0,9.43,7.02,8,4.74
Kids,Frock,1999.0,11,47,0,4.74,7.35,4,5.38
Kids,Frock,1999.0,11,48,0,5.38,6.36,11,4.85
Kids,Frock,1999.0,12,49,0,4.85,6.1,12,4.56
Kids,Frock,1999.0,12,50,0,4.56,4.88,6,4.23
Kids,Frock,1999.0,12,51,0,4.23,4.75,4,4.25
Kids,Frock,1999.0,12,52,1,4.25,4.47,4,9.27
Kids,Frock,1999.0,1,1,0,9.27,5.58,5,4.5
Kids,Frock,1999.0,1,2,1,4.5,5.56,4,10.78
Kids,Frock,1999.0,1,3,1,10.78,7.2,6,11.42
Kids,Frock,1999.0,1,4,0,11.42,8.99,18,4.49
Kids,Frock,1999.0,1,5,0,4.49,7.8,10,6.0
Kids,Frock,1999.0,2,6,0,6.0,8.17,8,5.65
Kids,Frock,1999.0,2,7,0,5.65,6.89,6,5.2
Kids,Frock,1999.0,2,8,0,5.2,5.33,4,6.46
Kids,Frock,1999.0,2,9,0,6.46,5.83,6,4.99
Kids,Frock,1999.0,3,10,1,4.99,5.57,8,9.25
Kids,Frock,1999.0,3,11,0,9.25,6.47,10,5.04
Kids,Frock,1999.0,3,12,0,5.04,6.44,11,5.28
Kids,Frock,1999.0,3,13,0,5.28,6.14,7,6.69
Kids,Frock,1999.0,4,14,0,6.69,6.57,13,7.67
Kids,Frock,1999.0,4,15,1,7.67,6.17,8,13.28
Kids,Frock,1999.0,4,16,0,13.28,8.23,7,5.74
Kids,Frock,1999.0,4,17,0,5.74,8.34,8,4.13
Kids,Frock,1999.0,4,18,0,4.13,7.7,11,5.07
Kids,Frock,1999.0,5,19,0,5.07,7.05,12,7.09
Kids,Frock,1999.0,5,20,0,7.09,5.51,9,6.18
Kids,Frock,1999.0,5,21,0,6.18,5.62,9,3.89
Kids,Frock,1999.0,5,22,0,3.89,5.56,6,3.54
Kids,Frock,1999.0,6,23,0,3.54,5.18,6,5.84
Kids,Frock,1999.0,6,24,0,5.84,4.86,3,6.15
Kids,Frock,1999.0,6,25,0,6.15,4.86,9,4.26
Kids,Frock,1999.0,6,26,0,4.26,4.95,3,4.38
Kids,Frock,1999.0,7,27,0,4.38,5.16,8,5.5
Women,Salwar,1999.0,7,28,0,8.1,8.1,15,7.45
Women,Salwar,1999.0,7,29,0,7.45,7.94,7,7.41
Women,Salwar,1999.0,7,30,0,7.41,7.77,13,7.18
Women,Salwar,1999.0,8,31,0,7.18,7.54,5,7.39
Women,Salwar,1999.0,8,32,0,7.39,7.36,14,7.44
Women,Salwar,1999.0,8,33,1,7.44,7.36,4,17.87
Women,Salwar,1999.0,8,34,0,17.87,9.97,18,6.44
Women,Salwar,1999.0,8,35,0,6.44,9.78,14,6.53
Women,Salwar,1999.0,9,36,1,6.53,9.57,12,11.08
Women,Salwar,1999.0,9,37,0,11.08,10.48,12,6.66
Women,Salwar,1999.0,9,38,0,6.66,7.68,5,7.55
Women,Salwar,1999.0,9,39,0,7.55,7.96,12,5.78
Women,Salwar,1999.0,10,40,0,5.78,7.77,11,5.65
Women,Salwar,1999.0,10,41,1,5.65,6.41,5,14.91
Women,Salwar,1999.0,10,42,0,14.91,8.47,15,6.85
Women,Salwar,1999.0,10,43,1,6.85,8.3,5,11.55
Women,Salwar,1999.0,10,44,1,11.55,9.74,8,13.73
Women,Salwar,1999.0,11,45,1,13.73,11.76,17,11.72
Women,Salwar,1999.0,11,46,0,11.72,10.96,14,6.59
Women,Salwar,1999.0,11,47,0,6.59,10.9,20,6.82
Women,Salwar,1999.0,11,48,0,6.82,9.72,9,8.29
Women,Salwar,1999.0,12,49,0,8.29,8.36,15,8.04
Women,Salwar,1999.0,12,50,0,8.04,7.44,9,8.77
Women,Salwar,1999.0,12,51,1,8.77,7.98,7,14.76
Women,Salwar,1999.0,12,52,1,14.76,9.97,6,17.06
Women,Salwar,1999.0,1,1,0,17.06,12.16,23,6.19
Women,Salwar,1999.0,1,2,1,6.19,11.7,10,14.48
Women,Salwar,1999.0,1,3,0,14.48,13.12,7,6.96
Women,Salwar,1999.0,1,4,0,6.96,11.18,19,9.75
Women,Salwar,1999.0,1,5,0,9.75,9.35,5,11.13
Women,Salwar,1999.0,2,6,0,11.13,10.58,20,8.78
Women,Salwar,1999.0,2,7,0,8.78,9.16,6,9.95
Women,Salwar,1999.0,2,8,0,9.95,9.9,10,10.06
Women,Salwar,1999.0,2,9,0,10.06,9.98,6,11.67
Women,Salwar,1999.0,3,10,1,11.67,10.11,13,18.14
Women,Salwar,1999.0,3,11,0,18.14,12.45,18,9.74
Women,Salwar,1999.0,3,12,0,9.74,12.4,13,8.44
Women,Salwar,1999.0,3,13,0,8.44,12.0,19,8.03
Women,Salwar,1999.0,4,14,0,8.03,11.09,16,10.69
Women,Salwar,1999.0,4,15,1,10.69,9.23,8,17.43
Women,Salwar,1999.0,4,16,0,17.43,11.15,19,8.75
Women,Salwar,1999.0,4,17,0,8.75,11.22,19,10.21
Women,Salwar,1999.0,5,18,0,10.21,11.77,13,9.13
Women,Salwar,1999.0,5,19,0,9.13,11.38,14,10.37
Women,Salwar,1999.0,5,20,0,10.37,9.62,8,10.27
Women,Salwar,1999.0,5,21,0,10.27,10.0,11,9.37
Women,Salwar,1999.0,5,22,0,9.37,9.78,19,6.24
Women,Salwar,1999.0,6,23,0,6.24,9.06,14,8.88
Women,Salwar,1999.0,6,24,0,8.88,8.69,10,10.77
Women,Salwar,1999.0,6,25,0,10.77,8.81,5,8.27
Women,Salwar,1999.0,6,26,0,8.27,8.54,17,10.95
Women,Salwar,1999.0,7,27,0,10.95,9.72,5,8.97
Women,Salwar,1999.0,7,28,0,8.97,9.74,7,6.76
Women,Salwar,1999.0,7,29,0,6.76,8.74,12,7.71
Women,Salwar,1999.0,7,30,0,7.71,8.6,11,8.34
Women,Salwar,1999.0,7,31,0,8.34,7.94,7,6.42
Women,Salwar,1999.0,8,32,0,6.42,7.31,13,7.06
Women,Salwar,1999.0,8,33,1,7.06,7.38,4,13.99
Women,Salwar,1999.0,8,34,0,13.99,8.95,13,6.08
Women,Salwar,1999.0,8,35,0,6.08,8.39,15,6.11
Women,Salwar,1999.0,9,36,1,6.11,8.31,6,11.39
Women,Salwar,1999.0,9,37,0,11.39,9.39,7,4.65
Women,Salwar,1999.0,9,38,0,4.65,7.06,6,5.62
Women,Salwar,1999.0,9,39,0,5.62,6.94,6,6.64
Women,Salwar,1999.0,10,40,0,6.64,7.08,9,5.91
Women,Salwar,1999.0,10,41,1,5.91,5.71,11,12.85
Women,Salwar,1999.0,10,42,0,12.85,7.76,14,6.6
Women,Salwar,1999.0,10,43,1,6.6,8.0,8,12.75
Women,Salwar,1999.0,10,44,1,12.75,9.53,8,14.85
Women,Salwar,1999.0,11,45,1,14.85,11.76,21,17.73
Women,Salwar,1999.0,11,46,0,17.73,12.98,21,5.97
Women,Salwar,1999.0,11,47,0,5.97,12.83,11,8.06
Women,Salwar,1999.0,11,48,0,8.06,11.65,18,6.38
Women,Salwar,1999.0,12,49,0,6.38,9.54,8,7.76
Women,Salwar,1999.0,12,50,0,7.76,7.04,11,6.16
Women,Salwar,1999.0,12,51,0,6.16,7.09,4,8.06
Women,Salwar,1999.0,12,52,1,8.06,7.09,4,14.92
Women,Salwar,1999.0,1,1,0,14.92,9.22,15,7.62
Women,Salwar,1999.0,1,2,1,7.62,9.19,18,17.03
Women,Salwar,1999.0,1,3,1,17.03,11.91,18,14.47
Women,Salwar,1999.0,1,4,0,14.47,13.51,10,7.38
Women,Salwar,1999.0,1,5,0,7.38,11.62,12,8.4
Women,Salwar,1999.0,2,6,0,8.4,11.82,9,10.29
Women,Salwar,1999.0,2,7,0,10.29,10.14,12,8.73
Women,Salwar,1999.0,2,8,0,8.73,8.7,14,12.23
Women,Salwar,1999.0,2,9,0,12.23,9.91,10,12.89
Women,Salwar,1999.0,3,10,1,12.89,11.03,16,18.83
Women,Salwar,1999.0,3,11,0,18.83,13.17,26,11.94
Women,Salwar,1999.0,3,12,0,11.94,13.97,26,6.05
Women,Salwar,1999.0,3,13,0,6.05,12.42,23,8.43
Women,Salwar,1999.0,4,14,0,8.43,11.31,11,9.75
Women,Salwar,1999.0,4,15,1,9.75,9.04,8,19.99
Women,Salwar,1999.0,4,16,0,19.99,11.06,21,10.47
Women,Salwar,1999.0,4,17,0,10.47,12.16,23,7.61
Women,Salwar,1999.0,4,18,0,7.61,11.96,20,9.72
Women,Salwar,1999.0,5,19,0,9.72,11.95,21,11.17
Women,Salwar,1999.0,5,20,0,11.17,9.74,12,6.48
Women,Salwar,1999.0,5,21,0,6.48,8.75,13,8.03
Women,Salwar,1999.0,5,22,0,8.03,8.85,16,10.71
Women,Salwar,1999.0,6,23,0,10.71,9.1,8,8.03
Women,Salwar,1999.0,6,24,0,8.03,8.31,15,8.79
Women,Salwar,1999.0,6,25,0,8.79,8.89,6,8.96
Women,Salwar,1999.0,6,26,0,8.96,9.12,9,7.26
Women,Salwar,1999.0,7,27,0,7.26,8.26,6,6.71
Women,Dress,299.0,7,28,0,12.96,12.96,25,12.06
Women,Dress,299.0,7,29,0,12.06,12.74,18,14.09
Women,Dress,299.0,7,30,0,14.09,13.02,26,12.15
Women,Dress,299.0,8,31,0,12.15,12.82,17,9.68
Women,Dress,299.0,8,32,0,9.68,12.0,15,12.66
Women,Dress,299.0,8,33,1,12.66,12.14,12,18.69
Women,Dress,299.0,8,34,0,18.69,13.3,25,11.5
Women,Dress,299.0,8,35,0,11.5,13.13,17,10.46
Women,Dress,299.0,9,36,1,10.46,13.33,10,19.74
Women,Dress,299.0,9,37,0,19.74,15.1,19,10.05
Women,Dress,299.0,9,38,0,10.05,12.94,15,10.18
Women,Dress,299.0,9,39,0,10.18,12.61,20,10.27
Women,Dress,299.0,10,40,0,10.27,12.56,20,10.68
Women,Dress,299.0,10,41,1,10.68,10.3,11,23.68
Women,Dress,299.0,10,42,0,23.68,13.7,22,13.25
Women,Dress,299.0,10,43,1,13.25,14.47,16,21.09
Women,Dress,299.0,10,44,1,21.09,17.18,25,24.03
Women,Dress,299.0,11,45,1,24.03,20.51,30,22.09
Women,Dress,299.0,11,46,0,22.09,20.12,26,10.55
Women,Dress,299.0,11,47,0,10.55,19.44,38,11.77
Women,Dress,299.0,11,48,0,11.77,17.11,24,9.18
Women,Dress,299.0,12,49,0,9.18,13.4,11,10.21
Women,Dress,299.0,12,50,0,10.21,10.43,14,10.01
Women,Dress,299.0,12,51,1,10.01,10.29,14,25.66
Women,Dress,299.0,12,52,1,25.66,13.77,12,18.52
Women,Dress,299.0,1,1,0,18.52,16.1,16,10.55
Women,Dress,299.0,1,2,1,10.55,16.18,27,20.09
Women,Dress,299.0,1,3,0,20.09,18.7,29,13.64
Women,Dress,299.0,1,4,0,13.64,15.7,8,12.97
Women,Dress,299.0,1,5,0,12.97,14.31,20,13.66
Women,Dress,299.0,2,6,0,13.66,15.09,23,15.28
Women,Dress,299.0,2,7,0,15.28,13.89,25,14.5
Women,Dress,299.0,2,8,0,14.5,14.1,15,14.11
Women,Dress,299.0,2,9,0,14.11,14.39,23,10.92
Women,Dress,299.0,3,10,1,10.92,13.7,27,32.22
Women,Dress,299.0,3,11,0,32.22,17.94,21,10.98
Women,Dress,299.0,3,12,0,10.98,17.06,29,15.84
Women,Dress,299.0,3,13,0,15.84,17.49,16,22.57
Women,Dress,299.0,4,14,0,22.57,20.4,23,16.77
Women,Dress,299.0,4,15,1,16.77,16.54,31,27.89
Women,Dress,299.0,4,16,0,27.89,20.77,13,17.49
Women,Dress,299.0,4,17,0,17.49,21.18,34,19.87
Women,Dress,299.0,5,18,0,19.87,20.5,18,17.62
Women,Dress,299.0,5,19,0,17.62,20.72,40,18.2
Women,Dress,299.0,5,20,0,18.2,18.3,36,12.88
Women,Dress,299.0,5,21,0,12.88,17.14,28,13.63
Women,Dress,299.0,5,22,0,13.63,15.58,10,15.83
Women,Dress,299.0,6,23,0,15.83,15.14,10,13.82
Women,Dress,299.0,6,24,0,13.82,14.04,26,11.84
Women,Dress,299.0,6,25,0,11.84,13.78,24,14.61
Women,Dress,299.0,6,26,0,14.61,14.02,8,14.54
Women,Dress,299.0,7,27,0,14.54,13.7,18,12.25
Women,Dress,299.0,7,28,0,12.25,13.31,11,10.52
Women,Dress,299.0,7,29,0,10.52,12.98,17,11.36
Women,Dress,299.0,7,30,0,11.36,12.16,14,11.22
Women,Dress,299.0,7,31,0,11.22,11.34,20,11.85
Women,Dress,299.0,8,32,0,11.85,11.24,22,9.3
Women,Dress,299.0,8,33,1,9.3,10.93,10,21.69
Women,Dress,299.0,8,34,0,21.69,13.51,15,10.05
Women,Dress,299.0,8,35,0,10.05,13.22,16,11.69
Women,Dress,299.0,9,36,1,11.69,13.18,11,33.06
Women,Dress,299.0,9,37,0,33.06,19.12,24,10.74
Women,Dress,299.0,9,38,0,10.74,16.38,32,8.14
Women,Dress,299.0,9,39,0,8.14,15.91,29,10.24
Women,Dress,299.0,10,40,0,10.24,15.54,11,10.89
Women,Dress,299.0,10,41,1,10.89,10.0,14,22.98
Women,Dress,299.0,10,42,0,22.98,13.06,11,6.53
Women,Dress,299.0,10,43,1,6.53,12.66,14,20.79
Women,Dress,299.0,10,44,1,20.79,15.3,13,24.03
Women,Dress,299.0,11,45,1,24.03,18.58,26,16.58
Women,Dress,299.0,11,46,0,16.58,16.98,27,11.28
Women,Dress,299.0,11,47,0,11.28,18.17,21,12.86
Women,Dress,299.0,11,48,0,12.86,16.19,28,14.84
Women,Dress,299.0,12,49,0,14.84,13.89,21,12.22
Women,Dress,299.0,12,50,0,12.22,12.8,12,13.07
Women,Dress,299.0,12,51,0,13.07,13.25,15,13.2
Women,Dress,299.0,12,52,1,13.2,13.33,24,20.09
Women,Dress,299.0,1,1,0,20.09,14.64,8,17.65
Women,Dress,299.0,1,2,1,17.65,16.0,9,27.92
Women,Dress,299.0,1,3,1,27.92,19.72,17,26.24
Women,Dress,299.0,1,4,0,26.24,22.98,31,16.56
Women,Dress,299.0,1,5,0,16.56,22.09,43,12.6
Women,Dress,299.0,2,6,0,12.6,20.83,19,15.46
Women,Dress,299.0,2,7,0,15.46,17.72,15,13.97
Women,Dress,299.0,2,8,0,13.97,14.65,16,13.17
Women,Dress,299.0,2,9,0,13.17,13.8,14,15.11
Women,Dress,299.0,3,10,1,15.11,14.43,16,31.16
Women,Dress,299.0,3,11,0,31.16,18.35,36,15.1
Women,Dress,299.0,3,12,0,15.1,18.64,32,21.34
Women,Dress,299.0,3,13,0,21.34,20.68,38,15.83
Women,Dress,299.0,4,14,0,15.83,20.86,25,14.67
Women,Dress,299.0,4,15,1,14.67,16.73,31,31.53
Women,Dress,299.0,4,16,0,31.53,20.84,31,17.06
Women,Dress,299.0,4,17,0,17.06,19.77,11,16.29
Women,Dress,299.0,4,18,0,16.29,19.88,21,18.9
Women,Dress,299.0,5,19,0,18.9,20.94,15,15.63
Women,Dress,299.0,5,20,0,15.63,16.97,17,10.16
Women,Dress,299.0,5,21,0,10.16,15.24,22,14.96
Women,Dress,299.0,5,22,0,14.96,14.91,23,14.73
Women,Dress,299.0,6,23,0,14.73,13.87,21,16.23
Women,Dress,299.0,6,24,0,16.23,14.02,15,9.97
Women,Dress,299.0,6,25,0,9.97,13.97,14,14.58
Women,Dress,299.0,6,26,0,14.58,13.88,25,14.88
Women,Dress,299.0,7,27,0,14.88,13.92,26,13.24
Kids,Frock,999.0,7,28,0,4.8,4.8,7,5.13
Kids,Frock,999.0,7,29,0,5.13,4.88,8,3.89
Kids,Frock,999.0,7,30,0,3.89,4.65,5,4.99
Kids,Frock,999.0,8,31,0,4.99,4.7,8,3.61
Kids,Frock,999.0,8,32,0,3.61,4.4,3,3.82
Kids,Frock,999.0,8,33,1,3.82,4.08,6,9.02
Kids,Frock,999.0,8,34,0,9.02,5.36,9,5.29
Kids,Frock,999.0,8,35,0,5.29,5.44,10,5.06
Kids,Frock,999.0,9,36,1,5.06,5.8,10,8.24
Kids,Frock,999.0,9,37,0,8.24,6.9,12,2.98
Kids,Frock,999.0,9,38,0,2.98,5.39,5,3.52
Kids,Frock,999.0,9,39,0,3.52,4.95,9,3.66
Kids,Frock,999.0,10,40,0,3.66,4.6,2,2.47
Kids,Frock,999.0,10,41,1,2.47,3.16,2,6.44
Kids,Frock,999.0,10,42,0,6.44,4.02,5,4.42
Kids,Frock,999.0,10,43,1,4.42,4.25,3,9.88
Kids,Frock,999.0,10,44,1,9.88,5.8,4,9.26
Kids,Frock,999.0,11,45,1,9.26,7.5,14,7.45
Kids,Frock,999.0,11,46,0,7.45,7.75,8,4.53
Kids,Frock,999.0,11,47,0,4.53,7.78,12,4.18
Kids,Frock,999.0,11,48,0,4.18,6.36,6,3.59
Kids,Frock,999.0,12,49,0,3.59,4.94,9,4.58
Kids,Frock,999.0,12,50,0,4.58,4.22,8,4.9
Kids,Frock,999.0,12,51,1,4.9,4.31,3,7.95
Kids,Frock,999.0,12,52,1,7.95,5.25,4,7.52
Kids,Frock,999.0,1,1,0,7.52,6.24,4,4.47
Kids,Frock,999.0,1,2,1,4.47,6.21,9,11.78
Kids,Frock,999.0,1,3,0,11.78,7.93,15,5.65
Kids,Frock,999.0,1,4,0,5.65,7.35,7,4.83
Kids,Frock,999.0,1,5,0,4.83,6.68,6,4.6
Kids,Frock,999.0,2,6,0,4.6,6.71,12,5.34
Kids,Frock,999.0,2,7,0,5.34,5.1,10,4.51
Kids,Frock,999.0,2,8,0,4.51,4.82,8,5.68
Kids,Frock,999.0,2,9,0,5.68,5.03,5,5.44
Kids,Frock,999.0,3,10,1,5.44,5.24,5,7.15
Kids,Frock,999.0,3,11,0,7.15,5.7,11,5.38
Kids,Frock,999.0,3,12,0,5.38,5.91,5,3.71
Kids,Frock,999.0,3,13,0,3.71,5.42,8,5.96
Kids,Frock,999.0,4,14,0,5.96,5.55,3,4.7
Kids,Frock,999.0,4,15,1,4.7,4.94,7,8.57
Kids,Frock,999.0,4,16,0,8.57,5.74,9,5.49
Kids,Frock,999.0,4,17,0,5.49,6.18,6,5.37
Kids,Frock,999.0,5,18,0,5.37,6.03,5,5.87
Kids,Frock,999.0,5,19,0,5.87,6.32,6,4.58
Kids,Frock,999.0,5,20,0,4.58,5.33,9,6.66
Kids,Frock,999.0,5,21,0,6.66,5.62,7,5.99
Kids,Frock,999.0,5,22,0,5.99,5.78,5,6.48
Kids,Frock,999.0,6,23,0,6.48,5.93,4,5.04
Kids,Frock,999.0,6,24,0,5.04,6.04,9,4.39
Kids,Frock,999.0,6,25,0,4.39,5.48,5,6.31
Kids,Frock,999.0,6,26,0,6.31,5.55,6,5.4
Kids,Frock,999.0,7,27,0,5.4,5.28,7,4.56
Kids,Frock,999.0,7,28,0,4.56,5.16,10,4.6
Kids,Frock,999.0,7,29,0,4.6,5.22,9,4.21
Kids,Frock,999.0,7,30,0,4.21,4.69,7,5.08
Kids,Frock,999.0,7,31,0,5.08,4.61,5,4.56
Kids,Frock,999.0,8,32,0,4.56,4.61,4,4.54
Kids,Frock,999.0,8,33,1,4.54,4.6,5,7.0
Kids,Frock,999.0,8,34,0,7.0,5.3,4,3.96
Kids,Frock,999.0,8,35,0,3.96,5.02,4,4.09
Kids,Frock,999.0,9,36,1,4.09,4.9,6,5.97
Kids,Frock,999.0,9,37,0,5.97,5.26,5,4.09
Kids,Frock,999.0,9,38,0,4.09,4.53,9,2.82
Kids,Frock,999.0,9,39,0,2.82,4.24,5,3.87
Kids,Frock,999.0,10,40,0,3.87,4.19,5,4.34
Kids,Frock,999.0,10,41,1,4.34,3.78,3,8.91
Kids,Frock,999.0,10,42,0,8.91,4.99,6,5.04
Kids,Frock,999.0,10,43,1,5.04,5.54,3,7.96
Kids,Frock,999.0,10,44,1,7.96,6.56,10,7.46
Kids,Frock,999.0,11,45,1,7.46,7.34,13,6.62
Kids,Frock,999.0,11,46,0,6.62,6.77,6,3.27
Kids,Frock,999.0,11,47,0,3.27,6.33,7,4.12
Kids,Frock,999.0,11,48,0,4.12,5.37,4,3.36
Kids,Frock,999.0,12,49,0,3.36,4.34,8,3.54
Kids,Frock,999.0,12,50,0,3.54,3.57,7,4.44
Kids,Frock,999.0,12,51,0,4.44,3.86,6,4.27
Kids,Frock,999.0,12,52,1,4.27,3.9,8,8.05
Kids,Frock,999.0,1,1,0,8.05,5.07,3,4.53
Kids,Frock,999.0,1,2,1,4.53,5.32,3,10.97
Kids,Frock,999.0,1,3,1,10.97,6.96,11,10.63
Kids,Frock,999.0,1,4,0,10.63,8.55,11,5.93
Kids,Frock,999.0,1,5,0,5.93,8.02,13,5.08
Kids,Frock,999.0,2,6,0,5.08,8.15,7,4.96
Kids,Frock,999.0,2,7,0,4.96,6.65,4,5.52
Kids,Frock,999.0,2,8,0,5.52,5.37,10,4.49
Kids,Frock,999.0,2,9,0,4.49,5.02,8,5.34
Kids,Frock,999.0,3,10,1,5.34,5.08,4,10.62
Kids,Frock,999.0,3,11,0,10.62,6.49,8,8.04
Kids,Frock,999.0,3,12,0,8.04,7.12,4,6.78
Kids,Frock,999.0,3,13,0,6.78,7.69,12,6.28
Kids,Frock,999.0,4,14,0,6.28,7.93,7,6.1
Kids,Frock,999.0,4,15,1,6.1,6.8,9,14.3
Kids,Frock,999.0,4,16,0,14.3,8.36,10,2.76
Kids,Frock,999.0,4,17,0,2.76,7.36,5,6.02
Kids,Frock,999.0,4,18,0,6.02,7.29,6,4.96
Kids,Frock,999.0,5,19,0,4.96,7.01,6,4.85
Kids,Frock,999.0,5,20,0,4.85,4.65,5,6.15
Kids,Frock,999.0,5,21,0,6.15,5.5,5,5.9
Kids,Frock,999.0,5,22,0,5.9,5.46,5,5.64
Kids,Frock,999.0,6,23,0,5.64,5.63,9,6.06
Kids,Frock,999.0,6,24,0,6.06,5.94,12,5.89
Kids,Frock,999.0,6,25,0,5.89,5.87,6,3.68
Kids,Frock,999.0,6,26,0,3.68,5.32,7,4.76
Kids,Frock,999.0,7,27,0,4.76,5.1,6,5.14
Newborn,Onesie,699.0,7,28,0,5.28,5.28,6,6.1
Newborn,Onesie,699.0,7,29,0,6.1,5.49,4,5.45
Newborn,Onesie,699.0,7,30,0,5.45,5.53,10,5.42
Newborn,Onesie,699.0,8,31,0,5.42,5.56,6,3.94
Newborn,Onesie,699.0,8,32,0,3.94,5.23,6,3.59
Newborn,Onesie,699.0,8,33,1,3.59,4.6,5,9.52
Newborn,Onesie,699.0,8,34,0,9.52,5.62,8,4.11
Newborn,Onesie,699.0,8,35,0,4.11,5.29,3,4.72
Newborn,Onesie,699.0,9,36,1,4.72,5.49,6,7.75
Newborn,Onesie,699.0,9,37,0,7.75,6.52,10,3.93
Newborn,Onesie,699.0,9,38,0,3.93,5.13,4,4.73
Newborn,Onesie,699.0,9,39,0,4.73,5.28,6,4.23
Newborn,Onesie,699.0,10,40,0,4.23,5.16,10,3.5
Newborn,Onesie,699.0,10,41,1,3.5,4.1,4,7.54
Newborn,Onesie,699.0,10,42,0,7.54,5.0,4,4.17
Newborn,Onesie,699.0,10,43,1,4.17,4.86,3,9.41
Newborn,Onesie,699.0,10,44,1,9.41,6.16,5,8.64
Newborn,Onesie,699.0,11,45,1,8.64,7.44,11,9.53
Newborn,Onesie,699.0,11,46,0,9.53,7.94,10,4.34
Newborn,Onesie,699.0,11,47,0,4.34,7.98,6,5.47
Newborn,Onesie,699.0,11,48,0,5.47,6.99,9,4.61
Newborn,Onesie,699.0,12,49,0,4.61,5.99,10,4.43
Newborn,Onesie,699.0,12,50,0,4.43,4.71,3,6.08
Newborn,Onesie,699.0,12,51,1,6.08,5.15,3,10.17
Newborn,Onesie,699.0,12,52,1,10.17,6.32,10,11.13
Newborn,Onesie,699.0,1,1,0,11.13,7.95,6,4.86
Newborn,Onesie,699.0,1,2,1,4.86,8.06,6,11.58
Newborn,Onesie,699.0,1,3,0,11.58,9.44,13,6.07
Newborn,Onesie,699.0,1,4,0,6.07,8.41,11,5.0
Newborn,Onesie,699.0,1,5,0,5.0,6.88,7,6.54
Newborn,Onesie,699.0,2,6,0,6.54,7.3,5,5.81
Newborn,Onesie,699.0,2,7,0,5.81,5.85,9,6.77
Newborn,Onesie,699.0,2,8,0,6.77,6.03,6,5.44
Newborn,Onesie,699.0,2,9,0,5.44,6.14,8,5.68
Newborn,Onesie,699.0,3,10,1,5.68,5.93,3,12.75
Newborn,Onesie,699.0,3,11,0,12.75,7.66,14,5.45
Newborn,Onesie,699.0,3,12,0,5.45,7.33,9,6.49
Newborn,Onesie,699.0,3,13,0,6.49,7.59,7,6.66
Newborn,Onesie,699.0,4,14,0,6.66,7.84,6,6.48
Newborn,Onesie,699.0,4,15,1,6.48,6.27,8,12.81
Newborn,Onesie,699.0,4,16,0,12.81,8.11,9,5.29
Newborn,Onesie,699.0,4,17,0,5.29,7.81,15,4.96
Newborn,Onesie,699.0,5,18,0,4.96,7.39,14,6.15
Newborn,Onesie,699.0,5,19,0,6.15,7.3,9,4.56
Newborn,Onesie,699.0,5,20,0,4.56,5.24,6,4.38
Newborn,Onesie,699.0,5,21,0,4.38,5.01,4,5.48
Newborn,Onesie,699.0,5,22,0,5.48,5.14,9,5.06
Newborn,Onesie,699.0,6,23,0,5.06,4.87,6,6.07
Newborn,Onesie,699.0,6,24,0,6.07,5.25,4,5.58
Newborn,Onesie,699.0,6,25,0,5.58,5.55,6,5.79
Newborn,Onesie,699.0,6,26,0,5.79,5.63,9,6.05
Newborn,Onesie,699.0,7,27,0,6.05,5.87,4,6.23
Newborn,Onesie,699.0,7,28,0,6.23,5.91,4,5.67
Newborn,Onesie,699.0,7,29,0,5.67,5.93,4,5.1
Newborn,Onesie,699.0,7,30,0,5.1,5.76,9,4.17
Newborn,Onesie,699.0,7,31,0,4.17,5.29,7,5.58
Newborn,Onesie,699.0,8,32,0,5.58,5.13,5,3.85
Newborn,Onesie,699.0,8,33,1,3.85,4.68,9,10.3
Newborn,Onesie,699.0,8,34,0,10.3,5.98,7,5.39
Newborn,Onesie,699.0,8,35,0,5.39,6.28,4,4.66
Newborn,Onesie,699.0,9,36,1,4.66,6.05,10,7.43
Newborn,Onesie,699.0,9,37,0,7.43,6.95,11,3.98
Newborn,Onesie,699.0,9,38,0,3.98,5.37,10,4.39
Newborn,Onesie,699.0,9,39,0,4.39,5.12,8,3.75
Newborn,Onesie,699.0,10,40,0,3.75,4.89,9,2.97
Newborn,Onesie,699.0,10,41,1,2.97,3.78,4,8.62
Newborn,Onesie,699.0,10,42,0,8.62,4.93,9,4.51
Newborn,Onesie,699.0,10,43,1,4.51,4.96,10,9.23
Newborn,Onesie,699.0,10,44,1,9.23,6.33,8,8.08
Newborn,Onesie,699.0,11,45,1,8.08,7.61,14,8.85
Newborn,Onesie,699.0,11,46,0,8.85,7.67,7,4.62
Newborn,Onesie,699.0,11,47,0,4.62,7.69,10,3.54
Newborn,Onesie,699.0,11,48,0,3.54,6.27,5,4.33
Newborn,Onesie,699.0,12,49,0,4.33,5.33,8,4.85
Newborn,Onesie,699.0,12,50,0,4.85,4.34,4,5.2
Newborn,Onesie,699.0,12,51,0,5.2,4.48,5,6.16
Newborn,Onesie,699.0,12,52,1,6.16,5.14,4,10.79
Newborn,Onesie,699.0,1,1,0,10.79,6.75,13,4.35
Newborn,Onesie,699.0,1,2,1,4.35,6.62,3,9.52
Newborn,Onesie,699.0,1,3,1,9.52,7.7,13,12.64
Newborn,Onesie,699.0,1,4,0,12.64,9.32,9,7.27
Newborn,Onesie,699.0,1,5,0,7.27,8.44,6,4.92
Newborn,Onesie,699.0,2,6,0,4.92,8.58,7,5.41
Newborn,Onesie,699.0,2,7,0,5.41,7.56,5,7.73
Newborn,Onesie,699.0,2,8,0,7.73,6.33,6,7.55
Newborn,Onesie,699.0,2,9,0,7.55,6.4,10,6.69
Newborn,Onesie,699.0,3,10,1,6.69,6.85,11,11.45
Newborn,Onesie,699.0,3,11,0,11.45,8.36,12,5.29
Newborn,Onesie,699.0,3,12,0,5.29,7.75,4,5.74
Newborn,Onesie,699.0,3,13,0,5.74,7.29,13,5.98
Newborn,Onesie,699.0,4,14,0,5.98,7.12,12,6.03
Newborn,Onesie,699.0,4,15,1,6.03,5.76,5,9.72
Newborn,Onesie,699.0,4,16,0,9.72,6.87,8,5.47
Newborn,Onesie,699.0,4,17,0,5.47,6.8,5,6.35
Newborn,Onesie,699.0,4,18,0,6.35,6.89,11,5.68
Newborn,Onesie,699.0,5,19,0,5.68,6.81,11,5.02
Newborn,Onesie,699.0,5,20,0,5.02,5.63,5,5.18
Newborn,Onesie,699.0,5,21,0,5.18,5.56,7,5.78
Newborn,Onesie,699.0,5,22,0,5.78,5.42,8,4.64
Newborn,Onesie,699.0,6,23,0,4.64,5.15,5,6.87
Newborn,Onesie,699.0,6,24,0,6.87,5.62,5,4.51
Newborn,Onesie,699.0,6,25,0,4.51,5.45,3,6.07
Newborn,Onesie,699.0,6,26,0,6.07,5.52,9,6.9
Newborn,Onesie,699.0,7,27,0,6.9,6.09,10,4.28
Women,Saree,4999.0,7,28,0,4.86,4.86,8,7.04
Women,Saree,4999.0,7,29,0,7.04,5.41,5,3.83
Women,Saree,4999.0,7,30,0,3.83,5.15,10,4.33
Women,Saree,4999.0,8,31,0,4.33,5.02,9,4.06
Women,Saree,4999.0,8,32,0,4.06,4.81,3,4.87
Women,Saree,4999.0,8,33,1,4.87,4.27,4,8.01
Women,Saree,4999.0,8,34,0,8.01,5.32,4,3.55
Women,Saree,4999.0,8,35,0,3.55,5.12,9,4.47
Women,Saree,4999.0,9,36,1,4.47,5.23,5,7.52
Women,Saree,4999.0,9,37,0,7.52,5.89,11,3.39
Women,Saree,4999.0,9,38,0,3.39,4.73,3,3.45
Women,Saree,4999.0,9,39,0,3.45,4.71,8,3.14
Women,Saree,4999.0,10,40,0,3.14,4.38,3,2.72
Women,Saree,4999.0,10,41,1,2.72,3.18,2,6.4
Women,Saree,4999.0,10,42,0,6.4,3.93,8,3.79
Women,Saree,4999.0,10,43,1,3.79,4.01,3,7.49
Women,Saree,4999.0,10,44,1,7.49,5.1,8,6.27
Women,Saree,4999.0,11,45,1,6.27,5.98,9,7.11
Women,Saree,4999.0,11,46,0,7.11,6.16,6,4.53
Women,Saree,4999.0,11,47,0,4.53,6.35,10,4.57
Women,Saree,4999.0,11,48,0,4.57,5.62,8,4.37
Women,Saree,4999.0,12,49,0,4.37,5.14,4,3.71
Women,Saree,4999.0,12,50,0,3.71,4.29,6,5.21
Women,Saree,4999.0,12,51,1,5.21,4.46,7,9.08
Women,Saree,4999.0,12,52,1,9.08,5.59,7,8.47
Women,Saree,4999.0,1,1,0,8.47,6.62,12,4.1
Women,Saree,4999.0,1,2,1,4.1,6.71,3,11.04
Women,Saree,4999.0,1,3,0,11.04,8.17,4,3.08
Women,Saree,4999.0,1,4,0,3.08,6.67,8,5.43
Women,Saree,4999.0,1,5,0,5.43,5.91,5,4.93
Women,Saree,4999.0,2,6,0,4.93,6.12,4,6.33
Women,Saree,4999.0,2,7,0,6.33,4.94,7,7.41
Women,Saree,4999.0,2,8,0,7.41,6.02,9,4.96
Women,Saree,4999.0,2,9,0,4.96,5.91,5,6.5
Women,Saree,4999.0,3,10,1,6.5,6.3,7,11.97
Women,Saree,4999.0,3,11,0,11.97,7.71,7,5.94
Women,Saree,4999.0,3,12,0,5.94,7.34,4,4.54
Women,Saree,4999.0,3,13,0,4.54,7.24,11,5.31
Women,Saree,4999.0,4,14,0,5.31,6.94,4,6.63
Women,Saree,4999.0,4,15,1,6.63,5.61,8,13.79
Women,Saree,4999.0,4,16,0,13.79,7.57,11,7.18
Women,Saree,4999.0,4,17,0,7.18,8.23,7,5.25
Women,Saree,4999.0,5,18,0,5.25,8.21,16,6.1
Women,Saree,4999.0,5,19,0,6.1,8.08,13,5.18
Women,Saree,4999.0,5,20,0,5.18,5.93,11,5.65
Women,Saree,4999.0,5,21,0,5.65,5.55,9,5.85
Women,Saree,4999.0,5,22,0,5.85,5.7,3,4.98
Women,Saree,4999.0,6,23,0,4.98,5.42,7,5.71
Women,Saree,4999.0,6,24,0,5.71,5.55,11,4.99
Women,Saree,4999.0,6,25,0,4.99,5.38,8,4.99
Women,Saree,4999.0,6,26,0,4.99,5.17,4,3.88
Women,Saree,4999.0,7,27,0,3.88,4.89,6,4.37
Women,Saree,4999.0,7,28,0,4.37,4.56,5,4.28
Women,Saree,4999.0,7,29,0,4.28,4.38,3,6.25
Women,Saree,4999.0,7,30,0,6.25,4.7,8,3.93
Women,Saree,4999.0,7,31,0,3.93,4.71,3,4.31
Women,Saree,4999.0,8,32,0,4.31,4.69,8,3.76
Women,Saree,4999.0,8,33,1,3.76,4.56,4,8.09
Women,Saree,4999.0,8,34,0,8.09,5.02,9,4.17
Women,Saree,4999.0,8,35,0,4.17,5.08,9,3.44
Women,Saree,4999.0,9,36,1,3.44,4.87,3,8.98
Women,Saree,4999.0,9,37,0,8.98,6.17,4,3.38
Women,Saree,4999.0,9,38,0,3.38,4.99,8,2.99
Women,Saree,4999.0,9,39,0,2.99,4.7,9,3.89
Women,Saree,4999.0,10,40,0,3.89,4.81,9,5.0
Women,Saree,4999.0,10,41,1,5.0,3.82,7,5.66
Women,Saree,4999.0,10,42,0,5.66,4.39,7,3.14
Women,Saree,4999.0,10,43,1,3.14,4.42,4,8.81
Women,Saree,4999.0,10,44,1,8.81,5.65,6,7.01
Women,Saree,4999.0,11,45,1,7.01,6.15,9,8.32
Women,Saree,4999.0,11,46,0,8.32,6.82,9,4.78
Women,Saree,4999.0,11,47,0,4.78,7.23,6,4.66
Women,Saree,4999.0,11,48,0,4.66,6.19,5,4.37
Women,Saree,4999.0,12,49,0,4.37,5.53,10,4.48
Women,Saree,4999.0,12,50,0,4.48,4.57,4,4.58
Women,Saree,4999.0,12,51,0,4.58,4.52,6,4.81
Women,Saree,4999.0,12,52,1,4.81,4.56,6,11.36
Women,Saree,4999.0,1,1,0,11.36,6.31,12,4.03
Women,Saree,4999.0,1,2,1,4.03,6.2,10,8.07
Women,Saree,4999.0,1,3,1,8.07,7.07,7,11.03
Women,Saree,4999.0,1,4,0,11.03,8.62,4,4.66
Women,Saree,4999.0,1,5,0,4.66,6.95,14,4.13
Women,Saree,4999.0,2,6,0,4.13,6.97,6,6.67
Women,Saree,4999.0,2,7,0,6.67,6.62,11,5.67
Women,Saree,4999.0,2,8,0,5.67,5.28,10,4.01
Women,Saree,4999.0,2,9,0,4.01,5.12,6,7.09
Women,Saree,4999.0,3,10,1,7.09,5.86,10,12.58
Women,Saree,4999.0,3,11,0,12.58,7.34,10,5.48
Women,Saree,4999.0,3,12,0,5.48,7.29,10,5.78
Women,Saree,4999.0,3,13,0,5.78,7.73,8,6.65
Women,Saree,4999.0,4,14,0,6.65,7.62,8,4.5
Women,Saree,4999.0,4,15,1,4.5,5.6,11,13.41
Women,Saree,4999.0,4,16,0,13.41,7.58,8,5.71
Women,Saree,4999.0,4,17,0,5.71,7.57,5,5.55
Women,Saree,4999.0,4,18,0,5.55,7.29,12,7.61
Women,Saree,4999.0,5,19,0,7.61,8.07,16,6.76
Women,Saree,4999.0,5,20,0,6.76,6.41,4,4.85
Women,Saree,4999.0,5,21,0,4.85,6.19,10,5.72
Women,Saree,4999.0,5,22,0,5.72,6.23,5,4.59
Women,Saree,4999.0,6,23,0,4.59,5.48,9,5.66
Women,Saree,4999.0,6,24,0,5.66,5.2,4,6.72
Women,Saree,4999.0,6,25,0,6.72,5.67,8,6.24
Women,Saree,4999.0,6,26,0,6.24,5.8,9,5.27
Women,Saree,4999.0,7,27,0,5.27,5.97,8,5.06
Kids,T-Shirt,999.0,7,28,0,4.8,4.8,4,4.51
Kids,T-Shirt,999.0,7,29,0,4.51,4.73,9,5.9
Kids,T-Shirt,999.0,7,30,0,5.9,5.0,10,5.99
Kids,T-Shirt,999.0,8,31,0,5.99,5.3,10,4.84
Kids,T-Shirt,999.0,8,32,0,4.84,5.31,6,3.92
Kids,T-Shirt,999.0,8,33,1,3.92,5.16,10,8.35
Kids,T-Shirt,999.0,8,34,0,8.35,5.78,7,4.13
Kids,T-Shirt,999.0,8,35,0,4.13,5.31,5,3.49
Kids,T-Shirt,999.0,9,36,1,3.49,4.97,4,8.02
Kids,T-Shirt,999.0,9,37,0,8.02,6.0,6,4.19
Kids,T-Shirt,999.0,9,38,0,4.19,4.96,9,3.3
Kids,T-Shirt,999.0,9,39,0,3.3,4.75,4,4.45
Kids,T-Shirt,999.0,10,40,0,4.45,4.99,3,3.46
Kids,T-Shirt,999.0,10,41,1,3.46,3.85,4,7.2
Kids,T-Shirt,999.0,10,42,0,7.2,4.6,7,3.48
Kids,T-Shirt,999.0,10,43,1,3.48,4.65,8,6.82
Kids,T-Shirt,999.0,10,44,1,6.82,5.24,7,9.44
Kids,T-Shirt,999.0,11,45,1,9.44,6.73,7,9.84
Kids,T-Shirt,999.0,11,46,0,9.84,7.39,6,3.75
Kids,T-Shirt,999.0,11,47,0,3.75,7.46,7,4.91
Kids,T-Shirt,999.0,11,48,0,4.91,6.98,10,3.37
Kids,T-Shirt,999.0,12,49,0,3.37,5.47,10,4.2
Kids,T-Shirt,999.0,12,50,0,4.2,4.06,7,3.69
Kids,T-Shirt,999.0,12,51,1,3.69,4.04,7,12.22
Kids,T-Shirt,999.0,12,52,1,12.22,5.87,9,11.29
Kids,T-Shirt,999.0,1,1,0,11.29,7.85,7,3.64
Kids,T-Shirt,999.0,1,2,1,3.64,7.71,15,8.69
Kids,T-Shirt,999.0,1,3,0,8.69,8.96,6,4.85
Kids,T-Shirt,999.0,1,4,0,4.85,7.12,13,5.11
Kids,T-Shirt,999.0,1,5,0,5.11,5.57,6,4.26
Kids,T-Shirt,999.0,2,6,0,4.26,5.73,8,5.96
Kids,T-Shirt,999.0,2,7,0,5.96,5.05,9,6.37
Kids,T-Shirt,999.0,2,8,0,6.37,5.43,4,5.81
Kids,T-Shirt,999.0,2,9,0,5.81,5.6,5,5.82
Kids,T-Shirt,999.0,3,10,1,5.82,5.99,10,10.16
Kids,T-Shirt,999.0,3,11,0,10.16,7.04,5,5.43
Kids,T-Shirt,999.0,3,12,0,5.43,6.8,12,5.91
Kids,T-Shirt,999.0,3,13,0,5.91,6.83,10,6.02
Kids,T-Shirt,999.0,4,14,0,6.02,6.88,14,5.75
Kids,T-Shirt,999.0,4,15,1,5.75,5.78,4,13.24
Kids,T-Shirt,999.0,4,16,0,13.24,7.73,11,6.17
Kids,T-Shirt,999.0,4,17,0,6.17,7.8,12,6.65
Kids,T-Shirt,999.0,5,18,0,6.65,7.95,6,5.72
Kids,T-Shirt,999.0,5,19,0,5.72,7.95,6,5.66
Kids,T-Shirt,999.0,5,20,0,5.66,6.05,7,6.24
Kids,T-Shirt,999.0,5,21,0,6.24,6.07,10,4.63
Kids,T-Shirt,999.0,5,22,0,4.63,5.56,4,7.61
Kids,T-Shirt,999.0,6,23,0,7.61,6.04,10,4.68
Kids,T-Shirt,999.0,6,24,0,4.68,5.79,6,4.51
Kids,T-Shirt,999.0,6,25,0,4.51,5.36,4,5.8
Kids,T-Shirt,999.0,6,26,0,5.8,5.65,8,5.32
Kids,T-Shirt,999.0,7,27,0,5.32,5.08,4,5.31
Kids,T-Shirt,999.0,7,28,0,5.31,5.24,5,4.75
Kids,T-Shirt,999.0,7,29,0,4.75,5.3,6,3.92
Kids,T-Shirt,999.0,7,30,0,3.92,4.83,7,5.58
Kids,T-Shirt,999.0,7,31,0,5.58,4.89,4,4.99
Kids,T-Shirt,999.0,8,32,0,4.99,4.81,9,3.87
Kids,T-Shirt,999.0,8,33,1,3.87,4.59,4,9.43
Kids,T-Shirt,999.0,8,34,0,9.43,5.97,11,3.76
Kids,T-Shirt,999.0,8,35,0,3.76,5.51,4,3.78
Kids,T-Shirt,999.0,9,36,1,3.78,5.21,8,7.54
Kids,T-Shirt,999.0,9,37,0,7.54,6.13,10,3.51
Kids,T-Shirt,999.0,9,38,0,3.51,4.65,5,3.93
Kids,T-Shirt,999.0,9,39,0,3.93,4.69,5,4.44
Kids,T-Shirt,999.0,10,40,0,4.44,4.85,9,4.11
Kids,T-Shirt,999.0,10,41,1,4.11,4.0,8,8.55
Kids,T-Shirt,999.0,10,42,0,8.55,5.26,8,4.04
Kids,T-Shirt,999.0,10,43,1,4.04,5.28,4,5.61
Kids,T-Shirt,999.0,10,44,1,5.61,5.58,7,10.8
Kids,T-Shirt,999.0,11,45,1,10.8,7.25,12,9.51
Kids,T-Shirt,999.0,11,46,0,9.51,7.49,9,4.3
Kids,T-Shirt,999.0,11,47,0,4.3,7.56,14,3.53
Kids,T-Shirt,999.0,11,48,0,3.53,7.03,7,4.71
Kids,T-Shirt,999.0,12,49,0,4.71,5.51,11,4.39
Kids,T-Shirt,999.0,12,50,0,4.39,4.23,4,4.63
Kids,T-Shirt,999.0,12,51,0,4.63,4.31,5,5.28
Kids,T-Shirt,999.0,12,52,1,5.28,4.75,5,10.0
Kids,T-Shirt,999.0,1,1,0,10.0,6.07,9,5.86
Kids,T-Shirt,999.0,1,2,1,5.86,6.44,11,9.27
Kids,T-Shirt,999.0,1,3,1,9.27,7.6,8,7.85
Kids,T-Shirt,999.0,1,4,0,7.85,8.24,16,5.14
Kids,T-Shirt,999.0,1,5,0,5.14,7.03,7,4.96
Kids,T-Shirt,999.0,2,6,0,4.96,6.81,9,5.8
Kids,T-Shirt,999.0,2,7,0,5.8,5.94,10,4.8
Kids,T-Shirt,999.0,2,8,0,4.8,5.18,8,5.19
Kids,T-Shirt,999.0,2,9,0,5.19,5.19,7,6.09
Kids,T-Shirt,999.0,3,10,1,6.09,5.47,3,10.96
Kids,T-Shirt,999.0,3,11,0,10.96,6.76,9,6.63
Kids,T-Shirt,999.0,3,12,0,6.63,7.22,12,5.07
Kids,T-Shirt,999.0,3,13,0,5.07,7.19,7,4.81
Kids,T-Shirt,999.0,4,14,0,4.81,6.87,4,6.37
Kids,T-Shirt,999.0,4,15,1,6.37,5.72,4,9.36
Kids,T-Shirt,999.0,4,16,0,9.36,6.4,7,4.23
Kids,T-Shirt,999.0,4,17,0,4.23,6.19,4,4.74
Kids,T-Shirt,999.0,4,18,0,4.74,6.18,7,6.64
Kids,T-Shirt,999.0,5,19,0,6.64,6.24,9,5.13
Kids,T-Shirt,999.0,5,20,0,5.13,5.18,5,5.22
Kids,T-Shirt,999.0,5,21,0,5.22,5.43,10,6.07
Kids,T-Shirt,999.0,5,22,0,6.07,5.76,9,6.14
Kids,T-Shirt,999.0,6,23,0,6.14,5.64,4,5.88
Kids,T-Shirt,999.0,6,24,0,5.88,5.83,6,5.67
Kids,T-Shirt,999.0,6,25,0,5.67,5.94,9,4.56
Kids,T-Shirt,999.0,6,26,0,4.56,5.56,4,5.01
Kids,T-Shirt,999.0,7,27,0,5.01,5.28,7,3.89
Newborn,Set,1299.0,7,28,0,3.3,3.3,5,3.04
Newborn,Set,1299.0,7,29,0,3.04,3.24,6,2.37
Newborn,Set,1299.0,7,30,0,2.37,3.0,4,3.52
Newborn,Set,1299.0,8,31,0,3.52,3.06,5,2.81
Newborn,Set,1299.0,8,32,0,2.81,2.93,3,2.94
Newborn,Set,1299.0,8,33,1,2.94,2.91,6,7.47
Newborn,Set,1299.0,8,34,0,7.47,4.18,3,2.58
Newborn,Set,1299.0,8,35,0,2.58,3.95,7,3.24
Newborn,Set,1299.0,9,36,1,3.24,4.06,6,4.33
Newborn,Set,1299.0,9,37,0,4.33,4.4,6,2.26
Newborn,Set,1299.0,9,38,0,2.26,3.1,4,2.69
Newborn,Set,1299.0,9,39,0,2.69,3.13,6,2.7
Newborn,Set,1299.0,10,40,0,2.7,2.99,5,3.08
Newborn,Set,1299.0,10,41,1,3.08,2.68,5,5.53
Newborn,Set,1299.0,10,42,0,5.53,3.5,4,2.72
Newborn,Set,1299.0,10,43,1,2.72,3.51,4,4.83
Newborn,Set,1299.0,10,44,1,4.83,4.04,4,6.48
Newborn,Set,1299.0,11,45,1,6.48,4.89,6,5.43
Newborn,Set,1299.0,11,46,0,5.43,4.87,7,2.56
Newborn,Set,1299.0,11,47,0,2.56,4.82,3,2.55
Newborn,Set,1299.0,11,48,0,2.55,4.26,2,3.01
Newborn,Set,1299.0,12,49,0,3.01,3.39,2,2.41
Newborn,Set,1299.0,12,50,0,2.41,2.63,5,2.5
Newborn,Set,1299.0,12,51,1,2.5,2.62,1,5.11
Newborn,Set,1299.0,12,52,1,5.11,3.26,5,8.28
Newborn,Set,1299.0,1,1,0,8.28,4.57,9,4.07
Newborn,Set,1299.0,1,2,1,4.07,4.99,8,5.93
Newborn,Set,1299.0,1,3,0,5.93,5.85,11,2.45
Newborn,Set,1299.0,1,4,0,2.45,5.18,9,3.72
Newborn,Set,1299.0,1,5,0,3.72,4.04,3,4.03
Newborn,Set,1299.0,2,6,0,4.03,4.03,7,3.94
Newborn,Set,1299.0,2,7,0,3.94,3.54,5,3.12
Newborn,Set,1299.0,2,8,0,3.12,3.71,6,3.39
Newborn,Set,1299.0,2,9,0,3.39,3.62,4,4.03
Newborn,Set,1299.0,3,10,1,4.03,3.62,5,6.24
Newborn,Set,1299.0,3,11,0,6.24,4.2,5,4.6
Newborn,Set,1299.0,3,12,0,4.6,4.57,5,3.27
Newborn,Set,1299.0,3,13,0,3.27,4.54,5,4.07
Newborn,Set,1299.0,4,14,0,4.07,4.55,8,4.49
Newborn,Set,1299.0,4,15,1,4.49,4.11,6,9.12
Newborn,Set,1299.0,4,16,0,9.12,5.24,7,4.55
Newborn,Set,1299.0,4,17,0,4.55,5.56,4,3.51
Newborn,Set,1299.0,5,18,0,3.51,5.42,4,3.54
Newborn,Set,1299.0,5,19,0,3.54,5.18,8,4.06
Newborn,Set,1299.0,5,20,0,4.06,3.91,4,4.18
Newborn,Set,1299.0,5,21,0,4.18,3.82,7,4.09
Newborn,Set,1299.0,5,22,0,4.09,3.97,6,4.09
Newborn,Set,1299.0,6,23,0,4.09,4.1,6,3.87
Newborn,Set,1299.0,6,24,0,3.87,4.06,6,3.69
Newborn,Set,1299.0,6,25,0,3.69,3.93,4,3.13
Newborn,Set,1299.0,6,26,0,3.13,3.69,5,3.54
Newborn,Set,1299.0,7,27,0,3.54,3.56,4,4.11
Newborn,Set,1299.0,7,28,0,4.11,3.62,6,3.08
Newborn,Set,1299.0,7,29,0,3.08,3.46,3,2.96
Newborn,Set,1299.0,7,30,0,2.96,3.42,6,3.33
Newborn,Set,1299.0,7,31,0,3.33,3.37,5,2.47
Newborn,Set,1299.0,8,32,0,2.47,2.96,3,2.99
Newborn,Set,1299.0,8,33,1,2.99,2.94,4,6.65
Newborn,Set,1299.0,8,34,0,6.65,3.86,7,2.87
Newborn,Set,1299.0,8,35,0,2.87,3.75,5,2.82
Newborn,Set,1299.0,9,36,1,2.82,3.83,2,3.83
Newborn,Set,1299.0,9,37,0,3.83,4.04,7,2.58
Newborn,Set,1299.0,9,38,0,2.58,3.03,5,2.29
Newborn,Set,1299.0,9,39,0,2.29,2.88,2,2.16
Newborn,Set,1299.0,10,40,0,2.16,2.72,2,2.61
Newborn,Set,1299.0,10,41,1,2.61,2.41,4,5.85
Newborn,Set,1299.0,10,42,0,5.85,3.23,5,2.6
Newborn,Set,1299.0,10,43,1,2.6,3.31,7,6.13
Newborn,Set,1299.0,10,44,1,6.13,4.3,4,6.0
Newborn,Set,1299.0,11,45,1,6.0,5.15,6,5.07
Newborn,Set,1299.0,11,46,0,5.07,4.95,3,2.63
Newborn,Set,1299.0,11,47,0,2.63,4.96,5,2.12
Newborn,Set,1299.0,11,48,0,2.12,3.96,6,3.85
Newborn,Set,1299.0,12,49,0,3.85,3.42,5,2.62
Newborn,Set,1299.0,12,50,0,2.62,2.81,3,3.18
Newborn,Set,1299.0,12,51,0,3.18,2.94,2,3.11
Newborn,Set,1299.0,12,52,1,3.11,3.19,2,8.02
Newborn,Set,1299.0,1,1,0,8.02,4.23,4,3.49
Newborn,Set,1299.0,1,2,1,3.49,4.45,5,6.81
Newborn,Set,1299.0,1,3,1,6.81,5.36,10,8.3
Newborn,Set,1299.0,1,4,0,8.3,6.65,7,3.66
Newborn,Set,1299.0,1,5,0,3.66,5.56,3,3.2
Newborn,Set,1299.0,2,6,0,3.2,5.49,3,3.99
Newborn,Set,1299.0,2,7,0,3.99,4.79,7,3.04
Newborn,Set,1299.0,2,8,0,3.04,3.47,4,3.29
Newborn,Set,1299.0,2,9,0,3.29,3.38,4,3.63
Newborn,Set,1299.0,3,10,1,3.63,3.49,7,6.49
Newborn,Set,1299.0,3,11,0,6.49,4.11,7,3.76
Newborn,Set,1299.0,3,12,0,3.76,4.29,5,2.59
Newborn,Set,1299.0,3,13,0,2.59,4.12,8,4.07
Newborn,Set,1299.0,4,14,0,4.07,4.23,2,4.26
Newborn,Set,1299.0,4,15,1,4.26,3.67,7,7.3
Newborn,Set,1299.0,4,16,0,7.3,4.56,2,3.02
Newborn,Set,1299.0,4,17,0,3.02,4.66,6,3.92
Newborn,Set,1299.0,4,18,0,3.92,4.62,4,4.28
Newborn,Set,1299.0,5,19,0,4.28,4.63,3,3.08
Newborn,Set,1299.0,5,20,0,3.08,3.57,4,5.41
Newborn,Set,1299.0,5,21,0,5.41,4.17,5,3.86
Newborn,Set,1299.0,5,22,0,3.86,4.16,3,4.07
Newborn,Set,1299.0,6,23,0,4.07,4.1,3,4.94
Newborn,Set,1299.0,6,24,0,4.94,4.57,6,3.76
Newborn,Set,1299.0,6,25,0,3.76,4.16,5,3.04
Newborn,Set,1299.0,6,26,0,3.04,3.95,5,3.06
Newborn,Set,1299.0,7,27,0,3.06,3.7,2,3.81
Women,Salwar,1999.0,7,28,0,8.1,8.1,14,8.81
Women,Salwar,1999.0,7,29,0,8.81,8.28,15,8.84
Women,Salwar,1999.0,7,30,0,8.84,8.46,9,8.13
Women,Salwar,1999.0,8,31,0,8.13,8.47,9,7.77
Women,Salwar,1999.0,8,32,0,7.77,8.39,15,4.86
Women,Salwar,1999.0,8,33,1,4.86,7.4,7,15.51
Women,Salwar,1999.0,8,34,0,15.51,9.07,5,7.24
Women,Salwar,1999.0,8,35,0,7.24,8.85,9,5.71
Women,Salwar,1999.0,9,36,1,5.71,8.33,16,12.04
Women,Salwar,1999.0,9,37,0,12.04,10.12,20,7.45
Women,Salwar,1999.0,9,38,0,7.45,8.11,14,8.96
Women,Salwar,1999.0,9,39,0,8.96,8.54,11,7.57
Women,Salwar,1999.0,10,40,0,7.57,9.01,13,8.15
Women,Salwar,1999.0,10,41,1,8.15,8.03,13,10.29
Women,Salwar,1999.0,10,42,0,10.29,8.74,13,7.72
Women,Salwar,1999.0,10,43,1,7.72,8.43,10,14.85
Women,Salwar,1999.0,10,44,1,14.85,10.25,6,14.1
Women,Salwar,1999.0,11,45,1,14.1,11.74,23,12.75
Women,Salwar,1999.0,11,46,0,12.75,12.36,24,7.47
Women,Salwar,1999.0,11,47,0,7.47,12.29,17,8.13
Women,Salwar,1999.0,11,48,0,8.13,10.61,10,7.35
Women,Salwar,1999.0,12,49,0,7.35,8.92,9,6.69
Women,Salwar,1999.0,12,50,0,6.69,7.41,9,9.34
Women,Salwar,1999.0,12,51,1,9.34,7.88,10,15.07
Women,Salwar,1999.0,12,52,1,15.07,9.61,8,16.88
Women,Salwar,1999.0,1,1,0,16.88,11.99,11,5.87
Women,Salwar,1999.0,1,2,1,5.87,11.79,7,14.84
Women,Salwar,1999.0,1,3,0,14.84,13.16,13,10.09
Women,Salwar,1999.0,1,4,0,10.09,11.92,23,10.19
Women,Salwar,1999.0,1,5,0,10.19,10.25,17,9.56
Women,Salwar,1999.0,2,6,0,9.56,11.17,8,6.7
Women,Salwar,1999.0,2,7,0,6.7,9.14,13,8.36
Women,Salwar,1999.0,2,8,0,8.36,8.7,7,12.19
Women,Salwar,1999.0,2,9,0,12.19,9.2,9,9.62
Women,Salwar,1999.0,3,10,1,9.62,9.22,7,21.77
Women,Salwar,1999.0,3,11,0,21.77,12.99,18,8.7
Women,Salwar,1999.0,3,12,0,8.7,13.07,8,9.79
Women,Salwar,1999.0,3,13,0,9.79,12.47,10,8.79
Women,Salwar,1999.0,4,14,0,8.79,12.26,12,9.26
Women,Salwar,1999.0,4,15,1,9.26,9.13,16,17.09
Women,Salwar,1999.0,4,16,0,17.09,11.23,16,9.45
Women,Salwar,1999.0,4,17,0,9.45,11.15,17,9.46
Women,Salwar,1999.0,5,18,0,9.46,11.31,19,10.64
Women,Salwar,1999.0,5,19,0,10.64,11.66,12,7.18
Women,Salwar,1999.0,5,20,0,7.18,9.18,5,7.65
Women,Salwar,1999.0,5,21,0,7.65,8.73,17,9.26
Women,Salwar,1999.0,5,22,0,9.26,8.68,17,7.55
Women,Salwar,1999.0,6,23,0,7.55,7.91,13,7.54
Women,Salwar,1999.0,6,24,0,7.54,8.0,13,10.81
Women,Salwar,1999.0,6,25,0,10.81,8.79,14,9.36
Women,Salwar,1999.0,6,26,0,9.36,8.81,8,8.08
Women,Salwar,1999.0,7,27,0,8.08,8.95,5,7.22
Women,Salwar,1999.0,7,28,0,7.22,8.87,7,9.96
Women,Salwar,1999.0,7,29,0,9.96,8.65,8,6.13
Women,Salwar,1999.0,7,30,0,6.13,7.85,14,8.67
Women,Salwar,1999.0,7,31,0,8.67,8.0,13,9.35
Women,Salwar,1999.0,8,32,0,9.35,8.53,13,7.25
Women,Salwar,1999.0,8,33,1,7.25,7.85,14,14.91
Women,Salwar,1999.0,8,34,0,14.91,10.04,13,7.38
Women,Salwar,1999.0,8,35,0,7.38,9.72,9,7.53
Women,Salwar,1999.0,9,36,1,7.53,9.27,16,13.91
Women,Salwar,1999.0,9,37,0,13.91,10.93,8,6.98
Women,Salwar,1999.0,9,38,0,6.98,8.95,16,5.81
Women,Salwar,1999.0,9,39,0,5.81,8.56,16,4.76
Women,Salwar,1999.0,10,40,0,4.76,7.87,5,7.44
Women,Salwar,1999.0,10,41,1,7.44,6.25,7,10.78
Women,Salwar,1999.0,10,42,0,10.78,7.2,13,8.09
Women,Salwar,1999.0,10,43,1,8.09,7.77,8,13.04
Women,Salwar,1999.0,10,44,1,13.04,9.84,10,17.68
Women,Salwar,1999.0,11,45,1,17.68,12.4,25,14.4
Women,Salwar,1999.0,11,46,0,14.4,13.3,17,6.52
Women,Salwar,1999.0,11,47,0,6.52,12.91,11,7.79
Women,Salwar,1999.0,11,48,0,7.79,11.6,7,9.36
Women,Salwar,1999.0,12,49,0,9.36,9.51,17,7.55
Women,Salwar,1999.0,12,50,0,7.55,7.8,4,7.68
Women,Salwar,1999.0,12,51,0,7.68,8.09,14,7.76
Women,Salwar,1999.0,12,52,1,7.76,8.09,8,14.92
Women,Salwar,1999.0,1,1,0,14.92,9.48,17,8.51
Women,Salwar,1999.0,1,2,1,8.51,9.72,18,10.43
Women,Salwar,1999.0,1,3,1,10.43,10.41,7,18.22
Women,Salwar,1999.0,1,4,0,18.22,13.02,18,11.48
Women,Salwar,1999.0,1,5,0,11.48,12.16,11,8.37
Women,Salwar,1999.0,2,6,0,8.37,12.12,17,11.41
Women,Salwar,1999.0,2,7,0,11.41,12.37,19,9.92
Women,Salwar,1999.0,2,8,0,9.92,10.3,12,10.32
Women,Salwar,1999.0,2,9,0,10.32,10.01,20,8.71
Women,Salwar,1999.0,3,10,1,8.71,10.09,8,18.91
Women,Salwar,1999.0,3,11,0,18.91,11.97,16,9.26
Women,Salwar,1999.0,3,12,0,9.26,11.8,22,10.86
Women,Salwar,1999.0,3,13,0,10.86,11.93,10,8.43
Women,Salwar,1999.0,4,14,0,8.43,11.86,10,8.37
Women,Salwar,1999.0,4,15,1,8.37,9.23,11,13.69
Women,Salwar,1999.0,4,16,0,13.69,10.34,13,10.7
Women,Salwar,1999.0,4,17,0,10.7,10.3,17,7.95
Women,Salwar,1999.0,4,18,0,7.95,10.17,9,9.61
Women,Salwar,1999.0,5,19,0,9.61,10.49,20,6.62
Women,Salwar,1999.0,5,20,0,6.62,8.72,8,7.49
Women,Salwar,1999.0,5,21,0,7.49,7.92,5,9.28
Women,Salwar,1999.0,5,22,0,9.28,8.25,8,9.04
Women,Salwar,1999.0,6,23,0,9.04,8.11,16,8.21
Women,Salwar,1999.0,6,24,0,8.21,8.51,8,9.27
Women,Salwar,1999.0,6,25,0,9.27,8.95,7,7.8
Women,Salwar,1999.0,6,26,0,7.8,8.58,17,10.07
Women,Salwar,1999.0,7,27,0,10.07,8.84,12,9.25
Kids,Frock,4999.0,7,28,0,2.88,2.88,5,3.28
Kids,Frock,4999.0,7,29,0,3.28,2.98,2,3.23
Kids,Frock,4999.0,7,30,0,3.23,3.07,5,2.67
Kids,Frock,4999.0,8,31,0,2.67,3.02,2,2.84
Kids,Frock,4999.0,8,32,0,2.84,3.01,4,2.55
Kids,Frock,4999.0,8,33,1,2.55,2.82,5,5.34
Kids,Frock,4999.0,8,34,0,5.34,3.35,2,2.47
Kids,Frock,4999.0,8,35,0,2.47,3.3,3,2.47
Kids,Frock,4999.0,9,36,1,2.47,3.21,5,5.87
Kids,Frock,4999.0,9,37,0,5.87,4.04,3,1.73
Kids,Frock,4999.0,9,38,0,1.73,3.14,5,2.41
Kids,Frock,4999.0,9,39,0,2.41,3.12,6,2.4
Kids,Frock,4999.0,10,40,0,2.4,3.1,5,2.11
Kids,Frock,4999.0,10,41,1,2.11,2.16,4,5.06
Kids,Frock,4999.0,10,42,0,5.06,2.99,5,2.34
Kids,Frock,4999.0,10,43,1,2.34,2.98,5,4.39
Kids,Frock,4999.0,10,44,1,4.39,3.48,5,4.92
Kids,Frock,4999.0,11,45,1,4.92,4.18,6,6.1
Kids,Frock,4999.0,11,46,0,6.1,4.44,8,3.42
Kids,Frock,4999.0,11,47,0,3.42,4.71,5,2.47
Kids,Frock,4999.0,11,48,0,2.47,4.23,6,2.48
Kids,Frock,4999.0,12,49,0,2.48,3.62,3,2.64
Kids,Frock,4999.0,12,50,0,2.64,2.75,1,2.11
Kids,Frock,4999.0,12,51,1,2.11,2.42,3,5.46
Kids,Frock,4999.0,12,52,1,5.46,3.17,3,4.18
Kids,Frock,4999.0,1,1,0,4.18,3.6,7,2.13
Kids,Frock,4999.0,1,2,1,2.13,3.47,4,5.27
Kids,Frock,4999.0,1,3,0,5.27,4.26,8,3.28
Kids,Frock,4999.0,1,4,0,3.28,3.72,4,2.69
Kids,Frock,4999.0,1,5,0,2.69,3.34,4,3.33
Kids,Frock,4999.0,2,6,0,3.33,3.64,3,3.11
Kids,Frock,4999.0,2,7,0,3.11,3.1,6,3.01
Kids,Frock,4999.0,2,8,0,3.01,3.03,3,3.83
Kids,Frock,4999.0,2,9,0,3.83,3.32,5,3.44
Kids,Frock,4999.0,3,10,1,3.44,3.35,4,7.29
Kids,Frock,4999.0,3,11,0,7.29,4.39,7,3.3
Kids,Frock,4999.0,3,12,0,3.3,4.46,5,3.88
Kids,Frock,4999.0,3,13,0,3.88,4.48,2,2.9
Kids,Frock,4999.0,4,14,0,2.9,4.34,3,4.11
Kids,Frock,4999.0,4,15,1,4.11,3.55,3,4.63
Kids,Frock,4999.0,4,16,0,4.63,3.88,5,2.36
Kids,Frock,4999.0,4,17,0,2.36,3.5,4,3.17
Kids,Frock,4999.0,5,18,0,3.17,3.57,6,3.25
Kids,Frock,4999.0,5,19,0,3.25,3.35,2,3.2
Kids,Frock,4999.0,5,20,0,3.2,3.0,6,2.86
Kids,Frock,4999.0,5,21,0,2.86,3.12,2,4.12
Kids,Frock,4999.0,5,22,0,4.12,3.36,2,3.18
Kids,Frock,4999.0,6,23,0,3.18,3.34,3,3.74
Kids,Frock,4999.0,6,24,0,3.74,3.48,4,2.3
Kids,Frock,4999.0,6,25,0,2.3,3.33,6,2.63
Kids,Frock,4999.0,6,26,0,2.63,2.96,5,2.46
Kids,Frock,4999.0,7,27,0,2.46,2.78,5,2.07
Kids,Frock,4999.0,7,28,0,2.07,2.37,3,2.9
Kids,Frock,4999.0,7,29,0,2.9,2.52,2,2.53
Kids,Frock,4999.0,7,30,0,2.53,2.49,3,2.14
Kids,Frock,4999.0,7,31,0,2.14,2.41,3,2.31
Kids,Frock,4999.0,8,32,0,2.31,2.47,4,2.8
Kids,Frock,4999.0,8,33,1,2.8,2.44,4,6.09
Kids,Frock,4999.0,8,34,0,6.09,3.33,4,2.27
Kids,Frock,4999.0,8,35,0,2.27,3.37,3,2.17
Kids,Frock,4999.0,9,36,1,2.17,3.33,7,4.44
Kids,Frock,4999.0,9,37,0,4.44,3.74,4,2.09
Kids,Frock,4999.0,9,38,0,2.09,2.74,2,2.1
Kids,Frock,4999.0,9,39,0,2.1,2.7,5,2.86
Kids,Frock,4999.0,10,40,0,2.86,2.87,6,2.56
Kids,Frock,4999.0,10,41,1,2.56,2.4,3,5.24
Kids,Frock,4999.0,10,42,0,5.24,3.19,5,2.01
Kids,Frock,4999.0,10,43,1,2.01,3.17,2,5.16
Kids,Frock,4999.0,10,44,1,5.16,3.74,2,4.61
Kids,Frock,4999.0,11,45,1,4.61,4.25,5,4.09
Kids,Frock,4999.0,11,46,0,4.09,3.97,3,3.31
Kids,Frock,4999.0,11,47,0,3.31,4.29,3,2.67
Kids,Frock,4999.0,11,48,0,2.67,3.67,2,3.17
Kids,Frock,4999.0,12,49,0,3.17,3.31,4,3.07
Kids,Frock,4999.0,12,50,0,3.07,3.05,6,1.98
Kids,Frock,4999.0,12,51,0,1.98,2.72,2,2.39
Kids,Frock,4999.0,12,52,1,2.39,2.65,3,6.2
Kids,Frock,4999.0,1,1,0,6.2,3.41,4,2.76
Kids,Frock,4999.0,1,2,1,2.76,3.33,2,6.32
Kids,Frock,4999.0,1,3,1,6.32,4.42,3,7.05
Kids,Frock,4999.0,1,4,0,7.05,5.58,8,2.27
Kids,Frock,4999.0,1,5,0,2.27,4.6,6,3.33
Kids,Frock,4999.0,2,6,0,3.33,4.74,6,2.97
Kids,Frock,4999.0,2,7,0,2.97,3.91,7,3.65
Kids,Frock,4999.0,2,8,0,3.65,3.06,2,3.96
Kids,Frock,4999.0,2,9,0,3.96,3.48,6,3.34
Kids,Frock,4999.0,3,10,1,3.34,3.48,4,6.62
Kids,Frock,4999.0,3,11,0,6.62,4.39,3,3.64
Kids,Frock,4999.0,3,12,0,3.64,4.39,2,3.83
Kids,Frock,4999.0,3,13,0,3.83,4.36,7,4.52
Kids,Frock,4999.0,4,14,0,4.52,4.65,8,2.39
Kids,Frock,4999.0,4,15,1,2.39,3.6,4,8.95
Kids,Frock,4999.0,4,16,0,8.95,4.92,5,4.04
Kids,Frock,4999.0,4,17,0,4.04,4.97,3,4.22
Kids,Frock,4999.0,4,18,0,4.22,4.9,6,3.36
Kids,Frock,4999.0,5,19,0,3.36,5.14,9,3.17
Kids,Frock,4999.0,5,20,0,3.17,3.7,4,2.5
Kids,Frock,4999.0,5,21,0,2.5,3.31,3,2.95
Kids,Frock,4999.0,5,22,0,2.95,3.0,3,3.53
Kids,Frock,4999.0,6,23,0,3.53,3.04,2,2.83
Kids,Frock,4999.0,6,24,0,2.83,2.95,2,3.14
Kids,Frock,4999.0,6,25,0,3.14,3.11,2,3.25
Kids,Frock,4999.0,6,26,0,3.25,3.19,2,3.3
Kids,Frock,4999.0,7,27,0,3.3,3.13,3,3.85
Women,Top,299.0,7,28,0,12.96,12.96,15,12.73
Women,Top,299.0,7,29,0,12.73,12.9,11,13.54
Women,Top,299.0,7,30,0,13.54,13.05,25,11.42
Women,Top,299.0,8,31,0,11.42,12.66,7,9.85
Women,Top,299.0,8,32,0,9.85,11.88,16,10.45
Women,Top,299.0,8,33,1,10.45,11.31,14,21.9
Women,Top,299.0,8,34,0,21.9,13.4,15,11.76
Women,Top,299.0,8,35,0,11.76,13.49,22,13.97
Women,Top,299.0,9,36,1,13.97,14.52,10,21.32
Women,Top,299.0,9,37,0,21.32,17.24,20,9.8
Women,Top,299.0,9,38,0,9.8,14.21,27,9.72
Women,Top,299.0,9,39,0,9.72,13.7,25,10.93
Women,Top,299.0,10,40,0,10.93,12.94,10,10.89
Women,Top,299.0,10,41,1,10.89,10.34,19,21.61
Women,Top,299.0,10,42,0,21.61,13.29,23,10.39
Women,Top,299.0,10,43,1,10.39,13.45,16,23.92
Women,Top,299.0,10,44,1,23.92,16.7,12,15.52
Women,Top,299.0,11,45,1,15.52,17.86,29,23.97
Women,Top,299.0,11,46,0,23.97,18.45,18,10.52
Women,Top,299.0,11,47,0,10.52,18.48,26,12.14
Women,Top,299.0,11,48,0,12.14,15.54,16,12.7
Women,Top,299.0,12,49,0,12.7,14.83,20,11.06
Women,Top,299.0,12,50,0,11.06,11.61,7,16.63
Women,Top,299.0,12,51,1,16.63,13.13,8,21.63
Women,Top,299.0,12,52,1,21.63,15.51,22,31.05
Women,Top,299.0,1,1,0,31.05,20.09,13,12.91
Women,Top,299.0,1,2,1,12.91,20.56,25,30.84
Women,Top,299.0,1,3,0,30.84,24.11,46,10.48
Women,Top,299.0,1,4,0,10.48,21.32,17,15.17
Women,Top,299.0,1,5,0,15.17,17.35,18,14.26
Women,Top,299.0,2,6,0,14.26,17.69,28,15.96
Women,Top,299.0,2,7,0,15.96,13.97,25,16.22
Women,Top,299.0,2,8,0,16.22,15.4,18,17.07
Women,Top,299.0,2,9,0,17.07,15.88,19,18.33
Women,Top,299.0,3,10,1,18.33,16.9,19,38.46
Women,Top,299.0,3,11,0,38.46,22.52,16,12.31
Women,Top,299.0,3,12,0,12.31,21.55,24,11.65
Women,Top,299.0,3,13,0,11.65,20.19,14,14.65
Women,Top,299.0,4,14,0,14.65,19.27,32,16.2
Women,Top,299.0,4,15,1,16.2,13.7,9,29.45
Women,Top,299.0,4,16,0,29.45,17.99,28,17.88
Women,Top,299.0,4,17,0,17.88,19.54,24,19.05
Women,Top,299.0,5,18,0,19.05,20.64,22,17.22
Women,Top,299.0,5,19,0,17.22,20.9,17,12.27
Women,Top,299.0,5,20,0,12.27,16.6,20,18.07
Women,Top,299.0,5,21,0,18.07,16.65,16,13.52
Women,Top,299.0,5,22,0,13.52,15.27,22,10.1
Women,Top,299.0,6,23,0,10.1,13.49,8,11.87
Women,Top,299.0,6,24,0,11.87,13.39,15,15.94
Women,Top,299.0,6,25,0,15.94,12.86,10,14.92
Women,Top,299.0,6,26,0,14.92,13.21,12,13.36
Women,Top,299.0,7,27,0,13.36,14.02,17,12.39
Women,Top,299.0,7,28,0,12.39,14.15,18,10.41
Women,Top,299.0,7,29,0,10.41,12.77,15,11.53
Women,Top,299.0,7,30,0,11.53,11.92,10,9.51
Women,Top,299.0,7,31,0,9.51,10.96,19,12.9
Women,Top,299.0,8,32,0,12.9,11.09,8,13.15
Women,Top,299.0,8,33,1,13.15,11.78,10,24.89
Women,Top,299.0,8,34,0,24.89,15.11,28,12.79
Women,Top,299.0,8,35,0,12.79,15.93,28,11.17
Women,Top,299.0,9,36,1,11.17,15.5,13,24.61
Women,Top,299.0,9,37,0,24.61,18.36,23,6.75
Women,Top,299.0,9,38,0,6.75,13.83,15,10.39
Women,Top,299.0,9,39,0,10.39,13.23,20,11.49
Women,Top,299.0,10,40,0,11.49,13.31,21,9.55
Women,Top,299.0,10,41,1,9.55,9.55,9,20.49
Women,Top,299.0,10,42,0,20.49,12.98,15,10.35
Women,Top,299.0,10,43,1,10.35,12.97,25,21.5
Women,Top,299.0,10,44,1,21.5,15.47,21,18.76
Women,Top,299.0,11,45,1,18.76,17.77,11,21.51
Women,Top,299.0,11,46,0,21.51,18.03,23,12.71
Women,Top,299.0,11,47,0,12.71,18.62,16,9.29
Women,Top,299.0,11,48,0,9.29,15.57,16,10.2
Women,Top,299.0,12,49,0,10.2,13.43,17,11.85
Women,Top,299.0,12,50,0,11.85,11.01,6,13.34
Women,Top,299.0,12,51,0,13.34,11.17,14,10.21
Women,Top,299.0,12,52,1,10.21,11.4,21,23.28
Women,Top,299.0,1,1,0,23.28,14.67,21,16.31
Women,Top,299.0,1,2,1,16.31,15.79,26,27.23
Women,Top,299.0,1,3,1,27.23,19.26,36,29.78
Women,Top,299.0,1,4,0,29.78,24.15,32,16.23
Women,Top,299.0,1,5,0,16.23,22.39,31,14.53
Women,Top,299.0,2,6,0,14.53,21.94,29,11.99
Women,Top,299.0,2,7,0,11.99,18.13,36,14.32
Women,Top,299.0,2,8,0,14.32,14.27,21,16.46
Women,Top,299.0,2,9,0,16.46,14.33,15,16.92
Women,Top,299.0,3,10,1,16.92,14.92,8,28.27
Women,Top,299.0,3,11,0,28.27,18.99,29,14.02
Women,Top,299.0,3,12,0,14.02,18.92,12,14.09
Women,Top,299.0,3,13,0,14.09,18.33,18,17.42
Women,Top,299.0,4,14,0,17.42,18.45,17,14.56
Women,Top,299.0,4,15,1,14.56,15.02,15,22.7
Women,Top,299.0,4,16,0,22.7,17.19,29,14.84
Women,Top,299.0,4,17,0,14.84,17.38,25,16.9
Women,Top,299.0,4,18,0,16.9,17.25,24,17.6
Women,Top,299.0,5,19,0,17.6,18.01,9,13.88
Women,Top,299.0,5,20,0,13.88,15.81,18,14.92
Women,Top,299.0,5,21,0,14.92,15.83,18,14.59
Women,Top,299.0,5,22,0,14.59,15.25,26,14.05
Women,Top,299.0,6,23,0,14.05,14.36,25,13.77
Women,Top,299.0,6,24,0,13.77,14.33,27,10.18
Women,Top,299.0,6,25,0,10.18,13.15,19,14.61
Women,Top,299.0,6,26,0,14.61,13.15,13,15.37
Women,Top,299.0,7,27,0,15.37,13.48,21,12.66
Kids,T-Shirt,999.0,7,28,0,4.8,4.8,8,3.97
Kids,T-Shirt,999.0,7,29,0,3.97,4.59,3,4.81
Kids,T-Shirt,999.0,7,30,0,4.81,4.59,7,5.72
Kids,T-Shirt,999.0,8,31,0,5.72,4.83,2,4.56
Kids,T-Shirt,999.0,8,32,0,4.56,4.76,2,4.34
Kids,T-Shirt,999.0,8,33,1,4.34,4.86,9,7.17
Kids,T-Shirt,999.0,8,34,0,7.17,5.45,6,3.01
Kids,T-Shirt,999.0,8,35,0,3.01,4.77,8,3.94
Kids,T-Shirt,999.0,9,36,1,3.94,4.62,6,8.32
Kids,T-Shirt,999.0,9,37,0,8.32,5.61,9,4.72
Kids,T-Shirt,999.0,9,38,0,4.72,5.0,5,3.95
Kids,T-Shirt,999.0,9,39,0,3.95,5.23,3,2.97
Kids,T-Shirt,999.0,10,40,0,2.97,4.99,7,3.35
Kids,T-Shirt,999.0,10,41,1,3.35,3.75,5,8.0
Kids,T-Shirt,999.0,10,42,0,8.0,4.57,9,4.02
Kids,T-Shirt,999.0,10,43,1,4.02,4.58,3,8.76
Kids,T-Shirt,999.0,10,44,1,8.76,6.03,9,7.08
Kids,T-Shirt,999.0,11,45,1,7.08,6.97,7,9.86
Kids,T-Shirt,999.0,11,46,0,9.86,7.43,14,4.42
Kids,T-Shirt,999.0,11,47,0,4.42,7.53,6,3.73
Kids,T-Shirt,999.0,11,48,0,3.73,6.27,6,4.16
Kids,T-Shirt,999.0,12,49,0,4.16,5.54,6,3.65
Kids,T-Shirt,999.0,12,50,0,3.65,3.99,8,5.03
Kids,T-Shirt,999.0,12,51,1,5.03,4.14,3,10.91
Kids,T-Shirt,999.0,12,52,1,10.91,5.94,11,6.4
Kids,T-Shirt,999.0,1,1,0,6.4,6.5,3,6.17
Kids,T-Shirt,999.0,1,2,1,6.17,7.12,10,9.88
Kids,T-Shirt,999.0,1,3,0,9.88,8.34,9,5.28
Kids,T-Shirt,999.0,1,4,0,5.28,6.93,10,5.33
Kids,T-Shirt,999.0,1,5,0,5.33,6.66,10,6.17
Kids,T-Shirt,999.0,2,6,0,6.17,6.67,11,4.85
Kids,T-Shirt,999.0,2,7,0,4.85,5.41,5,5.29
Kids,T-Shirt,999.0,2,8,0,5.29,5.41,6,5.82
Kids,T-Shirt,999.0,2,9,0,5.82,5.53,8,6.51
Kids,T-Shirt,999.0,3,10,1,6.51,5.61,10,13.62
Kids,T-Shirt,999.0,3,11,0,13.62,7.81,6,6.52
Kids,T-Shirt,999.0,3,12,0,6.52,8.12,15,5.63
Kids,T-Shirt,999.0,3,13,0,5.63,8.07,7,6.29
Kids,T-Shirt,999.0,4,14,0,6.29,8.02,8,5.82
Kids,T-Shirt,999.0,4,15,1,5.82,6.06,12,10.75
Kids,T-Shirt,999.0,4,16,0,10.75,7.12,7,5.89
Kids,T-Shirt,999.0,4,17,0,5.89,7.19,5,8.0
Kids,T-Shirt,999.0,5,18,0,8.0,7.61,12,5.07
Kids,T-Shirt,999.0,5,19,0,5.07,7.43,12,5.1
Kids,T-Shirt,999.0,5,20,0,5.1,6.01,7,5.5
Kids,T-Shirt,999.0,5,21,0,5.5,5.92,11,6.25
Kids,T-Shirt,999.0,5,22,0,6.25,5.48,7,4.1
Kids,T-Shirt,999.0,6,23,0,4.1,5.24,10,5.87
Kids,T-Shirt,999.0,6,24,0,5.87,5.43,10,4.76
Kids,T-Shirt,999.0,6,25,0,4.76,5.25,10,5.56
Kids,T-Shirt,999.0,6,26,0,5.56,5.07,9,5.15
Kids,T-Shirt,999.0,7,27,0,5.15,5.34,3,4.61
Kids,T-Shirt,999.0,7,28,0,4.61,5.02,8,3.8
Kids,T-Shirt,999.0,7,29,0,3.8,4.78,9,5.28
Kids,T-Shirt,999.0,7,30,0,5.28,4.71,9,2.67
Kids,T-Shirt,999.0,7,31,0,2.67,4.09,8,4.31
Kids,T-Shirt,999.0,8,32,0,4.31,4.01,7,4.08
Kids,T-Shirt,999.0,8,33,1,4.08,4.08,7,7.52
Kids,T-Shirt,999.0,8,34,0,7.52,4.65,5,4.33
Kids,T-Shirt,999.0,8,35,0,4.33,5.06,4,4.62
Kids,T-Shirt,999.0,9,36,1,4.62,5.14,5,7.97
Kids,T-Shirt,999.0,9,37,0,7.97,6.11,11,3.53
Kids,T-Shirt,999.0,9,38,0,3.53,5.11,7,4.62
Kids,T-Shirt,999.0,9,39,0,4.62,5.18,7,3.31
Kids,T-Shirt,999.0,10,40,0,3.31,4.86,9,3.79
Kids,T-Shirt,999.0,10,41,1,3.79,3.81,4,9.02
Kids,T-Shirt,999.0,10,42,0,9.02,5.18,6,3.77
Kids,T-Shirt,999.0,10,43,1,3.77,4.97,6,6.31
Kids,T-Shirt,999.0,10,44,1,6.31,5.72,10,8.25
Kids,T-Shirt,999.0,11,45,1,8.25,6.84,9,9.65
Kids,T-Shirt,999.0,11,46,0,9.65,6.99,13,3.82
Kids,T-Shirt,999.0,11,47,0,3.82,7.01,4,3.97
Kids,T-Shirt,999.0,11,48,0,3.97,6.42,3,4.94
Kids,T-Shirt,999.0,12,49,0,4.94,5.59,7,2.75
Kids,T-Shirt,999.0,12,50,0,2.75,3.87,7,5.39
Kids,T-Shirt,999.0,12,51,0,5.39,4.26,7,4.22
Kids,T-Shirt,999.0,12,52,1,4.22,4.33,8,7.3
Kids,T-Shirt,999.0,1,1,0,7.3,4.92,5,4.72
Kids,T-Shirt,999.0,1,2,1,4.72,5.41,11,10.86
Kids,T-Shirt,999.0,1,3,1,10.86,6.77,13,9.74
Kids,T-Shirt,999.0,1,4,0,9.74,8.15,16,4.35
Kids,T-Shirt,999.0,1,5,0,4.35,7.42,13,6.08
Kids,T-Shirt,999.0,2,6,0,6.08,7.76,5,5.3
Kids,T-Shirt,999.0,2,7,0,5.3,6.37,12,4.13
Kids,T-Shirt,999.0,2,8,0,4.13,4.96,5,4.26
Kids,T-Shirt,999.0,2,9,0,4.26,4.94,10,5.97
Kids,T-Shirt,999.0,3,10,1,5.97,4.91,6,9.15
Kids,T-Shirt,999.0,3,11,0,9.15,5.87,4,7.29
Kids,T-Shirt,999.0,3,12,0,7.29,6.67,8,5.87
Kids,T-Shirt,999.0,3,13,0,5.87,7.07,7,5.12
Kids,T-Shirt,999.0,4,14,0,5.12,6.86,13,5.11
Kids,T-Shirt,999.0,4,15,1,5.11,5.85,6,11.7
Kids,T-Shirt,999.0,4,16,0,11.7,6.95,6,7.07
Kids,T-Shirt,999.0,4,17,0,7.07,7.25,8,5.23
Kids,T-Shirt,999.0,4,18,0,5.23,7.28,12,5.48
Kids,T-Shirt,999.0,5,19,0,5.48,7.37,5,5.93
Kids,T-Shirt,999.0,5,20,0,5.93,5.93,5,5.36
Kids,T-Shirt,999.0,5,21,0,5.36,5.5,10,4.37
Kids,T-Shirt,999.0,5,22,0,4.37,5.29,7,5.44
Kids,T-Shirt,999.0,6,23,0,5.44,5.27,3,4.79
Kids,T-Shirt,999.0,6,24,0,4.79,4.99,8,4.95
Kids,T-Shirt,999.0,6,25,0,4.95,4.89,9,6.32
Kids,T-Shirt,999.0,6,26,0,6.32,5.38,5,4.78
Kids,T-Shirt,999.0,7,27,0,4.78,5.21,4,3.34
Men,T-Shirt,2999.0,7,28,0,3.6,3.6,2,3.33
Men,T-Shirt,2999.0,7,29,0,3.33,3.53,3,3.37
Men,T-Shirt,2999.0,7,30,0,3.37,3.47,4,3.63
Men,T-Shirt,2999.0,8,31,0,3.63,3.48,6,3.36
Men,T-Shirt,2999.0,8,32,0,3.36,3.42,6,3.28
Men,T-Shirt,2999.0,8,33,1,3.28,3.41,5,6.5
Men,T-Shirt,2999.0,8,34,0,6.5,4.19,5,3.4
Men,T-Shirt,2999.0,8,35,0,3.4,4.14,2,2.39
Men,T-Shirt,2999.0,9,36,1,2.39,3.89,2,7.79
Men,T-Shirt,2999.0,9,37,0,7.79,5.02,7,2.77
Men,T-Shirt,2999.0,9,38,0,2.77,4.09,5,2.47
Men,T-Shirt,2999.0,9,39,0,2.47,3.85,8,3.07
Men,T-Shirt,2999.0,10,40,0,3.07,4.02,4,2.79
Men,T-Shirt,2999.0,10,41,1,2.79,2.77,2,6.61
Men,T-Shirt,2999.0,10,42,0,6.61,3.73,3,2.68
Men,T-Shirt,2999.0,10,43,1,2.68,3.79,5,6.85
Men,T-Shirt,2999.0,10,44,1,6.85,4.73,7,5.1
Men,T-Shirt,2999.0,11,45,1,5.1,5.31,9,7.76
Men,T-Shirt,2999.0,11,46,0,7.76,5.6,9,3.09
Men,T-Shirt,2999.0,11,47,0,3.09,5.7,3,3.87
Men,T-Shirt,2999.0,11,48,0,3.87,4.96,4,2.69
Men,T-Shirt,2999.0,12,49,0,2.69,4.35,3,3.67
Men,T-Shirt,2999.0,12,50,0,3.67,3.33,2,3.75
Men,T-Shirt,2999.0,12,51,1,3.75,3.49,3,6.78
Men,T-Shirt,2999.0,12,52,1,6.78,4.22,6,4.99
Men,T-Shirt,2999.0,1,1,0,4.99,4.8,5,4.04
Men,T-Shirt,2999.0,1,2,1,4.04,4.89,7,7.1
Men,T-Shirt,2999.0,1,3,0,7.1,5.73,6,4.54
Men,T-Shirt,2999.0,1,4,0,4.54,5.17,6,4.45
Men,T-Shirt,2999.0,1,5,0,4.45,5.03,5,4.73
Men,T-Shirt,2999.0,2,6,0,4.73,5.21,4,4.38
Men,T-Shirt,2999.0,2,7,0,4.38,4.52,8,4.19
Men,T-Shirt,2999.0,2,8,0,4.19,4.44,9,5.12
Men,T-Shirt,2999.0,2,9,0,5.12,4.6,6,5.85
Men,T-Shirt,2999.0,3,10,1,5.85,4.88,4,8.57
Men,T-Shirt,2999.0,3,11,0,8.57,5.93,9,5.11
Men,T-Shirt,2999.0,3,12,0,5.11,6.16,8,3.91
Men,T-Shirt,2999.0,3,13,0,3.91,5.86,8,3.66
Men,T-Shirt,2999.0,4,14,0,3.66,5.31,9,3.93
Men,T-Shirt,2999.0,4,15,1,3.93,4.15,7,7.75
Men,T-Shirt,2999.0,4,16,0,7.75,4.81,7,4.81
Men,T-Shirt,2999.0,4,17,0,4.81,5.04,10,3.99
Men,T-Shirt,2999.0,5,18,0,3.99,5.12,8,3.63
Men,T-Shirt,2999.0,5,19,0,3.63,5.05,10,3.6
Men,T-Shirt,2999.0,5,20,0,3.6,4.01,4,4.47
Men,T-Shirt,2999.0,5,21,0,4.47,3.92,6,4.54
Men,T-Shirt,2999.0,5,22,0,4.54,4.06,6,4.37
Men,T-Shirt,2999.0,6,23,0,4.37,4.25,2,4.36
Men,T-Shirt,2999.0,6,24,0,4.36,4.43,9,3.67
Men,T-Shirt,2999.0,6,25,0,3.67,4.24,6,4.94
Men,T-Shirt,2999.0,6,26,0,4.94,4.34,6,3.52
Men,T-Shirt,2999.0,7,27,0,3.52,4.12,4,3.32
Men,T-Shirt,2999.0,7,28,0,3.32,3.86,5,3.9
Men,T-Shirt,2999.0,7,29,0,3.9,3.92,3,3.26
Men,T-Shirt,2999.0,7,30,0,3.26,3.5,5,3.08
Men,T-Shirt,2999.0,7,31,0,3.08,3.39,3,3.14
Men,T-Shirt,2999.0,8,32,0,3.14,3.34,2,3.29
Men,T-Shirt,2999.0,8,33,1,3.29,3.19,3,7.24
Men,T-Shirt,2999.0,8,34,0,7.24,4.19,5,2.34
Men,T-Shirt,2999.0,8,35,0,2.34,4.0,7,3.49
Men,T-Shirt,2999.0,9,36,1,3.49,4.09,7,4.73
Men,T-Shirt,2999.0,9,37,0,4.73,4.45,4,2.39
Men,T-Shirt,2999.0,9,38,0,2.39,3.24,2,3.02
Men,T-Shirt,2999.0,9,39,0,3.02,3.41,5,2.24
Men,T-Shirt,2999.0,10,40,0,2.24,3.1,2,2.65
Men,T-Shirt,2999.0,10,41,1,2.65,2.58,5,6.62
Men,T-Shirt,2999.0,10,42,0,6.62,3.63,7,3.24
Men,T-Shirt,2999.0,10,43,1,3.24,3.69,5,6.83
Men,T-Shirt,2999.0,10,44,1,6.83,4.83,6,5.42
Men,T-Shirt,2999.0,11,45,1,5.42,5.52,3,5.8
Men,T-Shirt,2999.0,11,46,0,5.8,5.32,6,2.48
Men,T-Shirt,2999.0,11,47,0,2.48,5.13,8,3.03
Men,T-Shirt,2999.0,11,48,0,3.03,4.18,8,2.56
Men,T-Shirt,2999.0,12,49,0,2.56,3.47,5,2.66
Men,T-Shirt,2999.0,12,50,0,2.66,2.68,4,4.7
Men,T-Shirt,2999.0,12,51,0,4.7,3.24,2,3.68
Men,T-Shirt,2999.0,12,52,1,3.68,3.4,4,7.29
Men,T-Shirt,2999.0,1,1,0,7.29,4.58,3,3.27
Men,T-Shirt,2999.0,1,2,1,3.27,4.73,9,6.59
Men,T-Shirt,2999.0,1,3,1,6.59,5.21,4,7.12
Men,T-Shirt,2999.0,1,4,0,7.12,6.07,8,4.07
Men,T-Shirt,2999.0,1,5,0,4.07,5.26,7,3.35
Men,T-Shirt,2999.0,2,6,0,3.35,5.28,9,3.25
Men,T-Shirt,2999.0,2,7,0,3.25,4.45,4,2.57
Men,T-Shirt,2999.0,2,8,0,2.57,3.31,3,4.45
Men,T-Shirt,2999.0,2,9,0,4.45,3.41,3,4.13
Men,T-Shirt,2999.0,3,10,1,4.13,3.6,2,7.97
Men,T-Shirt,2999.0,3,11,0,7.97,4.78,8,3.63
Men,T-Shirt,2999.0,3,12,0,3.63,5.04,10,4.04
Men,T-Shirt,2999.0,3,13,0,4.04,4.94,8,5.18
Men,T-Shirt,2999.0,4,14,0,5.18,5.21,9,3.82
Men,T-Shirt,2999.0,4,15,1,3.82,4.17,8,9.42
Men,T-Shirt,2999.0,4,16,0,9.42,5.61,9,4.79
Men,T-Shirt,2999.0,4,17,0,4.79,5.8,6,3.58
Men,T-Shirt,2999.0,4,18,0,3.58,5.4,4,3.65
Men,T-Shirt,2999.0,5,19,0,3.65,5.36,3,4.15
Men,T-Shirt,2999.0,5,20,0,4.15,4.04,8,5.4
Men,T-Shirt,2999.0,5,21,0,5.4,4.19,6,4.67
Men,T-Shirt,2999.0,5,22,0,4.67,4.47,7,3.97
Men,T-Shirt,2999.0,6,23,0,3.97,4.55,2,4.53
Men,T-Shirt,2999.0,6,24,0,4.53,4.64,3,2.67
Men,T-Shirt,2999.0,6,25,0,2.67,3.96,7,3.69
Men,T-Shirt,2999.0,6,26,0,3.69,3.71,6,2.53
Men,T-Shirt,2999.0,7,27,0,2.53,3.35,4,3.68
Kids,T-Shirt,2999.0,7,28,0,2.88,2.88,5,3.07
Kids,T-Shirt,2999.0,7,29,0,3.07,2.93,2,2.5
Kids,T-Shirt,2999.0,7,30,0,2.5,2.83,3,2.42
Kids,T-Shirt,2999.0,8,31,0,2.42,2.72,4,2.57
Kids,T-Shirt,2999.0,8,32,0,2.57,2.64,3,2.36
Kids,T-Shirt,2999.0,8,33,1,2.36,2.46,3,4.72
Kids,T-Shirt,2999.0,8,34,0,4.72,3.02,5,2.84
Kids,T-Shirt,2999.0,8,35,0,2.84,3.12,6,2.66
Kids,T-Shirt,2999.0,9,36,1,2.66,3.14,3,4.97
Kids,T-Shirt,2999.0,9,37,0,4.97,3.8,7,1.82
Kids,T-Shirt,2999.0,9,38,0,1.82,3.07,5,2.5
Kids,T-Shirt,2999.0,9,39,0,2.5,2.99,5,2.28
Kids,T-Shirt,2999.0,10,40,0,2.28,2.89,4,1.3
Kids,T-Shirt,2999.0,10,41,1,1.3,1.98,2,4.32
Kids,T-Shirt,2999.0,10,42,0,4.32,2.6,2,2.22
Kids,T-Shirt,2999.0,10,43,1,2.22,2.53,4,5.66
Kids,T-Shirt,2999.0,10,44,1,5.66,3.38,6,5.44
Kids,T-Shirt,2999.0,11,45,1,5.44,4.41,3,4.62
Kids,T-Shirt,2999.0,11,46,0,4.62,4.49,6,3.07
Kids,T-Shirt,2999.0,11,47,0,3.07,4.7,6,2.84
Kids,T-Shirt,2999.0,11,48,0,2.84,3.99,7,2.3
Kids,T-Shirt,2999.0,12,49,0,2.3,3.21,2,2.34
Kids,T-Shirt,2999.0,12,50,0,2.34,2.64,5,2.76
Kids,T-Shirt,2999.0,12,51,1,2.76,2.56,5,6.8
Kids,T-Shirt,2999.0,12,52,1,6.8,3.55,4,4.88
Kids,T-Shirt,2999.0,1,1,0,4.88,4.2,3,3.66
Kids,T-Shirt,2999.0,1,2,1,3.66,4.53,8,6.09
Kids,T-Shirt,2999.0,1,3,0,6.09,5.36,5,2.63
Kids,T-Shirt,2999.0,1,4,0,2.63,4.32,8,3.77
Kids,T-Shirt,2999.0,1,5,0,3.77,4.04,3,2.16
Kids,T-Shirt,2999.0,2,6,0,2.16,3.67,2,3.31
Kids,T-Shirt,2999.0,2,7,0,3.31,2.97,4,3.22
Kids,T-Shirt,2999.0,2,8,0,3.22,3.12,4,2.68
Kids,T-Shirt,2999.0,2,9,0,2.68,2.84,5,4.14
Kids,T-Shirt,2999.0,3,10,1,4.14,3.34,4,6.3
Kids,T-Shirt,2999.0,3,11,0,6.3,4.09,5,3.11
Kids,T-Shirt,2999.0,3,12,0,3.11,4.06,8,3.85
Kids,T-Shirt,2999.0,3,13,0,3.85,4.35,4,3.53
Kids,T-Shirt,2999.0,4,14,0,3.53,4.2,8,3.01
Kids,T-Shirt,2999.0,4,15,1,3.01,3.37,4,6.38
Kids,T-Shirt,2999.0,4,16,0,6.38,4.19,5,4.15
Kids,T-Shirt,2999.0,4,17,0,4.15,4.27,3,3.3
Kids,T-Shirt,2999.0,5,18,0,3.3,4.21,7,4.4
Kids,T-Shirt,2999.0,5,19,0,4.4,4.56,7,2.86
Kids,T-Shirt,2999.0,5,20,0,2.86,3.68,6,3.12
Kids,T-Shirt,2999.0,5,21,0,3.12,3.42,6,2.91
Kids,T-Shirt,2999.0,5,22,0,2.91,3.32,2,3.53
Kids,T-Shirt,2999.0,6,23,0,3.53,3.11,4,4.11
Kids,T-Shirt,2999.0,6,24,0,4.11,3.42,4,3.1
Kids,T-Shirt,2999.0,6,25,0,3.1,3.41,6,3.11
Kids,T-Shirt,2999.0,6,26,0,3.11,3.46,4,2.75
Kids,T-Shirt,2999.0,7,27,0,2.75,3.27,4,2.28
Kids,T-Shirt,2999.0,7,28,0,2.28,2.81,2,2.7
Kids,T-Shirt,2999.0,7,29,0,2.7,2.71,5,2.91
Kids,T-Shirt,2999.0,7,30,0,2.91,2.66,3,2.44
Kids,T-Shirt,2999.0,7,31,0,2.44,2.58,5,2.1
Kids,T-Shirt,2999.0,8,32,0,2.1,2.54,3,1.63
Kids,T-Shirt,2999.0,8,33,1,1.63,2.27,4,6.18
Kids,T-Shirt,2999.0,8,34,0,6.18,3.09,5,2.29
Kids,T-Shirt,2999.0,8,35,0,2.29,3.05,5,2.54
Kids,T-Shirt,2999.0,9,36,1,2.54,3.16,4,5.49
Kids,T-Shirt,2999.0,9,37,0,5.49,4.12,6,2.79
Kids,T-Shirt,2999.0,9,38,0,2.79,3.28,3,2.12
Kids,T-Shirt,2999.0,9,39,0,2.12,3.23,3,2.43
Kids,T-Shirt,2999.0,10,40,0,2.43,3.21,4,2.47
Kids,T-Shirt,2999.0,10,41,1,2.47,2.45,4,5.24
Kids,T-Shirt,2999.0,10,42,0,5.24,3.07,2,2.49
Kids,T-Shirt,2999.0,10,43,1,2.49,3.16,4,4.86
Kids,T-Shirt,2999.0,10,44,1,4.86,3.76,4,4.08
Kids,T-Shirt,2999.0,11,45,1,4.08,4.17,5,5.31
Kids,T-Shirt,2999.0,11,46,0,5.31,4.18,5,2.44
Kids,T-Shirt,2999.0,11,47,0,2.44,4.17,5,3.05
Kids,T-Shirt,2999.0,11,48,0,3.05,3.72,3,2.82
Kids,T-Shirt,2999.0,12,49,0,2.82,3.41,4,1.9
Kids,T-Shirt,2999.0,12,50,0,1.9,2.56,2,2.28
Kids,T-Shirt,2999.0,12,51,0,2.28,2.51,2,2.59
Kids,T-Shirt,2999.0,12,52,1,2.59,2.4,4,5.59
Kids,T-Shirt,2999.0,1,1,0,5.59,3.09,5,3.86
Kids,T-Shirt,2999.0,1,2,1,3.86,3.58,6,6.63
Kids,T-Shirt,2999.0,1,3,1,6.63,4.66,7,5.42
Kids,T-Shirt,2999.0,1,4,0,5.42,5.37,8,3.48
Kids,T-Shirt,2999.0,1,5,0,3.48,4.84,6,3.25
Kids,T-Shirt,2999.0,2,6,0,3.25,4.69,3,3.62
Kids,T-Shirt,2999.0,2,7,0,3.62,3.94,5,3.11
Kids,T-Shirt,2999.0,2,8,0,3.11,3.36,5,4.48
Kids,T-Shirt,2999.0,2,9,0,4.48,3.62,5,4.17
Kids,T-Shirt,2999.0,3,10,1,4.17,3.85,6,7.43
Kids,T-Shirt,2999.0,3,11,0,7.43,4.8,9,3.2
Kids,T-Shirt,2999.0,3,12,0,3.2,4.82,8,3.87
Kids,T-Shirt,2999.0,3,13,0,3.87,4.67,5,2.74
Kids,T-Shirt,2999.0,4,14,0,2.74,4.31,6,4.33
Kids,T-Shirt,2999.0,4,15,1,4.33,3.54,5,8.37
Kids,T-Shirt,2999.0,4,16,0,8.37,4.83,5,3.7
Kids,T-Shirt,2999.0,4,17,0,3.7,4.79,6,2.95
Kids,T-Shirt,2999.0,4,18,0,2.95,4.84,7,3.22
Kids,T-Shirt,2999.0,5,19,0,3.22,4.56,8,2.32
Kids,T-Shirt,2999.0,5,20,0,2.32,3.05,4,2.3
Kids,T-Shirt,2999.0,5,21,0,2.3,2.7,4,3.16
Kids,T-Shirt,2999.0,5,22,0,3.16,2.75,4,2.72
Kids,T-Shirt,2999.0,6,23,0,2.72,2.63,2,2.3
Kids,T-Shirt,2999.0,6,24,0,2.3,2.62,3,2.88
Kids,T-Shirt,2999.0,6,25,0,2.88,2.77,2,2.85
Kids,T-Shirt,2999.0,6,26,0,2.85,2.69,3,2.4
Kids,T-Shirt,2999.0,7,27,0,2.4,2.61,2,3.01
Kids,Ethnic,1999.0,7,28,0,4.8,4.8,7,5.33
Kids,Ethnic,1999.0,7,29,0,5.33,4.93,6,4.77
Kids,Ethnic,1999.0,7,30,0,4.77,4.92,3,4.37
Kids,Ethnic,1999.0,8,31,0,4.37,4.82,3,4.32
Kids,Ethnic,1999.0,8,32,0,4.32,4.7,6,4.04
Kids,Ethnic,1999.0,8,33,1,4.04,4.37,3,7.7
Kids,Ethnic,1999.0,8,34,0,7.7,5.11,9,4.26
Kids,Ethnic,1999.0,8,35,0,4.26,5.08,7,4.23
Kids,Ethnic,1999.0,9,36,1,4.23,5.06,10,7.89
Kids,Ethnic,1999.0,9,37,0,7.89,6.02,11,3.65
Kids,Ethnic,1999.0,9,38,0,3.65,5.0,5,3.32
Kids,Ethnic,1999.0,9,39,0,3.32,4.77,8,2.95
Kids,Ethnic,1999.0,10,40,0,2.95,4.45,7,3.31
Kids,Ethnic,1999.0,10,41,1,3.31,3.31,4,7.23
Kids,Ethnic,1999.0,10,42,0,7.23,4.2,6,3.69
Kids,Ethnic,1999.0,10,43,1,3.69,4.29,5,10.94
Kids,Ethnic,1999.0,10,44,1,10.94,6.29,9,9.02
Kids,Ethnic,1999.0,11,45,1,9.02,7.72,11,8.52
Kids,Ethnic,1999.0,11,46,0,8.52,8.04,6,4.51
Kids,Ethnic,1999.0,11,47,0,4.51,8.25,8,5.66
Kids,Ethnic,1999.0,11,48,0,5.66,6.93,8,3.86
Kids,Ethnic,1999.0,12,49,0,3.86,5.64,9,5.56
Kids,Ethnic,1999.0,12,50,0,5.56,4.9,5,2.92
Kids,Ethnic,1999.0,12,51,1,2.92,4.5,3,8.95
Kids,Ethnic,1999.0,12,52,1,8.95,5.32,6,7.97
Kids,Ethnic,1999.0,1,1,0,7.97,6.35,10,3.67
Kids,Ethnic,1999.0,1,2,1,3.67,5.88,9,11.99
Kids,Ethnic,1999.0,1,3,0,11.99,8.15,6,4.89
Kids,Ethnic,1999.0,1,4,0,4.89,7.13,14,4.87
Kids,Ethnic,1999.0,1,5,0,4.87,6.35,12,5.11
Kids,Ethnic,1999.0,2,6,0,5.11,6.72,13,5.49
Kids,Ethnic,1999.0,2,7,0,5.49,5.09,8,4.79
Kids,Ethnic,1999.0,2,8,0,4.79,5.06,5,4.19
Kids,Ethnic,1999.0,2,9,0,4.19,4.9,8,5.56
Kids,Ethnic,1999.0,3,10,1,5.56,5.01,3,11.59
Kids,Ethnic,1999.0,3,11,0,11.59,6.53,12,7.0
Kids,Ethnic,1999.0,3,12,0,7.0,7.09,4,5.66
Kids,Ethnic,1999.0,3,13,0,5.66,7.45,10,5.83
Kids,Ethnic,1999.0,4,14,0,5.83,7.52,5,4.9
Kids,Ethnic,1999.0,4,15,1,4.9,5.85,11,9.79
Kids,Ethnic,1999.0,4,16,0,9.79,6.55,6,6.04
Kids,Ethnic,1999.0,4,17,0,6.04,6.64,12,6.33
Kids,Ethnic,1999.0,5,18,0,6.33,6.77,8,6.56
Kids,Ethnic,1999.0,5,19,0,6.56,7.18,9,5.83
Kids,Ethnic,1999.0,5,20,0,5.83,6.19,8,4.83
Kids,Ethnic,1999.0,5,21,0,4.83,5.89,11,4.18
Kids,Ethnic,1999.0,5,22,0,4.18,5.35,3,4.47
Kids,Ethnic,1999.0,6,23,0,4.47,4.83,9,5.46
Kids,Ethnic,1999.0,6,24,0,5.46,4.73,8,4.02
Kids,Ethnic,1999.0,6,25,0,4.02,4.53,9,4.22
Kids,Ethnic,1999.0,6,26,0,4.22,4.54,5,4.37
Kids,Ethnic,1999.0,7,27,0,4.37,4.52,7,5.16
Kids,Ethnic,1999.0,7,28,0,5.16,4.44,3,5.58
Kids,Ethnic,1999.0,7,29,0,5.58,4.83,4,4.58
Kids,Ethnic,1999.0,7,30,0,4.58,4.92,2,4.59
Kids,Ethnic,1999.0,7,31,0,4.59,4.98,5,4.29
Kids,Ethnic,1999.0,8,32,0,4.29,4.76,4,4.11
Kids,Ethnic,1999.0,8,33,1,4.11,4.39,7,8.84
Kids,Ethnic,1999.0,8,34,0,8.84,5.46,10,3.95
Kids,Ethnic,1999.0,8,35,0,3.95,5.3,4,5.0
Kids,Ethnic,1999.0,9,36,1,5.0,5.47,6,8.09
Kids,Ethnic,1999.0,9,37,0,8.09,6.47,11,4.06
Kids,Ethnic,1999.0,9,38,0,4.06,5.28,6,3.84
Kids,Ethnic,1999.0,9,39,0,3.84,5.25,7,4.32
Kids,Ethnic,1999.0,10,40,0,4.32,5.08,3,3.42
Kids,Ethnic,1999.0,10,41,1,3.42,3.91,5,6.55
Kids,Ethnic,1999.0,10,42,0,6.55,4.53,7,4.26
Kids,Ethnic,1999.0,10,43,1,4.26,4.63,7,8.02
Kids,Ethnic,1999.0,10,44,1,8.02,5.56,11,8.72
Kids,Ethnic,1999.0,11,45,1,8.72,6.89,13,7.64
Kids,Ethnic,1999.0,11,46,0,7.64,7.16,10,4.16
Kids,Ethnic,1999.0,11,47,0,4.16,7.14,7,3.89
Kids,Ethnic,1999.0,11,48,0,3.89,6.1,6,4.22
Kids,Ethnic,1999.0,12,49,0,4.22,4.97,9,3.38
Kids,Ethnic,1999.0,12,50,0,3.38,3.91,6,3.09
Kids,Ethnic,1999.0,12,51,0,3.09,3.65,2,3.64
Kids,Ethnic,1999.0,12,52,1,3.64,3.58,4,10.51
Kids,Ethnic,1999.0,1,1,0,10.51,5.16,10,5.36
Kids,Ethnic,1999.0,1,2,1,5.36,5.65,11,12.41
Kids,Ethnic,1999.0,1,3,1,12.41,7.98,12,11.15
Kids,Ethnic,1999.0,1,4,0,11.15,9.86,16,4.85
Kids,Ethnic,1999.0,1,5,0,4.85,8.44,16,5.21
Kids,Ethnic,1999.0,2,6,0,5.21,8.41,11,3.68
Kids,Ethnic,1999.0,2,7,0,3.68,6.22,10,5.13
Kids,Ethnic,1999.0,2,8,0,5.13,4.72,3,5.62
Kids,Ethnic,1999.0,2,9,0,5.62,4.91,7,6.44
Kids,Ethnic,1999.0,3,10,1,6.44,5.22,3,11.35
Kids,Ethnic,1999.0,3,11,0,11.35,7.13,10,4.73
Kids,Ethnic,1999.0,3,12,0,4.73,7.03,12,6.53
Kids,Ethnic,1999.0,3,13,0,6.53,7.26,15,5.31
Kids,Ethnic,1999.0,4,14,0,5.31,6.98,5,5.05
Kids,Ethnic,1999.0,4,15,1,5.05,5.41,8,11.31
Kids,Ethnic,1999.0,4,16,0,11.31,7.05,8,5.28
Kids,Ethnic,1999.0,4,17,0,5.28,6.74,9,5.78
Kids,Ethnic,1999.0,4,18,0,5.78,6.86,5,6.17
Kids,Ethnic,1999.0,5,19,0,6.17,7.13,6,5.26
Kids,Ethnic,1999.0,5,20,0,5.26,5.62,9,5.21
Kids,Ethnic,1999.0,5,21,0,5.21,5.61,6,5.93
Kids,Ethnic,1999.0,5,22,0,5.93,5.64,10,5.84
Kids,Ethnic,1999.0,6,23,0,5.84,5.56,3,5.39
Kids,Ethnic,1999.0,6,24,0,5.39,5.59,6,5.0
Kids,Ethnic,1999.0,6,25,0,5.0,5.54,8,5.92
Kids,Ethnic,1999.0,6,26,0,5.92,5.54,6,4.39
Kids,Ethnic,1999.0,7,27,0,4.39,5.18,9,5.25
Newborn,Onesie,1299.0,7,28,0,3.3,3.3,4,2.83
Newborn,Onesie,1299.0,7,29,0,2.83,3.18,5,3.14
Newborn,Onesie,1299.0,7,30,0,3.14,3.14,4,2.46
Newborn,Onesie,1299.0,8,31,0,2.46,2.93,6,3.01
Newborn,Onesie,1299.0,8,32,0,3.01,2.86,5,3.44
Newborn,Onesie,1299.0,8,33,1,3.44,3.01,2,6.4
Newborn,Onesie,1299.0,8,34,0,6.4,3.83,3,2.01
Newborn,Onesie,1299.0,8,35,0,2.01,3.72,3,3.23
Newborn,Onesie,1299.0,9,36,1,3.23,3.77,4,4.95
Newborn,Onesie,1299.0,9,37,0,4.95,4.15,4,2.85
Newborn,Onesie,1299.0,9,38,0,2.85,3.26,5,2.63
Newborn,Onesie,1299.0,9,39,0,2.63,3.42,2,2.39
Newborn,Onesie,1299.0,10,40,0,2.39,3.21,4,2.77
Newborn,Onesie,1299.0,10,41,1,2.77,2.66,4,4.83
Newborn,Onesie,1299.0,10,42,0,4.83,3.16,4,2.94
Newborn,Onesie,1299.0,10,43,1,2.94,3.23,5,4.9
Newborn,Onesie,1299.0,10,44,1,4.9,3.86,2,4.88
Newborn,Onesie,1299.0,11,45,1,4.88,4.39,6,6.14
Newborn,Onesie,1299.0,11,46,0,6.14,4.72,7,3.76
Newborn,Onesie,1299.0,11,47,0,3.76,4.92,6,3.31
Newborn,Onesie,1299.0,11,48,0,3.31,4.53,6,3.31
Newborn,Onesie,1299.0,12,49,0,3.31,4.13,6,3.02
Newborn,Onesie,1299.0,12,50,0,3.02,3.35,2,3.38
Newborn,Onesie,1299.0,12,51,1,3.38,3.26,4,5.98
Newborn,Onesie,1299.0,12,52,1,5.98,3.93,4,7.91
Newborn,Onesie,1299.0,1,1,0,7.91,5.08,8,2.52
Newborn,Onesie,1299.0,1,2,1,2.52,4.95,9,6.74
Newborn,Onesie,1299.0,1,3,0,6.74,5.79,5,3.33
Newborn,Onesie,1299.0,1,4,0,3.33,5.13,10,3.55
Newborn,Onesie,1299.0,1,5,0,3.55,4.04,2,3.26
Newborn,Onesie,1299.0,2,6,0,3.26,4.22,4,3.78
Newborn,Onesie,1299.0,2,7,0,3.78,3.48,4,3.36
Newborn,Onesie,1299.0,2,8,0,3.36,3.49,6,3.55
Newborn,Onesie,1299.0,2,9,0,3.55,3.49,4,4.14
Newborn,Onesie,1299.0,3,10,1,4.14,3.71,6,10.84
Newborn,Onesie,1299.0,3,11,0,10.84,5.47,5,3.65
Newborn,Onesie,1299.0,3,12,0,3.65,5.55,4,4.14
Newborn,Onesie,1299.0,3,13,0,4.14,5.69,3,4.63
Newborn,Onesie,1299.0,4,14,0,4.63,5.82,11,4.2
Newborn,Onesie,1299.0,4,15,1,4.2,4.16,4,7.67
Newborn,Onesie,1299.0,4,16,0,7.67,5.16,8,3.81
Newborn,Onesie,1299.0,4,17,0,3.81,5.08,5,4.63
Newborn,Onesie,1299.0,5,18,0,4.63,5.08,3,2.79
Newborn,Onesie,1299.0,5,19,0,2.79,4.72,3,3.92
Newborn,Onesie,1299.0,5,20,0,3.92,3.78,4,3.59
Newborn,Onesie,1299.0,5,21,0,3.59,3.73,4,2.88
Newborn,Onesie,1299.0,5,22,0,2.88,3.29,2,3.68
Newborn,Onesie,1299.0,6,23,0,3.68,3.52,6,3.27
Newborn,Onesie,1299.0,6,24,0,3.27,3.36,5,2.97
Newborn,Onesie,1299.0,6,25,0,2.97,3.2,3,4.14
Newborn,Onesie,1299.0,6,26,0,4.14,3.51,6,2.91
Newborn,Onesie,1299.0,7,27,0,2.91,3.32,3,2.73
Newborn,Onesie,1299.0,7,28,0,2.73,3.19,3,2.54
Newborn,Onesie,1299.0,7,29,0,2.54,3.08,3,3.26
Newborn,Onesie,1299.0,7,30,0,3.26,2.86,5,3.23
Newborn,Onesie,1299.0,7,31,0,3.23,2.94,2,3.95
Newborn,Onesie,1299.0,8,32,0,3.95,3.25,3,2.78
Newborn,Onesie,1299.0,8,33,1,2.78,3.31,5,5.3
Newborn,Onesie,1299.0,8,34,0,5.3,3.81,5,2.31
Newborn,Onesie,1299.0,8,35,0,2.31,3.58,6,2.94
Newborn,Onesie,1299.0,9,36,1,2.94,3.33,5,4.27
Newborn,Onesie,1299.0,9,37,0,4.27,3.7,5,2.43
Newborn,Onesie,1299.0,9,38,0,2.43,2.99,4,2.75
Newborn,Onesie,1299.0,9,39,0,2.75,3.1,5,2.41
Newborn,Onesie,1299.0,10,40,0,2.41,2.97,4,2.4
Newborn,Onesie,1299.0,10,41,1,2.4,2.5,3,4.68
Newborn,Onesie,1299.0,10,42,0,4.68,3.06,4,3.23
Newborn,Onesie,1299.0,10,43,1,3.23,3.18,5,4.85
Newborn,Onesie,1299.0,10,44,1,4.85,3.79,5,5.83
Newborn,Onesie,1299.0,11,45,1,5.83,4.65,3,4.93
Newborn,Onesie,1299.0,11,46,0,4.93,4.71,9,1.98
Newborn,Onesie,1299.0,11,47,0,1.98,4.4,8,2.66
Newborn,Onesie,1299.0,11,48,0,2.66,3.85,7,2.94
Newborn,Onesie,1299.0,12,49,0,2.94,3.13,3,3.59
Newborn,Onesie,1299.0,12,50,0,3.59,2.79,2,2.13
Newborn,Onesie,1299.0,12,51,0,2.13,2.83,2,3.71
Newborn,Onesie,1299.0,12,52,1,3.71,3.09,5,5.59
Newborn,Onesie,1299.0,1,1,0,5.59,3.75,7,3.38
Newborn,Onesie,1299.0,1,2,1,3.38,3.7,6,6.67
Newborn,Onesie,1299.0,1,3,1,6.67,4.84,4,5.65
Newborn,Onesie,1299.0,1,4,0,5.65,5.32,8,3.23
Newborn,Onesie,1299.0,1,5,0,3.23,4.73,4,3.56
Newborn,Onesie,1299.0,2,6,0,3.56,4.78,7,2.95
Newborn,Onesie,1299.0,2,7,0,2.95,3.85,4,4.26
Newborn,Onesie,1299.0,2,8,0,4.26,3.5,4,3.81
Newborn,Onesie,1299.0,2,9,0,3.81,3.65,6,3.53
Newborn,Onesie,1299.0,3,10,1,3.53,3.64,4,7.36
Newborn,Onesie,1299.0,3,11,0,7.36,4.74,6,4.45
Newborn,Onesie,1299.0,3,12,0,4.45,4.79,6,4.63
Newborn,Onesie,1299.0,3,13,0,4.63,4.99,9,3.46
Newborn,Onesie,1299.0,4,14,0,3.46,4.97,4,3.27
Newborn,Onesie,1299.0,4,15,1,3.27,3.95,4,8.63
Newborn,Onesie,1299.0,4,16,0,8.63,5.0,4,3.32
Newborn,Onesie,1299.0,4,17,0,3.32,4.67,9,2.9
Newborn,Onesie,1299.0,4,18,0,2.9,4.53,2,4.12
Newborn,Onesie,1299.0,5,19,0,4.12,4.74,5,3.3
Newborn,Onesie,1299.0,5,20,0,3.3,3.41,4,3.25
Newborn,Onesie,1299.0,5,21,0,3.25,3.39,5,2.88
Newborn,Onesie,1299.0,5,22,0,2.88,3.39,6,4.67
Newborn,Onesie,1299.0,6,23,0,4.67,3.53,6,4.23
Newborn,Onesie,1299.0,6,24,0,4.23,3.76,7,3.36
Newborn,Onesie,1299.0,6,25,0,3.36,3.79,7,3.55
Newborn,Onesie,1299.0,6,26,0,3.55,3.95,3,3.45
Newborn,Onesie,1299.0,7,27,0,3.45,3.65,6,4.21
Kids,T-Shirt,2999.0,7,28,0,2.88,2.88,4,2.92
Kids,T-Shirt,2999.0,7,29,0,2.92,2.89,2,3.04
Kids,T-Shirt,2999.0,7,30,0,3.04,2.93,2,3.18
Kids,T-Shirt,2999.0,8,31,0,3.18,3.0,4,2.25
Kids,T-Shirt,2999.0,8,32,0,2.25,2.85,2,2.25
Kids,T-Shirt,2999.0,8,33,1,2.25,2.68,5,5.81
Kids,T-Shirt,2999.0,8,34,0,5.81,3.37,5,2.3
Kids,T-Shirt,2999.0,8,35,0,2.3,3.15,5,2.04
Kids,T-Shirt,2999.0,9,36,1,2.04,3.1,4,4.78
Kids,T-Shirt,2999.0,9,37,0,4.78,3.73,7,2.72
Kids,T-Shirt,2999.0,9,38,0,2.72,2.96,3,3.0
Kids,T-Shirt,2999.0,9,39,0,3.0,3.13,3,2.85
Kids,T-Shirt,2999.0,10,40,0,2.85,3.34,3,1.53
Kids,T-Shirt,2999.0,10,41,1,1.53,2.53,5,4.4
Kids,T-Shirt,2999.0,10,42,0,4.4,2.94,3,1.91
Kids,T-Shirt,2999.0,10,43,1,1.91,2.67,4,4.13
Kids,T-Shirt,2999.0,10,44,1,4.13,2.99,6,4.86
Kids,T-Shirt,2999.0,11,45,1,4.86,3.83,3,4.94
Kids,T-Shirt,2999.0,11,46,0,4.94,3.96,4,1.64
Kids,T-Shirt,2999.0,11,47,0,1.64,3.89,6,2.22
Kids,T-Shirt,2999.0,11,48,0,2.22,3.42,4,3.22
Kids,T-Shirt,2999.0,12,49,0,3.22,3.01,3,2.08
Kids,T-Shirt,2999.0,12,50,0,2.08,2.29,3,3.16
Kids,T-Shirt,2999.0,12,51,1,3.16,2.67,5,5.09
Kids,T-Shirt,2999.0,12,52,1,5.09,3.39,3,5.63
Kids,T-Shirt,2999.0,1,1,0,5.63,3.99,6,3.45
Kids,T-Shirt,2999.0,1,2,1,3.45,4.33,4,5.69
Kids,T-Shirt,2999.0,1,3,0,5.69,4.97,7,3.83
Kids,T-Shirt,2999.0,1,4,0,3.83,4.65,4,2.43
Kids,T-Shirt,2999.0,1,5,0,2.43,3.85,6,3.59
Kids,T-Shirt,2999.0,2,6,0,3.59,3.89,6,3.58
Kids,T-Shirt,2999.0,2,7,0,3.58,3.36,5,4.06
Kids,T-Shirt,2999.0,2,8,0,4.06,3.42,4,3.6
Kids,T-Shirt,2999.0,2,9,0,3.6,3.71,2,3.27
Kids,T-Shirt,2999.0,3,10,1,3.27,3.63,4,5.9
Kids,T-Shirt,2999.0,3,11,0,5.9,4.21,6,3.24
Kids,T-Shirt,2999.0,3,12,0,3.24,4.0,4,2.65
Kids,T-Shirt,2999.0,3,13,0,2.65,3.77,5,3.88
Kids,T-Shirt,2999.0,4,14,0,3.88,3.92,3,3.42
Kids,T-Shirt,2999.0,4,15,1,3.42,3.3,2,6.69
Kids,T-Shirt,2999.0,4,16,0,6.69,4.16,5,3.21
Kids,T-Shirt,2999.0,4,17,0,3.21,4.3,3,3.76
Kids,T-Shirt,2999.0,5,18,0,3.76,4.27,5,3.28
Kids,T-Shirt,2999.0,5,19,0,3.28,4.23,4,3.36
Kids,T-Shirt,2999.0,5,20,0,3.36,3.4,5,3.31
Kids,T-Shirt,2999.0,5,21,0,3.31,3.43,5,3.51
Kids,T-Shirt,2999.0,5,22,0,3.51,3.37,6,3.42
Kids,T-Shirt,2999.0,6,23,0,3.42,3.4,4,3.73
Kids,T-Shirt,2999.0,6,24,0,3.73,3.49,6,3.59
Kids,T-Shirt,2999.0,6,25,0,3.59,3.56,3,2.8
Kids,T-Shirt,2999.0,6,26,0,2.8,3.38,2,3.78
Kids,T-Shirt,2999.0,7,27,0,3.78,3.47,7,3.06
Kids,T-Shirt,2999.0,7,28,0,3.06,3.31,3,3.72
Kids,T-Shirt,2999.0,7,29,0,3.72,3.34,3,2.85
Kids,T-Shirt,2999.0,7,30,0,2.85,3.35,4,2.52
Kids,T-Shirt,2999.0,7,31,0,2.52,3.04,5,2.38
Kids,T-Shirt,2999.0,8,32,0,2.38,2.87,2,1.93
Kids,T-Shirt,2999.0,8,33,1,1.93,2.42,3,5.13
Kids,T-Shirt,2999.0,8,34,0,5.13,2.99,5,2.54
Kids,T-Shirt,2999.0,8,35,0,2.54,2.99,5,2.38
Kids,T-Shirt,2999.0,9,36,1,2.38,3.0,4,4.99
Kids,T-Shirt,2999.0,9,37,0,4.99,3.76,5,1.88
Kids,T-Shirt,2999.0,9,38,0,1.88,2.95,2,2.27
Kids,T-Shirt,2999.0,9,39,0,2.27,2.88,2,1.93
Kids,T-Shirt,2999.0,10,40,0,1.93,2.77,5,2.44
Kids,T-Shirt,2999.0,10,41,1,2.44,2.13,3,4.72
Kids,T-Shirt,2999.0,10,42,0,4.72,2.84,4,2.71
Kids,T-Shirt,2999.0,10,43,1,2.71,2.95,4,4.46
Kids,T-Shirt,2999.0,10,44,1,4.46,3.58,5,5.54
Kids,T-Shirt,2999.0,11,45,1,5.54,4.36,4,4.73
Kids,T-Shirt,2999.0,11,46,0,4.73,4.36,2,2.7
Kids,T-Shirt,2999.0,11,47,0,2.7,4.36,8,2.22
Kids,T-Shirt,2999.0,11,48,0,2.22,3.8,5,2.57
Kids,T-Shirt,2999.0,12,49,0,2.57,3.05,4,2.59
Kids,T-Shirt,2999.0,12,50,0,2.59,2.52,4,3.16
Kids,T-Shirt,2999.0,12,51,0,3.16,2.63,4,2.72
Kids,T-Shirt,2999.0,12,52,1,2.72,2.76,4,5.58
Kids,T-Shirt,2999.0,1,1,0,5.58,3.51,3,3.8
Kids,T-Shirt,2999.0,1,2,1,3.8,3.81,7,6.66
Kids,T-Shirt,2999.0,1,3,1,6.66,4.69,9,5.79
Kids,T-Shirt,2999.0,1,4,0,5.79,5.46,10,3.35
Kids,T-Shirt,2999.0,1,5,0,3.35,4.9,8,3.6
Kids,T-Shirt,2999.0,2,6,0,3.6,4.85,3,3.27
Kids,T-Shirt,2999.0,2,7,0,3.27,4.0,3,3.66
Kids,T-Shirt,2999.0,2,8,0,3.66,3.47,7,3.33
Kids,T-Shirt,2999.0,2,9,0,3.33,3.46,2,3.96
Kids,T-Shirt,2999.0,3,10,1,3.96,3.55,5,5.01
Kids,T-Shirt,2999.0,3,11,0,5.01,3.99,6,2.95
Kids,T-Shirt,2999.0,3,12,0,2.95,3.81,4,3.23
Kids,T-Shirt,2999.0,3,13,0,3.23,3.79,4,3.86
Kids,T-Shirt,2999.0,4,14,0,3.86,3.76,7,3.64
Kids,T-Shirt,2999.0,4,15,1,3.64,3.42,5,6.15
Kids,T-Shirt,2999.0,4,16,0,6.15,4.22,8,3.51
Kids,T-Shirt,2999.0,4,17,0,3.51,4.29,6,2.54
Kids,T-Shirt,2999.0,4,18,0,2.54,3.96,8,2.68
Kids,T-Shirt,2999.0,5,19,0,2.68,3.72,6,2.59
Kids,T-Shirt,2999.0,5,20,0,2.59,2.83,4,2.78
Kids,T-Shirt,2999.0,5,21,0,2.78,2.64,3,3.62
Kids,T-Shirt,2999.0,5,22,0,3.62,2.92,3,3.39
Kids,T-Shirt,2999.0,6,23,0,3.39,3.09,3,3.02
Kids,T-Shirt,2999.0,6,24,0,3.02,3.2,6,3.44
Kids,T-Shirt,2999.0,6,25,0,3.44,3.37,6,3.58
Kids,T-Shirt,2999.0,6,26,0,3.58,3.36,4,2.49
Kids,T-Shirt,2999.0,7,27,0,2.49,3.13,6,3.37
Men,T-Shirt,299.0,7,28,0,9.6,9.6,8,8.23
Men,T-Shirt,299.0,7,29,0,8.23,9.26,5,8.24
Men,T-Shirt,299.0,7,30,0,8.24,8.92,12,11.22
Men,T-Shirt,299.0,8,31,0,11.22,9.32,16,8.84
Men,T-Shirt,299.0,8,32,0,8.84,9.13,11,7.85
Men,T-Shirt,299.0,8,33,1,7.85,9.04,13,17.94
Men,T-Shirt,299.0,8,34,0,17.94,11.46,12,9.2
Men,T-Shirt,299.0,8,35,0,9.2,10.96,12,8.19
Men,T-Shirt,299.0,9,36,1,8.19,10.79,10,14.64
Men,T-Shirt,299.0,9,37,0,14.64,12.49,18,8.17
Men,T-Shirt,299.0,9,38,0,8.17,10.05,19,8.47
Men,T-Shirt,299.0,9,39,0,8.47,9.87,12,7.55
Men,T-Shirt,299.0,10,40,0,7.55,9.71,12,9.7
Men,T-Shirt,299.0,10,41,1,9.7,8.47,7,16.12
Men,T-Shirt,299.0,10,42,0,16.12,10.46,9,8.76
Men,T-Shirt,299.0,10,43,1,8.76,10.53,18,17.77
Men,T-Shirt,299.0,10,44,1,17.77,13.09,19,12.64
Men,T-Shirt,299.0,11,45,1,12.64,13.82,12,17.59
Men,T-Shirt,299.0,11,46,0,17.59,14.19,27,9.09
Men,T-Shirt,299.0,11,47,0,9.09,14.27,13,7.82
Men,T-Shirt,299.0,11,48,0,7.82,11.78,22,7.8
Men,T-Shirt,299.0,12,49,0,7.8,10.58,9,6.98
Men,T-Shirt,299.0,12,50,0,6.98,7.92,8,10.85
Men,T-Shirt,299.0,12,51,1,10.85,8.36,13,16.31
Men,T-Shirt,299.0,12,52,1,16.31,10.49,17,15.12
Men,T-Shirt,299.0,1,1,0,15.12,12.31,7,9.23
Men,T-Shirt,299.0,1,2,1,9.23,12.88,15,17.0
Men,T-Shirt,299.0,1,3,0,17.0,14.41,22,8.06
Men,T-Shirt,299.0,1,4,0,8.06,12.35,17,13.93
Men,T-Shirt,299.0,1,5,0,13.93,12.05,13,8.97
Men,T-Shirt,299.0,2,6,0,8.97,11.99,15,9.57
Men,T-Shirt,299.0,2,7,0,9.57,10.13,8,11.15
Men,T-Shirt,299.0,2,8,0,11.15,10.9,17,8.8
Men,T-Shirt,299.0,2,9,0,8.8,9.62,6,11.09
Men,T-Shirt,299.0,3,10,1,11.09,10.15,9,24.78
Men,T-Shirt,299.0,3,11,0,24.78,13.95,27,11.83
Men,T-Shirt,299.0,3,12,0,11.83,14.12,28,12.25
Men,T-Shirt,299.0,3,13,0,12.25,14.99,12,11.32
Men,T-Shirt,299.0,4,14,0,11.32,15.05,13,10.77
Men,T-Shirt,299.0,4,15,1,10.77,11.54,7,24.62
Men,T-Shirt,299.0,4,16,0,24.62,14.74,17,12.13
Men,T-Shirt,299.0,4,17,0,12.13,14.71,25,9.61
Men,T-Shirt,299.0,5,18,0,9.61,14.28,8,11.48
Men,T-Shirt,299.0,5,19,0,11.48,14.46,9,11.07
Men,T-Shirt,299.0,5,20,0,11.07,11.08,19,12.08
Men,T-Shirt,299.0,5,21,0,12.08,11.06,14,11.38
Men,T-Shirt,299.0,5,22,0,11.38,11.5,12,5.53
Men,T-Shirt,299.0,6,23,0,5.53,10.02,14,12.39
Men,T-Shirt,299.0,6,24,0,12.39,10.35,9,11.66
Men,T-Shirt,299.0,6,25,0,11.66,10.24,14,11.6
Men,T-Shirt,299.0,6,26,0,11.6,10.3,17,10.78
Men,T-Shirt,299.0,7,27,0,10.78,11.61,8,10.99
Men,T-Shirt,299.0,7,28,0,10.99,11.26,7,8.83
Men,T-Shirt,299.0,7,29,0,8.83,10.55,10,10.3
Men,T-Shirt,299.0,7,30,0,10.3,10.23,20,8.82
Men,T-Shirt,299.0,7,31,0,8.82,9.74,10,6.92
Men,T-Shirt,299.0,8,32,0,6.92,8.72,13,9.58
Men,T-Shirt,299.0,8,33,1,9.58,8.91,9,17.21
Men,T-Shirt,299.0,8,34,0,17.21,10.63,5,9.89
Men,T-Shirt,299.0,8,35,0,9.89,10.9,17,8.13
Men,T-Shirt,299.0,9,36,1,8.13,11.2,10,13.98
Men,T-Shirt,299.0,9,37,0,13.98,12.3,24,7.17
Men,T-Shirt,299.0,9,38,0,7.17,9.79,7,7.49
Men,T-Shirt,299.0,9,39,0,7.49,9.19,10,8.01
Men,T-Shirt,299.0,10,40,0,8.01,9.16,18,8.86
Men,T-Shirt,299.0,10,41,1,8.86,7.88,13,15.99
Men,T-Shirt,299.0,10,42,0,15.99,10.09,6,6.52
Men,T-Shirt,299.0,10,43,1,6.52,9.85,14,16.32
Men,T-Shirt,299.0,10,44,1,16.32,11.92,12,18.68
Men,T-Shirt,299.0,11,45,1,18.68,14.38,8,16.41
Men,T-Shirt,299.0,11,46,0,16.41,14.48,25,8.73
Men,T-Shirt,299.0,11,47,0,8.73,15.03,8,8.26
Men,T-Shirt,299.0,11,48,0,8.26,13.02,14,8.44
Men,T-Shirt,299.0,12,49,0,8.44,10.46,11,10.14
Men,T-Shirt,299.0,12,50,0,10.14,8.89,13,10.0
Men,T-Shirt,299.0,12,51,0,10.0,9.21,13,12.5
Men,T-Shirt,299.0,12,52,1,12.5,10.27,18,17.58
Men,T-Shirt,299.0,1,1,0,17.58,12.55,19,8.71
Men,T-Shirt,299.0,1,2,1,8.71,12.2,6,15.85
Men,T-Shirt,299.0,1,3,1,15.85,13.66,13,19.54
Men,T-Shirt,299.0,1,4,0,19.54,15.42,27,10.27
Men,T-Shirt,299.0,1,5,0,10.27,13.59,13,9.45
Men,T-Shirt,299.0,2,6,0,9.45,13.77,9,11.47
Men,T-Shirt,299.0,2,7,0,11.47,12.68,19,12.2
Men,T-Shirt,299.0,2,8,0,12.2,10.85,8,11.76
Men,T-Shirt,299.0,2,9,0,11.76,11.22,12,9.6
Men,T-Shirt,299.0,3,10,1,9.6,11.26,8,20.55
Men,T-Shirt,299.0,3,11,0,20.55,13.53,13,11.56
Men,T-Shirt,299.0,3,12,0,11.56,13.37,10,13.43
Men,T-Shirt,299.0,3,13,0,13.43,13.78,14,11.3
Men,T-Shirt,299.0,4,14,0,11.3,14.21,20,8.29
Men,T-Shirt,299.0,4,15,1,8.29,11.14,10,22.24
Men,T-Shirt,299.0,4,16,0,22.24,13.81,9,11.51
Men,T-Shirt,299.0,4,17,0,11.51,13.33,19,14.05
Men,T-Shirt,299.0,4,18,0,14.05,14.02,7,8.11
Men,T-Shirt,299.0,5,19,0,8.11,13.98,11,12.52
Men,T-Shirt,299.0,5,20,0,12.52,11.55,16,8.88
Men,T-Shirt,299.0,5,21,0,8.88,10.89,17,10.19
Men,T-Shirt,299.0,5,22,0,10.19,9.92,15,11.3
Men,T-Shirt,299.0,6,23,0,11.3,10.72,15,11.96
Men,T-Shirt,299.0,6,24,0,11.96,10.58,13,9.34
Men,T-Shirt,299.0,6,25,0,9.34,10.7,7,9.47
Men,T-Shirt,299.0,6,26,0,9.47,10.52,20,9.62
Men,T-Shirt,299.0,7,27,0,9.62,10.1,20,7.06
Kids,Ethnic,699.0,7,28,0,7.68,7.68,14,6.68
Kids,Ethnic,699.0,7,29,0,6.68,7.43,13,8.78
Kids,Ethnic,699.0,7,30,0,8.78,7.71,6,7.31
Kids,Ethnic,699.0,8,31,0,7.31,7.61,5,7.63
Kids,Ethnic,699.0,8,32,0,7.63,7.6,4,6.61
Kids,Ethnic,699.0,8,33,1,6.61,7.58,14,9.46
Kids,Ethnic,699.0,8,34,0,9.46,7.75,12,6.35
Kids,Ethnic,699.0,8,35,0,6.35,7.51,6,7.36
Kids,Ethnic,699.0,9,36,1,7.36,7.45,14,9.36
Kids,Ethnic,699.0,9,37,0,9.36,8.13,5,6.23
Kids,Ethnic,699.0,9,38,0,6.23,7.33,9,6.67
Kids,Ethnic,699.0,9,39,0,6.67,7.41,10,5.86
Kids,Ethnic,699.0,10,40,0,5.86,7.03,4,5.61
Kids,Ethnic,699.0,10,41,1,5.61,6.1,12,12.71
Kids,Ethnic,699.0,10,42,0,12.71,7.72,12,5.51
Kids,Ethnic,699.0,10,43,1,5.51,7.42,6,9.84
Kids,Ethnic,699.0,10,44,1,9.84,8.42,15,12.14
Kids,Ethnic,699.0,11,45,1,12.14,10.05,9,16.23
Kids,Ethnic,699.0,11,46,0,16.23,10.93,11,7.09
Kids,Ethnic,699.0,11,47,0,7.09,11.33,13,6.26
Kids,Ethnic,699.0,11,48,0,6.26,10.43,12,7.45
Kids,Ethnic,699.0,12,49,0,7.45,9.26,8,8.3
Kids,Ethnic,699.0,12,50,0,8.3,7.28,14,6.49
Kids,Ethnic,699.0,12,51,1,6.49,7.13,5,16.0
Kids,Ethnic,699.0,12,52,1,16.0,9.56,7,14.4
Kids,Ethnic,699.0,1,1,0,14.4,11.3,12,9.27
Kids,Ethnic,699.0,1,2,1,9.27,11.54,10,14.72
Kids,Ethnic,699.0,1,3,0,14.72,13.6,24,7.66
Kids,Ethnic,699.0,1,4,0,7.66,11.51,8,8.82
Kids,Ethnic,699.0,1,5,0,8.82,10.12,10,7.44
Kids,Ethnic,699.0,2,6,0,7.44,9.66,9,7.5
Kids,Ethnic,699.0,2,7,0,7.5,7.86,5,10.41
Kids,Ethnic,699.0,2,8,0,10.41,8.54,12,10.25
Kids,Ethnic,699.0,2,9,0,10.25,8.9,14,9.98
Kids,Ethnic,699.0,3,10,1,9.98,9.53,10,16.49
Kids,Ethnic,699.0,3,11,0,16.49,11.78,23,11.95
Kids,Ethnic,699.0,3,12,0,11.95,12.17,10,9.26
Kids,Ethnic,699.0,3,13,0,9.26,11.92,14,9.46
Kids,Ethnic,699.0,4,14,0,9.46,11.79,18,11.46
Kids,Ethnic,699.0,4,15,1,11.46,10.53,13,18.34
Kids,Ethnic,699.0,4,16,0,18.34,12.13,18,8.22
Kids,Ethnic,699.0,4,17,0,8.22,11.87,8,9.99
Kids,Ethnic,699.0,5,18,0,9.99,12.0,13,9.29
Kids,Ethnic,699.0,5,19,0,9.29,11.46,19,9.98
Kids,Ethnic,699.0,5,20,0,9.98,9.37,12,10.67
Kids,Ethnic,699.0,5,21,0,10.67,9.98,5,10.6
Kids,Ethnic,699.0,5,22,0,10.6,10.13,15,7.89
Kids,Ethnic,699.0,6,23,0,7.89,9.78,9,7.97
Kids,Ethnic,699.0,6,24,0,7.97,9.28,7,5.67
Kids,Ethnic,699.0,6,25,0,5.67,8.03,16,7.17
Kids,Ethnic,699.0,6,26,0,7.17,7.17,12,7.77
Kids,Ethnic,699.0,7,27,0,7.77,7.15,5,9.13
Kids,Ethnic,699.0,7,28,0,9.13,7.44,13,7.37
Kids,Ethnic,699.0,7,29,0,7.37,7.86,12,8.31
Kids,Ethnic,699.0,7,30,0,8.31,8.14,6,6.51
Kids,Ethnic,699.0,7,31,0,6.51,7.83,13,5.88
Kids,Ethnic,699.0,8,32,0,5.88,7.02,10,6.81
Kids,Ethnic,699.0,8,33,1,6.81,6.88,11,13.9
Kids,Ethnic,699.0,8,34,0,13.9,8.28,9,5.84
Kids,Ethnic,699.0,8,35,0,5.84,8.11,11,5.3
Kids,Ethnic,699.0,9,36,1,5.3,7.96,10,11.75
Kids,Ethnic,699.0,9,37,0,11.75,9.2,15,6.84
Kids,Ethnic,699.0,9,38,0,6.84,7.43,5,6.21
Kids,Ethnic,699.0,9,39,0,6.21,7.52,10,5.34
Kids,Ethnic,699.0,10,40,0,5.34,7.53,13,5.45
Kids,Ethnic,699.0,10,41,1,5.45,5.96,6,13.73
Kids,Ethnic,699.0,10,42,0,13.73,7.68,14,6.05
Kids,Ethnic,699.0,10,43,1,6.05,7.65,5,9.94
Kids,Ethnic,699.0,10,44,1,9.94,8.79,9,14.89
Kids,Ethnic,699.0,11,45,1,14.89,11.15,7,10.33
Kids,Ethnic,699.0,11,46,0,10.33,10.3,20,7.54
Kids,Ethnic,699.0,11,47,0,7.54,10.67,6,6.16
Kids,Ethnic,699.0,11,48,0,6.16,9.73,15,5.88
Kids,Ethnic,699.0,12,49,0,5.88,7.48,4,7.16
Kids,Ethnic,699.0,12,50,0,7.16,6.68,13,6.93
Kids,Ethnic,699.0,12,51,0,6.93,6.53,13,6.82
Kids,Ethnic,699.0,12,52,1,6.82,6.7,9,15.53
Kids,Ethnic,699.0,1,1,0,15.53,9.11,11,6.32
Kids,Ethnic,699.0,1,2,1,6.32,8.9,15,16.03
Kids,Ethnic,699.0,1,3,1,16.03,11.17,10,16.57
Kids,Ethnic,699.0,1,4,0,16.57,13.61,13,7.59
Kids,Ethnic,699.0,1,5,0,7.59,11.62,7,4.9
Kids,Ethnic,699.0,2,6,0,4.9,11.27,9,8.35
Kids,Ethnic,699.0,2,7,0,8.35,9.35,8,8.46
Kids,Ethnic,699.0,2,8,0,8.46,7.32,9,8.45
Kids,Ethnic,699.0,2,9,0,8.45,7.54,7,6.75
Kids,Ethnic,699.0,3,10,1,6.75,8.0,13,18.41
Kids,Ethnic,699.0,3,11,0,18.41,10.52,20,10.33
Kids,Ethnic,699.0,3,12,0,10.33,10.98,13,8.82
Kids,Ethnic,699.0,3,13,0,8.82,11.08,11,7.56
Kids,Ethnic,699.0,4,14,0,7.56,11.28,8,9.8
Kids,Ethnic,699.0,4,15,1,9.8,9.13,12,22.38
Kids,Ethnic,699.0,4,16,0,22.38,12.14,21,7.96
Kids,Ethnic,699.0,4,17,0,7.96,11.92,13,7.95
Kids,Ethnic,699.0,4,18,0,7.95,12.02,8,10.66
Kids,Ethnic,699.0,5,19,0,10.66,12.24,17,8.7
Kids,Ethnic,699.0,5,20,0,8.7,8.82,15,6.56
Kids,Ethnic,699.0,5,21,0,6.56,8.47,16,11.02
Kids,Ethnic,699.0,5,22,0,11.02,9.23,12,5.56
Kids,Ethnic,699.0,6,23,0,5.56,7.96,13,6.07
Kids,Ethnic,699.0,6,24,0,6.07,7.3,4,6.82
Kids,Ethnic,699.0,6,25,0,6.82,7.37,14,8.86
Kids,Ethnic,699.0,6,26,0,8.86,6.83,12,8.76
Kids,Ethnic,699.0,7,27,0,8.76,7.63,7,6.13
Newborn,Set,699.0,7,28,0,5.28,5.28,10,4.47
Newborn,Set,699.0,7,29,0,4.47,5.08,3,5.18
Newborn,Set,699.0,7,30,0,5.18,5.05,9,5.88
Newborn,Set,699.0,8,31,0,5.88,5.2,4,3.04
Newborn,Set,699.0,8,32,0,3.04,4.64,4,3.39
Newborn,Set,699.0,8,33,1,3.39,4.37,7,8.35
Newborn,Set,699.0,8,34,0,8.35,5.16,6,3.46
Newborn,Set,699.0,8,35,0,3.46,4.56,9,5.12
Newborn,Set,699.0,9,36,1,5.12,5.08,10,8.51
Newborn,Set,699.0,9,37,0,8.51,6.36,11,4.93
Newborn,Set,699.0,9,38,0,4.93,5.51,10,4.43
Newborn,Set,699.0,9,39,0,4.43,5.75,11,4.64
Newborn,Set,699.0,10,40,0,4.64,5.63,9,3.79
Newborn,Set,699.0,10,41,1,3.79,4.45,7,6.04
Newborn,Set,699.0,10,42,0,6.04,4.72,5,4.13
Newborn,Set,699.0,10,43,1,4.13,4.65,3,9.78
Newborn,Set,699.0,10,44,1,9.78,5.93,6,11.05
Newborn,Set,699.0,11,45,1,11.05,7.75,9,8.5
Newborn,Set,699.0,11,46,0,8.5,8.36,5,5.0
Newborn,Set,699.0,11,47,0,5.0,8.58,13,4.13
Newborn,Set,699.0,11,48,0,4.13,7.17,13,4.41
Newborn,Set,699.0,12,49,0,4.41,5.51,7,4.75
Newborn,Set,699.0,12,50,0,4.75,4.57,7,6.09
Newborn,Set,699.0,12,51,1,6.09,4.85,8,11.15
Newborn,Set,699.0,12,52,1,11.15,6.6,7,11.19
Newborn,Set,699.0,1,1,0,11.19,8.3,7,6.48
Newborn,Set,699.0,1,2,1,6.48,8.73,7,9.55
Newborn,Set,699.0,1,3,0,9.55,9.59,14,5.32
Newborn,Set,699.0,1,4,0,5.32,8.13,15,6.12
Newborn,Set,699.0,1,5,0,6.12,6.86,13,5.29
Newborn,Set,699.0,2,6,0,5.29,6.57,7,5.6
Newborn,Set,699.0,2,7,0,5.6,5.58,9,6.19
Newborn,Set,699.0,2,8,0,6.19,5.8,11,6.02
Newborn,Set,699.0,2,9,0,6.02,5.77,11,5.17
Newborn,Set,699.0,3,10,1,5.17,5.74,11,11.11
Newborn,Set,699.0,3,11,0,11.11,7.12,11,5.25
Newborn,Set,699.0,3,12,0,5.25,6.89,4,6.96
Newborn,Set,699.0,3,13,0,6.96,7.12,12,5.62
Newborn,Set,699.0,4,14,0,5.62,7.24,14,6.82
Newborn,Set,699.0,4,15,1,6.82,6.16,4,12.86
Newborn,Set,699.0,4,16,0,12.86,8.06,15,6.24
Newborn,Set,699.0,4,17,0,6.24,7.88,14,5.09
Newborn,Set,699.0,5,18,0,5.09,7.75,7,6.3
Newborn,Set,699.0,5,19,0,6.3,7.62,4,6.5
Newborn,Set,699.0,5,20,0,6.5,6.03,11,6.68
Newborn,Set,699.0,5,21,0,6.68,6.14,6,4.98
Newborn,Set,699.0,5,22,0,4.98,6.11,6,5.62
Newborn,Set,699.0,6,23,0,5.62,5.94,8,6.57
Newborn,Set,699.0,6,24,0,6.57,5.96,7,6.34
Newborn,Set,699.0,6,25,0,6.34,5.88,5,5.41
Newborn,Set,699.0,6,26,0,5.41,5.98,5,4.36
Newborn,Set,699.0,7,27,0,4.36,5.67,3,5.85
Newborn,Set,699.0,7,28,0,5.85,5.49,8,5.1
Newborn,Set,699.0,7,29,0,5.1,5.18,9,4.31
Newborn,Set,699.0,7,30,0,4.31,4.9,4,4.71
Newborn,Set,699.0,7,31,0,4.71,4.99,4,3.88
Newborn,Set,699.0,8,32,0,3.88,4.5,2,5.18
Newborn,Set,699.0,8,33,1,5.18,4.52,5,6.82
Newborn,Set,699.0,8,34,0,6.82,5.15,4,5.17
Newborn,Set,699.0,8,35,0,5.17,5.26,9,4.55
Newborn,Set,699.0,9,36,1,4.55,5.43,9,7.07
Newborn,Set,699.0,9,37,0,7.07,5.9,10,4.08
Newborn,Set,699.0,9,38,0,4.08,5.22,6,3.97
Newborn,Set,699.0,9,39,0,3.97,4.92,3,3.68
Newborn,Set,699.0,10,40,0,3.68,4.7,9,4.31
Newborn,Set,699.0,10,41,1,4.31,4.01,6,10.34
Newborn,Set,699.0,10,42,0,10.34,5.58,4,3.76
Newborn,Set,699.0,10,43,1,3.76,5.52,10,8.65
Newborn,Set,699.0,10,44,1,8.65,6.77,12,8.68
Newborn,Set,699.0,11,45,1,8.68,7.86,11,9.01
Newborn,Set,699.0,11,46,0,9.01,7.53,10,2.97
Newborn,Set,699.0,11,47,0,2.97,7.33,7,5.36
Newborn,Set,699.0,11,48,0,5.36,6.51,4,6.36
Newborn,Set,699.0,12,49,0,6.36,5.93,10,4.78
Newborn,Set,699.0,12,50,0,4.78,4.87,6,5.42
Newborn,Set,699.0,12,51,0,5.42,5.48,3,5.32
Newborn,Set,699.0,12,52,1,5.32,5.47,8,8.61
Newborn,Set,699.0,1,1,0,8.61,6.03,3,5.2
Newborn,Set,699.0,1,2,1,5.2,6.14,3,9.69
Newborn,Set,699.0,1,3,1,9.69,7.21,14,10.74
Newborn,Set,699.0,1,4,0,10.74,8.56,7,5.68
Newborn,Set,699.0,1,5,0,5.68,7.83,15,5.85
Newborn,Set,699.0,2,6,0,5.85,7.99,5,5.2
Newborn,Set,699.0,2,7,0,5.2,6.87,13,6.07
Newborn,Set,699.0,2,8,0,6.07,5.7,6,5.92
Newborn,Set,699.0,2,9,0,5.92,5.76,8,7.1
Newborn,Set,699.0,3,10,1,7.1,6.07,9,13.6
Newborn,Set,699.0,3,11,0,13.6,8.17,7,7.04
Newborn,Set,699.0,3,12,0,7.04,8.41,14,7.16
Newborn,Set,699.0,3,13,0,7.16,8.72,6,5.43
Newborn,Set,699.0,4,14,0,5.43,8.31,9,6.88
Newborn,Set,699.0,4,15,1,6.88,6.63,9,10.78
Newborn,Set,699.0,4,16,0,10.78,7.56,13,7.55
Newborn,Set,699.0,4,17,0,7.55,7.66,7,6.78
Newborn,Set,699.0,4,18,0,6.78,8.0,14,5.23
Newborn,Set,699.0,5,19,0,5.23,7.59,13,6.25
Newborn,Set,699.0,5,20,0,6.25,6.45,4,5.3
Newborn,Set,699.0,5,21,0,5.3,5.89,8,5.53
Newborn,Set,699.0,5,22,0,5.53,5.58,8,6.11
Newborn,Set,699.0,6,23,0,6.11,5.8,8,5.23
Newborn,Set,699.0,6,24,0,5.23,5.54,10,5.39
Newborn,Set,699.0,6,25,0,5.39,5.57,3,6.29
Newborn,Set,699.0,6,26,0,6.29,5.75,8,5.23
Newborn,Set,699.0,7,27,0,5.23,5.53,3,4.53
Women,Kurti,299.0,7,28,0,12.96,12.96,24,9.15
Women,Kurti,299.0,7,29,0,9.15,12.01,16,13.34
Women,Kurti,299.0,7,30,0,13.34,12.1,20,12.98
Women,Kurti,299.0,8,31,0,12.98,12.11,14,11.83
Women,Kurti,299.0,8,32,0,11.83,11.82,9,15.06
Women,Kurti,299.0,8,33,1,15.06,13.3,8,21.13
Women,Kurti,299.0,8,34,0,21.13,15.25,14,12.63
Women,Kurti,299.0,8,35,0,12.63,15.16,11,9.61
Women,Kurti,299.0,9,36,1,9.61,14.61,21,23.38
Women,Kurti,299.0,9,37,0,23.38,16.69,26,8.8
Women,Kurti,299.0,9,38,0,8.8,13.6,16,11.45
Women,Kurti,299.0,9,39,0,11.45,13.31,17,9.92
Women,Kurti,299.0,10,40,0,9.92,13.38,18,11.06
Women,Kurti,299.0,10,41,1,11.06,10.3,10,21.32
Women,Kurti,299.0,10,42,0,21.32,13.43,19,11.41
Women,Kurti,299.0,10,43,1,11.41,13.43,16,15.29
Women,Kurti,299.0,10,44,1,15.29,14.77,13,20.87
Women,Kurti,299.0,11,45,1,20.87,17.22,9,25.01
Women,Kurti,299.0,11,46,0,25.01,18.15,31,12.99
Women,Kurti,299.0,11,47,0,12.99,18.54,35,12.02
Women,Kurti,299.0,11,48,0,12.02,17.72,11,13.37
Women,Kurti,299.0,12,49,0,13.37,15.85,31,8.11
Women,Kurti,299.0,12,50,0,8.11,11.63,13,11.75
Women,Kurti,299.0,12,51,1,11.75,11.31,11,13.42
Women,Kurti,299.0,12,52,1,13.42,11.66,23,23.01
Women,Kurti,299.0,1,1,0,23.01,14.07,16,13.13
Women,Kurti,299.0,1,2,1,13.13,15.33,14,27.42
Women,Kurti,299.0,1,3,0,27.42,19.25,16,14.35
Women,Kurti,299.0,1,4,0,14.35,19.48,30,13.88
Women,Kurti,299.0,1,5,0,13.88,17.2,16,14.19
Women,Kurti,299.0,2,6,0,14.19,17.46,27,16.08
Women,Kurti,299.0,2,7,0,16.08,14.63,18,12.84
Women,Kurti,299.0,2,8,0,12.84,14.25,26,15.31
Women,Kurti,299.0,2,9,0,15.31,14.61,11,16.04
Women,Kurti,299.0,3,10,1,16.04,15.07,14,27.79
Women,Kurti,299.0,3,11,0,27.79,18.0,35,14.69
Women,Kurti,299.0,3,12,0,14.69,18.46,25,19.01
Women,Kurti,299.0,3,13,0,19.01,19.38,10,15.81
Women,Kurti,299.0,4,14,0,15.81,19.32,17,21.49
Women,Kurti,299.0,4,15,1,21.49,17.75,14,31.23
Women,Kurti,299.0,4,16,0,31.23,21.88,16,17.27
Women,Kurti,299.0,4,17,0,17.27,21.45,34,12.07
Women,Kurti,299.0,5,18,0,12.07,20.51,35,10.98
Women,Kurti,299.0,5,19,0,10.98,17.88,23,12.84
Women,Kurti,299.0,5,20,0,12.84,13.29,14,16.89
Women,Kurti,299.0,5,21,0,16.89,13.19,24,13.98
Women,Kurti,299.0,5,22,0,13.98,13.67,19,11.21
Women,Kurti,299.0,6,23,0,11.21,13.73,13,14.15
Women,Kurti,299.0,6,24,0,14.15,14.06,25,15.48
Women,Kurti,299.0,6,25,0,15.48,13.71,25,11.73
Women,Kurti,299.0,6,26,0,11.73,13.14,11,14.93
Women,Kurti,299.0,7,27,0,14.93,14.07,20,10.49
Women,Kurti,299.0,7,28,0,10.49,13.16,22,14.05
Women,Kurti,299.0,7,29,0,14.05,12.8,25,14.23
Women,Kurti,299.0,7,30,0,14.23,13.42,19,10.78
Women,Kurti,299.0,7,31,0,10.78,12.39,12,13.84
Women,Kurti,299.0,8,32,0,13.84,13.22,25,13.9
Women,Kurti,299.0,8,33,1,13.9,13.19,11,23.55
Women,Kurti,299.0,8,34,0,23.55,15.52,26,9.99
Women,Kurti,299.0,8,35,0,9.99,15.32,16,15.04
Women,Kurti,299.0,9,36,1,15.04,15.62,10,18.91
Women,Kurti,299.0,9,37,0,18.91,16.87,11,13.04
Women,Kurti,299.0,9,38,0,13.04,14.24,10,13.58
Women,Kurti,299.0,9,39,0,13.58,15.14,21,10.98
Women,Kurti,299.0,10,40,0,10.98,14.13,16,8.7
Women,Kurti,299.0,10,41,1,8.7,11.57,19,21.72
Women,Kurti,299.0,10,42,0,21.72,13.74,24,13.92
Women,Kurti,299.0,10,43,1,13.92,13.83,24,19.18
Women,Kurti,299.0,10,44,1,19.18,15.88,23,21.05
Women,Kurti,299.0,11,45,1,21.05,18.97,12,15.06
Women,Kurti,299.0,11,46,0,15.06,17.3,18,10.89
Women,Kurti,299.0,11,47,0,10.89,16.55,31,12.36
Women,Kurti,299.0,11,48,0,12.36,14.84,24,9.86
Women,Kurti,299.0,12,49,0,9.86,12.04,7,14.54
Women,Kurti,299.0,12,50,0,14.54,11.91,19,9.63
Women,Kurti,299.0,12,51,0,9.63,11.6,10,11.28
Women,Kurti,299.0,12,52,1,11.28,11.33,21,30.4
Women,Kurti,299.0,1,1,0,30.4,16.46,26,12.67
Women,Kurti,299.0,1,2,1,12.67,15.99,25,33.84
Women,Kurti,299.0,1,3,1,33.84,22.05,40,20.0
Women,Kurti,299.0,1,4,0,20.0,24.23,39,13.14
Women,Kurti,299.0,1,5,0,13.14,19.91,34,14.9
Women,Kurti,299.0,2,6,0,14.9,20.47,11,19.15
Women,Kurti,299.0,2,7,0,19.15,16.8,23,14.99
Women,Kurti,299.0,2,8,0,14.99,15.54,29,16.16
Women,Kurti,299.0,2,9,0,16.16,16.3,28,15.04
Women,Kurti,299.0,3,10,1,15.04,16.34,25,29.93
Women,Kurti,299.0,3,11,0,29.93,19.03,10,13.99
Women,Kurti,299.0,3,12,0,13.99,18.78,13,16.46
Women,Kurti,299.0,3,13,0,16.46,18.85,11,14.87
Women,Kurti,299.0,4,14,0,14.87,18.81,33,16.98
Women,Kurti,299.0,4,15,1,16.98,15.58,31,31.57
Women,Kurti,299.0,4,16,0,31.57,19.97,38,14.57
Women,Kurti,299.0,4,17,0,14.57,19.5,22,18.98
Women,Kurti,299.0,4,18,0,18.98,20.53,35,13.64
Women,Kurti,299.0,5,19,0,13.64,19.69,37,10.5
Women,Kurti,299.0,5,20,0,10.5,14.42,27,13.62
Women,Kurti,299.0,5,21,0,13.62,14.18,8,9.96
Women,Kurti,299.0,5,22,0,9.96,11.93,13,13.9
Women,Kurti,299.0,6,23,0,13.9,11.99,14,17.26
Women,Kurti,299.0,6,24,0,17.26,13.68,26,16.97
Women,Kurti,299.0,6,25,0,16.97,14.52,18,12.59
Women,Kurti,299.0,6,26,0,12.59,15.18,15,14.29
Women,Kurti,299.0,7,27,0,14.29,15.28,21,14.39
Kids,Frock,2999.0,7,28,0,2.88,2.88,3,2.19
Kids,Frock,2999.0,7,29,0,2.19,2.71,2,3.19
Kids,Frock,2999.0,7,30,0,3.19,2.78,2,2.14
Kids,Frock,2999.0,8,31,0,2.14,2.6,3,2.43
Kids,Frock,2999.0,8,32,0,2.43,2.49,1,2.13
Kids,Frock,2999.0,8,33,1,2.13,2.47,1,5.18
Kids,Frock,2999.0,8,34,0,5.18,2.97,4,2.13
Kids,Frock,2999.0,8,35,0,2.13,2.97,4,2.17
Kids,Frock,2999.0,9,36,1,2.17,2.9,4,5.38
Kids,Frock,2999.0,9,37,0,5.38,3.72,2,2.16
Kids,Frock,2999.0,9,38,0,2.16,2.96,4,2.31
Kids,Frock,2999.0,9,39,0,2.31,3.0,3,1.86
Kids,Frock,2999.0,10,40,0,1.86,2.93,2,1.76
Kids,Frock,2999.0,10,41,1,1.76,2.02,3,4.74
Kids,Frock,2999.0,10,42,0,4.74,2.67,3,2.14
Kids,Frock,2999.0,10,43,1,2.14,2.63,5,5.95
Kids,Frock,2999.0,10,44,1,5.95,3.65,4,6.41
Kids,Frock,2999.0,11,45,1,6.41,4.81,3,3.98
Kids,Frock,2999.0,11,46,0,3.98,4.62,3,1.9
Kids,Frock,2999.0,11,47,0,1.9,4.56,6,3.2
Kids,Frock,2999.0,11,48,0,3.2,3.87,3,2.75
Kids,Frock,2999.0,12,49,0,2.75,2.96,3,2.7
Kids,Frock,2999.0,12,50,0,2.7,2.64,4,2.12
Kids,Frock,2999.0,12,51,1,2.12,2.69,3,7.36
Kids,Frock,2999.0,12,52,1,7.36,3.73,7,4.96
Kids,Frock,2999.0,1,1,0,4.96,4.29,7,3.24
Kids,Frock,2999.0,1,2,1,3.24,4.42,8,6.59
Kids,Frock,2999.0,1,3,0,6.59,5.54,3,2.3
Kids,Frock,2999.0,1,4,0,2.3,4.27,3,2.79
Kids,Frock,2999.0,1,5,0,2.79,3.73,5,2.52
Kids,Frock,2999.0,2,6,0,2.52,3.55,5,2.26
Kids,Frock,2999.0,2,7,0,2.26,2.47,3,3.16
Kids,Frock,2999.0,2,8,0,3.16,2.68,4,2.7
Kids,Frock,2999.0,2,9,0,2.7,2.66,3,2.94
Kids,Frock,2999.0,3,10,1,2.94,2.77,3,5.3
Kids,Frock,2999.0,3,11,0,5.3,3.53,4,3.24
Kids,Frock,2999.0,3,12,0,3.24,3.54,4,4.35
Kids,Frock,2999.0,3,13,0,4.35,3.96,2,3.61
Kids,Frock,2999.0,4,14,0,3.61,4.12,4,3.17
Kids,Frock,2999.0,4,15,1,3.17,3.59,7,6.8
Kids,Frock,2999.0,4,16,0,6.8,4.48,8,3.55
Kids,Frock,2999.0,4,17,0,3.55,4.28,3,3.53
Kids,Frock,2999.0,5,18,0,3.53,4.26,7,3.22
Kids,Frock,2999.0,5,19,0,3.22,4.28,4,2.98
Kids,Frock,2999.0,5,20,0,2.98,3.32,2,3.69
Kids,Frock,2999.0,5,21,0,3.69,3.35,3,2.7
Kids,Frock,2999.0,5,22,0,2.7,3.14,4,3.58
Kids,Frock,2999.0,6,23,0,3.58,3.23,5,2.91
Kids,Frock,2999.0,6,24,0,2.91,3.22,6,3.61
Kids,Frock,2999.0,6,25,0,3.61,3.2,4,2.55
Kids,Frock,2999.0,6,26,0,2.55,3.16,3,2.48
Kids,Frock,2999.0,7,27,0,2.48,2.89,5,2.87
Kids,Frock,2999.0,7,28,0,2.87,2.88,4,2.44
Kids,Frock,2999.0,7,29,0,2.44,2.58,2,3.47
Kids,Frock,2999.0,7,30,0,3.47,2.81,3,2.38
Kids,Frock,2999.0,7,31,0,2.38,2.79,5,2.23
Kids,Frock,2999.0,8,32,0,2.23,2.63,2,2.7
Kids,Frock,2999.0,8,33,1,2.7,2.69,4,3.29
Kids,Frock,2999.0,8,34,0,3.29,2.65,5,1.75
Kids,Frock,2999.0,8,35,0,1.75,2.49,5,3.08
Kids,Frock,2999.0,9,36,1,3.08,2.7,4,5.15
Kids,Frock,2999.0,9,37,0,5.15,3.32,6,2.42
Kids,Frock,2999.0,9,38,0,2.42,3.1,6,2.04
Kids,Frock,2999.0,9,39,0,2.04,3.17,2,2.25
Kids,Frock,2999.0,10,40,0,2.25,2.96,3,2.07
Kids,Frock,2999.0,10,41,1,2.07,2.19,2,4.27
Kids,Frock,2999.0,10,42,0,4.27,2.66,2,2.64
Kids,Frock,2999.0,10,43,1,2.64,2.81,3,4.93
Kids,Frock,2999.0,10,44,1,4.93,3.48,6,4.46
Kids,Frock,2999.0,11,45,1,4.46,4.07,5,3.61
Kids,Frock,2999.0,11,46,0,3.61,3.91,3,3.33
Kids,Frock,2999.0,11,47,0,3.33,4.08,8,2.09
Kids,Frock,2999.0,11,48,0,2.09,3.37,3,2.91
Kids,Frock,2999.0,12,49,0,2.91,2.98,3,2.34
Kids,Frock,2999.0,12,50,0,2.34,2.67,2,2.74
Kids,Frock,2999.0,12,51,0,2.74,2.52,2,2.37
Kids,Frock,2999.0,12,52,1,2.37,2.59,3,5.02
Kids,Frock,2999.0,1,1,0,5.02,3.12,3,2.54
Kids,Frock,2999.0,1,2,1,2.54,3.17,5,5.98
Kids,Frock,2999.0,1,3,1,5.98,3.97,5,5.33
Kids,Frock,2999.0,1,4,0,5.33,4.72,6,3.1
Kids,Frock,2999.0,1,5,0,3.1,4.24,5,3.79
Kids,Frock,2999.0,2,6,0,3.79,4.55,7,2.64
Kids,Frock,2999.0,2,7,0,2.64,3.72,2,2.69
Kids,Frock,2999.0,2,8,0,2.69,3.05,3,4.11
Kids,Frock,2999.0,2,9,0,4.11,3.31,3,3.67
Kids,Frock,2999.0,3,10,1,3.67,3.28,2,6.74
Kids,Frock,2999.0,3,11,0,6.74,4.3,5,2.66
Kids,Frock,2999.0,3,12,0,2.66,4.3,7,2.59
Kids,Frock,2999.0,3,13,0,2.59,3.92,7,2.96
Kids,Frock,2999.0,4,14,0,2.96,3.74,5,3.51
Kids,Frock,2999.0,4,15,1,3.51,2.93,5,7.93
Kids,Frock,2999.0,4,16,0,7.93,4.25,4,3.47
Kids,Frock,2999.0,4,17,0,3.47,4.47,6,3.48
Kids,Frock,2999.0,4,18,0,3.48,4.6,7,3.96
Kids,Frock,2999.0,5,19,0,3.96,4.71,5,3.55
Kids,Frock,2999.0,5,20,0,3.55,3.62,7,3.01
Kids,Frock,2999.0,5,21,0,3.01,3.5,2,3.2
Kids,Frock,2999.0,5,22,0,3.2,3.43,4,3.69
Kids,Frock,2999.0,6,23,0,3.69,3.37,6,3.25
Kids,Frock,2999.0,6,24,0,3.25,3.29,4,3.86
Kids,Frock,2999.0,6,25,0,3.86,3.5,5,2.66
Kids,Frock,2999.0,6,26,0,2.66,3.37,4,2.46
Kids,Frock,2999.0,7,27,0,2.46,3.06,2,3.0
Newborn,Set,299.0,7,28,0,5.28,5.28,7,5.12
Newborn,Set,299.0,7,29,0,5.12,5.24,4,4.08
Newborn,Set,299.0,7,30,0,4.08,4.94,9,4.36
Newborn,Set,299.0,8,31,0,4.36,4.71,5,5.69
Newborn,Set,299.0,8,32,0,5.69,4.81,7,4.94
Newborn,Set,299.0,8,33,1,4.94,4.77,5,8.25
Newborn,Set,299.0,8,34,0,8.25,5.81,6,3.8
Newborn,Set,299.0,8,35,0,3.8,5.67,3,4.11
Newborn,Set,299.0,9,36,1,4.11,5.27,9,9.88
Newborn,Set,299.0,9,37,0,9.88,6.51,4,4.28
Newborn,Set,299.0,9,38,0,4.28,5.52,4,4.16
Newborn,Set,299.0,9,39,0,4.16,5.61,9,4.87
Newborn,Set,299.0,10,40,0,4.87,5.8,4,3.5
Newborn,Set,299.0,10,41,1,3.5,4.2,5,7.43
Newborn,Set,299.0,10,42,0,7.43,4.99,6,4.33
Newborn,Set,299.0,10,43,1,4.33,5.03,6,8.46
Newborn,Set,299.0,10,44,1,8.46,5.93,10,4.96
Newborn,Set,299.0,11,45,1,4.96,6.3,4,8.43
Newborn,Set,299.0,11,46,0,8.43,6.55,8,5.26
Newborn,Set,299.0,11,47,0,5.26,6.78,5,3.31
Newborn,Set,299.0,11,48,0,3.31,5.49,11,3.97
Newborn,Set,299.0,12,49,0,3.97,5.24,5,4.06
Newborn,Set,299.0,12,50,0,4.06,4.15,5,5.36
Newborn,Set,299.0,12,51,1,5.36,4.18,5,9.41
Newborn,Set,299.0,12,52,1,9.41,5.7,8,13.86
Newborn,Set,299.0,1,1,0,13.86,8.17,5,6.22
Newborn,Set,299.0,1,2,1,6.22,8.71,8,10.09
Newborn,Set,299.0,1,3,0,10.09,9.89,8,5.99
Newborn,Set,299.0,1,4,0,5.99,9.04,15,6.08
Newborn,Set,299.0,1,5,0,6.08,7.09,10,7.07
Newborn,Set,299.0,2,6,0,7.07,7.31,9,5.63
Newborn,Set,299.0,2,7,0,5.63,6.19,6,5.44
Newborn,Set,299.0,2,8,0,5.44,6.05,10,6.44
Newborn,Set,299.0,2,9,0,6.44,6.15,6,5.89
Newborn,Set,299.0,3,10,1,5.89,5.85,3,13.64
Newborn,Set,299.0,3,11,0,13.64,7.85,8,7.51
Newborn,Set,299.0,3,12,0,7.51,8.37,7,5.41
Newborn,Set,299.0,3,13,0,5.41,8.11,16,5.66
Newborn,Set,299.0,4,14,0,5.66,8.06,7,7.48
Newborn,Set,299.0,4,15,1,7.48,6.52,5,12.56
Newborn,Set,299.0,4,16,0,12.56,7.78,14,6.29
Newborn,Set,299.0,4,17,0,6.29,8.0,5,7.2
Newborn,Set,299.0,5,18,0,7.2,8.38,6,6.05
Newborn,Set,299.0,5,19,0,6.05,8.02,12,6.86
Newborn,Set,299.0,5,20,0,6.86,6.6,7,5.25
Newborn,Set,299.0,5,21,0,5.25,6.34,5,5.56
Newborn,Set,299.0,5,22,0,5.56,5.93,9,7.19
Newborn,Set,299.0,6,23,0,7.19,6.21,7,5.72
Newborn,Set,299.0,6,24,0,5.72,5.93,9,4.84
Newborn,Set,299.0,6,25,0,4.84,5.83,10,4.71
Newborn,Set,299.0,6,26,0,4.71,5.61,4,5.27
Newborn,Set,299.0,7,27,0,5.27,5.14,7,5.91
Newborn,Set,299.0,7,28,0,5.91,5.18,5,3.28
Newborn,Set,299.0,7,29,0,3.28,4.79,8,4.58
Newborn,Set,299.0,7,30,0,4.58,4.76,6,5.22
Newborn,Set,299.0,7,31,0,5.22,4.75,4,4.9
Newborn,Set,299.0,8,32,0,4.9,4.49,8,4.91
Newborn,Set,299.0,8,33,1,4.91,4.9,4,8.05
Newborn,Set,299.0,8,34,0,8.05,5.77,4,4.52
Newborn,Set,299.0,8,35,0,4.52,5.59,8,5.09
Newborn,Set,299.0,9,36,1,5.09,5.64,6,8.05
Newborn,Set,299.0,9,37,0,8.05,6.43,11,4.3
Newborn,Set,299.0,9,38,0,4.3,5.49,10,3.14
Newborn,Set,299.0,9,39,0,3.14,5.14,4,4.51
Newborn,Set,299.0,10,40,0,4.51,5.0,9,3.75
Newborn,Set,299.0,10,41,1,3.75,3.92,5,6.84
Newborn,Set,299.0,10,42,0,6.84,4.56,8,3.89
Newborn,Set,299.0,10,43,1,3.89,4.75,8,9.24
Newborn,Set,299.0,10,44,1,9.24,5.93,9,7.75
Newborn,Set,299.0,11,45,1,7.75,6.93,6,7.36
Newborn,Set,299.0,11,46,0,7.36,7.06,13,4.95
Newborn,Set,299.0,11,47,0,4.95,7.33,4,3.94
Newborn,Set,299.0,11,48,0,3.94,6.0,9,6.2
Newborn,Set,299.0,12,49,0,6.2,5.61,11,4.03
Newborn,Set,299.0,12,50,0,4.03,4.78,9,5.66
Newborn,Set,299.0,12,51,0,5.66,4.96,3,6.2
Newborn,Set,299.0,12,52,1,6.2,5.52,6,10.51
Newborn,Set,299.0,1,1,0,10.51,6.6,4,4.69
Newborn,Set,299.0,1,2,1,4.69,6.76,12,12.61
Newborn,Set,299.0,1,3,1,12.61,8.5,5,9.1
Newborn,Set,299.0,1,4,0,9.1,9.23,14,4.11
Newborn,Set,299.0,1,5,0,4.11,7.63,10,6.1
Newborn,Set,299.0,2,6,0,6.1,7.98,10,4.67
Newborn,Set,299.0,2,7,0,4.67,5.99,11,5.87
Newborn,Set,299.0,2,8,0,5.87,5.19,9,5.9
Newborn,Set,299.0,2,9,0,5.9,5.64,5,6.89
Newborn,Set,299.0,3,10,1,6.89,5.83,4,10.1
Newborn,Set,299.0,3,11,0,10.1,7.19,12,4.84
Newborn,Set,299.0,3,12,0,4.84,6.93,6,6.05
Newborn,Set,299.0,3,13,0,6.05,6.97,9,3.9
Newborn,Set,299.0,4,14,0,3.9,6.22,12,6.6
Newborn,Set,299.0,4,15,1,6.6,5.35,6,13.01
Newborn,Set,299.0,4,16,0,13.01,7.39,13,6.5
Newborn,Set,299.0,4,17,0,6.5,7.5,14,5.99
Newborn,Set,299.0,4,18,0,5.99,8.02,13,7.91
Newborn,Set,299.0,5,19,0,7.91,8.35,13,6.5
Newborn,Set,299.0,5,20,0,6.5,6.73,8,6.67
Newborn,Set,299.0,5,21,0,6.67,6.77,13,7.82
Newborn,Set,299.0,5,22,0,7.82,7.23,12,5.3
Newborn,Set,299.0,6,23,0,5.3,6.57,5,5.54
Newborn,Set,299.0,6,24,0,5.54,6.33,9,4.87
Newborn,Set,299.0,6,25,0,4.87,5.88,11,5.58
Newborn,Set,299.0,6,26,0,5.58,5.32,10,4.67
Newborn,Set,299.0,7,27,0,4.67,5.17,5,5.82
Men,Jeans,299.0,7,28,0,9.6,9.6,19,9.14
Men,Jeans,299.0,7,29,0,9.14,9.48,6,5.14
Men,Jeans,299.0,7,30,0,5.14,8.37,5,7.51
Men,Jeans,299.0,8,31,0,7.51,7.85,15,10.42
Men,Jeans,299.0,8,32,0,10.42,8.05,7,10.29
Men,Jeans,299.0,8,33,1,10.29,8.34,14,17.79
Men,Jeans,299.0,8,34,0,17.79,11.5,16,7.78
Men,Jeans,299.0,8,35,0,7.78,11.57,23,9.43
Men,Jeans,299.0,9,36,1,9.43,11.32,17,15.26
Men,Jeans,299.0,9,37,0,15.26,12.57,21,9.14
Men,Jeans,299.0,9,38,0,9.14,10.4,21,7.79
Men,Jeans,299.0,9,39,0,7.79,10.41,20,7.27
Men,Jeans,299.0,10,40,0,7.27,9.87,18,8.48
Men,Jeans,299.0,10,41,1,8.48,8.17,5,12.87
Men,Jeans,299.0,10,42,0,12.87,9.1,9,6.72
Men,Jeans,299.0,10,43,1,6.72,8.84,14,12.27
Men,Jeans,299.0,10,44,1,12.27,10.09,20,16.87
Men,Jeans,299.0,11,45,1,16.87,12.18,12,15.86
Men,Jeans,299.0,11,46,0,15.86,12.93,18,11.81
Men,Jeans,299.0,11,47,0,11.81,14.2,15,8.96
Men,Jeans,299.0,11,48,0,8.96,13.37,19,8.1
Men,Jeans,299.0,12,49,0,8.1,11.18,7,8.53
Men,Jeans,299.0,12,50,0,8.53,9.35,13,9.26
Men,Jeans,299.0,12,51,1,9.26,8.71,5,16.69
Men,Jeans,299.0,12,52,1,16.69,10.64,14,12.28
Men,Jeans,299.0,1,1,0,12.28,11.69,19,7.58
Men,Jeans,299.0,1,2,1,7.58,11.45,19,18.23
Men,Jeans,299.0,1,3,0,18.23,13.69,26,7.55
Men,Jeans,299.0,1,4,0,7.55,11.41,15,10.25
Men,Jeans,299.0,1,5,0,10.25,10.9,14,12.11
Men,Jeans,299.0,2,6,0,12.11,12.04,13,9.31
Men,Jeans,299.0,2,7,0,9.31,9.8,9,10.11
Men,Jeans,299.0,2,8,0,10.11,10.44,12,10.72
Men,Jeans,299.0,2,9,0,10.72,10.56,15,10.6
Men,Jeans,299.0,3,10,1,10.6,10.18,8,22.5
Men,Jeans,299.0,3,11,0,22.5,13.48,18,7.88
Men,Jeans,299.0,3,12,0,7.88,12.93,15,13.38
Men,Jeans,299.0,3,13,0,13.38,13.59,16,11.01
Men,Jeans,299.0,4,14,0,11.01,13.69,10,9.83
Men,Jeans,299.0,4,15,1,9.83,10.52,18,23.82
Men,Jeans,299.0,4,16,0,23.82,14.51,9,13.04
Men,Jeans,299.0,4,17,0,13.04,14.42,25,9.44
Men,Jeans,299.0,5,18,0,9.44,14.03,26,6.32
Men,Jeans,299.0,5,19,0,6.32,13.16,7,11.62
Men,Jeans,299.0,5,20,0,11.62,10.11,11,13.13
Men,Jeans,299.0,5,21,0,13.13,10.13,8,12.94
Men,Jeans,299.0,5,22,0,12.94,11.0,7,11.8
Men,Jeans,299.0,6,23,0,11.8,12.37,17,9.46
Men,Jeans,299.0,6,24,0,9.46,11.83,15,8.56
Men,Jeans,299.0,6,25,0,8.56,10.69,20,8.66
Men,Jeans,299.0,6,26,0,8.66,9.62,13,11.65
Men,Jeans,299.0,7,27,0,11.65,9.58,15,10.3
Men,Jeans,299.0,7,28,0,10.3,9.79,12,10.38
Men,Jeans,299.0,7,29,0,10.38,10.25,14,8.93
Men,Jeans,299.0,7,30,0,8.93,10.31,9,6.25
Men,Jeans,299.0,7,31,0,6.25,8.96,5,9.01
Men,Jeans,299.0,8,32,0,9.01,8.64,9,7.22
Men,Jeans,299.0,8,33,1,7.22,7.85,15,19.12
Men,Jeans,299.0,8,34,0,19.12,10.4,18,7.05
Men,Jeans,299.0,8,35,0,7.05,10.6,9,8.17
Men,Jeans,299.0,9,36,1,8.17,10.39,9,17.07
Men,Jeans,299.0,9,37,0,17.07,12.85,9,11.22
Men,Jeans,299.0,9,38,0,11.22,10.88,10,7.55
Men,Jeans,299.0,9,39,0,7.55,11.0,22,7.56
Men,Jeans,299.0,10,40,0,7.56,10.85,14,8.86
Men,Jeans,299.0,10,41,1,8.86,8.8,13,14.76
Men,Jeans,299.0,10,42,0,14.76,9.68,12,7.18
Men,Jeans,299.0,10,43,1,7.18,9.59,17,13.9
Men,Jeans,299.0,10,44,1,13.9,11.18,6,15.86
Men,Jeans,299.0,11,45,1,15.86,12.92,15,14.64
Men,Jeans,299.0,11,46,0,14.64,12.89,9,9.86
Men,Jeans,299.0,11,47,0,9.86,13.56,10,9.25
Men,Jeans,299.0,11,48,0,9.25,12.4,13,8.66
Men,Jeans,299.0,12,49,0,8.66,10.6,12,8.73
Men,Jeans,299.0,12,50,0,8.73,9.13,15,7.88
Men,Jeans,299.0,12,51,0,7.88,8.63,8,9.0
Men,Jeans,299.0,12,52,1,9.0,8.57,12,18.16
Men,Jeans,299.0,1,1,0,18.16,10.94,6,12.34
Men,Jeans,299.0,1,2,1,12.34,11.84,18,18.87
Men,Jeans,299.0,1,3,1,18.87,14.59,25,21.51
Men,Jeans,299.0,1,4,0,21.51,17.72,35,7.17
Men,Jeans,299.0,1,5,0,7.17,14.97,14,11.31
Men,Jeans,299.0,2,6,0,11.31,14.72,7,9.09
Men,Jeans,299.0,2,7,0,9.09,12.27,11,10.39
Men,Jeans,299.0,2,8,0,10.39,9.49,10,12.2
Men,Jeans,299.0,2,9,0,12.2,10.75,19,9.32
Men,Jeans,299.0,3,10,1,9.32,10.25,14,29.99
Men,Jeans,299.0,3,11,0,29.99,15.47,23,11.52
Men,Jeans,299.0,3,12,0,11.52,15.76,9,10.42
Men,Jeans,299.0,3,13,0,10.42,15.31,21,9.26
Men,Jeans,299.0,4,14,0,9.26,15.3,12,14.25
Men,Jeans,299.0,4,15,1,14.25,11.36,13,22.15
Men,Jeans,299.0,4,16,0,22.15,14.02,25,12.18
Men,Jeans,299.0,4,17,0,12.18,14.46,24,9.38
Men,Jeans,299.0,4,18,0,9.38,14.49,12,10.02
Men,Jeans,299.0,5,19,0,10.02,13.43,16,12.77
Men,Jeans,299.0,5,20,0,12.77,11.09,19,13.58
Men,Jeans,299.0,5,21,0,13.58,11.44,20,9.35
Men,Jeans,299.0,5,22,0,9.35,11.43,17,11.3
Men,Jeans,299.0,6,23,0,11.3,11.75,13,11.06
Men,Jeans,299.0,6,24,0,11.06,11.32,12,11.74
Men,Jeans,299.0,6,25,0,11.74,10.86,10,10.76
Men,Jeans,299.0,6,26,0,10.76,11.21,6,10.78
Men,Jeans,299.0,7,27,0,10.78,11.08,18,6.7
Men,Kurta,2999.0,7,28,0,3.6,3.6,3,3.65
Men,Kurta,2999.0,7,29,0,3.65,3.61,4,2.71
Men,Kurta,2999.0,7,30,0,2.71,3.39,6,3.43
Men,Kurta,2999.0,8,31,0,3.43,3.35,6,3.77
Men,Kurta,2999.0,8,32,0,3.77,3.39,4,3.24
Men,Kurta,2999.0,8,33,1,3.24,3.29,4,6.82
Men,Kurta,2999.0,8,34,0,6.82,4.31,4,3.45
Men,Kurta,2999.0,8,35,0,3.45,4.32,5,3.34
Men,Kurta,2999.0,9,36,1,3.34,4.21,6,6.1
Men,Kurta,2999.0,9,37,0,6.1,4.93,3,3.06
Men,Kurta,2999.0,9,38,0,3.06,3.99,8,3.36
Men,Kurta,2999.0,9,39,0,3.36,3.96,6,3.92
Men,Kurta,2999.0,10,40,0,3.92,4.11,7,2.53
Men,Kurta,2999.0,10,41,1,2.53,3.21,4,5.35
Men,Kurta,2999.0,10,42,0,5.35,3.79,3,3.27
Men,Kurta,2999.0,10,43,1,3.27,3.76,2,7.59
Men,Kurta,2999.0,10,44,1,7.59,4.68,7,4.63
Men,Kurta,2999.0,11,45,1,4.63,5.21,8,4.86
Men,Kurta,2999.0,11,46,0,4.86,5.09,8,3.1
Men,Kurta,2999.0,11,47,0,3.1,5.04,3,1.04
Men,Kurta,2999.0,11,48,0,1.04,3.41,5,2.79
Men,Kurta,2999.0,12,49,0,2.79,2.95,4,3.39
Men,Kurta,2999.0,12,50,0,3.39,2.58,5,3.79
Men,Kurta,2999.0,12,51,1,3.79,2.75,2,6.86
Men,Kurta,2999.0,12,52,1,6.86,4.21,8,6.57
Men,Kurta,2999.0,1,1,0,6.57,5.15,8,4.04
Men,Kurta,2999.0,1,2,1,4.04,5.32,5,5.7
Men,Kurta,2999.0,1,3,0,5.7,5.79,9,3.39
Men,Kurta,2999.0,1,4,0,3.39,4.92,9,4.03
Men,Kurta,2999.0,1,5,0,4.03,4.29,7,4.2
Men,Kurta,2999.0,2,6,0,4.2,4.33,4,4.41
Men,Kurta,2999.0,2,7,0,4.41,4.01,8,3.71
Men,Kurta,2999.0,2,8,0,3.71,4.09,4,3.24
Men,Kurta,2999.0,2,9,0,3.24,3.89,6,3.65
Men,Kurta,2999.0,3,10,1,3.65,3.75,2,7.17
Men,Kurta,2999.0,3,11,0,7.17,4.44,4,3.61
Men,Kurta,2999.0,3,12,0,3.61,4.42,4,3.11
Men,Kurta,2999.0,3,13,0,3.11,4.39,2,3.57
Men,Kurta,2999.0,4,14,0,3.57,4.37,5,4.97
Men,Kurta,2999.0,4,15,1,4.97,3.82,4,7.7
Men,Kurta,2999.0,4,16,0,7.7,4.84,5,4.62
Men,Kurta,2999.0,4,17,0,4.62,5.22,8,3.09
Men,Kurta,2999.0,5,18,0,3.09,5.1,6,3.98
Men,Kurta,2999.0,5,19,0,3.98,4.85,3,3.92
Men,Kurta,2999.0,5,20,0,3.92,3.9,2,4.61
Men,Kurta,2999.0,5,21,0,4.61,3.9,4,4.04
Men,Kurta,2999.0,5,22,0,4.04,4.14,3,3.63
Men,Kurta,2999.0,6,23,0,3.63,4.05,6,4.19
Men,Kurta,2999.0,6,24,0,4.19,4.12,7,3.86
Men,Kurta,2999.0,6,25,0,3.86,3.93,3,3.33
Men,Kurta,2999.0,6,26,0,3.33,3.75,3,3.91
Men,Kurta,2999.0,7,27,0,3.91,3.82,6,4.0
Men,Kurta,2999.0,7,28,0,4.0,3.78,4,4.02
Men,Kurta,2999.0,7,29,0,4.02,3.81,7,3.26
Men,Kurta,2999.0,7,30,0,3.26,3.8,4,3.48
Men,Kurta,2999.0,7,31,0,3.48,3.69,5,3.42
Men,Kurta,2999.0,8,32,0,3.42,3.54,3,2.43
Men,Kurta,2999.0,8,33,1,2.43,3.15,6,6.85
Men,Kurta,2999.0,8,34,0,6.85,4.04,7,3.21
Men,Kurta,2999.0,8,35,0,3.21,3.98,3,2.65
Men,Kurta,2999.0,9,36,1,2.65,3.78,5,6.23
Men,Kurta,2999.0,9,37,0,6.23,4.74,6,2.3
Men,Kurta,2999.0,9,38,0,2.3,3.6,2,3.17
Men,Kurta,2999.0,9,39,0,3.17,3.59,6,2.92
Men,Kurta,2999.0,10,40,0,2.92,3.66,2,2.61
Men,Kurta,2999.0,10,41,1,2.61,2.75,3,4.64
Men,Kurta,2999.0,10,42,0,4.64,3.33,2,2.56
Men,Kurta,2999.0,10,43,1,2.56,3.18,5,4.62
Men,Kurta,2999.0,10,44,1,4.62,3.61,5,6.42
Men,Kurta,2999.0,11,45,1,6.42,4.56,6,6.44
Men,Kurta,2999.0,11,46,0,6.44,5.01,6,3.45
Men,Kurta,2999.0,11,47,0,3.45,5.23,10,2.54
Men,Kurta,2999.0,11,48,0,2.54,4.71,8,2.56
Men,Kurta,2999.0,12,49,0,2.56,3.75,6,2.58
Men,Kurta,2999.0,12,50,0,2.58,2.78,5,2.83
Men,Kurta,2999.0,12,51,0,2.83,2.63,4,3.94
Men,Kurta,2999.0,12,52,1,3.94,2.98,3,8.2
Men,Kurta,2999.0,1,1,0,8.2,4.39,6,3.53
Men,Kurta,2999.0,1,2,1,3.53,4.63,3,10.05
Men,Kurta,2999.0,1,3,1,10.05,6.43,8,6.57
Men,Kurta,2999.0,1,4,0,6.57,7.09,13,3.65
Men,Kurta,2999.0,1,5,0,3.65,5.95,6,5.67
Men,Kurta,2999.0,2,6,0,5.67,6.49,10,3.88
Men,Kurta,2999.0,2,7,0,3.88,4.94,3,4.66
Men,Kurta,2999.0,2,8,0,4.66,4.46,2,4.54
Men,Kurta,2999.0,2,9,0,4.54,4.69,9,3.74
Men,Kurta,2999.0,3,10,1,3.74,4.2,3,11.99
Men,Kurta,2999.0,3,11,0,11.99,6.23,7,4.71
Men,Kurta,2999.0,3,12,0,4.71,6.25,8,4.36
Men,Kurta,2999.0,3,13,0,4.36,6.2,10,3.53
Men,Kurta,2999.0,4,14,0,3.53,6.15,5,4.26
Men,Kurta,2999.0,4,15,1,4.26,4.22,4,9.98
Men,Kurta,2999.0,4,16,0,9.98,5.53,8,4.21
Men,Kurta,2999.0,4,17,0,4.21,5.5,3,4.35
Men,Kurta,2999.0,4,18,0,4.35,5.7,7,4.57
Men,Kurta,2999.0,5,19,0,4.57,5.78,7,3.26
Men,Kurta,2999.0,5,20,0,3.26,4.1,4,3.4
Men,Kurta,2999.0,5,21,0,3.4,3.9,6,4.51
Men,Kurta,2999.0,5,22,0,4.51,3.94,6,3.81
Men,Kurta,2999.0,6,23,0,3.81,3.74,5,3.94
Men,Kurta,2999.0,6,24,0,3.94,3.92,5,3.94
Men,Kurta,2999.0,6,25,0,3.94,4.05,3,3.62
Men,Kurta,2999.0,6,26,0,3.62,3.83,7,4.83
Men,Kurta,2999.0,7,27,0,4.83,4.08,7,4.29
Women,Salwar,999.0,7,28,0,8.1,8.1,14,7.0
Women,Salwar,999.0,7,29,0,7.0,7.83,14,7.21
Women,Salwar,999.0,7,30,0,7.21,7.6,6,8.56
Women,Salwar,999.0,8,31,0,8.56,7.72,12,8.31
Women,Salwar,999.0,8,32,0,8.31,7.77,8,6.08
Women,Salwar,999.0,8,33,1,6.08,7.54,10,12.06
Women,Salwar,999.0,8,34,0,12.06,8.75,8,6.82
Women,Salwar,999.0,8,35,0,6.82,8.32,15,8.14
Women,Salwar,999.0,9,36,1,8.14,8.27,7,11.86
Women,Salwar,999.0,9,37,0,11.86,9.72,18,7.35
Women,Salwar,999.0,9,38,0,7.35,8.54,16,5.93
Women,Salwar,999.0,9,39,0,5.93,8.32,9,6.56
Women,Salwar,999.0,10,40,0,6.56,7.92,12,7.69
Women,Salwar,999.0,10,41,1,7.69,6.88,7,10.34
Women,Salwar,999.0,10,42,0,10.34,7.63,11,6.71
Women,Salwar,999.0,10,43,1,6.71,7.83,14,10.99
Women,Salwar,999.0,10,44,1,10.99,8.93,5,17.85
Women,Salwar,999.0,11,45,1,17.85,11.47,21,13.16
Women,Salwar,999.0,11,46,0,13.16,12.18,23,8.1
Women,Salwar,999.0,11,47,0,8.1,12.53,21,5.55
Women,Salwar,999.0,11,48,0,5.55,11.17,21,8.77
Women,Salwar,999.0,12,49,0,8.77,8.9,15,8.48
Women,Salwar,999.0,12,50,0,8.48,7.72,6,9.44
Women,Salwar,999.0,12,51,1,9.44,8.06,10,18.19
Women,Salwar,999.0,12,52,1,18.19,11.22,17,14.53
Women,Salwar,999.0,1,1,0,14.53,12.66,9,6.0
Women,Salwar,999.0,1,2,1,6.0,12.04,12,16.58
Women,Salwar,999.0,1,3,0,16.58,13.83,16,8.25
Women,Salwar,999.0,1,4,0,8.25,11.34,11,8.96
Women,Salwar,999.0,1,5,0,8.96,9.95,8,9.41
Women,Salwar,999.0,2,6,0,9.41,10.8,13,11.16
Women,Salwar,999.0,2,7,0,11.16,9.45,8,10.82
Women,Salwar,999.0,2,8,0,10.82,10.09,18,11.39
Women,Salwar,999.0,2,9,0,11.39,10.69,12,9.15
Women,Salwar,999.0,3,10,1,9.15,10.63,20,21.94
Women,Salwar,999.0,3,11,0,21.94,13.33,13,10.98
Women,Salwar,999.0,3,12,0,10.98,13.37,23,11.86
Women,Salwar,999.0,3,13,0,11.86,13.48,15,9.64
Women,Salwar,999.0,4,14,0,9.64,13.61,11,12.7
Women,Salwar,999.0,4,15,1,12.7,11.3,8,25.56
Women,Salwar,999.0,4,16,0,25.56,14.94,15,8.17
Women,Salwar,999.0,4,17,0,8.17,14.02,11,9.77
Women,Salwar,999.0,5,18,0,9.77,14.05,19,10.51
Women,Salwar,999.0,5,19,0,10.51,13.5,15,9.96
Women,Salwar,999.0,5,20,0,9.96,9.6,10,7.77
Women,Salwar,999.0,5,21,0,7.77,9.5,8,7.82
Women,Salwar,999.0,5,22,0,7.82,9.02,11,7.77
Women,Salwar,999.0,6,23,0,7.77,8.33,9,7.66
Women,Salwar,999.0,6,24,0,7.66,7.76,6,8.93
Women,Salwar,999.0,6,25,0,8.93,8.05,14,11.29
Women,Salwar,999.0,6,26,0,11.29,8.91,7,6.77
Women,Salwar,999.0,7,27,0,6.77,8.66,15,7.94
Women,Salwar,999.0,7,28,0,7.94,8.73,8,7.94
Women,Salwar,999.0,7,29,0,7.94,8.48,10,9.86
Women,Salwar,999.0,7,30,0,9.86,8.13,11,8.47
Women,Salwar,999.0,7,31,0,8.47,8.55,8,7.66
Women,Salwar,999.0,8,32,0,7.66,8.48,10,6.08
Women,Salwar,999.0,8,33,1,6.08,8.02,12,14.92
Women,Salwar,999.0,8,34,0,14.92,9.28,13,7.98
Women,Salwar,999.0,8,35,0,7.98,9.16,11,5.5
Women,Salwar,999.0,9,36,1,5.5,8.62,9,13.91
Women,Salwar,999.0,9,37,0,13.91,10.58,18,7.2
Women,Salwar,999.0,9,38,0,7.2,8.65,13,7.33
Women,Salwar,999.0,9,39,0,7.33,8.49,9,7.14
Women,Salwar,999.0,10,40,0,7.14,8.9,6,7.75
Women,Salwar,999.0,10,41,1,7.75,7.36,13,10.49
Women,Salwar,999.0,10,42,0,10.49,8.18,10,7.93
Women,Salwar,999.0,10,43,1,7.93,8.33,11,10.4
Women,Salwar,999.0,10,44,1,10.4,9.14,8,14.84
Women,Salwar,999.0,11,45,1,14.84,10.92,7,16.39
Women,Salwar,999.0,11,46,0,16.39,12.39,11,6.39
Women,Salwar,999.0,11,47,0,6.39,12.01,23,6.11
Women,Salwar,999.0,11,48,0,6.11,10.93,8,6.65
Women,Salwar,999.0,12,49,0,6.65,8.89,14,6.88
Women,Salwar,999.0,12,50,0,6.88,6.51,5,7.27
Women,Salwar,999.0,12,51,0,7.27,6.73,9,8.78
Women,Salwar,999.0,12,52,1,8.78,7.4,7,15.81
Women,Salwar,999.0,1,1,0,15.81,9.69,16,8.66
Women,Salwar,999.0,1,2,1,8.66,10.13,9,15.25
Women,Salwar,999.0,1,3,1,15.25,12.13,23,15.25
Women,Salwar,999.0,1,4,0,15.25,13.74,9,7.86
Women,Salwar,999.0,1,5,0,7.86,11.75,21,9.41
Women,Salwar,999.0,2,6,0,9.41,11.94,9,9.85
Women,Salwar,999.0,2,7,0,9.85,10.59,13,10.64
Women,Salwar,999.0,2,8,0,10.64,9.44,7,10.27
Women,Salwar,999.0,2,9,0,10.27,10.04,13,9.67
Women,Salwar,999.0,3,10,1,9.67,10.11,8,18.53
Women,Salwar,999.0,3,11,0,18.53,12.28,22,7.9
Women,Salwar,999.0,3,12,0,7.9,11.59,13,8.92
Women,Salwar,999.0,3,13,0,8.92,11.26,20,7.47
Women,Salwar,999.0,4,14,0,7.47,10.71,12,9.85
Women,Salwar,999.0,4,15,1,9.85,8.54,8,17.27
Women,Salwar,999.0,4,16,0,17.27,10.88,21,9.13
Women,Salwar,999.0,4,17,0,9.13,10.93,6,10.03
Women,Salwar,999.0,4,18,0,10.03,11.57,15,9.02
Women,Salwar,999.0,5,19,0,9.02,11.36,9,8.41
Women,Salwar,999.0,5,20,0,8.41,9.15,5,8.19
Women,Salwar,999.0,5,21,0,8.19,8.91,16,10.98
Women,Salwar,999.0,5,22,0,10.98,9.15,16,9.21
Women,Salwar,999.0,6,23,0,9.21,9.2,6,9.58
Women,Salwar,999.0,6,24,0,9.58,9.49,18,7.5
Women,Salwar,999.0,6,25,0,7.5,9.32,12,6.98
Women,Salwar,999.0,6,26,0,6.98,8.32,5,5.86
Women,Salwar,999.0,7,27,0,5.86,7.48,5,7.48
Men,Shirt,4999.0,7,28,0,3.6,3.6,4,4.43
Men,Shirt,4999.0,7,29,0,4.43,3.81,6,3.63
Men,Shirt,4999.0,7,30,0,3.63,3.81,4,3.08
Men,Shirt,4999.0,8,31,0,3.08,3.68,7,3.7
Men,Shirt,4999.0,8,32,0,3.7,3.71,4,2.56
Men,Shirt,4999.0,8,33,1,2.56,3.24,4,7.26
Men,Shirt,4999.0,8,34,0,7.26,4.15,8,3.67
Men,Shirt,4999.0,8,35,0,3.67,4.3,3,2.78
Men,Shirt,4999.0,9,36,1,2.78,4.07,3,5.59
Men,Shirt,4999.0,9,37,0,5.59,4.82,9,3.03
Men,Shirt,4999.0,9,38,0,3.03,3.77,5,2.37
Men,Shirt,4999.0,9,39,0,2.37,3.44,3,2.87
Men,Shirt,4999.0,10,40,0,2.87,3.47,6,3.85
Men,Shirt,4999.0,10,41,1,3.85,3.03,2,5.23
Men,Shirt,4999.0,10,42,0,5.23,3.58,2,2.84
Men,Shirt,4999.0,10,43,1,2.84,3.69,7,5.78
Men,Shirt,4999.0,10,44,1,5.78,4.42,3,6.85
Men,Shirt,4999.0,11,45,1,6.85,5.17,4,6.43
Men,Shirt,4999.0,11,46,0,6.43,5.47,7,3.51
Men,Shirt,4999.0,11,47,0,3.51,5.64,7,2.91
Men,Shirt,4999.0,11,48,0,2.91,4.93,9,3.55
Men,Shirt,4999.0,12,49,0,3.55,4.1,4,2.7
Men,Shirt,4999.0,12,50,0,2.7,3.17,5,2.6
Men,Shirt,4999.0,12,51,1,2.6,2.94,4,8.06
Men,Shirt,4999.0,12,52,1,8.06,4.23,3,6.14
Men,Shirt,4999.0,1,1,0,6.14,4.87,9,2.64
Men,Shirt,4999.0,1,2,1,2.64,4.86,4,7.39
Men,Shirt,4999.0,1,3,0,7.39,6.06,9,4.13
Men,Shirt,4999.0,1,4,0,4.13,5.07,3,2.93
Men,Shirt,4999.0,1,5,0,2.93,4.27,8,3.77
Men,Shirt,4999.0,2,6,0,3.77,4.56,5,4.34
Men,Shirt,4999.0,2,7,0,4.34,3.79,6,4.38
Men,Shirt,4999.0,2,8,0,4.38,3.86,7,3.0
Men,Shirt,4999.0,2,9,0,3.0,3.87,8,4.96
Men,Shirt,4999.0,3,10,1,4.96,4.17,7,8.74
Men,Shirt,4999.0,3,11,0,8.74,5.27,8,4.46
Men,Shirt,4999.0,3,12,0,4.46,5.29,4,4.29
Men,Shirt,4999.0,3,13,0,4.29,5.61,9,5.08
Men,Shirt,4999.0,4,14,0,5.08,5.64,9,4.17
Men,Shirt,4999.0,4,15,1,4.17,4.5,4,9.42
Men,Shirt,4999.0,4,16,0,9.42,5.74,8,4.4
Men,Shirt,4999.0,4,17,0,4.4,5.77,10,4.51
Men,Shirt,4999.0,5,18,0,4.51,5.62,11,4.27
Men,Shirt,4999.0,5,19,0,4.27,5.65,5,4.13
Men,Shirt,4999.0,5,20,0,4.13,4.33,2,4.97
Men,Shirt,4999.0,5,21,0,4.97,4.47,4,3.69
Men,Shirt,4999.0,5,22,0,3.69,4.27,6,3.58
Men,Shirt,4999.0,6,23,0,3.58,4.09,2,4.67
Men,Shirt,4999.0,6,24,0,4.67,4.23,8,3.5
Men,Shirt,4999.0,6,25,0,3.5,3.86,5,2.81
Men,Shirt,4999.0,6,26,0,2.81,3.64,2,3.63
Men,Shirt,4999.0,7,27,0,3.63,3.65,5,2.79
Men,Shirt,4999.0,7,28,0,2.79,3.18,2,2.12
Men,Shirt,4999.0,7,29,0,2.12,2.84,5,3.37
Men,Shirt,4999.0,7,30,0,3.37,2.98,4,3.59
Men,Shirt,4999.0,7,31,0,3.59,2.97,5,3.82
Men,Shirt,4999.0,8,32,0,3.82,3.23,5,3.62
Men,Shirt,4999.0,8,33,1,3.62,3.6,5,5.02
Men,Shirt,4999.0,8,34,0,5.02,4.01,7,2.88
Men,Shirt,4999.0,8,35,0,2.88,3.84,5,3.3
Men,Shirt,4999.0,9,36,1,3.3,3.71,7,5.78
Men,Shirt,4999.0,9,37,0,5.78,4.25,4,2.59
Men,Shirt,4999.0,9,38,0,2.59,3.64,5,2.06
Men,Shirt,4999.0,9,39,0,2.06,3.43,6,1.59
Men,Shirt,4999.0,10,40,0,1.59,3.01,3,2.89
Men,Shirt,4999.0,10,41,1,2.89,2.28,2,4.64
Men,Shirt,4999.0,10,42,0,4.64,2.8,3,3.06
Men,Shirt,4999.0,10,43,1,3.06,3.05,5,5.35
Men,Shirt,4999.0,10,44,1,5.35,3.99,3,5.48
Men,Shirt,4999.0,11,45,1,5.48,4.63,3,6.67
Men,Shirt,4999.0,11,46,0,6.67,5.14,9,2.77
Men,Shirt,4999.0,11,47,0,2.77,5.07,8,2.74
Men,Shirt,4999.0,11,48,0,2.74,4.42,3,3.31
Men,Shirt,4999.0,12,49,0,3.31,3.87,2,2.97
Men,Shirt,4999.0,12,50,0,2.97,2.95,4,3.26
Men,Shirt,4999.0,12,51,0,3.26,3.07,3,4.26
Men,Shirt,4999.0,12,52,1,4.26,3.45,6,7.16
Men,Shirt,4999.0,1,1,0,7.16,4.41,2,3.51
Men,Shirt,4999.0,1,2,1,3.51,4.55,6,8.46
Men,Shirt,4999.0,1,3,1,8.46,5.85,8,5.22
Men,Shirt,4999.0,1,4,0,5.22,6.09,9,4.5
Men,Shirt,4999.0,1,5,0,4.5,5.42,8,2.7
Men,Shirt,4999.0,2,6,0,2.7,5.22,8,4.95
Men,Shirt,4999.0,2,7,0,4.95,4.34,6,3.22
Men,Shirt,4999.0,2,8,0,3.22,3.84,7,4.16
Men,Shirt,4999.0,2,9,0,4.16,3.76,7,3.28
Men,Shirt,4999.0,3,10,1,3.28,3.9,3,9.54
Men,Shirt,4999.0,3,11,0,9.54,5.05,6,4.95
Men,Shirt,4999.0,3,12,0,4.95,5.48,9,4.93
Men,Shirt,4999.0,3,13,0,4.93,5.68,10,3.82
Men,Shirt,4999.0,4,14,0,3.82,5.81,8,4.58
Men,Shirt,4999.0,4,15,1,4.58,4.57,4,10.64
Men,Shirt,4999.0,4,16,0,10.64,5.99,5,4.16
Men,Shirt,4999.0,4,17,0,4.16,5.8,11,4.15
Men,Shirt,4999.0,4,18,0,4.15,5.88,5,4.56
Men,Shirt,4999.0,5,19,0,4.56,5.88,12,3.7
Men,Shirt,4999.0,5,20,0,3.7,4.15,5,3.41
Men,Shirt,4999.0,5,21,0,3.41,3.96,7,2.98
Men,Shirt,4999.0,5,22,0,2.98,3.66,5,4.35
Men,Shirt,4999.0,6,23,0,4.35,3.61,3,3.64
Men,Shirt,4999.0,6,24,0,3.64,3.59,2,4.04
Men,Shirt,4999.0,6,25,0,4.04,3.75,5,3.63
Men,Shirt,4999.0,6,26,0,3.63,3.91,4,4.27
Men,Shirt,4999.0,7,27,0,4.27,3.89,7,4.29
Kids,T-Shirt,499.0,7,28,0,7.68,7.68,11,7.47
Kids,T-Shirt,499.0,7,29,0,7.47,7.63,10,8.92
Kids,T-Shirt,499.0,7,30,0,8.92,7.94,16,6.23
Kids,T-Shirt,499.0,8,31,0,6.23,7.57,6,5.99
Kids,T-Shirt,499.0,8,32,0,5.99,7.15,4,6.87
Kids,T-Shirt,499.0,8,33,1,6.87,7.0,7,14.0
Kids,T-Shirt,499.0,8,34,0,14.0,8.27,8,7.7
Kids,T-Shirt,499.0,8,35,0,7.7,8.64,8,6.28
Kids,T-Shirt,499.0,9,36,1,6.28,8.71,5,13.03
Kids,T-Shirt,499.0,9,37,0,13.03,10.25,6,9.01
Kids,T-Shirt,499.0,9,38,0,9.01,9.01,11,5.27
Kids,T-Shirt,499.0,9,39,0,5.27,8.4,12,5.86
Kids,T-Shirt,499.0,10,40,0,5.86,8.29,9,6.57
Kids,T-Shirt,499.0,10,41,1,6.57,6.68,5,15.81
Kids,T-Shirt,499.0,10,42,0,15.81,8.37,16,5.76
Kids,T-Shirt,499.0,10,43,1,5.76,8.5,7,9.69
Kids,T-Shirt,499.0,10,44,1,9.69,9.46,15,15.72
Kids,T-Shirt,499.0,11,45,1,15.72,11.74,23,11.79
Kids,T-Shirt,499.0,11,46,0,11.79,10.74,14,5.72
Kids,T-Shirt,499.0,11,47,0,5.72,10.73,20,6.28
Kids,T-Shirt,499.0,11,48,0,6.28,9.88,7,6.06
Kids,T-Shirt,499.0,12,49,0,6.06,7.46,14,7.47
Kids,T-Shirt,499.0,12,50,0,7.47,6.38,10,8.09
Kids,T-Shirt,499.0,12,51,1,8.09,6.97,14,14.73
Kids,T-Shirt,499.0,12,52,1,14.73,9.09,15,14.62
Kids,T-Shirt,499.0,1,1,0,14.62,11.23,14,8.91
Kids,T-Shirt,499.0,1,2,1,8.91,11.59,13,14.03
Kids,T-Shirt,499.0,1,3,0,14.03,13.07,9,7.15
Kids,T-Shirt,499.0,1,4,0,7.15,11.18,22,8.28
Kids,T-Shirt,499.0,1,5,0,8.28,9.59,13,6.76
Kids,T-Shirt,499.0,2,6,0,6.76,9.05,7,6.7
Kids,T-Shirt,499.0,2,7,0,6.7,7.22,11,8.05
Kids,T-Shirt,499.0,2,8,0,8.05,7.45,10,8.44
Kids,T-Shirt,499.0,2,9,0,8.44,7.49,12,10.44
Kids,T-Shirt,499.0,3,10,1,10.44,8.41,13,17.66
Kids,T-Shirt,499.0,3,11,0,17.66,11.15,17,8.45
Kids,T-Shirt,499.0,3,12,0,8.45,11.25,19,7.59
Kids,T-Shirt,499.0,3,13,0,7.59,11.03,6,10.47
Kids,T-Shirt,499.0,4,14,0,10.47,11.04,21,8.38
Kids,T-Shirt,499.0,4,15,1,8.38,8.72,15,16.03
Kids,T-Shirt,499.0,4,16,0,16.03,10.61,18,8.95
Kids,T-Shirt,499.0,4,17,0,8.95,10.95,20,10.45
Kids,T-Shirt,499.0,5,18,0,10.45,10.95,21,9.5
Kids,T-Shirt,499.0,5,19,0,9.5,11.23,13,9.54
Kids,T-Shirt,499.0,5,20,0,9.54,9.61,15,7.93
Kids,T-Shirt,499.0,5,21,0,7.93,9.36,16,9.51
Kids,T-Shirt,499.0,5,22,0,9.51,9.12,10,9.48
Kids,T-Shirt,499.0,6,23,0,9.48,9.12,12,8.94
Kids,T-Shirt,499.0,6,24,0,8.94,8.96,7,9.23
Kids,T-Shirt,499.0,6,25,0,9.23,9.29,8,10.38
Kids,T-Shirt,499.0,6,26,0,10.38,9.51,13,9.34
Kids,T-Shirt,499.0,7,27,0,9.34,9.47,6,6.58
Kids,T-Shirt,499.0,7,28,0,6.58,8.88,13,6.56
Kids,T-Shirt,499.0,7,29,0,6.56,8.21,6,8.23
Kids,T-Shirt,499.0,7,30,0,8.23,7.68,5,7.4
Kids,T-Shirt,499.0,7,31,0,7.4,7.19,4,8.66
Kids,T-Shirt,499.0,8,32,0,8.66,7.71,4,7.96
Kids,T-Shirt,499.0,8,33,1,7.96,8.06,13,12.21
Kids,T-Shirt,499.0,8,34,0,12.21,9.06,6,5.27
Kids,T-Shirt,499.0,8,35,0,5.27,8.53,16,7.2
Kids,T-Shirt,499.0,9,36,1,7.2,8.16,12,11.37
Kids,T-Shirt,499.0,9,37,0,11.37,9.01,7,5.92
Kids,T-Shirt,499.0,9,38,0,5.92,7.44,15,5.58
Kids,T-Shirt,499.0,9,39,0,5.58,7.52,9,6.12
Kids,T-Shirt,499.0,10,40,0,6.12,7.25,7,6.75
Kids,T-Shirt,499.0,10,41,1,6.75,6.09,7,11.87
Kids,T-Shirt,499.0,10,42,0,11.87,7.58,10,6.29
Kids,T-Shirt,499.0,10,43,1,6.29,7.76,5,12.22
Kids,T-Shirt,499.0,10,44,1,12.22,9.28,11,14.3
Kids,T-Shirt,499.0,11,45,1,14.3,11.17,10,15.01
Kids,T-Shirt,499.0,11,46,0,15.01,11.95,19,7.49
Kids,T-Shirt,499.0,11,47,0,7.49,12.25,13,8.28
Kids,T-Shirt,499.0,11,48,0,8.28,11.27,19,5.45
Kids,T-Shirt,499.0,12,49,0,5.45,9.06,11,8.2
Kids,T-Shirt,499.0,12,50,0,8.2,7.36,6,6.66
Kids,T-Shirt,499.0,12,51,0,6.66,7.15,9,7.0
Kids,T-Shirt,499.0,12,52,1,7.0,6.83,10,11.07
Kids,T-Shirt,499.0,1,1,0,11.07,8.23,14,8.3
Kids,T-Shirt,499.0,1,2,1,8.3,8.26,5,12.81
Kids,T-Shirt,499.0,1,3,1,12.81,9.79,18,17.31
Kids,T-Shirt,499.0,1,4,0,17.31,12.37,25,7.02
Kids,T-Shirt,499.0,1,5,0,7.02,11.36,21,8.93
Kids,T-Shirt,499.0,2,6,0,8.93,11.52,14,10.03
Kids,T-Shirt,499.0,2,7,0,10.03,10.82,18,9.2
Kids,T-Shirt,499.0,2,8,0,9.2,8.79,17,8.56
Kids,T-Shirt,499.0,2,9,0,8.56,9.18,16,9.05
Kids,T-Shirt,499.0,3,10,1,9.05,9.21,7,14.45
Kids,T-Shirt,499.0,3,11,0,14.45,10.31,7,8.57
Kids,T-Shirt,499.0,3,12,0,8.57,10.16,15,9.55
Kids,T-Shirt,499.0,3,13,0,9.55,10.4,10,7.16
Kids,T-Shirt,499.0,4,14,0,7.16,9.93,15,6.44
Kids,T-Shirt,499.0,4,15,1,6.44,7.93,16,20.11
Kids,T-Shirt,499.0,4,16,0,20.11,10.81,13,8.65
Kids,T-Shirt,499.0,4,17,0,8.65,10.59,18,9.33
Kids,T-Shirt,499.0,4,18,0,9.33,11.13,6,9.88
Kids,T-Shirt,499.0,5,19,0,9.88,11.99,11,9.01
Kids,T-Shirt,499.0,5,20,0,9.01,9.22,12,9.75
Kids,T-Shirt,499.0,5,21,0,9.75,9.49,7,7.73
Kids,T-Shirt,499.0,5,22,0,7.73,9.09,18,8.79
Kids,T-Shirt,499.0,6,23,0,8.79,8.82,9,6.09
Kids,T-Shirt,499.0,6,24,0,6.09,8.09,8,8.2
Kids,T-Shirt,499.0,6,25,0,8.2,7.7,10,6.56
Kids,T-Shirt,499.0,6,26,0,6.56,7.41,14,10.12
Kids,T-Shirt,499.0,7,27,0,10.12,7.74,6,7.28
Newborn,Set,4999.0,7,28,0,1.98,1.98,3,1.66
Newborn,Set,4999.0,7,29,0,1.66,1.9,3,1.78
Newborn,Set,4999.0,7,30,0,1.78,1.85,3,1.74
Newborn,Set,4999.0,8,31,0,1.74,1.79,1,1.39
Newborn,Set,4999.0,8,32,0,1.39,1.65,3,1.99
Newborn,Set,4999.0,8,33,1,1.99,1.73,2,3.97
Newborn,Set,4999.0,8,34,0,3.97,2.28,2,2.15
Newborn,Set,4999.0,8,35,0,2.15,2.38,4,1.93
Newborn,Set,4999.0,9,36,1,1.93,2.51,4,3.71
Newborn,Set,4999.0,9,37,0,3.71,2.94,4,1.71
Newborn,Set,4999.0,9,38,0,1.71,2.38,3,1.68
Newborn,Set,4999.0,9,39,0,1.68,2.26,2,1.56
Newborn,Set,4999.0,10,40,0,1.56,2.16,4,1.64
Newborn,Set,4999.0,10,41,1,1.64,1.65,1,3.31
Newborn,Set,4999.0,10,42,0,3.31,2.05,2,1.66
Newborn,Set,4999.0,10,43,1,1.66,2.04,4,3.7
Newborn,Set,4999.0,10,44,1,3.7,2.58,3,2.86
Newborn,Set,4999.0,11,45,1,2.86,2.88,4,3.53
Newborn,Set,4999.0,11,46,0,3.53,2.94,5,1.62
Newborn,Set,4999.0,11,47,0,1.62,2.93,5,1.87
Newborn,Set,4999.0,11,48,0,1.87,2.47,3,2.14
Newborn,Set,4999.0,12,49,0,2.14,2.29,4,1.92
Newborn,Set,4999.0,12,50,0,1.92,1.89,1,2.28
Newborn,Set,4999.0,12,51,1,2.28,2.05,1,4.5
Newborn,Set,4999.0,12,52,1,4.5,2.71,4,4.45
Newborn,Set,4999.0,1,1,0,4.45,3.29,5,2.23
Newborn,Set,4999.0,1,2,1,2.23,3.36,5,3.56
Newborn,Set,4999.0,1,3,0,3.56,3.68,4,2.16
Newborn,Set,4999.0,1,4,0,2.16,3.1,5,2.53
Newborn,Set,4999.0,1,5,0,2.53,2.62,3,2.84
Newborn,Set,4999.0,2,6,0,2.84,2.77,5,1.76
Newborn,Set,4999.0,2,7,0,1.76,2.32,3,1.71
Newborn,Set,4999.0,2,8,0,1.71,2.21,3,1.94
Newborn,Set,4999.0,2,9,0,1.94,2.06,3,2.31
Newborn,Set,4999.0,3,10,1,2.31,1.93,1,6.23
Newborn,Set,4999.0,3,11,0,6.23,3.05,3,2.36
Newborn,Set,4999.0,3,12,0,2.36,3.21,4,2.24
Newborn,Set,4999.0,3,13,0,2.24,3.28,4,1.98
Newborn,Set,4999.0,4,14,0,1.98,3.2,3,2.39
Newborn,Set,4999.0,4,15,1,2.39,2.24,2,6.59
Newborn,Set,4999.0,4,16,0,6.59,3.3,5,2.09
Newborn,Set,4999.0,4,17,0,2.09,3.26,6,2.12
Newborn,Set,4999.0,5,18,0,2.12,3.3,3,2.63
Newborn,Set,4999.0,5,19,0,2.63,3.36,5,2.76
Newborn,Set,4999.0,5,20,0,2.76,2.4,4,2.09
Newborn,Set,4999.0,5,21,0,2.09,2.4,1,2.27
Newborn,Set,4999.0,5,22,0,2.27,2.44,4,3.42
Newborn,Set,4999.0,6,23,0,3.42,2.64,5,2.4
Newborn,Set,4999.0,6,24,0,2.4,2.55,4,2.14
Newborn,Set,4999.0,6,25,0,2.14,2.56,2,2.27
Newborn,Set,4999.0,6,26,0,2.27,2.56,3,2.31
Newborn,Set,4999.0,7,27,0,2.31,2.28,1,1.96
Newborn,Set,4999.0,7,28,0,1.96,2.17,2,1.83
Newborn,Set,4999.0,7,29,0,1.83,2.09,2,1.49
Newborn,Set,4999.0,7,30,0,1.49,1.9,1,1.49
Newborn,Set,4999.0,7,31,0,1.49,1.69,3,1.48
Newborn,Set,4999.0,8,32,0,1.48,1.57,2,2.0
Newborn,Set,4999.0,8,33,1,2.0,1.62,2,4.18
Newborn,Set,4999.0,8,34,0,4.18,2.29,4,1.39
Newborn,Set,4999.0,8,35,0,1.39,2.26,3,1.83
Newborn,Set,4999.0,9,36,1,1.83,2.35,4,2.68
Newborn,Set,4999.0,9,37,0,2.68,2.52,2,1.17
Newborn,Set,4999.0,9,38,0,1.17,1.77,1,2.06
Newborn,Set,4999.0,9,39,0,2.06,1.94,2,1.34
Newborn,Set,4999.0,10,40,0,1.34,1.81,2,1.58
Newborn,Set,4999.0,10,41,1,1.58,1.54,3,2.26
Newborn,Set,4999.0,10,42,0,2.26,1.81,3,1.82
Newborn,Set,4999.0,10,43,1,1.82,1.75,2,3.11
Newborn,Set,4999.0,10,44,1,3.11,2.19,2,3.33
Newborn,Set,4999.0,11,45,1,3.33,2.63,2,3.4
Newborn,Set,4999.0,11,46,0,3.4,2.92,4,1.43
Newborn,Set,4999.0,11,47,0,1.43,2.82,4,1.53
Newborn,Set,4999.0,11,48,0,1.53,2.42,4,1.43
Newborn,Set,4999.0,12,49,0,1.43,1.95,2,1.91
Newborn,Set,4999.0,12,50,0,1.91,1.58,1,1.88
Newborn,Set,4999.0,12,51,0,1.88,1.69,2,1.89
Newborn,Set,4999.0,12,52,1,1.89,1.78,1,4.32
Newborn,Set,4999.0,1,1,0,4.32,2.5,4,2.09
Newborn,Set,4999.0,1,2,1,2.09,2.55,2,3.98
Newborn,Set,4999.0,1,3,1,3.98,3.07,5,4.66
Newborn,Set,4999.0,1,4,0,4.66,3.76,7,1.92
Newborn,Set,4999.0,1,5,0,1.92,3.16,4,1.72
Newborn,Set,4999.0,2,6,0,1.72,3.07,4,2.12
Newborn,Set,4999.0,2,7,0,2.12,2.6,3,2.02
Newborn,Set,4999.0,2,8,0,2.02,1.95,2,2.69
Newborn,Set,4999.0,2,9,0,2.69,2.14,4,2.56
Newborn,Set,4999.0,3,10,1,2.56,2.35,2,4.03
Newborn,Set,4999.0,3,11,0,4.03,2.83,3,1.98
Newborn,Set,4999.0,3,12,0,1.98,2.81,2,2.15
Newborn,Set,4999.0,3,13,0,2.15,2.68,2,2.34
Newborn,Set,4999.0,4,14,0,2.34,2.62,3,2.37
Newborn,Set,4999.0,4,15,1,2.37,2.21,4,4.3
Newborn,Set,4999.0,4,16,0,4.3,2.79,2,2.44
Newborn,Set,4999.0,4,17,0,2.44,2.86,5,2.09
Newborn,Set,4999.0,4,18,0,2.09,2.8,5,2.89
Newborn,Set,4999.0,5,19,0,2.89,2.93,3,2.23
Newborn,Set,4999.0,5,20,0,2.23,2.41,3,2.55
Newborn,Set,4999.0,5,21,0,2.55,2.44,4,2.55
Newborn,Set,4999.0,5,22,0,2.55,2.55,4,2.18
Newborn,Set,4999.0,6,23,0,2.18,2.38,3,1.99
Newborn,Set,4999.0,6,24,0,1.99,2.32,1,1.68
Newborn,Set,4999.0,6,25,0,1.68,2.1,2,1.82
Newborn,Set,4999.0,6,26,0,1.82,1.92,4,1.96
Newborn,Set,4999.0,7,27,0,1.96,1.86,3,1.73
Kids,Frock,499.0,7,28,0,7.68,7.68,13,6.95
Kids,Frock,499.0,7,29,0,6.95,7.5,14,9.18
Kids,Frock,499.0,7,30,0,9.18,7.87,9,6.74
Kids,Frock,499.0,8,31,0,6.74,7.64,8,7.31
Kids,Frock,499.0,8,32,0,7.31,7.54,5,7.68
Kids,Frock,499.0,8,33,1,7.68,7.73,13,16.49
Kids,Frock,499.0,8,34,0,16.49,9.55,6,6.96
Kids,Frock,499.0,8,35,0,6.96,9.61,7,3.89
Kids,Frock,499.0,9,36,1,3.89,8.75,9,12.99
Kids,Frock,499.0,9,37,0,12.99,10.08,13,5.24
Kids,Frock,499.0,9,38,0,5.24,7.27,7,5.59
Kids,Frock,499.0,9,39,0,5.59,6.93,5,6.11
Kids,Frock,499.0,10,40,0,6.11,7.48,15,6.98
Kids,Frock,499.0,10,41,1,6.98,5.98,11,12.29
Kids,Frock,499.0,10,42,0,12.29,7.74,14,5.34
Kids,Frock,499.0,10,43,1,5.34,7.68,13,14.32
Kids,Frock,499.0,10,44,1,14.32,9.73,9,11.02
Kids,Frock,499.0,11,45,1,11.02,10.74,10,7.99
Kids,Frock,499.0,11,46,0,7.99,9.67,6,5.98
Kids,Frock,499.0,11,47,0,5.98,9.83,19,5.88
Kids,Frock,499.0,11,48,0,5.88,7.72,12,6.99
Kids,Frock,499.0,12,49,0,6.99,6.71,11,7.97
Kids,Frock,499.0,12,50,0,7.97,6.7,7,6.24
Kids,Frock,499.0,12,51,1,6.24,6.77,9,14.91
Kids,Frock,499.0,12,52,1,14.91,9.03,16,18.21
Kids,Frock,499.0,1,1,0,18.21,11.83,20,6.58
Kids,Frock,499.0,1,2,1,6.58,11.49,10,16.29
Kids,Frock,499.0,1,3,0,16.29,14.0,17,10.8
Kids,Frock,499.0,1,4,0,10.8,12.97,24,8.71
Kids,Frock,499.0,1,5,0,8.71,10.6,8,8.22
Kids,Frock,499.0,2,6,0,8.22,11.01,22,9.31
Kids,Frock,499.0,2,7,0,9.31,9.26,11,9.89
Kids,Frock,499.0,2,8,0,9.89,9.03,5,9.05
Kids,Frock,499.0,2,9,0,9.05,9.12,5,11.38
Kids,Frock,499.0,3,10,1,11.38,9.91,9,17.12
Kids,Frock,499.0,3,11,0,17.12,11.86,19,8.19
Kids,Frock,499.0,3,12,0,8.19,11.44,16,9.72
Kids,Frock,499.0,3,13,0,9.72,11.6,14,8.98
Kids,Frock,499.0,4,14,0,8.98,11.0,8,10.92
Kids,Frock,499.0,4,15,1,10.92,9.45,15,21.22
Kids,Frock,499.0,4,16,0,21.22,12.71,20,9.52
Kids,Frock,499.0,4,17,0,9.52,12.66,24,9.9
Kids,Frock,499.0,5,18,0,9.9,12.89,22,8.48
Kids,Frock,499.0,5,19,0,8.48,12.28,11,9.28
Kids,Frock,499.0,5,20,0,9.28,9.3,9,6.14
Kids,Frock,499.0,5,21,0,6.14,8.45,8,10.43
Kids,Frock,499.0,5,22,0,10.43,8.58,11,9.04
Kids,Frock,499.0,6,23,0,9.04,8.72,13,9.03
Kids,Frock,499.0,6,24,0,9.03,8.66,11,8.14
Kids,Frock,499.0,6,25,0,8.14,9.16,12,8.24
Kids,Frock,499.0,6,26,0,8.24,8.61,17,7.61
Kids,Frock,499.0,7,27,0,7.61,8.25,8,8.26
Kids,Frock,499.0,7,28,0,8.26,8.06,9,7.37
Kids,Frock,499.0,7,29,0,7.37,7.87,12,7.17
Kids,Frock,499.0,7,30,0,7.17,7.6,10,4.61
Kids,Frock,499.0,7,31,0,4.61,6.86,12,7.26
Kids,Frock,499.0,8,32,0,7.26,6.61,13,7.29
Kids,Frock,499.0,8,33,1,7.29,6.58,9,14.77
Kids,Frock,499.0,8,34,0,14.77,8.48,16,7.03
Kids,Frock,499.0,8,35,0,7.03,9.09,16,4.52
Kids,Frock,499.0,9,36,1,4.52,8.4,13,12.82
Kids,Frock,499.0,9,37,0,12.82,9.78,19,4.76
Kids,Frock,499.0,9,38,0,4.76,7.28,14,6.15
Kids,Frock,499.0,9,39,0,6.15,7.06,14,5.69
Kids,Frock,499.0,10,40,0,5.69,7.36,7,7.1
Kids,Frock,499.0,10,41,1,7.1,5.92,11,12.77
Kids,Frock,499.0,10,42,0,12.77,7.93,13,7.17
Kids,Frock,499.0,10,43,1,7.17,8.18,8,9.51
Kids,Frock,499.0,10,44,1,9.51,9.14,16,11.84
Kids,Frock,499.0,11,45,1,11.84,10.32,7,8.73
Kids,Frock,499.0,11,46,0,8.73,9.31,12,7.98
Kids,Frock,499.0,11,47,0,7.98,9.51,18,7.76
Kids,Frock,499.0,11,48,0,7.76,9.08,13,8.53
Kids,Frock,499.0,12,49,0,8.53,8.25,13,8.31
Kids,Frock,499.0,12,50,0,8.31,8.15,12,7.29
Kids,Frock,499.0,12,51,0,7.29,7.98,6,6.9
Kids,Frock,499.0,12,52,1,6.9,7.76,14,16.36
Kids,Frock,499.0,1,1,0,16.36,9.72,6,7.3
Kids,Frock,499.0,1,2,1,7.3,9.46,8,17.23
Kids,Frock,499.0,1,3,1,17.23,11.95,24,15.34
Kids,Frock,499.0,1,4,0,15.34,14.06,16,9.32
Kids,Frock,499.0,1,5,0,9.32,12.3,9,7.3
Kids,Frock,499.0,2,6,0,7.3,12.3,12,9.64
Kids,Frock,499.0,2,7,0,9.64,10.4,15,7.2
Kids,Frock,499.0,2,8,0,7.2,8.37,11,8.52
Kids,Frock,499.0,2,9,0,8.52,8.16,9,7.06
Kids,Frock,499.0,3,10,1,7.06,8.1,12,17.62
Kids,Frock,499.0,3,11,0,17.62,10.1,20,7.21
Kids,Frock,499.0,3,12,0,7.21,10.1,9,8.47
Kids,Frock,499.0,3,13,0,8.47,10.09,6,9.82
Kids,Frock,499.0,4,14,0,9.82,10.78,9,8.67
Kids,Frock,499.0,4,15,1,8.67,8.54,7,16.8
Kids,Frock,499.0,4,16,0,16.8,10.94,8,8.13
Kids,Frock,499.0,4,17,0,8.13,10.85,10,7.72
Kids,Frock,499.0,4,18,0,7.72,10.33,8,7.58
Kids,Frock,499.0,5,19,0,7.58,10.06,6,9.96
Kids,Frock,499.0,5,20,0,9.96,8.35,5,10.45
Kids,Frock,499.0,5,21,0,10.45,8.93,12,8.69
Kids,Frock,499.0,5,22,0,8.69,9.17,17,9.91
Kids,Frock,499.0,6,23,0,9.91,9.75,18,10.57
Kids,Frock,499.0,6,24,0,10.57,9.9,15,8.01
Kids,Frock,499.0,6,25,0,8.01,9.29,18,7.41
Kids,Frock,499.0,6,26,0,7.41,8.97,8,7.26
Kids,Frock,499.0,7,27,0,7.26,8.31,14,8.21
Men,Trousers,999.0,7,28,0,6.0,6.0,8,7.99
Men,Trousers,999.0,7,29,0,7.99,6.5,4,4.35
Men,Trousers,999.0,7,30,0,4.35,6.08,9,7.37
Men,Trousers,999.0,8,31,0,7.37,6.43,5,4.93
Men,Trousers,999.0,8,32,0,4.93,6.16,4,5.07
Men,Trousers,999.0,8,33,1,5.07,5.43,7,11.34
Men,Trousers,999.0,8,34,0,11.34,7.17,10,6.84
Men,Trousers,999.0,8,35,0,6.84,7.04,10,2.77
Men,Trousers,999.0,9,36,1,2.77,6.5,10,8.72
Men,Trousers,999.0,9,37,0,8.72,7.42,7,6.22
Men,Trousers,999.0,9,38,0,6.22,6.14,6,3.31
Men,Trousers,999.0,9,39,0,3.31,5.26,5,3.98
Men,Trousers,999.0,10,40,0,3.98,5.56,7,4.81
Men,Trousers,999.0,10,41,1,4.81,4.58,5,8.44
Men,Trousers,999.0,10,42,0,8.44,5.14,9,4.89
Men,Trousers,999.0,10,43,1,4.89,5.53,7,10.41
Men,Trousers,999.0,10,44,1,10.41,7.14,6,9.83
Men,Trousers,999.0,11,45,1,9.83,8.39,7,11.64
Men,Trousers,999.0,11,46,0,11.64,9.19,7,6.21
Men,Trousers,999.0,11,47,0,6.21,9.52,15,6.32
Men,Trousers,999.0,11,48,0,6.32,8.5,10,4.59
Men,Trousers,999.0,12,49,0,4.59,7.19,13,6.59
Men,Trousers,999.0,12,50,0,6.59,5.93,7,7.61
Men,Trousers,999.0,12,51,1,7.61,6.28,5,12.34
Men,Trousers,999.0,12,52,1,12.34,7.79,8,11.84
Men,Trousers,999.0,1,1,0,11.84,9.6,15,6.12
Men,Trousers,999.0,1,2,1,6.12,9.48,17,9.9
Men,Trousers,999.0,1,3,0,9.9,10.05,6,6.9
Men,Trousers,999.0,1,4,0,6.9,8.69,8,5.97
Men,Trousers,999.0,1,5,0,5.97,7.22,13,8.99
Men,Trousers,999.0,2,6,0,8.99,7.94,9,7.94
Men,Trousers,999.0,2,7,0,7.94,7.45,14,7.57
Men,Trousers,999.0,2,8,0,7.57,7.62,14,7.36
Men,Trousers,999.0,2,9,0,7.36,7.96,5,4.8
Men,Trousers,999.0,3,10,1,4.8,6.92,6,16.96
Men,Trousers,999.0,3,11,0,16.96,9.17,11,3.46
Men,Trousers,999.0,3,12,0,3.46,8.14,10,6.63
Men,Trousers,999.0,3,13,0,6.63,7.96,10,7.12
Men,Trousers,999.0,4,14,0,7.12,8.54,15,7.42
Men,Trousers,999.0,4,15,1,7.42,6.16,6,18.87
Men,Trousers,999.0,4,16,0,18.87,10.01,8,8.77
Men,Trousers,999.0,4,17,0,8.77,10.55,11,5.08
Men,Trousers,999.0,5,18,0,5.08,10.04,19,6.19
Men,Trousers,999.0,5,19,0,6.19,9.73,14,8.75
Men,Trousers,999.0,5,20,0,8.75,7.2,12,6.83
Men,Trousers,999.0,5,21,0,6.83,6.71,10,5.54
Men,Trousers,999.0,5,22,0,5.54,6.83,4,6.97
Men,Trousers,999.0,6,23,0,6.97,7.02,5,7.01
Men,Trousers,999.0,6,24,0,7.01,6.59,9,5.21
Men,Trousers,999.0,6,25,0,5.21,6.18,10,6.92
Men,Trousers,999.0,6,26,0,6.92,6.53,10,4.47
Men,Trousers,999.0,7,27,0,4.47,5.9,4,7.43
Men,Trousers,999.0,7,28,0,7.43,6.01,8,6.66
Men,Trousers,999.0,7,29,0,6.66,6.37,6,6.6
Men,Trousers,999.0,7,30,0,6.6,6.29,4,5.59
Men,Trousers,999.0,7,31,0,5.59,6.57,12,6.59
Men,Trousers,999.0,8,32,0,6.59,6.36,7,5.66
Men,Trousers,999.0,8,33,1,5.66,6.11,12,12.62
Men,Trousers,999.0,8,34,0,12.62,7.61,11,5.23
Men,Trousers,999.0,8,35,0,5.23,7.52,7,6.14
Men,Trousers,999.0,9,36,1,6.14,7.41,7,8.92
Men,Trousers,999.0,9,37,0,8.92,8.23,13,4.25
Men,Trousers,999.0,9,38,0,4.25,6.14,8,5.1
Men,Trousers,999.0,9,39,0,5.1,6.1,7,4.45
Men,Trousers,999.0,10,40,0,4.45,5.68,6,4.89
Men,Trousers,999.0,10,41,1,4.89,4.67,5,6.87
Men,Trousers,999.0,10,42,0,6.87,5.33,9,5.37
Men,Trousers,999.0,10,43,1,5.37,5.4,8,11.81
Men,Trousers,999.0,10,44,1,11.81,7.23,14,9.13
Men,Trousers,999.0,11,45,1,9.13,8.29,10,10.88
Men,Trousers,999.0,11,46,0,10.88,9.3,13,5.85
Men,Trousers,999.0,11,47,0,5.85,9.42,19,6.14
Men,Trousers,999.0,11,48,0,6.14,8.0,6,5.03
Men,Trousers,999.0,12,49,0,5.03,6.97,5,4.31
Men,Trousers,999.0,12,50,0,4.31,5.33,6,5.83
Men,Trousers,999.0,12,51,0,5.83,5.33,5,6.45
Men,Trousers,999.0,12,52,1,6.45,5.4,3,10.05
Men,Trousers,999.0,1,1,0,10.05,6.66,7,7.15
Men,Trousers,999.0,1,2,1,7.15,7.37,12,13.33
Men,Trousers,999.0,1,3,1,13.33,9.24,12,11.49
Men,Trousers,999.0,1,4,0,11.49,10.5,6,8.17
Men,Trousers,999.0,1,5,0,8.17,10.03,11,6.17
Men,Trousers,999.0,2,6,0,6.17,9.79,12,4.76
Men,Trousers,999.0,2,7,0,4.76,7.65,11,7.87
Men,Trousers,999.0,2,8,0,7.87,6.74,5,6.06
Men,Trousers,999.0,2,9,0,6.06,6.22,8,6.71
Men,Trousers,999.0,3,10,1,6.71,6.35,11,13.17
Men,Trousers,999.0,3,11,0,13.17,8.45,11,8.21
Men,Trousers,999.0,3,12,0,8.21,8.54,13,7.56
Men,Trousers,999.0,3,13,0,7.56,8.91,6,6.02
Men,Trousers,999.0,4,14,0,6.02,8.74,13,5.99
Men,Trousers,999.0,4,15,1,5.99,6.94,6,11.68
Men,Trousers,999.0,4,16,0,11.68,7.81,9,6.77
Men,Trousers,999.0,4,17,0,6.77,7.61,9,8.38
Men,Trousers,999.0,4,18,0,8.38,8.2,5,6.92
Men,Trousers,999.0,5,19,0,6.92,8.44,7,8.7
Men,Trousers,999.0,5,20,0,8.7,7.69,4,6.93
Men,Trousers,999.0,5,21,0,6.93,7.73,7,5.39
Men,Trousers,999.0,5,22,0,5.39,6.98,11,5.05
Men,Trousers,999.0,6,23,0,5.05,6.52,7,7.72
Men,Trousers,999.0,6,24,0,7.72,6.27,6,7.04
Men,Trousers,999.0,6,25,0,7.04,6.3,10,5.55
Men,Trousers,999.0,6,26,0,5.55,6.34,12,4.8
Men,Trousers,999.0,7,27,0,4.8,6.28,5,5.21
Men,Kurta,4999.0,7,28,0,3.6,3.6,3,3.87
Men,Kurta,4999.0,7,29,0,3.87,3.67,4,3.96
Men,Kurta,4999.0,7,30,0,3.96,3.76,5,2.53
Men,Kurta,4999.0,8,31,0,2.53,3.49,3,2.71
Men,Kurta,4999.0,8,32,0,2.71,3.27,2,4.07
Men,Kurta,4999.0,8,33,1,4.07,3.32,2,6.92
Men,Kurta,4999.0,8,34,0,6.92,4.06,7,2.52
Men,Kurta,4999.0,8,35,0,2.52,4.06,3,2.67
Men,Kurta,4999.0,9,36,1,2.67,4.05,6,7.28
Men,Kurta,4999.0,9,37,0,7.28,4.85,6,2.71
Men,Kurta,4999.0,9,38,0,2.71,3.8,5,2.74
Men,Kurta,4999.0,9,39,0,2.74,3.85,2,2.72
Men,Kurta,4999.0,10,40,0,2.72,3.86,4,2.73
Men,Kurta,4999.0,10,41,1,2.73,2.72,2,6.55
Men,Kurta,4999.0,10,42,0,6.55,3.68,4,3.06
Men,Kurta,4999.0,10,43,1,3.06,3.76,5,6.65
Men,Kurta,4999.0,10,44,1,6.65,4.75,5,5.38
Men,Kurta,4999.0,11,45,1,5.38,5.41,6,4.0
Men,Kurta,4999.0,11,46,0,4.0,4.77,3,2.85
Men,Kurta,4999.0,11,47,0,2.85,4.72,4,3.04
Men,Kurta,4999.0,11,48,0,3.04,3.82,5,3.45
Men,Kurta,4999.0,12,49,0,3.45,3.34,6,3.15
Men,Kurta,4999.0,12,50,0,3.15,3.12,5,2.86
Men,Kurta,4999.0,12,51,1,2.86,3.13,4,5.18
Men,Kurta,4999.0,12,52,1,5.18,3.66,5,9.8
Men,Kurta,4999.0,1,1,0,9.8,5.25,9,4.13
Men,Kurta,4999.0,1,2,1,4.13,5.49,11,7.76
Men,Kurta,4999.0,1,3,0,7.76,6.72,8,3.86
Men,Kurta,4999.0,1,4,0,3.86,6.39,9,3.57
Men,Kurta,4999.0,1,5,0,3.57,4.83,4,3.87
Men,Kurta,4999.0,2,6,0,3.87,4.77,8,3.45
Men,Kurta,4999.0,2,7,0,3.45,3.69,6,4.12
Men,Kurta,4999.0,2,8,0,4.12,3.75,3,4.63
Men,Kurta,4999.0,2,9,0,4.63,4.02,7,4.07
Men,Kurta,4999.0,3,10,1,4.07,4.07,3,5.98
Men,Kurta,4999.0,3,11,0,5.98,4.7,4,4.62
Men,Kurta,4999.0,3,12,0,4.62,4.83,4,4.5
Men,Kurta,4999.0,3,13,0,4.5,4.79,6,4.97
Men,Kurta,4999.0,4,14,0,4.97,5.02,5,4.26
Men,Kurta,4999.0,4,15,1,4.26,4.59,9,9.77
Men,Kurta,4999.0,4,16,0,9.77,5.88,5,3.22
Men,Kurta,4999.0,4,17,0,3.22,5.56,7,3.61
Men,Kurta,4999.0,5,18,0,3.61,5.22,8,4.03
Men,Kurta,4999.0,5,19,0,4.03,5.16,9,4.2
Men,Kurta,4999.0,5,20,0,4.2,3.77,3,4.72
Men,Kurta,4999.0,5,21,0,4.72,4.14,3,4.25
Men,Kurta,4999.0,5,22,0,4.25,4.3,3,3.43
Men,Kurta,4999.0,6,23,0,3.43,4.15,3,4.26
Men,Kurta,4999.0,6,24,0,4.26,4.17,7,3.44
Men,Kurta,4999.0,6,25,0,3.44,3.85,5,3.53
Men,Kurta,4999.0,6,26,0,3.53,3.67,6,4.03
Men,Kurta,4999.0,7,27,0,4.03,3.82,5,3.17
Men,Kurta,4999.0,7,28,0,3.17,3.54,7,3.82
Men,Kurta,4999.0,7,29,0,3.82,3.64,2,2.59
Men,Kurta,4999.0,7,30,0,2.59,3.4,5,2.87
Men,Kurta,4999.0,7,31,0,2.87,3.11,5,2.77
Men,Kurta,4999.0,8,32,0,2.77,3.01,6,2.88
Men,Kurta,4999.0,8,33,1,2.88,2.78,5,5.62
Men,Kurta,4999.0,8,34,0,5.62,3.53,5,2.61
Men,Kurta,4999.0,8,35,0,2.61,3.47,4,2.89
Men,Kurta,4999.0,9,36,1,2.89,3.5,7,4.35
Men,Kurta,4999.0,9,37,0,4.35,3.87,2,2.14
Men,Kurta,4999.0,9,38,0,2.14,3.0,5,3.09
Men,Kurta,4999.0,9,39,0,3.09,3.12,6,2.35
Men,Kurta,4999.0,10,40,0,2.35,2.98,3,2.66
Men,Kurta,4999.0,10,41,1,2.66,2.56,5,5.83
Men,Kurta,4999.0,10,42,0,5.83,3.48,3,3.68
Men,Kurta,4999.0,10,43,1,3.68,3.63,2,5.86
Men,Kurta,4999.0,10,44,1,5.86,4.51,9,7.0
Men,Kurta,4999.0,11,45,1,7.0,5.59,10,6.28
Men,Kurta,4999.0,11,46,0,6.28,5.71,10,4.05
Men,Kurta,4999.0,11,47,0,4.05,5.8,3,3.63
Men,Kurta,4999.0,11,48,0,3.63,5.24,10,3.22
Men,Kurta,4999.0,12,49,0,3.22,4.3,7,3.59
Men,Kurta,4999.0,12,50,0,3.59,3.62,4,3.23
Men,Kurta,4999.0,12,51,0,3.23,3.42,3,3.3
Men,Kurta,4999.0,12,52,1,3.3,3.33,4,9.23
Men,Kurta,4999.0,1,1,0,9.23,4.84,3,2.96
Men,Kurta,4999.0,1,2,1,2.96,4.68,8,7.33
Men,Kurta,4999.0,1,3,1,7.33,5.71,3,8.0
Men,Kurta,4999.0,1,4,0,8.0,6.88,10,3.59
Men,Kurta,4999.0,1,5,0,3.59,5.47,8,4.21
Men,Kurta,4999.0,2,6,0,4.21,5.78,4,3.86
Men,Kurta,4999.0,2,7,0,3.86,4.92,9,4.46
Men,Kurta,4999.0,2,8,0,4.46,4.03,5,3.43
Men,Kurta,4999.0,2,9,0,3.43,3.99,3,3.74
Men,Kurta,4999.0,3,10,1,3.74,3.87,4,7.39
Men,Kurta,4999.0,3,11,0,7.39,4.76,6,3.3
Men,Kurta,4999.0,3,12,0,3.3,4.47,8,5.16
Men,Kurta,4999.0,3,13,0,5.16,4.9,3,3.95
Men,Kurta,4999.0,4,14,0,3.95,4.95,7,4.96
Men,Kurta,4999.0,4,15,1,4.96,4.34,4,7.99
Men,Kurta,4999.0,4,16,0,7.99,5.52,4,4.35
Men,Kurta,4999.0,4,17,0,4.35,5.31,4,5.48
Men,Kurta,4999.0,4,18,0,5.48,5.7,7,4.87
Men,Kurta,4999.0,5,19,0,4.87,5.67,7,4.82
Men,Kurta,4999.0,5,20,0,4.82,4.88,9,3.96
Men,Kurta,4999.0,5,21,0,3.96,4.78,9,3.3
Men,Kurta,4999.0,5,22,0,3.3,4.24,5,3.4
Men,Kurta,4999.0,6,23,0,3.4,3.87,6,3.77
Men,Kurta,4999.0,6,24,0,3.77,3.61,2,4.75
Men,Kurta,4999.0,6,25,0,4.75,3.8,2,4.01
Men,Kurta,4999.0,6,26,0,4.01,3.98,7,4.28
Men,Kurta,4999.0,7,27,0,4.28,4.2,6,3.8
Kids,Frock,699.0,7,28,0,7.68,7.68,14,6.77
Kids,Frock,699.0,7,29,0,6.77,7.45,5,6.62
Kids,Frock,699.0,7,30,0,6.62,7.19,8,7.42
Kids,Frock,699.0,8,31,0,7.42,7.12,8,8.89
Kids,Frock,699.0,8,32,0,8.89,7.43,5,6.47
Kids,Frock,699.0,8,33,1,6.47,7.35,15,15.23
Kids,Frock,699.0,8,34,0,15.23,9.5,9,6.52
Kids,Frock,699.0,8,35,0,6.52,9.28,12,5.25
Kids,Frock,699.0,9,36,1,5.25,8.37,16,13.75
Kids,Frock,699.0,9,37,0,13.75,10.19,11,5.93
Kids,Frock,699.0,9,38,0,5.93,7.86,8,6.36
Kids,Frock,699.0,9,39,0,6.36,7.82,15,5.65
Kids,Frock,699.0,10,40,0,5.65,7.92,10,7.1
Kids,Frock,699.0,10,41,1,7.1,6.26,6,13.81
Kids,Frock,699.0,10,42,0,13.81,8.23,7,5.2
Kids,Frock,699.0,10,43,1,5.2,7.94,14,10.16
Kids,Frock,699.0,10,44,1,10.16,9.07,15,12.45
Kids,Frock,699.0,11,45,1,12.45,10.41,5,11.63
Kids,Frock,699.0,11,46,0,11.63,9.86,6,6.95
Kids,Frock,699.0,11,47,0,6.95,10.3,19,7.41
Kids,Frock,699.0,11,48,0,7.41,9.61,18,9.11
Kids,Frock,699.0,12,49,0,9.11,8.78,16,6.85
Kids,Frock,699.0,12,50,0,6.85,7.58,7,5.64
Kids,Frock,699.0,12,51,1,5.64,7.25,12,13.66
Kids,Frock,699.0,12,52,1,13.66,8.82,7,11.78
Kids,Frock,699.0,1,1,0,11.78,9.48,10,6.86
Kids,Frock,699.0,1,2,1,6.86,9.49,9,16.35
Kids,Frock,699.0,1,3,0,16.35,12.16,22,8.0
Kids,Frock,699.0,1,4,0,8.0,10.75,11,8.96
Kids,Frock,699.0,1,5,0,8.96,10.04,8,7.82
Kids,Frock,699.0,2,6,0,7.82,10.28,6,6.51
Kids,Frock,699.0,2,7,0,6.51,7.82,11,11.08
Kids,Frock,699.0,2,8,0,11.08,8.59,12,8.36
Kids,Frock,699.0,2,9,0,8.36,8.44,12,5.67
Kids,Frock,699.0,3,10,1,5.67,7.9,8,18.42
Kids,Frock,699.0,3,11,0,18.42,10.88,11,9.57
Kids,Frock,699.0,3,12,0,9.57,10.5,11,6.84
Kids,Frock,699.0,3,13,0,6.84,10.13,18,8.99
Kids,Frock,699.0,4,14,0,8.99,10.95,15,9.7
Kids,Frock,699.0,4,15,1,9.7,8.77,10,21.1
Kids,Frock,699.0,4,16,0,21.1,11.66,19,10.75
Kids,Frock,699.0,4,17,0,10.75,12.63,7,9.8
Kids,Frock,699.0,5,18,0,9.8,12.84,8,10.27
Kids,Frock,699.0,5,19,0,10.27,12.98,9,10.22
Kids,Frock,699.0,5,20,0,10.22,10.26,18,9.19
Kids,Frock,699.0,5,21,0,9.19,9.87,8,10.52
Kids,Frock,699.0,5,22,0,10.52,10.05,18,10.21
Kids,Frock,699.0,6,23,0,10.21,10.03,16,4.98
Kids,Frock,699.0,6,24,0,4.98,8.72,13,6.09
Kids,Frock,699.0,6,25,0,6.09,7.95,6,8.35
Kids,Frock,699.0,6,26,0,8.35,7.41,8,7.71
Kids,Frock,699.0,7,27,0,7.71,6.78,12,6.56
Kids,Frock,699.0,7,28,0,6.56,7.18,9,7.76
Kids,Frock,699.0,7,29,0,7.76,7.59,5,8.71
Kids,Frock,699.0,7,30,0,8.71,7.68,10,6.57
Kids,Frock,699.0,7,31,0,6.57,7.4,11,6.65
Kids,Frock,699.0,8,32,0,6.65,7.42,14,7.1
Kids,Frock,699.0,8,33,1,7.1,7.26,12,14.31
Kids,Frock,699.0,8,34,0,14.31,8.66,10,6.93
Kids,Frock,699.0,8,35,0,6.93,8.75,12,4.64
Kids,Frock,699.0,9,36,1,4.64,8.24,5,15.88
Kids,Frock,699.0,9,37,0,15.88,10.44,17,6.81
Kids,Frock,699.0,9,38,0,6.81,8.57,5,8.6
Kids,Frock,699.0,9,39,0,8.6,8.98,11,6.71
Kids,Frock,699.0,10,40,0,6.71,9.5,15,5.54
Kids,Frock,699.0,10,41,1,5.54,6.91,6,12.41
Kids,Frock,699.0,10,42,0,12.41,8.31,10,5.6
Kids,Frock,699.0,10,43,1,5.6,7.56,14,14.4
Kids,Frock,699.0,10,44,1,14.4,9.49,7,13.77
Kids,Frock,699.0,11,45,1,13.77,11.54,7,14.08
Kids,Frock,699.0,11,46,0,14.08,11.96,22,5.11
Kids,Frock,699.0,11,47,0,5.11,11.84,12,8.42
Kids,Frock,699.0,11,48,0,8.42,10.35,18,7.57
Kids,Frock,699.0,12,49,0,7.57,8.8,8,4.38
Kids,Frock,699.0,12,50,0,4.38,6.37,11,7.23
Kids,Frock,699.0,12,51,0,7.23,6.9,9,8.1
Kids,Frock,699.0,12,52,1,8.1,6.82,8,15.3
Kids,Frock,699.0,1,1,0,15.3,8.75,6,9.35
Kids,Frock,699.0,1,2,1,9.35,9.99,8,14.38
Kids,Frock,699.0,1,3,1,14.38,11.78,8,17.09
Kids,Frock,699.0,1,4,0,17.09,14.03,14,7.38
Kids,Frock,699.0,1,5,0,7.38,12.05,15,7.83
Kids,Frock,699.0,2,6,0,7.83,11.67,14,5.61
Kids,Frock,699.0,2,7,0,5.61,9.48,11,8.79
Kids,Frock,699.0,2,8,0,8.79,7.4,12,8.34
Kids,Frock,699.0,2,9,0,8.34,7.65,8,9.68
Kids,Frock,699.0,3,10,1,9.68,8.11,13,20.4
Kids,Frock,699.0,3,11,0,20.4,11.81,14,7.05
Kids,Frock,699.0,3,12,0,7.05,11.37,21,8.22
Kids,Frock,699.0,3,13,0,8.22,11.34,20,9.13
Kids,Frock,699.0,4,14,0,9.13,11.2,11,11.16
Kids,Frock,699.0,4,15,1,11.16,8.89,14,16.91
Kids,Frock,699.0,4,16,0,16.91,11.35,7,5.2
Kids,Frock,699.0,4,17,0,5.2,10.6,21,10.79
Kids,Frock,699.0,4,18,0,10.79,11.01,11,9.63
Kids,Frock,699.0,5,19,0,9.63,10.63,10,9.61
Kids,Frock,699.0,5,20,0,9.61,8.81,17,10.34
Kids,Frock,699.0,5,21,0,10.34,10.09,9,9.0
Kids,Frock,699.0,5,22,0,9.0,9.64,8,10.47
Kids,Frock,699.0,6,23,0,10.47,9.86,11,9.29
Kids,Frock,699.0,6,24,0,9.29,9.78,18,8.94
Kids,Frock,699.0,6,25,0,8.94,9.43,17,6.92
Kids,Frock,699.0,6,26,0,6.92,8.9,13,6.46
Kids,Frock,699.0,7,27,0,6.46,7.9,14,9.18
